Initialize opt latency for DFG nodes: 
Deciding fusion strategy for DFG nodes: 
Initialize additional functionality on CGRA nodes: 
Finding fusion pattern for DFG: 
[function 'fmcw_window_map' is not in our target list]
Initialize opt latency for DFG nodes: 
Deciding fusion strategy for DFG nodes: 
Initialize additional functionality on CGRA nodes: 
Finding fusion pattern for DFG: 
[function 'fmcw_fft_stage_map' is not in our target list]
Initialize opt latency for DFG nodes: 
Deciding fusion strategy for DFG nodes: 
Initialize additional functionality on CGRA nodes: 
Finding fusion pattern for DFG: 
==================================
[function 'fmcw_transpose_map' is one of our targets]
*** current function: fmcw_transpose_map
==================================
==================================
[reorder DFG along with the longest path]
==================================
==================================
==================================
disabling multiple ops
disabling multiple ops
disabling multiple ops
disabling multiple ops
disabling multiple ops
disabling multiple ops
disabling multiple ops
disabling multiple ops
disabling multiple ops
disabling multiple ops
disabling multiple ops
disabling multiple ops
disabling multiple ops
disabling multiple ops
disabling multiple ops
disabling multiple ops
Node 0 supports: "Add" "Br" "Cmp" "Logic" "Phi" "Ret" "Sel" "Shift" "Ld" "Mul"  
 
Node 1 supports: "Add" "Br" "Cmp" "Logic" "Phi" "Ret" "Sel" "Shift" "Mul"  
 
Node 2 supports: "Add" "Br" "Cmp" "Logic" "Phi" "Ret" "Sel" "Shift" "Mul"  
 
Node 3 supports: "Add" "Br" "Cmp" "Logic" "Phi" "Ret" "Sel" "Shift" "St"  
 
Node 4 supports: "Add" "Br" "Cmp" "Logic" "Phi" "Ret" "Sel" "Shift" "Ld" "Mul"  
 
Node 5 supports: "Add" "Br" "Cmp" "Logic" "Phi" "Ret" "Sel" "Shift" "Mul" "FAdd"  
 
Node 6 supports: "Add" "Br" "Cmp" "Logic" "Phi" "Ret" "Sel" "Shift" "Mul" "FAdd"  
 
Node 7 supports: "Add" "Br" "Cmp" "Logic" "Phi" "Ret" "Sel" "Shift" "St"  
 
Node 8 supports: "Add" "Br" "Cmp" "Logic" "Phi" "Ret" "Sel" "Shift" "Ld" "Mul"  
 
Node 9 supports: "Add" "Br" "Cmp" "Logic" "Phi" "Ret" "Sel" "Shift" "Mul"  
 
Node 10 supports: "Add" "Br" "Cmp" "Logic" "Phi" "Ret" "Sel" "Shift" "Mul"  
 
Node 11 supports: "Add" "Br" "Cmp" "Logic" "Phi" "Ret" "Sel" "Shift" "St"  
 
Node 12 supports: "Add" "Br" "Cmp" "Logic" "Phi" "Ret" "Sel" "Shift" "Ld" "Mul"  
 
Node 13 supports: "Add" "Br" "Cmp" "Logic" "Phi" "Ret" "Sel" "Shift" "Mul" "FAdd"  
 
Node 14 supports: "Add" "Br" "Cmp" "Logic" "Phi" "Ret" "Sel" "Shift" "Mul" "FAdd"  
 
Node 15 supports: "Add" "Br" "Cmp" "Logic" "Phi" "Ret" "Sel" "Shift" "St"  
 
==================================
[show opcode count]
add : 17
br : 2
cmp : 2
getelementptr : 12
load : 6
or : 1
phi : 1
shl : 6
store : 6
DFG node count: 53; DFG edge count: 65; SIMD node count: 0
==================================
[generate dot for DFG]
==================================
[generate JSON for DFG]
==================================
[ResMII: 4]
==================================
[RecMII: 4]
==================================
[heuristic]
----------------------------------------
[DEBUG] start heuristic algorithm with II=4
[DEBUG] schedule dfg node[33] onto fu[5] at cycle 0 within II: 4
[DEBUG] setDFGNode 33 onto CGRANode 5 at cycle: 0
[DEBUG] success in schedule()
[DEBUG] schedule dfg node[34] onto fu[6] at cycle 1 within II: 4
[DEBUG] setDFGNode 34 onto CGRANode 6 at cycle: 1
[DEBUG] in allocateReg() t_cycle: 0; i: 0 CGRA node: 6; link: 2 duration 1
[DEBUG] done reg allocation
[DEBUG] occupy link[5]-->[6] (bypass:0) dfgNode: 33 at cycle 0
[DEBUG] skip predecessor routing -- dfgNode: 33
[DEBUG] success in schedule()
[DEBUG] schedule dfg node[51] onto fu[10] at cycle 2 within II: 4
[DEBUG] setDFGNode 51 onto CGRANode 10 at cycle: 2
[DEBUG] in allocateReg() t_cycle: 1; i: 0 CGRA node: 10; link: 1 duration 1
[DEBUG] done reg allocation
[DEBUG] occupy link[6]-->[10] (bypass:0) dfgNode: 34 at cycle 1
[DEBUG] skip predecessor routing -- dfgNode: 34
[DEBUG] success in schedule()
[DEBUG] schedule dfg node[52] onto fu[9] at cycle 3 within II: 4
[DEBUG] setDFGNode 52 onto CGRANode 9 at cycle: 3
[DEBUG] in allocateReg() t_cycle: 2; i: 0 CGRA node: 9; link: 3 duration 1
[DEBUG] done reg allocation
[DEBUG] occupy link[10]-->[9] (bypass:0) dfgNode: 51 at cycle 2
[DEBUG] skip predecessor routing -- dfgNode: 51
[DEBUG] success in schedule()
[DEBUG] schedule dfg node[0] onto fu[10] at cycle 4 within II: 4
[DEBUG] setDFGNode 0 onto CGRANode 10 at cycle: 4
[DEBUG] in allocateReg() t_cycle: 3; i: 0 CGRA node: 10; link: 2 duration 1
[DEBUG] done reg allocation
[DEBUG] occupy link[9]-->[10] (bypass:0) dfgNode: 52 at cycle 3
[DEBUG] skip predecessor routing -- dfgNode: 52
[DEBUG] in shareSameCycle is true: node 0
[DEBUG] tryToRoute -- srcDFGNode: 0, srcCGRANode: 10; dstDFGNode: 33, dstCGRANode: 5; backEdge: 1
[DEBUG] in shareSameCycle is true: node 33
[DEBUG] check route size: 3
[DEBUG] occupy link[10]-->[6] (bypass:1) dfgNode: 0 at cycle 4
[DEBUG] reset duration: 3 t_dstCycle: 0 previous: 5 II: 4
[DEBUG] in allocateReg() t_cycle: 5; i: 0 CGRA node: 5; link: 3 duration 3
[DEBUG] done reg allocation
[DEBUG] occupy link[6]-->[5] (bypass:0) dfgNode: 0 at cycle 5
[DEBUG] in shareSameCycle is true: node 0
[DEBUG] tryToRoute -- srcDFGNode: 0, srcCGRANode: 10; dstDFGNode: 51, dstCGRANode: 10; backEdge: 1
[DEBUG] in shareSameCycle is true: node 51
[DEBUG] check route size: 1
[DEBUG] allocate for local reg maintain... duration=2 last cycle: 4
[DEBUG] in allocateReg() t_cycle: 4; i: 1 CGRA node: 10; link: 4 duration 2
[DEBUG] done reg allocation
[DEBUG] success in schedule()
[DEBUG] schedule dfg node[1] onto fu[14] at cycle 5 within II: 4
[DEBUG] setDFGNode 1 onto CGRANode 14 at cycle: 5
[DEBUG] in allocateReg() t_cycle: 4; i: 0 CGRA node: 14; link: 1 duration 1
[DEBUG] done reg allocation
[DEBUG] occupy link[10]-->[14] (bypass:0) dfgNode: 0 at cycle 4
[DEBUG] skip predecessor routing -- dfgNode: 0
[DEBUG] success in schedule()
[DEBUG] schedule dfg node[4] onto fu[5] at cycle 6 within II: 4
[DEBUG] setDFGNode 4 onto CGRANode 5 at cycle: 6
[DEBUG] occupy link[10]-->[6] (bypass:1) dfgNode: 0 at cycle 4
[DEBUG] in allocateReg() t_cycle: 5; i: 1 CGRA node: 5; link: 3 duration 1
[DEBUG] done reg allocation
[DEBUG] occupy link[6]-->[5] (bypass:0) dfgNode: 0 at cycle 5
[DEBUG] skip predecessor routing -- dfgNode: 0
[DEBUG] success in schedule()
[DEBUG] schedule dfg node[8] onto fu[9] at cycle 5 within II: 4
[DEBUG] setDFGNode 8 onto CGRANode 9 at cycle: 5
[DEBUG] in allocateReg() t_cycle: 4; i: 0 CGRA node: 9; link: 3 duration 1
[DEBUG] done reg allocation
[DEBUG] occupy link[10]-->[9] (bypass:0) dfgNode: 0 at cycle 4
[DEBUG] skip predecessor routing -- dfgNode: 0
[DEBUG] success in schedule()
[DEBUG] schedule dfg node[16] onto fu[13] at cycle 6 within II: 4
[DEBUG] setDFGNode 16 onto CGRANode 13 at cycle: 6
[DEBUG] occupy link[10]-->[9] (bypass:1) dfgNode: 0 at cycle 4
[DEBUG] in allocateReg() t_cycle: 5; i: 0 CGRA node: 13; link: 1 duration 1
[DEBUG] done reg allocation
[DEBUG] occupy link[9]-->[13] (bypass:0) dfgNode: 0 at cycle 5
[DEBUG] skip predecessor routing -- dfgNode: 0
[DEBUG] success in schedule()
[DEBUG] schedule dfg node[24] onto fu[10] at cycle 5 within II: 4
[DEBUG] setDFGNode 24 onto CGRANode 10 at cycle: 5
[DEBUG] tryToRoute -- srcDFGNode: 0, srcCGRANode: 10; dstDFGNode: 24, dstCGRANode: 10; backEdge: 0
[DEBUG] check route size: 1
[DEBUG] allocate for local reg maintain... duration=1 last cycle: 4
[DEBUG] in allocateReg() t_cycle: 4; i: 0 CGRA node: 10; link: 4 duration 1
[DEBUG] done reg allocation
[DEBUG] success in schedule()
[DEBUG] schedule dfg node[32] onto fu[6] at cycle 6 within II: 4
[DEBUG] setDFGNode 32 onto CGRANode 6 at cycle: 6
[DEBUG] in allocateReg() t_cycle: 4; i: 1 CGRA node: 6; link: 0 duration 2
[DEBUG] done reg allocation
[DEBUG] occupy link[10]-->[6] (bypass:0) dfgNode: 0 at cycle 4
[DEBUG] skip predecessor routing -- dfgNode: 0
[DEBUG] success in schedule()
[DEBUG] schedule dfg node[42] onto fu[2] at cycle 6 within II: 4
[DEBUG] setDFGNode 42 onto CGRANode 2 at cycle: 6
[DEBUG] occupy link[10]-->[6] (bypass:1) dfgNode: 0 at cycle 4
[DEBUG] in allocateReg() t_cycle: 5; i: 0 CGRA node: 2; link: 0 duration 1
[DEBUG] done reg allocation
[DEBUG] occupy link[6]-->[2] (bypass:0) dfgNode: 0 at cycle 5
[DEBUG] skip predecessor routing -- dfgNode: 0
[DEBUG] tryToRoute -- srcDFGNode: 34, srcCGRANode: 6; dstDFGNode: 42, dstCGRANode: 2; backEdge: 0
[DEBUG] check route size: 2
[DEBUG] reset duration: 1 t_dstCycle: 6 previous: 1 II: 4
[DEBUG] in allocateReg() t_cycle: 1; i: 1 CGRA node: 2; link: 0 duration 1
[DEBUG] done reg allocation
[DEBUG] occupy link[6]-->[2] (bypass:0) dfgNode: 34 at cycle 1
[DEBUG] success in schedule()
[DEBUG] schedule dfg node[50] onto fu[1] at cycle 7 within II: 4
[DEBUG] setDFGNode 50 onto CGRANode 1 at cycle: 7
[DEBUG] occupy link[10]-->[6] (bypass:1) dfgNode: 0 at cycle 4
[DEBUG] occupy link[6]-->[5] (bypass:1) dfgNode: 0 at cycle 5
[DEBUG] in allocateReg() t_cycle: 6; i: 0 CGRA node: 1; link: 0 duration 1
[DEBUG] done reg allocation
[DEBUG] occupy link[5]-->[1] (bypass:0) dfgNode: 0 at cycle 6
[DEBUG] skip predecessor routing -- dfgNode: 0
[DEBUG] tryToRoute -- srcDFGNode: 34, srcCGRANode: 6; dstDFGNode: 50, dstCGRANode: 1; backEdge: 0
[DEBUG] in shareSameCycle is true: node 50
[DEBUG] cannot route due to II is violated for backward cycle
DEBUG target DFG node: 50 on fu: 1 failed, mapped pred DFG node: 34; return false
[DEBUG] fail1 in schedule() II: 4
[DEBUG] the failed path -- cycle: 7 CGRANode: 1
[DEBUG] the failed path -- cycle: 6 CGRANode: 5
[DEBUG] the failed path -- cycle: 5 CGRANode: 6
[DEBUG] the failed path -- cycle: 4 CGRANode: 10
----------------------------------------
[DEBUG] start heuristic algorithm with II=5
[DEBUG] schedule dfg node[33] onto fu[5] at cycle 0 within II: 5
[DEBUG] setDFGNode 33 onto CGRANode 5 at cycle: 0
[DEBUG] success in schedule()
[DEBUG] schedule dfg node[34] onto fu[6] at cycle 1 within II: 5
[DEBUG] setDFGNode 34 onto CGRANode 6 at cycle: 1
[DEBUG] in allocateReg() t_cycle: 0; i: 0 CGRA node: 6; link: 2 duration 1
[DEBUG] done reg allocation
[DEBUG] occupy link[5]-->[6] (bypass:0) dfgNode: 33 at cycle 0
[DEBUG] skip predecessor routing -- dfgNode: 33
[DEBUG] success in schedule()
[DEBUG] schedule dfg node[51] onto fu[10] at cycle 2 within II: 5
[DEBUG] setDFGNode 51 onto CGRANode 10 at cycle: 2
[DEBUG] in allocateReg() t_cycle: 1; i: 0 CGRA node: 10; link: 1 duration 1
[DEBUG] done reg allocation
[DEBUG] occupy link[6]-->[10] (bypass:0) dfgNode: 34 at cycle 1
[DEBUG] skip predecessor routing -- dfgNode: 34
[DEBUG] success in schedule()
[DEBUG] schedule dfg node[52] onto fu[9] at cycle 3 within II: 5
[DEBUG] setDFGNode 52 onto CGRANode 9 at cycle: 3
[DEBUG] in allocateReg() t_cycle: 2; i: 0 CGRA node: 9; link: 3 duration 1
[DEBUG] done reg allocation
[DEBUG] occupy link[10]-->[9] (bypass:0) dfgNode: 51 at cycle 2
[DEBUG] skip predecessor routing -- dfgNode: 51
[DEBUG] success in schedule()
[DEBUG] schedule dfg node[0] onto fu[10] at cycle 4 within II: 5
[DEBUG] setDFGNode 0 onto CGRANode 10 at cycle: 4
[DEBUG] in allocateReg() t_cycle: 3; i: 0 CGRA node: 10; link: 2 duration 1
[DEBUG] done reg allocation
[DEBUG] occupy link[9]-->[10] (bypass:0) dfgNode: 52 at cycle 3
[DEBUG] skip predecessor routing -- dfgNode: 52
[DEBUG] in shareSameCycle is true: node 0
[DEBUG] tryToRoute -- srcDFGNode: 0, srcCGRANode: 10; dstDFGNode: 33, dstCGRANode: 5; backEdge: 1
[DEBUG] in shareSameCycle is true: node 33
[DEBUG] check route size: 3
[DEBUG] occupy link[10]-->[6] (bypass:1) dfgNode: 0 at cycle 4
[DEBUG] reset duration: 0 t_dstCycle: 0 previous: 5 II: 5
[DEBUG] reset duration is 0...
[DEBUG] cannot route due to backedge
DEBUG target DFG node: 0 on fu: 10 failed, mapped succ DFG node: 33; return false
[DEBUG] fail1 in schedule() II: 5
[DEBUG] the failed path -- cycle: 3 CGRANode: 9
[DEBUG] the failed path -- cycle: 4 CGRANode: 10
----------------------------------------
[DEBUG] start heuristic algorithm with II=6
[DEBUG] schedule dfg node[33] onto fu[9] at cycle 0 within II: 6
[DEBUG] setDFGNode 33 onto CGRANode 9 at cycle: 0
[DEBUG] success in schedule()
[DEBUG] schedule dfg node[34] onto fu[10] at cycle 1 within II: 6
[DEBUG] setDFGNode 34 onto CGRANode 10 at cycle: 1
[DEBUG] in allocateReg() t_cycle: 0; i: 0 CGRA node: 10; link: 2 duration 1
[DEBUG] done reg allocation
[DEBUG] occupy link[9]-->[10] (bypass:0) dfgNode: 33 at cycle 0
[DEBUG] skip predecessor routing -- dfgNode: 33
[DEBUG] success in schedule()
[DEBUG] schedule dfg node[51] onto fu[6] at cycle 2 within II: 6
[DEBUG] setDFGNode 51 onto CGRANode 6 at cycle: 2
[DEBUG] in allocateReg() t_cycle: 1; i: 0 CGRA node: 6; link: 0 duration 1
[DEBUG] done reg allocation
[DEBUG] occupy link[10]-->[6] (bypass:0) dfgNode: 34 at cycle 1
[DEBUG] skip predecessor routing -- dfgNode: 34
[DEBUG] success in schedule()
[DEBUG] schedule dfg node[52] onto fu[5] at cycle 3 within II: 6
[DEBUG] setDFGNode 52 onto CGRANode 5 at cycle: 3
[DEBUG] in allocateReg() t_cycle: 2; i: 0 CGRA node: 5; link: 3 duration 1
[DEBUG] done reg allocation
[DEBUG] occupy link[6]-->[5] (bypass:0) dfgNode: 51 at cycle 2
[DEBUG] skip predecessor routing -- dfgNode: 51
[DEBUG] success in schedule()
[DEBUG] schedule dfg node[0] onto fu[10] at cycle 5 within II: 6
[DEBUG] setDFGNode 0 onto CGRANode 10 at cycle: 5
[DEBUG] occupy link[5]-->[6] (bypass:1) dfgNode: 52 at cycle 3
[DEBUG] in allocateReg() t_cycle: 4; i: 0 CGRA node: 10; link: 1 duration 1
[DEBUG] done reg allocation
[DEBUG] occupy link[6]-->[10] (bypass:0) dfgNode: 52 at cycle 4
[DEBUG] skip predecessor routing -- dfgNode: 52
[DEBUG] in shareSameCycle is true: node 0
[DEBUG] tryToRoute -- srcDFGNode: 0, srcCGRANode: 10; dstDFGNode: 33, dstCGRANode: 9; backEdge: 1
[DEBUG] in shareSameCycle is true: node 33
[DEBUG] check route size: 2
[DEBUG] reset duration: 1 t_dstCycle: 0 previous: 5 II: 6
[DEBUG] in allocateReg() t_cycle: 5; i: 0 CGRA node: 9; link: 3 duration 1
[DEBUG] done reg allocation
[DEBUG] occupy link[10]-->[9] (bypass:0) dfgNode: 0 at cycle 5
[DEBUG] in shareSameCycle is true: node 0
[DEBUG] tryToRoute -- srcDFGNode: 0, srcCGRANode: 10; dstDFGNode: 51, dstCGRANode: 6; backEdge: 1
[DEBUG] in shareSameCycle is true: node 51
[DEBUG] check route size: 2
[DEBUG] reset duration: 3 t_dstCycle: 2 previous: 5 II: 6
[DEBUG] in allocateReg() t_cycle: 5; i: 1 CGRA node: 6; link: 0 duration 3
[DEBUG] done reg allocation
[DEBUG] occupy link[10]-->[6] (bypass:0) dfgNode: 0 at cycle 5
[DEBUG] success in schedule()
[DEBUG] schedule dfg node[1] onto fu[2] at cycle 7 within II: 6
[DEBUG] setDFGNode 1 onto CGRANode 2 at cycle: 7
[DEBUG] occupy link[10]-->[6] (bypass:1) dfgNode: 0 at cycle 5
[DEBUG] in allocateReg() t_cycle: 6; i: 0 CGRA node: 2; link: 0 duration 1
[DEBUG] done reg allocation
[DEBUG] occupy link[6]-->[2] (bypass:0) dfgNode: 0 at cycle 6
[DEBUG] skip predecessor routing -- dfgNode: 0
[DEBUG] success in schedule()
[DEBUG] schedule dfg node[4] onto fu[13] at cycle 7 within II: 6
[DEBUG] setDFGNode 4 onto CGRANode 13 at cycle: 7
[DEBUG] occupy link[10]-->[9] (bypass:1) dfgNode: 0 at cycle 5
[DEBUG] in allocateReg() t_cycle: 6; i: 0 CGRA node: 13; link: 1 duration 1
[DEBUG] done reg allocation
[DEBUG] occupy link[9]-->[13] (bypass:0) dfgNode: 0 at cycle 6
[DEBUG] skip predecessor routing -- dfgNode: 0
[DEBUG] success in schedule()
[DEBUG] schedule dfg node[8] onto fu[6] at cycle 6 within II: 6
[DEBUG] setDFGNode 8 onto CGRANode 6 at cycle: 6
[DEBUG] in allocateReg() t_cycle: 5; i: 0 CGRA node: 6; link: 0 duration 1
[DEBUG] done reg allocation
[DEBUG] occupy link[10]-->[6] (bypass:0) dfgNode: 0 at cycle 5
[DEBUG] skip predecessor routing -- dfgNode: 0
[DEBUG] success in schedule()
[DEBUG] schedule dfg node[16] onto fu[14] at cycle 6 within II: 6
[DEBUG] setDFGNode 16 onto CGRANode 14 at cycle: 6
[DEBUG] in allocateReg() t_cycle: 5; i: 0 CGRA node: 14; link: 1 duration 1
[DEBUG] done reg allocation
[DEBUG] occupy link[10]-->[14] (bypass:0) dfgNode: 0 at cycle 5
[DEBUG] skip predecessor routing -- dfgNode: 0
[DEBUG] success in schedule()
[DEBUG] schedule dfg node[24] onto fu[5] at cycle 7 within II: 6
[DEBUG] setDFGNode 24 onto CGRANode 5 at cycle: 7
[DEBUG] occupy link[10]-->[6] (bypass:1) dfgNode: 0 at cycle 5
[DEBUG] in allocateReg() t_cycle: 6; i: 0 CGRA node: 5; link: 3 duration 1
[DEBUG] done reg allocation
[DEBUG] occupy link[6]-->[5] (bypass:0) dfgNode: 0 at cycle 6
[DEBUG] skip predecessor routing -- dfgNode: 0
[DEBUG] success in schedule()
[DEBUG] schedule dfg node[32] onto fu[10] at cycle 6 within II: 6
[DEBUG] setDFGNode 32 onto CGRANode 10 at cycle: 6
[DEBUG] tryToRoute -- srcDFGNode: 0, srcCGRANode: 10; dstDFGNode: 32, dstCGRANode: 10; backEdge: 0
[DEBUG] check route size: 1
[DEBUG] allocate for local reg maintain... duration=1 last cycle: 5
[DEBUG] in allocateReg() t_cycle: 5; i: 0 CGRA node: 10; link: 4 duration 1
[DEBUG] done reg allocation
[DEBUG] success in schedule()
[DEBUG] schedule dfg node[42] onto fu[9] at cycle 7 within II: 6
[DEBUG] setDFGNode 42 onto CGRANode 9 at cycle: 7
[DEBUG] in allocateReg() t_cycle: 5; i: 1 CGRA node: 9; link: 3 duration 2
[DEBUG] done reg allocation
[DEBUG] occupy link[10]-->[9] (bypass:0) dfgNode: 0 at cycle 5
[DEBUG] skip predecessor routing -- dfgNode: 0
[DEBUG] tryToRoute -- srcDFGNode: 34, srcCGRANode: 10; dstDFGNode: 42, dstCGRANode: 9; backEdge: 0
[DEBUG] check route size: 2
[DEBUG] reset duration: 0 t_dstCycle: 7 previous: 1 II: 6
[DEBUG] reset duration is 0...
[DEBUG] in allocateReg() t_cycle: 1; i: 2 CGRA node: 9; link: 3 duration 6
[DEBUG] done reg allocation
[DEBUG] occupy link[10]-->[9] (bypass:0) dfgNode: 34 at cycle 1
[DEBUG] success in schedule()
[DEBUG] schedule dfg node[50] onto fu[1] at cycle 8 within II: 6
[DEBUG] setDFGNode 50 onto CGRANode 1 at cycle: 8
[DEBUG] occupy link[10]-->[6] (bypass:1) dfgNode: 0 at cycle 5
[DEBUG] occupy link[6]-->[2] (bypass:1) dfgNode: 0 at cycle 6
[DEBUG] in allocateReg() t_cycle: 7; i: 0 CGRA node: 1; link: 3 duration 1
[DEBUG] done reg allocation
[DEBUG] occupy link[2]-->[1] (bypass:0) dfgNode: 0 at cycle 7
[DEBUG] skip predecessor routing -- dfgNode: 0
[DEBUG] tryToRoute -- srcDFGNode: 34, srcCGRANode: 10; dstDFGNode: 50, dstCGRANode: 1; backEdge: 0
[DEBUG] in shareSameCycle is true: node 50
[DEBUG] cannot route due to II is violated for backward cycle
DEBUG target DFG node: 50 on fu: 1 failed, mapped pred DFG node: 34; return false
[DEBUG] fail1 in schedule() II: 6
[DEBUG] the failed path -- cycle: 8 CGRANode: 1
[DEBUG] the failed path -- cycle: 7 CGRANode: 2
[DEBUG] the failed path -- cycle: 6 CGRANode: 6
[DEBUG] the failed path -- cycle: 5 CGRANode: 10
----------------------------------------
[DEBUG] start heuristic algorithm with II=7
[DEBUG] schedule dfg node[33] onto fu[5] at cycle 0 within II: 7
[DEBUG] setDFGNode 33 onto CGRANode 5 at cycle: 0
[DEBUG] success in schedule()
[DEBUG] schedule dfg node[34] onto fu[6] at cycle 1 within II: 7
[DEBUG] setDFGNode 34 onto CGRANode 6 at cycle: 1
[DEBUG] in allocateReg() t_cycle: 0; i: 0 CGRA node: 6; link: 2 duration 1
[DEBUG] done reg allocation
[DEBUG] occupy link[5]-->[6] (bypass:0) dfgNode: 33 at cycle 0
[DEBUG] skip predecessor routing -- dfgNode: 33
[DEBUG] success in schedule()
[DEBUG] schedule dfg node[51] onto fu[10] at cycle 2 within II: 7
[DEBUG] setDFGNode 51 onto CGRANode 10 at cycle: 2
[DEBUG] in allocateReg() t_cycle: 1; i: 0 CGRA node: 10; link: 1 duration 1
[DEBUG] done reg allocation
[DEBUG] occupy link[6]-->[10] (bypass:0) dfgNode: 34 at cycle 1
[DEBUG] skip predecessor routing -- dfgNode: 34
[DEBUG] success in schedule()
[DEBUG] schedule dfg node[52] onto fu[9] at cycle 3 within II: 7
[DEBUG] setDFGNode 52 onto CGRANode 9 at cycle: 3
[DEBUG] in allocateReg() t_cycle: 2; i: 0 CGRA node: 9; link: 3 duration 1
[DEBUG] done reg allocation
[DEBUG] occupy link[10]-->[9] (bypass:0) dfgNode: 51 at cycle 2
[DEBUG] skip predecessor routing -- dfgNode: 51
[DEBUG] success in schedule()
[DEBUG] schedule dfg node[0] onto fu[10] at cycle 4 within II: 7
[DEBUG] setDFGNode 0 onto CGRANode 10 at cycle: 4
[DEBUG] in allocateReg() t_cycle: 3; i: 0 CGRA node: 10; link: 2 duration 1
[DEBUG] done reg allocation
[DEBUG] occupy link[9]-->[10] (bypass:0) dfgNode: 52 at cycle 3
[DEBUG] skip predecessor routing -- dfgNode: 52
[DEBUG] in shareSameCycle is true: node 0
[DEBUG] tryToRoute -- srcDFGNode: 0, srcCGRANode: 10; dstDFGNode: 33, dstCGRANode: 5; backEdge: 1
[DEBUG] in shareSameCycle is true: node 33
[DEBUG] check route size: 3
[DEBUG] occupy link[10]-->[6] (bypass:1) dfgNode: 0 at cycle 4
[DEBUG] reset duration: 2 t_dstCycle: 0 previous: 5 II: 7
[DEBUG] in allocateReg() t_cycle: 5; i: 0 CGRA node: 5; link: 3 duration 2
[DEBUG] done reg allocation
[DEBUG] occupy link[6]-->[5] (bypass:0) dfgNode: 0 at cycle 5
[DEBUG] in shareSameCycle is true: node 0
[DEBUG] tryToRoute -- srcDFGNode: 0, srcCGRANode: 10; dstDFGNode: 51, dstCGRANode: 10; backEdge: 1
[DEBUG] in shareSameCycle is true: node 51
[DEBUG] check route size: 1
[DEBUG] allocate for local reg maintain... duration=5 last cycle: 4
[DEBUG] in allocateReg() t_cycle: 4; i: 1 CGRA node: 10; link: 4 duration 5
[DEBUG] done reg allocation
[DEBUG] success in schedule()
[DEBUG] schedule dfg node[1] onto fu[14] at cycle 5 within II: 7
[DEBUG] setDFGNode 1 onto CGRANode 14 at cycle: 5
[DEBUG] in allocateReg() t_cycle: 4; i: 0 CGRA node: 14; link: 1 duration 1
[DEBUG] done reg allocation
[DEBUG] occupy link[10]-->[14] (bypass:0) dfgNode: 0 at cycle 4
[DEBUG] skip predecessor routing -- dfgNode: 0
[DEBUG] success in schedule()
[DEBUG] schedule dfg node[4] onto fu[6] at cycle 5 within II: 7
[DEBUG] setDFGNode 4 onto CGRANode 6 at cycle: 5
[DEBUG] in allocateReg() t_cycle: 4; i: 0 CGRA node: 6; link: 0 duration 1
[DEBUG] done reg allocation
[DEBUG] occupy link[10]-->[6] (bypass:0) dfgNode: 0 at cycle 4
[DEBUG] skip predecessor routing -- dfgNode: 0
[DEBUG] success in schedule()
[DEBUG] schedule dfg node[8] onto fu[9] at cycle 5 within II: 7
[DEBUG] setDFGNode 8 onto CGRANode 9 at cycle: 5
[DEBUG] in allocateReg() t_cycle: 4; i: 0 CGRA node: 9; link: 3 duration 1
[DEBUG] done reg allocation
[DEBUG] occupy link[10]-->[9] (bypass:0) dfgNode: 0 at cycle 4
[DEBUG] skip predecessor routing -- dfgNode: 0
[DEBUG] success in schedule()
[DEBUG] schedule dfg node[16] onto fu[5] at cycle 6 within II: 7
[DEBUG] setDFGNode 16 onto CGRANode 5 at cycle: 6
[DEBUG] occupy link[10]-->[6] (bypass:1) dfgNode: 0 at cycle 4
[DEBUG] in allocateReg() t_cycle: 5; i: 1 CGRA node: 5; link: 3 duration 1
[DEBUG] done reg allocation
[DEBUG] occupy link[6]-->[5] (bypass:0) dfgNode: 0 at cycle 5
[DEBUG] skip predecessor routing -- dfgNode: 0
[DEBUG] success in schedule()
[DEBUG] schedule dfg node[24] onto fu[10] at cycle 5 within II: 7
[DEBUG] setDFGNode 24 onto CGRANode 10 at cycle: 5
[DEBUG] tryToRoute -- srcDFGNode: 0, srcCGRANode: 10; dstDFGNode: 24, dstCGRANode: 10; backEdge: 0
[DEBUG] check route size: 1
[DEBUG] allocate for local reg maintain... duration=1 last cycle: 4
[DEBUG] in allocateReg() t_cycle: 4; i: 0 CGRA node: 10; link: 4 duration 1
[DEBUG] done reg allocation
[DEBUG] success in schedule()
[DEBUG] schedule dfg node[32] onto fu[13] at cycle 6 within II: 7
[DEBUG] setDFGNode 32 onto CGRANode 13 at cycle: 6
[DEBUG] occupy link[10]-->[9] (bypass:1) dfgNode: 0 at cycle 4
[DEBUG] in allocateReg() t_cycle: 5; i: 0 CGRA node: 13; link: 1 duration 1
[DEBUG] done reg allocation
[DEBUG] occupy link[9]-->[13] (bypass:0) dfgNode: 0 at cycle 5
[DEBUG] skip predecessor routing -- dfgNode: 0
[DEBUG] success in schedule()
[DEBUG] schedule dfg node[42] onto fu[2] at cycle 6 within II: 7
[DEBUG] setDFGNode 42 onto CGRANode 2 at cycle: 6
[DEBUG] occupy link[10]-->[6] (bypass:1) dfgNode: 0 at cycle 4
[DEBUG] in allocateReg() t_cycle: 5; i: 0 CGRA node: 2; link: 0 duration 1
[DEBUG] done reg allocation
[DEBUG] occupy link[6]-->[2] (bypass:0) dfgNode: 0 at cycle 5
[DEBUG] skip predecessor routing -- dfgNode: 0
[DEBUG] tryToRoute -- srcDFGNode: 34, srcCGRANode: 6; dstDFGNode: 42, dstCGRANode: 2; backEdge: 0
[DEBUG] check route size: 2
[DEBUG] reset duration: 5 t_dstCycle: 6 previous: 1 II: 7
[DEBUG] in allocateReg() t_cycle: 1; i: 1 CGRA node: 2; link: 0 duration 5
[DEBUG] done reg allocation
[DEBUG] occupy link[6]-->[2] (bypass:0) dfgNode: 34 at cycle 1
[DEBUG] success in schedule()
[DEBUG] schedule dfg node[50] onto fu[1] at cycle 7 within II: 7
[DEBUG] setDFGNode 50 onto CGRANode 1 at cycle: 7
[DEBUG] occupy link[10]-->[6] (bypass:1) dfgNode: 0 at cycle 4
[DEBUG] occupy link[6]-->[2] (bypass:1) dfgNode: 0 at cycle 5
[DEBUG] in allocateReg() t_cycle: 6; i: 0 CGRA node: 1; link: 3 duration 1
[DEBUG] done reg allocation
[DEBUG] occupy link[2]-->[1] (bypass:0) dfgNode: 0 at cycle 6
[DEBUG] skip predecessor routing -- dfgNode: 0
[DEBUG] tryToRoute -- srcDFGNode: 34, srcCGRANode: 6; dstDFGNode: 50, dstCGRANode: 1; backEdge: 0
[DEBUG] in shareSameCycle is true: node 50
[DEBUG] cannot route due to II is violated for backward cycle
DEBUG target DFG node: 50 on fu: 1 failed, mapped pred DFG node: 34; return false
[DEBUG] fail1 in schedule() II: 7
[DEBUG] the failed path -- cycle: 7 CGRANode: 1
[DEBUG] the failed path -- cycle: 6 CGRANode: 2
[DEBUG] the failed path -- cycle: 5 CGRANode: 6
[DEBUG] the failed path -- cycle: 4 CGRANode: 10
----------------------------------------
[DEBUG] start heuristic algorithm with II=8
[DEBUG] schedule dfg node[33] onto fu[5] at cycle 0 within II: 8
[DEBUG] setDFGNode 33 onto CGRANode 5 at cycle: 0
[DEBUG] success in schedule()
[DEBUG] schedule dfg node[34] onto fu[6] at cycle 1 within II: 8
[DEBUG] setDFGNode 34 onto CGRANode 6 at cycle: 1
[DEBUG] in allocateReg() t_cycle: 0; i: 0 CGRA node: 6; link: 2 duration 1
[DEBUG] done reg allocation
[DEBUG] occupy link[5]-->[6] (bypass:0) dfgNode: 33 at cycle 0
[DEBUG] skip predecessor routing -- dfgNode: 33
[DEBUG] success in schedule()
[DEBUG] schedule dfg node[51] onto fu[10] at cycle 2 within II: 8
[DEBUG] setDFGNode 51 onto CGRANode 10 at cycle: 2
[DEBUG] in allocateReg() t_cycle: 1; i: 0 CGRA node: 10; link: 1 duration 1
[DEBUG] done reg allocation
[DEBUG] occupy link[6]-->[10] (bypass:0) dfgNode: 34 at cycle 1
[DEBUG] skip predecessor routing -- dfgNode: 34
[DEBUG] success in schedule()
[DEBUG] schedule dfg node[52] onto fu[9] at cycle 3 within II: 8
[DEBUG] setDFGNode 52 onto CGRANode 9 at cycle: 3
[DEBUG] in allocateReg() t_cycle: 2; i: 0 CGRA node: 9; link: 3 duration 1
[DEBUG] done reg allocation
[DEBUG] occupy link[10]-->[9] (bypass:0) dfgNode: 51 at cycle 2
[DEBUG] skip predecessor routing -- dfgNode: 51
[DEBUG] success in schedule()
[DEBUG] schedule dfg node[0] onto fu[10] at cycle 4 within II: 8
[DEBUG] setDFGNode 0 onto CGRANode 10 at cycle: 4
[DEBUG] in allocateReg() t_cycle: 3; i: 0 CGRA node: 10; link: 2 duration 1
[DEBUG] done reg allocation
[DEBUG] occupy link[9]-->[10] (bypass:0) dfgNode: 52 at cycle 3
[DEBUG] skip predecessor routing -- dfgNode: 52
[DEBUG] in shareSameCycle is true: node 0
[DEBUG] tryToRoute -- srcDFGNode: 0, srcCGRANode: 10; dstDFGNode: 33, dstCGRANode: 5; backEdge: 1
[DEBUG] in shareSameCycle is true: node 33
[DEBUG] check route size: 3
[DEBUG] occupy link[10]-->[6] (bypass:1) dfgNode: 0 at cycle 4
[DEBUG] reset duration: 3 t_dstCycle: 0 previous: 5 II: 8
[DEBUG] in allocateReg() t_cycle: 5; i: 0 CGRA node: 5; link: 3 duration 3
[DEBUG] done reg allocation
[DEBUG] occupy link[6]-->[5] (bypass:0) dfgNode: 0 at cycle 5
[DEBUG] in shareSameCycle is true: node 0
[DEBUG] tryToRoute -- srcDFGNode: 0, srcCGRANode: 10; dstDFGNode: 51, dstCGRANode: 10; backEdge: 1
[DEBUG] in shareSameCycle is true: node 51
[DEBUG] check route size: 1
[DEBUG] allocate for local reg maintain... duration=6 last cycle: 4
[DEBUG] in allocateReg() t_cycle: 4; i: 1 CGRA node: 10; link: 4 duration 6
[DEBUG] done reg allocation
[DEBUG] success in schedule()
[DEBUG] schedule dfg node[1] onto fu[14] at cycle 5 within II: 8
[DEBUG] setDFGNode 1 onto CGRANode 14 at cycle: 5
[DEBUG] in allocateReg() t_cycle: 4; i: 0 CGRA node: 14; link: 1 duration 1
[DEBUG] done reg allocation
[DEBUG] occupy link[10]-->[14] (bypass:0) dfgNode: 0 at cycle 4
[DEBUG] skip predecessor routing -- dfgNode: 0
[DEBUG] success in schedule()
[DEBUG] schedule dfg node[4] onto fu[6] at cycle 5 within II: 8
[DEBUG] setDFGNode 4 onto CGRANode 6 at cycle: 5
[DEBUG] in allocateReg() t_cycle: 4; i: 0 CGRA node: 6; link: 0 duration 1
[DEBUG] done reg allocation
[DEBUG] occupy link[10]-->[6] (bypass:0) dfgNode: 0 at cycle 4
[DEBUG] skip predecessor routing -- dfgNode: 0
[DEBUG] success in schedule()
[DEBUG] schedule dfg node[8] onto fu[9] at cycle 5 within II: 8
[DEBUG] setDFGNode 8 onto CGRANode 9 at cycle: 5
[DEBUG] in allocateReg() t_cycle: 4; i: 0 CGRA node: 9; link: 3 duration 1
[DEBUG] done reg allocation
[DEBUG] occupy link[10]-->[9] (bypass:0) dfgNode: 0 at cycle 4
[DEBUG] skip predecessor routing -- dfgNode: 0
[DEBUG] success in schedule()
[DEBUG] schedule dfg node[16] onto fu[5] at cycle 6 within II: 8
[DEBUG] setDFGNode 16 onto CGRANode 5 at cycle: 6
[DEBUG] occupy link[10]-->[6] (bypass:1) dfgNode: 0 at cycle 4
[DEBUG] in allocateReg() t_cycle: 5; i: 1 CGRA node: 5; link: 3 duration 1
[DEBUG] done reg allocation
[DEBUG] occupy link[6]-->[5] (bypass:0) dfgNode: 0 at cycle 5
[DEBUG] skip predecessor routing -- dfgNode: 0
[DEBUG] success in schedule()
[DEBUG] schedule dfg node[24] onto fu[10] at cycle 5 within II: 8
[DEBUG] setDFGNode 24 onto CGRANode 10 at cycle: 5
[DEBUG] tryToRoute -- srcDFGNode: 0, srcCGRANode: 10; dstDFGNode: 24, dstCGRANode: 10; backEdge: 0
[DEBUG] check route size: 1
[DEBUG] allocate for local reg maintain... duration=1 last cycle: 4
[DEBUG] in allocateReg() t_cycle: 4; i: 0 CGRA node: 10; link: 4 duration 1
[DEBUG] done reg allocation
[DEBUG] success in schedule()
[DEBUG] schedule dfg node[32] onto fu[13] at cycle 6 within II: 8
[DEBUG] setDFGNode 32 onto CGRANode 13 at cycle: 6
[DEBUG] occupy link[10]-->[9] (bypass:1) dfgNode: 0 at cycle 4
[DEBUG] in allocateReg() t_cycle: 5; i: 0 CGRA node: 13; link: 1 duration 1
[DEBUG] done reg allocation
[DEBUG] occupy link[9]-->[13] (bypass:0) dfgNode: 0 at cycle 5
[DEBUG] skip predecessor routing -- dfgNode: 0
[DEBUG] success in schedule()
[DEBUG] schedule dfg node[42] onto fu[2] at cycle 6 within II: 8
[DEBUG] setDFGNode 42 onto CGRANode 2 at cycle: 6
[DEBUG] occupy link[10]-->[6] (bypass:1) dfgNode: 0 at cycle 4
[DEBUG] in allocateReg() t_cycle: 5; i: 0 CGRA node: 2; link: 0 duration 1
[DEBUG] done reg allocation
[DEBUG] occupy link[6]-->[2] (bypass:0) dfgNode: 0 at cycle 5
[DEBUG] skip predecessor routing -- dfgNode: 0
[DEBUG] tryToRoute -- srcDFGNode: 34, srcCGRANode: 6; dstDFGNode: 42, dstCGRANode: 2; backEdge: 0
[DEBUG] check route size: 2
[DEBUG] reset duration: 5 t_dstCycle: 6 previous: 1 II: 8
[DEBUG] in allocateReg() t_cycle: 1; i: 1 CGRA node: 2; link: 0 duration 5
[DEBUG] done reg allocation
[DEBUG] occupy link[6]-->[2] (bypass:0) dfgNode: 34 at cycle 1
[DEBUG] success in schedule()
[DEBUG] schedule dfg node[50] onto fu[1] at cycle 7 within II: 8
[DEBUG] setDFGNode 50 onto CGRANode 1 at cycle: 7
[DEBUG] occupy link[10]-->[6] (bypass:1) dfgNode: 0 at cycle 4
[DEBUG] occupy link[6]-->[2] (bypass:1) dfgNode: 0 at cycle 5
[DEBUG] in allocateReg() t_cycle: 6; i: 0 CGRA node: 1; link: 3 duration 1
[DEBUG] done reg allocation
[DEBUG] occupy link[2]-->[1] (bypass:0) dfgNode: 0 at cycle 6
[DEBUG] skip predecessor routing -- dfgNode: 0
[DEBUG] tryToRoute -- srcDFGNode: 34, srcCGRANode: 6; dstDFGNode: 50, dstCGRANode: 1; backEdge: 0
[DEBUG] in shareSameCycle is true: node 50
[DEBUG] cannot route due to II is violated for backward cycle
DEBUG target DFG node: 50 on fu: 1 failed, mapped pred DFG node: 34; return false
[DEBUG] fail1 in schedule() II: 8
[DEBUG] the failed path -- cycle: 7 CGRANode: 1
[DEBUG] the failed path -- cycle: 6 CGRANode: 2
[DEBUG] the failed path -- cycle: 5 CGRANode: 6
[DEBUG] the failed path -- cycle: 4 CGRANode: 10
----------------------------------------
[DEBUG] start heuristic algorithm with II=9
[DEBUG] schedule dfg node[33] onto fu[9] at cycle 0 within II: 9
[DEBUG] setDFGNode 33 onto CGRANode 9 at cycle: 0
[DEBUG] success in schedule()
[DEBUG] schedule dfg node[34] onto fu[10] at cycle 1 within II: 9
[DEBUG] setDFGNode 34 onto CGRANode 10 at cycle: 1
[DEBUG] in allocateReg() t_cycle: 0; i: 0 CGRA node: 10; link: 2 duration 1
[DEBUG] done reg allocation
[DEBUG] occupy link[9]-->[10] (bypass:0) dfgNode: 33 at cycle 0
[DEBUG] skip predecessor routing -- dfgNode: 33
[DEBUG] success in schedule()
[DEBUG] schedule dfg node[51] onto fu[6] at cycle 2 within II: 9
[DEBUG] setDFGNode 51 onto CGRANode 6 at cycle: 2
[DEBUG] in allocateReg() t_cycle: 1; i: 0 CGRA node: 6; link: 0 duration 1
[DEBUG] done reg allocation
[DEBUG] occupy link[10]-->[6] (bypass:0) dfgNode: 34 at cycle 1
[DEBUG] skip predecessor routing -- dfgNode: 34
[DEBUG] success in schedule()
[DEBUG] schedule dfg node[52] onto fu[5] at cycle 3 within II: 9
[DEBUG] setDFGNode 52 onto CGRANode 5 at cycle: 3
[DEBUG] in allocateReg() t_cycle: 2; i: 0 CGRA node: 5; link: 3 duration 1
[DEBUG] done reg allocation
[DEBUG] occupy link[6]-->[5] (bypass:0) dfgNode: 51 at cycle 2
[DEBUG] skip predecessor routing -- dfgNode: 51
[DEBUG] success in schedule()
[DEBUG] schedule dfg node[0] onto fu[10] at cycle 5 within II: 9
[DEBUG] setDFGNode 0 onto CGRANode 10 at cycle: 5
[DEBUG] occupy link[5]-->[6] (bypass:1) dfgNode: 52 at cycle 3
[DEBUG] in allocateReg() t_cycle: 4; i: 0 CGRA node: 10; link: 1 duration 1
[DEBUG] done reg allocation
[DEBUG] occupy link[6]-->[10] (bypass:0) dfgNode: 52 at cycle 4
[DEBUG] skip predecessor routing -- dfgNode: 52
[DEBUG] in shareSameCycle is true: node 0
[DEBUG] tryToRoute -- srcDFGNode: 0, srcCGRANode: 10; dstDFGNode: 33, dstCGRANode: 9; backEdge: 1
[DEBUG] in shareSameCycle is true: node 33
[DEBUG] check route size: 2
[DEBUG] reset duration: 4 t_dstCycle: 0 previous: 5 II: 9
[DEBUG] in allocateReg() t_cycle: 5; i: 0 CGRA node: 9; link: 3 duration 4
[DEBUG] done reg allocation
[DEBUG] occupy link[10]-->[9] (bypass:0) dfgNode: 0 at cycle 5
[DEBUG] in shareSameCycle is true: node 0
[DEBUG] tryToRoute -- srcDFGNode: 0, srcCGRANode: 10; dstDFGNode: 51, dstCGRANode: 6; backEdge: 1
[DEBUG] in shareSameCycle is true: node 51
[DEBUG] check route size: 2
[DEBUG] reset duration: 6 t_dstCycle: 2 previous: 5 II: 9
[DEBUG] in allocateReg() t_cycle: 5; i: 1 CGRA node: 6; link: 0 duration 6
[DEBUG] done reg allocation
[DEBUG] occupy link[10]-->[6] (bypass:0) dfgNode: 0 at cycle 5
[DEBUG] success in schedule()
[DEBUG] schedule dfg node[1] onto fu[2] at cycle 7 within II: 9
[DEBUG] setDFGNode 1 onto CGRANode 2 at cycle: 7
[DEBUG] occupy link[10]-->[6] (bypass:1) dfgNode: 0 at cycle 5
[DEBUG] in allocateReg() t_cycle: 6; i: 0 CGRA node: 2; link: 0 duration 1
[DEBUG] done reg allocation
[DEBUG] occupy link[6]-->[2] (bypass:0) dfgNode: 0 at cycle 6
[DEBUG] skip predecessor routing -- dfgNode: 0
[DEBUG] success in schedule()
[DEBUG] schedule dfg node[4] onto fu[13] at cycle 7 within II: 9
[DEBUG] setDFGNode 4 onto CGRANode 13 at cycle: 7
[DEBUG] occupy link[10]-->[9] (bypass:1) dfgNode: 0 at cycle 5
[DEBUG] in allocateReg() t_cycle: 6; i: 0 CGRA node: 13; link: 1 duration 1
[DEBUG] done reg allocation
[DEBUG] occupy link[9]-->[13] (bypass:0) dfgNode: 0 at cycle 6
[DEBUG] skip predecessor routing -- dfgNode: 0
[DEBUG] success in schedule()
[DEBUG] schedule dfg node[8] onto fu[6] at cycle 6 within II: 9
[DEBUG] setDFGNode 8 onto CGRANode 6 at cycle: 6
[DEBUG] in allocateReg() t_cycle: 5; i: 0 CGRA node: 6; link: 0 duration 1
[DEBUG] done reg allocation
[DEBUG] occupy link[10]-->[6] (bypass:0) dfgNode: 0 at cycle 5
[DEBUG] skip predecessor routing -- dfgNode: 0
[DEBUG] success in schedule()
[DEBUG] schedule dfg node[16] onto fu[9] at cycle 6 within II: 9
[DEBUG] setDFGNode 16 onto CGRANode 9 at cycle: 6
[DEBUG] in allocateReg() t_cycle: 5; i: 1 CGRA node: 9; link: 3 duration 1
[DEBUG] done reg allocation
[DEBUG] occupy link[10]-->[9] (bypass:0) dfgNode: 0 at cycle 5
[DEBUG] skip predecessor routing -- dfgNode: 0
[DEBUG] success in schedule()
[DEBUG] schedule dfg node[24] onto fu[14] at cycle 6 within II: 9
[DEBUG] setDFGNode 24 onto CGRANode 14 at cycle: 6
[DEBUG] in allocateReg() t_cycle: 5; i: 0 CGRA node: 14; link: 1 duration 1
[DEBUG] done reg allocation
[DEBUG] occupy link[10]-->[14] (bypass:0) dfgNode: 0 at cycle 5
[DEBUG] skip predecessor routing -- dfgNode: 0
[DEBUG] success in schedule()
[DEBUG] schedule dfg node[32] onto fu[5] at cycle 7 within II: 9
[DEBUG] setDFGNode 32 onto CGRANode 5 at cycle: 7
[DEBUG] occupy link[10]-->[6] (bypass:1) dfgNode: 0 at cycle 5
[DEBUG] in allocateReg() t_cycle: 6; i: 0 CGRA node: 5; link: 3 duration 1
[DEBUG] done reg allocation
[DEBUG] occupy link[6]-->[5] (bypass:0) dfgNode: 0 at cycle 6
[DEBUG] skip predecessor routing -- dfgNode: 0
[DEBUG] success in schedule()
[DEBUG] schedule dfg node[42] onto fu[10] at cycle 6 within II: 9
[DEBUG] setDFGNode 42 onto CGRANode 10 at cycle: 6
[DEBUG] tryToRoute -- srcDFGNode: 0, srcCGRANode: 10; dstDFGNode: 42, dstCGRANode: 10; backEdge: 0
[DEBUG] check route size: 1
[DEBUG] allocate for local reg maintain... duration=1 last cycle: 5
[DEBUG] in allocateReg() t_cycle: 5; i: 0 CGRA node: 10; link: 4 duration 1
[DEBUG] done reg allocation
[DEBUG] tryToRoute -- srcDFGNode: 34, srcCGRANode: 10; dstDFGNode: 42, dstCGRANode: 10; backEdge: 0
[DEBUG] check route size: 1
[DEBUG] allocate for local reg maintain... duration=5 last cycle: 1
[DEBUG] in allocateReg() t_cycle: 1; i: 1 CGRA node: 10; link: 4 duration 5
[DEBUG] done reg allocation
[DEBUG] success in schedule()
[DEBUG] schedule dfg node[50] onto fu[1] at cycle 8 within II: 9
[DEBUG] setDFGNode 50 onto CGRANode 1 at cycle: 8
[DEBUG] occupy link[10]-->[6] (bypass:1) dfgNode: 0 at cycle 5
[DEBUG] occupy link[6]-->[2] (bypass:1) dfgNode: 0 at cycle 6
[DEBUG] in allocateReg() t_cycle: 7; i: 0 CGRA node: 1; link: 3 duration 1
[DEBUG] done reg allocation
[DEBUG] occupy link[2]-->[1] (bypass:0) dfgNode: 0 at cycle 7
[DEBUG] skip predecessor routing -- dfgNode: 0
[DEBUG] tryToRoute -- srcDFGNode: 34, srcCGRANode: 10; dstDFGNode: 50, dstCGRANode: 1; backEdge: 0
[DEBUG] in shareSameCycle is true: node 50
[DEBUG] cannot route due to II is violated for backward cycle
DEBUG target DFG node: 50 on fu: 1 failed, mapped pred DFG node: 34; return false
[DEBUG] fail1 in schedule() II: 9
[DEBUG] the failed path -- cycle: 8 CGRANode: 1
[DEBUG] the failed path -- cycle: 7 CGRANode: 2
[DEBUG] the failed path -- cycle: 6 CGRANode: 6
[DEBUG] the failed path -- cycle: 5 CGRANode: 10
----------------------------------------
[DEBUG] start heuristic algorithm with II=10
[DEBUG] schedule dfg node[33] onto fu[5] at cycle 0 within II: 10
[DEBUG] setDFGNode 33 onto CGRANode 5 at cycle: 0
[DEBUG] success in schedule()
[DEBUG] schedule dfg node[34] onto fu[6] at cycle 1 within II: 10
[DEBUG] setDFGNode 34 onto CGRANode 6 at cycle: 1
[DEBUG] in allocateReg() t_cycle: 0; i: 0 CGRA node: 6; link: 2 duration 1
[DEBUG] done reg allocation
[DEBUG] occupy link[5]-->[6] (bypass:0) dfgNode: 33 at cycle 0
[DEBUG] skip predecessor routing -- dfgNode: 33
[DEBUG] success in schedule()
[DEBUG] schedule dfg node[51] onto fu[10] at cycle 2 within II: 10
[DEBUG] setDFGNode 51 onto CGRANode 10 at cycle: 2
[DEBUG] in allocateReg() t_cycle: 1; i: 0 CGRA node: 10; link: 1 duration 1
[DEBUG] done reg allocation
[DEBUG] occupy link[6]-->[10] (bypass:0) dfgNode: 34 at cycle 1
[DEBUG] skip predecessor routing -- dfgNode: 34
[DEBUG] success in schedule()
[DEBUG] schedule dfg node[52] onto fu[9] at cycle 3 within II: 10
[DEBUG] setDFGNode 52 onto CGRANode 9 at cycle: 3
[DEBUG] in allocateReg() t_cycle: 2; i: 0 CGRA node: 9; link: 3 duration 1
[DEBUG] done reg allocation
[DEBUG] occupy link[10]-->[9] (bypass:0) dfgNode: 51 at cycle 2
[DEBUG] skip predecessor routing -- dfgNode: 51
[DEBUG] success in schedule()
[DEBUG] schedule dfg node[0] onto fu[10] at cycle 4 within II: 10
[DEBUG] setDFGNode 0 onto CGRANode 10 at cycle: 4
[DEBUG] in allocateReg() t_cycle: 3; i: 0 CGRA node: 10; link: 2 duration 1
[DEBUG] done reg allocation
[DEBUG] occupy link[9]-->[10] (bypass:0) dfgNode: 52 at cycle 3
[DEBUG] skip predecessor routing -- dfgNode: 52
[DEBUG] in shareSameCycle is true: node 0
[DEBUG] tryToRoute -- srcDFGNode: 0, srcCGRANode: 10; dstDFGNode: 33, dstCGRANode: 5; backEdge: 1
[DEBUG] in shareSameCycle is true: node 33
[DEBUG] check route size: 3
[DEBUG] occupy link[10]-->[6] (bypass:1) dfgNode: 0 at cycle 4
[DEBUG] reset duration: 5 t_dstCycle: 0 previous: 5 II: 10
[DEBUG] in allocateReg() t_cycle: 5; i: 0 CGRA node: 5; link: 3 duration 5
[DEBUG] done reg allocation
[DEBUG] occupy link[6]-->[5] (bypass:0) dfgNode: 0 at cycle 5
[DEBUG] in shareSameCycle is true: node 0
[DEBUG] tryToRoute -- srcDFGNode: 0, srcCGRANode: 10; dstDFGNode: 51, dstCGRANode: 10; backEdge: 1
[DEBUG] in shareSameCycle is true: node 51
[DEBUG] check route size: 1
[DEBUG] allocate for local reg maintain... duration=8 last cycle: 4
[DEBUG] in allocateReg() t_cycle: 4; i: 1 CGRA node: 10; link: 4 duration 8
[DEBUG] done reg allocation
[DEBUG] success in schedule()
[DEBUG] schedule dfg node[1] onto fu[14] at cycle 5 within II: 10
[DEBUG] setDFGNode 1 onto CGRANode 14 at cycle: 5
[DEBUG] in allocateReg() t_cycle: 4; i: 0 CGRA node: 14; link: 1 duration 1
[DEBUG] done reg allocation
[DEBUG] occupy link[10]-->[14] (bypass:0) dfgNode: 0 at cycle 4
[DEBUG] skip predecessor routing -- dfgNode: 0
[DEBUG] success in schedule()
[DEBUG] schedule dfg node[4] onto fu[6] at cycle 5 within II: 10
[DEBUG] setDFGNode 4 onto CGRANode 6 at cycle: 5
[DEBUG] in allocateReg() t_cycle: 4; i: 0 CGRA node: 6; link: 0 duration 1
[DEBUG] done reg allocation
[DEBUG] occupy link[10]-->[6] (bypass:0) dfgNode: 0 at cycle 4
[DEBUG] skip predecessor routing -- dfgNode: 0
[DEBUG] success in schedule()
[DEBUG] schedule dfg node[8] onto fu[9] at cycle 5 within II: 10
[DEBUG] setDFGNode 8 onto CGRANode 9 at cycle: 5
[DEBUG] in allocateReg() t_cycle: 4; i: 0 CGRA node: 9; link: 3 duration 1
[DEBUG] done reg allocation
[DEBUG] occupy link[10]-->[9] (bypass:0) dfgNode: 0 at cycle 4
[DEBUG] skip predecessor routing -- dfgNode: 0
[DEBUG] success in schedule()
[DEBUG] schedule dfg node[16] onto fu[5] at cycle 6 within II: 10
[DEBUG] setDFGNode 16 onto CGRANode 5 at cycle: 6
[DEBUG] occupy link[10]-->[6] (bypass:1) dfgNode: 0 at cycle 4
[DEBUG] in allocateReg() t_cycle: 5; i: 1 CGRA node: 5; link: 3 duration 1
[DEBUG] done reg allocation
[DEBUG] occupy link[6]-->[5] (bypass:0) dfgNode: 0 at cycle 5
[DEBUG] skip predecessor routing -- dfgNode: 0
[DEBUG] success in schedule()
[DEBUG] schedule dfg node[24] onto fu[10] at cycle 5 within II: 10
[DEBUG] setDFGNode 24 onto CGRANode 10 at cycle: 5
[DEBUG] tryToRoute -- srcDFGNode: 0, srcCGRANode: 10; dstDFGNode: 24, dstCGRANode: 10; backEdge: 0
[DEBUG] check route size: 1
[DEBUG] allocate for local reg maintain... duration=1 last cycle: 4
[DEBUG] in allocateReg() t_cycle: 4; i: 0 CGRA node: 10; link: 4 duration 1
[DEBUG] done reg allocation
[DEBUG] success in schedule()
[DEBUG] schedule dfg node[32] onto fu[13] at cycle 6 within II: 10
[DEBUG] setDFGNode 32 onto CGRANode 13 at cycle: 6
[DEBUG] occupy link[10]-->[9] (bypass:1) dfgNode: 0 at cycle 4
[DEBUG] in allocateReg() t_cycle: 5; i: 0 CGRA node: 13; link: 1 duration 1
[DEBUG] done reg allocation
[DEBUG] occupy link[9]-->[13] (bypass:0) dfgNode: 0 at cycle 5
[DEBUG] skip predecessor routing -- dfgNode: 0
[DEBUG] success in schedule()
[DEBUG] schedule dfg node[42] onto fu[2] at cycle 6 within II: 10
[DEBUG] setDFGNode 42 onto CGRANode 2 at cycle: 6
[DEBUG] occupy link[10]-->[6] (bypass:1) dfgNode: 0 at cycle 4
[DEBUG] in allocateReg() t_cycle: 5; i: 0 CGRA node: 2; link: 0 duration 1
[DEBUG] done reg allocation
[DEBUG] occupy link[6]-->[2] (bypass:0) dfgNode: 0 at cycle 5
[DEBUG] skip predecessor routing -- dfgNode: 0
[DEBUG] tryToRoute -- srcDFGNode: 34, srcCGRANode: 6; dstDFGNode: 42, dstCGRANode: 2; backEdge: 0
[DEBUG] check route size: 2
[DEBUG] reset duration: 5 t_dstCycle: 6 previous: 1 II: 10
[DEBUG] in allocateReg() t_cycle: 1; i: 1 CGRA node: 2; link: 0 duration 5
[DEBUG] done reg allocation
[DEBUG] occupy link[6]-->[2] (bypass:0) dfgNode: 34 at cycle 1
[DEBUG] success in schedule()
[DEBUG] schedule dfg node[50] onto fu[1] at cycle 7 within II: 10
[DEBUG] setDFGNode 50 onto CGRANode 1 at cycle: 7
[DEBUG] occupy link[10]-->[6] (bypass:1) dfgNode: 0 at cycle 4
[DEBUG] occupy link[6]-->[2] (bypass:1) dfgNode: 0 at cycle 5
[DEBUG] in allocateReg() t_cycle: 6; i: 0 CGRA node: 1; link: 3 duration 1
[DEBUG] done reg allocation
[DEBUG] occupy link[2]-->[1] (bypass:0) dfgNode: 0 at cycle 6
[DEBUG] skip predecessor routing -- dfgNode: 0
[DEBUG] tryToRoute -- srcDFGNode: 34, srcCGRANode: 6; dstDFGNode: 50, dstCGRANode: 1; backEdge: 0
[DEBUG] in shareSameCycle is true: node 50
[DEBUG] cannot route due to II is violated for backward cycle
DEBUG target DFG node: 50 on fu: 1 failed, mapped pred DFG node: 34; return false
[DEBUG] fail1 in schedule() II: 10
[DEBUG] the failed path -- cycle: 7 CGRANode: 1
[DEBUG] the failed path -- cycle: 6 CGRANode: 2
[DEBUG] the failed path -- cycle: 5 CGRANode: 6
[DEBUG] the failed path -- cycle: 4 CGRANode: 10
----------------------------------------
[DEBUG] start heuristic algorithm with II=11
[DEBUG] schedule dfg node[33] onto fu[5] at cycle 0 within II: 11
[DEBUG] setDFGNode 33 onto CGRANode 5 at cycle: 0
[DEBUG] success in schedule()
[DEBUG] schedule dfg node[34] onto fu[6] at cycle 1 within II: 11
[DEBUG] setDFGNode 34 onto CGRANode 6 at cycle: 1
[DEBUG] in allocateReg() t_cycle: 0; i: 0 CGRA node: 6; link: 2 duration 1
[DEBUG] done reg allocation
[DEBUG] occupy link[5]-->[6] (bypass:0) dfgNode: 33 at cycle 0
[DEBUG] skip predecessor routing -- dfgNode: 33
[DEBUG] success in schedule()
[DEBUG] schedule dfg node[51] onto fu[10] at cycle 2 within II: 11
[DEBUG] setDFGNode 51 onto CGRANode 10 at cycle: 2
[DEBUG] in allocateReg() t_cycle: 1; i: 0 CGRA node: 10; link: 1 duration 1
[DEBUG] done reg allocation
[DEBUG] occupy link[6]-->[10] (bypass:0) dfgNode: 34 at cycle 1
[DEBUG] skip predecessor routing -- dfgNode: 34
[DEBUG] success in schedule()
[DEBUG] schedule dfg node[52] onto fu[9] at cycle 3 within II: 11
[DEBUG] setDFGNode 52 onto CGRANode 9 at cycle: 3
[DEBUG] in allocateReg() t_cycle: 2; i: 0 CGRA node: 9; link: 3 duration 1
[DEBUG] done reg allocation
[DEBUG] occupy link[10]-->[9] (bypass:0) dfgNode: 51 at cycle 2
[DEBUG] skip predecessor routing -- dfgNode: 51
[DEBUG] success in schedule()
[DEBUG] schedule dfg node[0] onto fu[10] at cycle 4 within II: 11
[DEBUG] setDFGNode 0 onto CGRANode 10 at cycle: 4
[DEBUG] in allocateReg() t_cycle: 3; i: 0 CGRA node: 10; link: 2 duration 1
[DEBUG] done reg allocation
[DEBUG] occupy link[9]-->[10] (bypass:0) dfgNode: 52 at cycle 3
[DEBUG] skip predecessor routing -- dfgNode: 52
[DEBUG] in shareSameCycle is true: node 0
[DEBUG] tryToRoute -- srcDFGNode: 0, srcCGRANode: 10; dstDFGNode: 33, dstCGRANode: 5; backEdge: 1
[DEBUG] in shareSameCycle is true: node 33
[DEBUG] check route size: 3
[DEBUG] occupy link[10]-->[6] (bypass:1) dfgNode: 0 at cycle 4
[DEBUG] reset duration: 6 t_dstCycle: 0 previous: 5 II: 11
[DEBUG] in allocateReg() t_cycle: 5; i: 0 CGRA node: 5; link: 3 duration 6
[DEBUG] done reg allocation
[DEBUG] occupy link[6]-->[5] (bypass:0) dfgNode: 0 at cycle 5
[DEBUG] in shareSameCycle is true: node 0
[DEBUG] tryToRoute -- srcDFGNode: 0, srcCGRANode: 10; dstDFGNode: 51, dstCGRANode: 10; backEdge: 1
[DEBUG] in shareSameCycle is true: node 51
[DEBUG] check route size: 1
[DEBUG] allocate for local reg maintain... duration=9 last cycle: 4
[DEBUG] in allocateReg() t_cycle: 4; i: 1 CGRA node: 10; link: 4 duration 9
[DEBUG] done reg allocation
[DEBUG] success in schedule()
[DEBUG] schedule dfg node[1] onto fu[14] at cycle 5 within II: 11
[DEBUG] setDFGNode 1 onto CGRANode 14 at cycle: 5
[DEBUG] in allocateReg() t_cycle: 4; i: 0 CGRA node: 14; link: 1 duration 1
[DEBUG] done reg allocation
[DEBUG] occupy link[10]-->[14] (bypass:0) dfgNode: 0 at cycle 4
[DEBUG] skip predecessor routing -- dfgNode: 0
[DEBUG] success in schedule()
[DEBUG] schedule dfg node[4] onto fu[6] at cycle 5 within II: 11
[DEBUG] setDFGNode 4 onto CGRANode 6 at cycle: 5
[DEBUG] in allocateReg() t_cycle: 4; i: 0 CGRA node: 6; link: 0 duration 1
[DEBUG] done reg allocation
[DEBUG] occupy link[10]-->[6] (bypass:0) dfgNode: 0 at cycle 4
[DEBUG] skip predecessor routing -- dfgNode: 0
[DEBUG] success in schedule()
[DEBUG] schedule dfg node[8] onto fu[9] at cycle 5 within II: 11
[DEBUG] setDFGNode 8 onto CGRANode 9 at cycle: 5
[DEBUG] in allocateReg() t_cycle: 4; i: 0 CGRA node: 9; link: 3 duration 1
[DEBUG] done reg allocation
[DEBUG] occupy link[10]-->[9] (bypass:0) dfgNode: 0 at cycle 4
[DEBUG] skip predecessor routing -- dfgNode: 0
[DEBUG] success in schedule()
[DEBUG] schedule dfg node[16] onto fu[5] at cycle 6 within II: 11
[DEBUG] setDFGNode 16 onto CGRANode 5 at cycle: 6
[DEBUG] occupy link[10]-->[6] (bypass:1) dfgNode: 0 at cycle 4
[DEBUG] in allocateReg() t_cycle: 5; i: 1 CGRA node: 5; link: 3 duration 1
[DEBUG] done reg allocation
[DEBUG] occupy link[6]-->[5] (bypass:0) dfgNode: 0 at cycle 5
[DEBUG] skip predecessor routing -- dfgNode: 0
[DEBUG] success in schedule()
[DEBUG] schedule dfg node[24] onto fu[10] at cycle 5 within II: 11
[DEBUG] setDFGNode 24 onto CGRANode 10 at cycle: 5
[DEBUG] tryToRoute -- srcDFGNode: 0, srcCGRANode: 10; dstDFGNode: 24, dstCGRANode: 10; backEdge: 0
[DEBUG] check route size: 1
[DEBUG] allocate for local reg maintain... duration=1 last cycle: 4
[DEBUG] in allocateReg() t_cycle: 4; i: 0 CGRA node: 10; link: 4 duration 1
[DEBUG] done reg allocation
[DEBUG] success in schedule()
[DEBUG] schedule dfg node[32] onto fu[13] at cycle 6 within II: 11
[DEBUG] setDFGNode 32 onto CGRANode 13 at cycle: 6
[DEBUG] occupy link[10]-->[9] (bypass:1) dfgNode: 0 at cycle 4
[DEBUG] in allocateReg() t_cycle: 5; i: 0 CGRA node: 13; link: 1 duration 1
[DEBUG] done reg allocation
[DEBUG] occupy link[9]-->[13] (bypass:0) dfgNode: 0 at cycle 5
[DEBUG] skip predecessor routing -- dfgNode: 0
[DEBUG] success in schedule()
[DEBUG] schedule dfg node[42] onto fu[2] at cycle 6 within II: 11
[DEBUG] setDFGNode 42 onto CGRANode 2 at cycle: 6
[DEBUG] occupy link[10]-->[6] (bypass:1) dfgNode: 0 at cycle 4
[DEBUG] in allocateReg() t_cycle: 5; i: 0 CGRA node: 2; link: 0 duration 1
[DEBUG] done reg allocation
[DEBUG] occupy link[6]-->[2] (bypass:0) dfgNode: 0 at cycle 5
[DEBUG] skip predecessor routing -- dfgNode: 0
[DEBUG] tryToRoute -- srcDFGNode: 34, srcCGRANode: 6; dstDFGNode: 42, dstCGRANode: 2; backEdge: 0
[DEBUG] check route size: 2
[DEBUG] reset duration: 5 t_dstCycle: 6 previous: 1 II: 11
[DEBUG] in allocateReg() t_cycle: 1; i: 1 CGRA node: 2; link: 0 duration 5
[DEBUG] done reg allocation
[DEBUG] occupy link[6]-->[2] (bypass:0) dfgNode: 34 at cycle 1
[DEBUG] success in schedule()
[DEBUG] schedule dfg node[50] onto fu[1] at cycle 7 within II: 11
[DEBUG] setDFGNode 50 onto CGRANode 1 at cycle: 7
[DEBUG] occupy link[10]-->[6] (bypass:1) dfgNode: 0 at cycle 4
[DEBUG] occupy link[6]-->[2] (bypass:1) dfgNode: 0 at cycle 5
[DEBUG] in allocateReg() t_cycle: 6; i: 0 CGRA node: 1; link: 3 duration 1
[DEBUG] done reg allocation
[DEBUG] occupy link[2]-->[1] (bypass:0) dfgNode: 0 at cycle 6
[DEBUG] skip predecessor routing -- dfgNode: 0
[DEBUG] tryToRoute -- srcDFGNode: 34, srcCGRANode: 6; dstDFGNode: 50, dstCGRANode: 1; backEdge: 0
[DEBUG] in shareSameCycle is true: node 50
[DEBUG] cannot route due to II is violated for backward cycle
DEBUG target DFG node: 50 on fu: 1 failed, mapped pred DFG node: 34; return false
[DEBUG] fail1 in schedule() II: 11
[DEBUG] the failed path -- cycle: 7 CGRANode: 1
[DEBUG] the failed path -- cycle: 6 CGRANode: 2
[DEBUG] the failed path -- cycle: 5 CGRANode: 6
[DEBUG] the failed path -- cycle: 4 CGRANode: 10
----------------------------------------
[DEBUG] start heuristic algorithm with II=12
[DEBUG] schedule dfg node[33] onto fu[6] at cycle 0 within II: 12
[DEBUG] setDFGNode 33 onto CGRANode 6 at cycle: 0
[DEBUG] success in schedule()
[DEBUG] schedule dfg node[34] onto fu[10] at cycle 1 within II: 12
[DEBUG] setDFGNode 34 onto CGRANode 10 at cycle: 1
[DEBUG] in allocateReg() t_cycle: 0; i: 0 CGRA node: 10; link: 1 duration 1
[DEBUG] done reg allocation
[DEBUG] occupy link[6]-->[10] (bypass:0) dfgNode: 33 at cycle 0
[DEBUG] skip predecessor routing -- dfgNode: 33
[DEBUG] success in schedule()
[DEBUG] schedule dfg node[51] onto fu[9] at cycle 2 within II: 12
[DEBUG] setDFGNode 51 onto CGRANode 9 at cycle: 2
[DEBUG] in allocateReg() t_cycle: 1; i: 0 CGRA node: 9; link: 3 duration 1
[DEBUG] done reg allocation
[DEBUG] occupy link[10]-->[9] (bypass:0) dfgNode: 34 at cycle 1
[DEBUG] skip predecessor routing -- dfgNode: 34
[DEBUG] success in schedule()
[DEBUG] schedule dfg node[52] onto fu[5] at cycle 3 within II: 12
[DEBUG] setDFGNode 52 onto CGRANode 5 at cycle: 3
[DEBUG] in allocateReg() t_cycle: 2; i: 0 CGRA node: 5; link: 0 duration 1
[DEBUG] done reg allocation
[DEBUG] occupy link[9]-->[5] (bypass:0) dfgNode: 51 at cycle 2
[DEBUG] skip predecessor routing -- dfgNode: 51
[DEBUG] success in schedule()
[DEBUG] schedule dfg node[0] onto fu[10] at cycle 5 within II: 12
[DEBUG] setDFGNode 0 onto CGRANode 10 at cycle: 5
[DEBUG] occupy link[5]-->[6] (bypass:1) dfgNode: 52 at cycle 3
[DEBUG] in allocateReg() t_cycle: 4; i: 0 CGRA node: 10; link: 1 duration 1
[DEBUG] done reg allocation
[DEBUG] occupy link[6]-->[10] (bypass:0) dfgNode: 52 at cycle 4
[DEBUG] skip predecessor routing -- dfgNode: 52
[DEBUG] in shareSameCycle is true: node 0
[DEBUG] tryToRoute -- srcDFGNode: 0, srcCGRANode: 10; dstDFGNode: 33, dstCGRANode: 6; backEdge: 1
[DEBUG] in shareSameCycle is true: node 33
[DEBUG] check route size: 2
[DEBUG] reset duration: 7 t_dstCycle: 0 previous: 5 II: 12
[DEBUG] in allocateReg() t_cycle: 5; i: 0 CGRA node: 6; link: 0 duration 7
[DEBUG] done reg allocation
[DEBUG] occupy link[10]-->[6] (bypass:0) dfgNode: 0 at cycle 5
[DEBUG] in shareSameCycle is true: node 0
[DEBUG] tryToRoute -- srcDFGNode: 0, srcCGRANode: 10; dstDFGNode: 51, dstCGRANode: 9; backEdge: 1
[DEBUG] in shareSameCycle is true: node 51
[DEBUG] check route size: 2
[DEBUG] reset duration: 9 t_dstCycle: 2 previous: 5 II: 12
[DEBUG] in allocateReg() t_cycle: 5; i: 1 CGRA node: 9; link: 3 duration 9
[DEBUG] done reg allocation
[DEBUG] occupy link[10]-->[9] (bypass:0) dfgNode: 0 at cycle 5
[DEBUG] success in schedule()
[DEBUG] schedule dfg node[1] onto fu[2] at cycle 7 within II: 12
[DEBUG] setDFGNode 1 onto CGRANode 2 at cycle: 7
[DEBUG] occupy link[10]-->[6] (bypass:1) dfgNode: 0 at cycle 5
[DEBUG] in allocateReg() t_cycle: 6; i: 0 CGRA node: 2; link: 0 duration 1
[DEBUG] done reg allocation
[DEBUG] occupy link[6]-->[2] (bypass:0) dfgNode: 0 at cycle 6
[DEBUG] skip predecessor routing -- dfgNode: 0
[DEBUG] success in schedule()
[DEBUG] schedule dfg node[4] onto fu[13] at cycle 7 within II: 12
[DEBUG] setDFGNode 4 onto CGRANode 13 at cycle: 7
[DEBUG] occupy link[10]-->[9] (bypass:1) dfgNode: 0 at cycle 5
[DEBUG] in allocateReg() t_cycle: 6; i: 0 CGRA node: 13; link: 1 duration 1
[DEBUG] done reg allocation
[DEBUG] occupy link[9]-->[13] (bypass:0) dfgNode: 0 at cycle 6
[DEBUG] skip predecessor routing -- dfgNode: 0
[DEBUG] success in schedule()
[DEBUG] schedule dfg node[8] onto fu[6] at cycle 6 within II: 12
[DEBUG] setDFGNode 8 onto CGRANode 6 at cycle: 6
[DEBUG] in allocateReg() t_cycle: 5; i: 1 CGRA node: 6; link: 0 duration 1
[DEBUG] done reg allocation
[DEBUG] occupy link[10]-->[6] (bypass:0) dfgNode: 0 at cycle 5
[DEBUG] skip predecessor routing -- dfgNode: 0
[DEBUG] success in schedule()
[DEBUG] schedule dfg node[16] onto fu[9] at cycle 6 within II: 12
[DEBUG] setDFGNode 16 onto CGRANode 9 at cycle: 6
[DEBUG] in allocateReg() t_cycle: 5; i: 0 CGRA node: 9; link: 3 duration 1
[DEBUG] done reg allocation
[DEBUG] occupy link[10]-->[9] (bypass:0) dfgNode: 0 at cycle 5
[DEBUG] skip predecessor routing -- dfgNode: 0
[DEBUG] success in schedule()
[DEBUG] schedule dfg node[24] onto fu[14] at cycle 6 within II: 12
[DEBUG] setDFGNode 24 onto CGRANode 14 at cycle: 6
[DEBUG] in allocateReg() t_cycle: 5; i: 0 CGRA node: 14; link: 1 duration 1
[DEBUG] done reg allocation
[DEBUG] occupy link[10]-->[14] (bypass:0) dfgNode: 0 at cycle 5
[DEBUG] skip predecessor routing -- dfgNode: 0
[DEBUG] success in schedule()
[DEBUG] schedule dfg node[32] onto fu[5] at cycle 7 within II: 12
[DEBUG] setDFGNode 32 onto CGRANode 5 at cycle: 7
[DEBUG] occupy link[10]-->[6] (bypass:1) dfgNode: 0 at cycle 5
[DEBUG] in allocateReg() t_cycle: 6; i: 0 CGRA node: 5; link: 3 duration 1
[DEBUG] done reg allocation
[DEBUG] occupy link[6]-->[5] (bypass:0) dfgNode: 0 at cycle 6
[DEBUG] skip predecessor routing -- dfgNode: 0
[DEBUG] success in schedule()
[DEBUG] schedule dfg node[42] onto fu[10] at cycle 6 within II: 12
[DEBUG] setDFGNode 42 onto CGRANode 10 at cycle: 6
[DEBUG] tryToRoute -- srcDFGNode: 0, srcCGRANode: 10; dstDFGNode: 42, dstCGRANode: 10; backEdge: 0
[DEBUG] check route size: 1
[DEBUG] allocate for local reg maintain... duration=1 last cycle: 5
[DEBUG] in allocateReg() t_cycle: 5; i: 0 CGRA node: 10; link: 4 duration 1
[DEBUG] done reg allocation
[DEBUG] tryToRoute -- srcDFGNode: 34, srcCGRANode: 10; dstDFGNode: 42, dstCGRANode: 10; backEdge: 0
[DEBUG] check route size: 1
[DEBUG] allocate for local reg maintain... duration=5 last cycle: 1
[DEBUG] in allocateReg() t_cycle: 1; i: 1 CGRA node: 10; link: 4 duration 5
[DEBUG] done reg allocation
[DEBUG] success in schedule()
[DEBUG] schedule dfg node[50] onto fu[1] at cycle 8 within II: 12
[DEBUG] setDFGNode 50 onto CGRANode 1 at cycle: 8
[DEBUG] occupy link[10]-->[6] (bypass:1) dfgNode: 0 at cycle 5
[DEBUG] occupy link[6]-->[2] (bypass:1) dfgNode: 0 at cycle 6
[DEBUG] in allocateReg() t_cycle: 7; i: 0 CGRA node: 1; link: 3 duration 1
[DEBUG] done reg allocation
[DEBUG] occupy link[2]-->[1] (bypass:0) dfgNode: 0 at cycle 7
[DEBUG] skip predecessor routing -- dfgNode: 0
[DEBUG] tryToRoute -- srcDFGNode: 34, srcCGRANode: 10; dstDFGNode: 50, dstCGRANode: 1; backEdge: 0
[DEBUG] in shareSameCycle is true: node 50
[DEBUG] cannot route due to II is violated for backward cycle
DEBUG target DFG node: 50 on fu: 1 failed, mapped pred DFG node: 34; return false
[DEBUG] fail1 in schedule() II: 12
[DEBUG] the failed path -- cycle: 8 CGRANode: 1
[DEBUG] the failed path -- cycle: 7 CGRANode: 2
[DEBUG] the failed path -- cycle: 6 CGRANode: 6
[DEBUG] the failed path -- cycle: 5 CGRANode: 10
----------------------------------------
[DEBUG] start heuristic algorithm with II=13
[DEBUG] schedule dfg node[33] onto fu[9] at cycle 0 within II: 13
[DEBUG] setDFGNode 33 onto CGRANode 9 at cycle: 0
[DEBUG] success in schedule()
[DEBUG] schedule dfg node[34] onto fu[10] at cycle 1 within II: 13
[DEBUG] setDFGNode 34 onto CGRANode 10 at cycle: 1
[DEBUG] in allocateReg() t_cycle: 0; i: 0 CGRA node: 10; link: 2 duration 1
[DEBUG] done reg allocation
[DEBUG] occupy link[9]-->[10] (bypass:0) dfgNode: 33 at cycle 0
[DEBUG] skip predecessor routing -- dfgNode: 33
[DEBUG] success in schedule()
[DEBUG] schedule dfg node[51] onto fu[6] at cycle 2 within II: 13
[DEBUG] setDFGNode 51 onto CGRANode 6 at cycle: 2
[DEBUG] in allocateReg() t_cycle: 1; i: 0 CGRA node: 6; link: 0 duration 1
[DEBUG] done reg allocation
[DEBUG] occupy link[10]-->[6] (bypass:0) dfgNode: 34 at cycle 1
[DEBUG] skip predecessor routing -- dfgNode: 34
[DEBUG] success in schedule()
[DEBUG] schedule dfg node[52] onto fu[5] at cycle 3 within II: 13
[DEBUG] setDFGNode 52 onto CGRANode 5 at cycle: 3
[DEBUG] in allocateReg() t_cycle: 2; i: 0 CGRA node: 5; link: 3 duration 1
[DEBUG] done reg allocation
[DEBUG] occupy link[6]-->[5] (bypass:0) dfgNode: 51 at cycle 2
[DEBUG] skip predecessor routing -- dfgNode: 51
[DEBUG] success in schedule()
[DEBUG] schedule dfg node[0] onto fu[10] at cycle 5 within II: 13
[DEBUG] setDFGNode 0 onto CGRANode 10 at cycle: 5
[DEBUG] occupy link[5]-->[6] (bypass:1) dfgNode: 52 at cycle 3
[DEBUG] in allocateReg() t_cycle: 4; i: 0 CGRA node: 10; link: 1 duration 1
[DEBUG] done reg allocation
[DEBUG] occupy link[6]-->[10] (bypass:0) dfgNode: 52 at cycle 4
[DEBUG] skip predecessor routing -- dfgNode: 52
[DEBUG] in shareSameCycle is true: node 0
[DEBUG] tryToRoute -- srcDFGNode: 0, srcCGRANode: 10; dstDFGNode: 33, dstCGRANode: 9; backEdge: 1
[DEBUG] in shareSameCycle is true: node 33
[DEBUG] check route size: 2
[DEBUG] reset duration: 8 t_dstCycle: 0 previous: 5 II: 13
[DEBUG] in allocateReg() t_cycle: 5; i: 0 CGRA node: 9; link: 3 duration 8
[DEBUG] done reg allocation
[DEBUG] occupy link[10]-->[9] (bypass:0) dfgNode: 0 at cycle 5
[DEBUG] in shareSameCycle is true: node 0
[DEBUG] tryToRoute -- srcDFGNode: 0, srcCGRANode: 10; dstDFGNode: 51, dstCGRANode: 6; backEdge: 1
[DEBUG] in shareSameCycle is true: node 51
[DEBUG] check route size: 2
[DEBUG] reset duration: 10 t_dstCycle: 2 previous: 5 II: 13
[DEBUG] in allocateReg() t_cycle: 5; i: 1 CGRA node: 6; link: 0 duration 10
[DEBUG] done reg allocation
[DEBUG] occupy link[10]-->[6] (bypass:0) dfgNode: 0 at cycle 5
[DEBUG] success in schedule()
[DEBUG] schedule dfg node[1] onto fu[2] at cycle 7 within II: 13
[DEBUG] setDFGNode 1 onto CGRANode 2 at cycle: 7
[DEBUG] occupy link[10]-->[6] (bypass:1) dfgNode: 0 at cycle 5
[DEBUG] in allocateReg() t_cycle: 6; i: 0 CGRA node: 2; link: 0 duration 1
[DEBUG] done reg allocation
[DEBUG] occupy link[6]-->[2] (bypass:0) dfgNode: 0 at cycle 6
[DEBUG] skip predecessor routing -- dfgNode: 0
[DEBUG] success in schedule()
[DEBUG] schedule dfg node[4] onto fu[13] at cycle 7 within II: 13
[DEBUG] setDFGNode 4 onto CGRANode 13 at cycle: 7
[DEBUG] occupy link[10]-->[9] (bypass:1) dfgNode: 0 at cycle 5
[DEBUG] in allocateReg() t_cycle: 6; i: 0 CGRA node: 13; link: 1 duration 1
[DEBUG] done reg allocation
[DEBUG] occupy link[9]-->[13] (bypass:0) dfgNode: 0 at cycle 6
[DEBUG] skip predecessor routing -- dfgNode: 0
[DEBUG] success in schedule()
[DEBUG] schedule dfg node[8] onto fu[6] at cycle 6 within II: 13
[DEBUG] setDFGNode 8 onto CGRANode 6 at cycle: 6
[DEBUG] in allocateReg() t_cycle: 5; i: 0 CGRA node: 6; link: 0 duration 1
[DEBUG] done reg allocation
[DEBUG] occupy link[10]-->[6] (bypass:0) dfgNode: 0 at cycle 5
[DEBUG] skip predecessor routing -- dfgNode: 0
[DEBUG] success in schedule()
[DEBUG] schedule dfg node[16] onto fu[9] at cycle 6 within II: 13
[DEBUG] setDFGNode 16 onto CGRANode 9 at cycle: 6
[DEBUG] in allocateReg() t_cycle: 5; i: 1 CGRA node: 9; link: 3 duration 1
[DEBUG] done reg allocation
[DEBUG] occupy link[10]-->[9] (bypass:0) dfgNode: 0 at cycle 5
[DEBUG] skip predecessor routing -- dfgNode: 0
[DEBUG] success in schedule()
[DEBUG] schedule dfg node[24] onto fu[14] at cycle 6 within II: 13
[DEBUG] setDFGNode 24 onto CGRANode 14 at cycle: 6
[DEBUG] in allocateReg() t_cycle: 5; i: 0 CGRA node: 14; link: 1 duration 1
[DEBUG] done reg allocation
[DEBUG] occupy link[10]-->[14] (bypass:0) dfgNode: 0 at cycle 5
[DEBUG] skip predecessor routing -- dfgNode: 0
[DEBUG] success in schedule()
[DEBUG] schedule dfg node[32] onto fu[5] at cycle 7 within II: 13
[DEBUG] setDFGNode 32 onto CGRANode 5 at cycle: 7
[DEBUG] occupy link[10]-->[6] (bypass:1) dfgNode: 0 at cycle 5
[DEBUG] in allocateReg() t_cycle: 6; i: 0 CGRA node: 5; link: 3 duration 1
[DEBUG] done reg allocation
[DEBUG] occupy link[6]-->[5] (bypass:0) dfgNode: 0 at cycle 6
[DEBUG] skip predecessor routing -- dfgNode: 0
[DEBUG] success in schedule()
[DEBUG] schedule dfg node[42] onto fu[10] at cycle 6 within II: 13
[DEBUG] setDFGNode 42 onto CGRANode 10 at cycle: 6
[DEBUG] tryToRoute -- srcDFGNode: 0, srcCGRANode: 10; dstDFGNode: 42, dstCGRANode: 10; backEdge: 0
[DEBUG] check route size: 1
[DEBUG] allocate for local reg maintain... duration=1 last cycle: 5
[DEBUG] in allocateReg() t_cycle: 5; i: 0 CGRA node: 10; link: 4 duration 1
[DEBUG] done reg allocation
[DEBUG] tryToRoute -- srcDFGNode: 34, srcCGRANode: 10; dstDFGNode: 42, dstCGRANode: 10; backEdge: 0
[DEBUG] check route size: 1
[DEBUG] allocate for local reg maintain... duration=5 last cycle: 1
[DEBUG] in allocateReg() t_cycle: 1; i: 1 CGRA node: 10; link: 4 duration 5
[DEBUG] done reg allocation
[DEBUG] success in schedule()
[DEBUG] schedule dfg node[50] onto fu[1] at cycle 8 within II: 13
[DEBUG] setDFGNode 50 onto CGRANode 1 at cycle: 8
[DEBUG] occupy link[10]-->[6] (bypass:1) dfgNode: 0 at cycle 5
[DEBUG] occupy link[6]-->[2] (bypass:1) dfgNode: 0 at cycle 6
[DEBUG] in allocateReg() t_cycle: 7; i: 0 CGRA node: 1; link: 3 duration 1
[DEBUG] done reg allocation
[DEBUG] occupy link[2]-->[1] (bypass:0) dfgNode: 0 at cycle 7
[DEBUG] skip predecessor routing -- dfgNode: 0
[DEBUG] tryToRoute -- srcDFGNode: 34, srcCGRANode: 10; dstDFGNode: 50, dstCGRANode: 1; backEdge: 0
[DEBUG] in shareSameCycle is true: node 50
[DEBUG] cannot route due to II is violated for backward cycle
DEBUG target DFG node: 50 on fu: 1 failed, mapped pred DFG node: 34; return false
[DEBUG] fail1 in schedule() II: 13
[DEBUG] the failed path -- cycle: 8 CGRANode: 1
[DEBUG] the failed path -- cycle: 7 CGRANode: 2
[DEBUG] the failed path -- cycle: 6 CGRANode: 6
[DEBUG] the failed path -- cycle: 5 CGRANode: 10
----------------------------------------
[DEBUG] start heuristic algorithm with II=14
[DEBUG] schedule dfg node[33] onto fu[6] at cycle 0 within II: 14
[DEBUG] setDFGNode 33 onto CGRANode 6 at cycle: 0
[DEBUG] success in schedule()
[DEBUG] schedule dfg node[34] onto fu[10] at cycle 1 within II: 14
[DEBUG] setDFGNode 34 onto CGRANode 10 at cycle: 1
[DEBUG] in allocateReg() t_cycle: 0; i: 0 CGRA node: 10; link: 1 duration 1
[DEBUG] done reg allocation
[DEBUG] occupy link[6]-->[10] (bypass:0) dfgNode: 33 at cycle 0
[DEBUG] skip predecessor routing -- dfgNode: 33
[DEBUG] success in schedule()
[DEBUG] schedule dfg node[51] onto fu[9] at cycle 2 within II: 14
[DEBUG] setDFGNode 51 onto CGRANode 9 at cycle: 2
[DEBUG] in allocateReg() t_cycle: 1; i: 0 CGRA node: 9; link: 3 duration 1
[DEBUG] done reg allocation
[DEBUG] occupy link[10]-->[9] (bypass:0) dfgNode: 34 at cycle 1
[DEBUG] skip predecessor routing -- dfgNode: 34
[DEBUG] success in schedule()
[DEBUG] schedule dfg node[52] onto fu[5] at cycle 3 within II: 14
[DEBUG] setDFGNode 52 onto CGRANode 5 at cycle: 3
[DEBUG] in allocateReg() t_cycle: 2; i: 0 CGRA node: 5; link: 0 duration 1
[DEBUG] done reg allocation
[DEBUG] occupy link[9]-->[5] (bypass:0) dfgNode: 51 at cycle 2
[DEBUG] skip predecessor routing -- dfgNode: 51
[DEBUG] success in schedule()
[DEBUG] schedule dfg node[0] onto fu[10] at cycle 5 within II: 14
[DEBUG] setDFGNode 0 onto CGRANode 10 at cycle: 5
[DEBUG] occupy link[5]-->[6] (bypass:1) dfgNode: 52 at cycle 3
[DEBUG] in allocateReg() t_cycle: 4; i: 0 CGRA node: 10; link: 1 duration 1
[DEBUG] done reg allocation
[DEBUG] occupy link[6]-->[10] (bypass:0) dfgNode: 52 at cycle 4
[DEBUG] skip predecessor routing -- dfgNode: 52
[DEBUG] in shareSameCycle is true: node 0
[DEBUG] tryToRoute -- srcDFGNode: 0, srcCGRANode: 10; dstDFGNode: 33, dstCGRANode: 6; backEdge: 1
[DEBUG] in shareSameCycle is true: node 33
[DEBUG] check route size: 2
[DEBUG] reset duration: 9 t_dstCycle: 0 previous: 5 II: 14
[DEBUG] in allocateReg() t_cycle: 5; i: 0 CGRA node: 6; link: 0 duration 9
[DEBUG] done reg allocation
[DEBUG] occupy link[10]-->[6] (bypass:0) dfgNode: 0 at cycle 5
[DEBUG] in shareSameCycle is true: node 0
[DEBUG] tryToRoute -- srcDFGNode: 0, srcCGRANode: 10; dstDFGNode: 51, dstCGRANode: 9; backEdge: 1
[DEBUG] in shareSameCycle is true: node 51
[DEBUG] check route size: 2
[DEBUG] reset duration: 11 t_dstCycle: 2 previous: 5 II: 14
[DEBUG] in allocateReg() t_cycle: 5; i: 1 CGRA node: 9; link: 3 duration 11
[DEBUG] done reg allocation
[DEBUG] occupy link[10]-->[9] (bypass:0) dfgNode: 0 at cycle 5
[DEBUG] success in schedule()
[DEBUG] schedule dfg node[1] onto fu[2] at cycle 7 within II: 14
[DEBUG] setDFGNode 1 onto CGRANode 2 at cycle: 7
[DEBUG] occupy link[10]-->[6] (bypass:1) dfgNode: 0 at cycle 5
[DEBUG] in allocateReg() t_cycle: 6; i: 0 CGRA node: 2; link: 0 duration 1
[DEBUG] done reg allocation
[DEBUG] occupy link[6]-->[2] (bypass:0) dfgNode: 0 at cycle 6
[DEBUG] skip predecessor routing -- dfgNode: 0
[DEBUG] success in schedule()
[DEBUG] schedule dfg node[4] onto fu[13] at cycle 7 within II: 14
[DEBUG] setDFGNode 4 onto CGRANode 13 at cycle: 7
[DEBUG] occupy link[10]-->[9] (bypass:1) dfgNode: 0 at cycle 5
[DEBUG] in allocateReg() t_cycle: 6; i: 0 CGRA node: 13; link: 1 duration 1
[DEBUG] done reg allocation
[DEBUG] occupy link[9]-->[13] (bypass:0) dfgNode: 0 at cycle 6
[DEBUG] skip predecessor routing -- dfgNode: 0
[DEBUG] success in schedule()
[DEBUG] schedule dfg node[8] onto fu[6] at cycle 6 within II: 14
[DEBUG] setDFGNode 8 onto CGRANode 6 at cycle: 6
[DEBUG] in allocateReg() t_cycle: 5; i: 1 CGRA node: 6; link: 0 duration 1
[DEBUG] done reg allocation
[DEBUG] occupy link[10]-->[6] (bypass:0) dfgNode: 0 at cycle 5
[DEBUG] skip predecessor routing -- dfgNode: 0
[DEBUG] success in schedule()
[DEBUG] schedule dfg node[16] onto fu[9] at cycle 6 within II: 14
[DEBUG] setDFGNode 16 onto CGRANode 9 at cycle: 6
[DEBUG] in allocateReg() t_cycle: 5; i: 0 CGRA node: 9; link: 3 duration 1
[DEBUG] done reg allocation
[DEBUG] occupy link[10]-->[9] (bypass:0) dfgNode: 0 at cycle 5
[DEBUG] skip predecessor routing -- dfgNode: 0
[DEBUG] success in schedule()
[DEBUG] schedule dfg node[24] onto fu[14] at cycle 6 within II: 14
[DEBUG] setDFGNode 24 onto CGRANode 14 at cycle: 6
[DEBUG] in allocateReg() t_cycle: 5; i: 0 CGRA node: 14; link: 1 duration 1
[DEBUG] done reg allocation
[DEBUG] occupy link[10]-->[14] (bypass:0) dfgNode: 0 at cycle 5
[DEBUG] skip predecessor routing -- dfgNode: 0
[DEBUG] success in schedule()
[DEBUG] schedule dfg node[32] onto fu[5] at cycle 7 within II: 14
[DEBUG] setDFGNode 32 onto CGRANode 5 at cycle: 7
[DEBUG] occupy link[10]-->[6] (bypass:1) dfgNode: 0 at cycle 5
[DEBUG] in allocateReg() t_cycle: 6; i: 0 CGRA node: 5; link: 3 duration 1
[DEBUG] done reg allocation
[DEBUG] occupy link[6]-->[5] (bypass:0) dfgNode: 0 at cycle 6
[DEBUG] skip predecessor routing -- dfgNode: 0
[DEBUG] success in schedule()
[DEBUG] schedule dfg node[42] onto fu[10] at cycle 6 within II: 14
[DEBUG] setDFGNode 42 onto CGRANode 10 at cycle: 6
[DEBUG] tryToRoute -- srcDFGNode: 0, srcCGRANode: 10; dstDFGNode: 42, dstCGRANode: 10; backEdge: 0
[DEBUG] check route size: 1
[DEBUG] allocate for local reg maintain... duration=1 last cycle: 5
[DEBUG] in allocateReg() t_cycle: 5; i: 0 CGRA node: 10; link: 4 duration 1
[DEBUG] done reg allocation
[DEBUG] tryToRoute -- srcDFGNode: 34, srcCGRANode: 10; dstDFGNode: 42, dstCGRANode: 10; backEdge: 0
[DEBUG] check route size: 1
[DEBUG] allocate for local reg maintain... duration=5 last cycle: 1
[DEBUG] in allocateReg() t_cycle: 1; i: 1 CGRA node: 10; link: 4 duration 5
[DEBUG] done reg allocation
[DEBUG] success in schedule()
[DEBUG] schedule dfg node[50] onto fu[1] at cycle 8 within II: 14
[DEBUG] setDFGNode 50 onto CGRANode 1 at cycle: 8
[DEBUG] occupy link[10]-->[6] (bypass:1) dfgNode: 0 at cycle 5
[DEBUG] occupy link[6]-->[2] (bypass:1) dfgNode: 0 at cycle 6
[DEBUG] in allocateReg() t_cycle: 7; i: 0 CGRA node: 1; link: 3 duration 1
[DEBUG] done reg allocation
[DEBUG] occupy link[2]-->[1] (bypass:0) dfgNode: 0 at cycle 7
[DEBUG] skip predecessor routing -- dfgNode: 0
[DEBUG] tryToRoute -- srcDFGNode: 34, srcCGRANode: 10; dstDFGNode: 50, dstCGRANode: 1; backEdge: 0
[DEBUG] in shareSameCycle is true: node 50
[DEBUG] cannot route due to II is violated for backward cycle
DEBUG target DFG node: 50 on fu: 1 failed, mapped pred DFG node: 34; return false
[DEBUG] fail1 in schedule() II: 14
[DEBUG] the failed path -- cycle: 8 CGRANode: 1
[DEBUG] the failed path -- cycle: 7 CGRANode: 2
[DEBUG] the failed path -- cycle: 6 CGRANode: 6
[DEBUG] the failed path -- cycle: 5 CGRANode: 10
----------------------------------------
[DEBUG] start heuristic algorithm with II=15
[DEBUG] schedule dfg node[33] onto fu[5] at cycle 0 within II: 15
[DEBUG] setDFGNode 33 onto CGRANode 5 at cycle: 0
[DEBUG] success in schedule()
[DEBUG] schedule dfg node[34] onto fu[6] at cycle 1 within II: 15
[DEBUG] setDFGNode 34 onto CGRANode 6 at cycle: 1
[DEBUG] in allocateReg() t_cycle: 0; i: 0 CGRA node: 6; link: 2 duration 1
[DEBUG] done reg allocation
[DEBUG] occupy link[5]-->[6] (bypass:0) dfgNode: 33 at cycle 0
[DEBUG] skip predecessor routing -- dfgNode: 33
[DEBUG] success in schedule()
[DEBUG] schedule dfg node[51] onto fu[10] at cycle 2 within II: 15
[DEBUG] setDFGNode 51 onto CGRANode 10 at cycle: 2
[DEBUG] in allocateReg() t_cycle: 1; i: 0 CGRA node: 10; link: 1 duration 1
[DEBUG] done reg allocation
[DEBUG] occupy link[6]-->[10] (bypass:0) dfgNode: 34 at cycle 1
[DEBUG] skip predecessor routing -- dfgNode: 34
[DEBUG] success in schedule()
[DEBUG] schedule dfg node[52] onto fu[9] at cycle 3 within II: 15
[DEBUG] setDFGNode 52 onto CGRANode 9 at cycle: 3
[DEBUG] in allocateReg() t_cycle: 2; i: 0 CGRA node: 9; link: 3 duration 1
[DEBUG] done reg allocation
[DEBUG] occupy link[10]-->[9] (bypass:0) dfgNode: 51 at cycle 2
[DEBUG] skip predecessor routing -- dfgNode: 51
[DEBUG] success in schedule()
[DEBUG] schedule dfg node[0] onto fu[10] at cycle 4 within II: 15
[DEBUG] setDFGNode 0 onto CGRANode 10 at cycle: 4
[DEBUG] in allocateReg() t_cycle: 3; i: 0 CGRA node: 10; link: 2 duration 1
[DEBUG] done reg allocation
[DEBUG] occupy link[9]-->[10] (bypass:0) dfgNode: 52 at cycle 3
[DEBUG] skip predecessor routing -- dfgNode: 52
[DEBUG] in shareSameCycle is true: node 0
[DEBUG] tryToRoute -- srcDFGNode: 0, srcCGRANode: 10; dstDFGNode: 33, dstCGRANode: 5; backEdge: 1
[DEBUG] in shareSameCycle is true: node 33
[DEBUG] check route size: 3
[DEBUG] occupy link[10]-->[6] (bypass:1) dfgNode: 0 at cycle 4
[DEBUG] reset duration: 10 t_dstCycle: 0 previous: 5 II: 15
[DEBUG] in allocateReg() t_cycle: 5; i: 0 CGRA node: 5; link: 3 duration 10
[DEBUG] done reg allocation
[DEBUG] occupy link[6]-->[5] (bypass:0) dfgNode: 0 at cycle 5
[DEBUG] in shareSameCycle is true: node 0
[DEBUG] tryToRoute -- srcDFGNode: 0, srcCGRANode: 10; dstDFGNode: 51, dstCGRANode: 10; backEdge: 1
[DEBUG] in shareSameCycle is true: node 51
[DEBUG] check route size: 1
[DEBUG] allocate for local reg maintain... duration=13 last cycle: 4
[DEBUG] in allocateReg() t_cycle: 4; i: 1 CGRA node: 10; link: 4 duration 13
[DEBUG] done reg allocation
[DEBUG] success in schedule()
[DEBUG] schedule dfg node[1] onto fu[14] at cycle 5 within II: 15
[DEBUG] setDFGNode 1 onto CGRANode 14 at cycle: 5
[DEBUG] in allocateReg() t_cycle: 4; i: 0 CGRA node: 14; link: 1 duration 1
[DEBUG] done reg allocation
[DEBUG] occupy link[10]-->[14] (bypass:0) dfgNode: 0 at cycle 4
[DEBUG] skip predecessor routing -- dfgNode: 0
[DEBUG] success in schedule()
[DEBUG] schedule dfg node[4] onto fu[6] at cycle 5 within II: 15
[DEBUG] setDFGNode 4 onto CGRANode 6 at cycle: 5
[DEBUG] in allocateReg() t_cycle: 4; i: 0 CGRA node: 6; link: 0 duration 1
[DEBUG] done reg allocation
[DEBUG] occupy link[10]-->[6] (bypass:0) dfgNode: 0 at cycle 4
[DEBUG] skip predecessor routing -- dfgNode: 0
[DEBUG] success in schedule()
[DEBUG] schedule dfg node[8] onto fu[9] at cycle 5 within II: 15
[DEBUG] setDFGNode 8 onto CGRANode 9 at cycle: 5
[DEBUG] in allocateReg() t_cycle: 4; i: 0 CGRA node: 9; link: 3 duration 1
[DEBUG] done reg allocation
[DEBUG] occupy link[10]-->[9] (bypass:0) dfgNode: 0 at cycle 4
[DEBUG] skip predecessor routing -- dfgNode: 0
[DEBUG] success in schedule()
[DEBUG] schedule dfg node[16] onto fu[5] at cycle 6 within II: 15
[DEBUG] setDFGNode 16 onto CGRANode 5 at cycle: 6
[DEBUG] occupy link[10]-->[6] (bypass:1) dfgNode: 0 at cycle 4
[DEBUG] in allocateReg() t_cycle: 5; i: 1 CGRA node: 5; link: 3 duration 1
[DEBUG] done reg allocation
[DEBUG] occupy link[6]-->[5] (bypass:0) dfgNode: 0 at cycle 5
[DEBUG] skip predecessor routing -- dfgNode: 0
[DEBUG] success in schedule()
[DEBUG] schedule dfg node[24] onto fu[10] at cycle 5 within II: 15
[DEBUG] setDFGNode 24 onto CGRANode 10 at cycle: 5
[DEBUG] tryToRoute -- srcDFGNode: 0, srcCGRANode: 10; dstDFGNode: 24, dstCGRANode: 10; backEdge: 0
[DEBUG] check route size: 1
[DEBUG] allocate for local reg maintain... duration=1 last cycle: 4
[DEBUG] in allocateReg() t_cycle: 4; i: 0 CGRA node: 10; link: 4 duration 1
[DEBUG] done reg allocation
[DEBUG] success in schedule()
[DEBUG] schedule dfg node[32] onto fu[13] at cycle 6 within II: 15
[DEBUG] setDFGNode 32 onto CGRANode 13 at cycle: 6
[DEBUG] occupy link[10]-->[9] (bypass:1) dfgNode: 0 at cycle 4
[DEBUG] in allocateReg() t_cycle: 5; i: 0 CGRA node: 13; link: 1 duration 1
[DEBUG] done reg allocation
[DEBUG] occupy link[9]-->[13] (bypass:0) dfgNode: 0 at cycle 5
[DEBUG] skip predecessor routing -- dfgNode: 0
[DEBUG] success in schedule()
[DEBUG] schedule dfg node[42] onto fu[2] at cycle 6 within II: 15
[DEBUG] setDFGNode 42 onto CGRANode 2 at cycle: 6
[DEBUG] occupy link[10]-->[6] (bypass:1) dfgNode: 0 at cycle 4
[DEBUG] in allocateReg() t_cycle: 5; i: 0 CGRA node: 2; link: 0 duration 1
[DEBUG] done reg allocation
[DEBUG] occupy link[6]-->[2] (bypass:0) dfgNode: 0 at cycle 5
[DEBUG] skip predecessor routing -- dfgNode: 0
[DEBUG] tryToRoute -- srcDFGNode: 34, srcCGRANode: 6; dstDFGNode: 42, dstCGRANode: 2; backEdge: 0
[DEBUG] check route size: 2
[DEBUG] reset duration: 5 t_dstCycle: 6 previous: 1 II: 15
[DEBUG] in allocateReg() t_cycle: 1; i: 1 CGRA node: 2; link: 0 duration 5
[DEBUG] done reg allocation
[DEBUG] occupy link[6]-->[2] (bypass:0) dfgNode: 34 at cycle 1
[DEBUG] success in schedule()
[DEBUG] schedule dfg node[50] onto fu[1] at cycle 7 within II: 15
[DEBUG] setDFGNode 50 onto CGRANode 1 at cycle: 7
[DEBUG] occupy link[10]-->[6] (bypass:1) dfgNode: 0 at cycle 4
[DEBUG] occupy link[6]-->[2] (bypass:1) dfgNode: 0 at cycle 5
[DEBUG] in allocateReg() t_cycle: 6; i: 0 CGRA node: 1; link: 3 duration 1
[DEBUG] done reg allocation
[DEBUG] occupy link[2]-->[1] (bypass:0) dfgNode: 0 at cycle 6
[DEBUG] skip predecessor routing -- dfgNode: 0
[DEBUG] tryToRoute -- srcDFGNode: 34, srcCGRANode: 6; dstDFGNode: 50, dstCGRANode: 1; backEdge: 0
[DEBUG] in shareSameCycle is true: node 50
[DEBUG] cannot route due to II is violated for backward cycle
DEBUG target DFG node: 50 on fu: 1 failed, mapped pred DFG node: 34; return false
[DEBUG] fail1 in schedule() II: 15
[DEBUG] the failed path -- cycle: 7 CGRANode: 1
[DEBUG] the failed path -- cycle: 6 CGRANode: 2
[DEBUG] the failed path -- cycle: 5 CGRANode: 6
[DEBUG] the failed path -- cycle: 4 CGRANode: 10
----------------------------------------
[DEBUG] start heuristic algorithm with II=16
[DEBUG] schedule dfg node[33] onto fu[5] at cycle 0 within II: 16
[DEBUG] setDFGNode 33 onto CGRANode 5 at cycle: 0
[DEBUG] success in schedule()
[DEBUG] schedule dfg node[34] onto fu[6] at cycle 1 within II: 16
[DEBUG] setDFGNode 34 onto CGRANode 6 at cycle: 1
[DEBUG] in allocateReg() t_cycle: 0; i: 0 CGRA node: 6; link: 2 duration 1
[DEBUG] done reg allocation
[DEBUG] occupy link[5]-->[6] (bypass:0) dfgNode: 33 at cycle 0
[DEBUG] skip predecessor routing -- dfgNode: 33
[DEBUG] success in schedule()
[DEBUG] schedule dfg node[51] onto fu[10] at cycle 2 within II: 16
[DEBUG] setDFGNode 51 onto CGRANode 10 at cycle: 2
[DEBUG] in allocateReg() t_cycle: 1; i: 0 CGRA node: 10; link: 1 duration 1
[DEBUG] done reg allocation
[DEBUG] occupy link[6]-->[10] (bypass:0) dfgNode: 34 at cycle 1
[DEBUG] skip predecessor routing -- dfgNode: 34
[DEBUG] success in schedule()
[DEBUG] schedule dfg node[52] onto fu[9] at cycle 3 within II: 16
[DEBUG] setDFGNode 52 onto CGRANode 9 at cycle: 3
[DEBUG] in allocateReg() t_cycle: 2; i: 0 CGRA node: 9; link: 3 duration 1
[DEBUG] done reg allocation
[DEBUG] occupy link[10]-->[9] (bypass:0) dfgNode: 51 at cycle 2
[DEBUG] skip predecessor routing -- dfgNode: 51
[DEBUG] success in schedule()
[DEBUG] schedule dfg node[0] onto fu[10] at cycle 4 within II: 16
[DEBUG] setDFGNode 0 onto CGRANode 10 at cycle: 4
[DEBUG] in allocateReg() t_cycle: 3; i: 0 CGRA node: 10; link: 2 duration 1
[DEBUG] done reg allocation
[DEBUG] occupy link[9]-->[10] (bypass:0) dfgNode: 52 at cycle 3
[DEBUG] skip predecessor routing -- dfgNode: 52
[DEBUG] in shareSameCycle is true: node 0
[DEBUG] tryToRoute -- srcDFGNode: 0, srcCGRANode: 10; dstDFGNode: 33, dstCGRANode: 5; backEdge: 1
[DEBUG] in shareSameCycle is true: node 33
[DEBUG] check route size: 3
[DEBUG] occupy link[10]-->[6] (bypass:1) dfgNode: 0 at cycle 4
[DEBUG] reset duration: 11 t_dstCycle: 0 previous: 5 II: 16
[DEBUG] in allocateReg() t_cycle: 5; i: 0 CGRA node: 5; link: 3 duration 11
[DEBUG] done reg allocation
[DEBUG] occupy link[6]-->[5] (bypass:0) dfgNode: 0 at cycle 5
[DEBUG] in shareSameCycle is true: node 0
[DEBUG] tryToRoute -- srcDFGNode: 0, srcCGRANode: 10; dstDFGNode: 51, dstCGRANode: 10; backEdge: 1
[DEBUG] in shareSameCycle is true: node 51
[DEBUG] check route size: 1
[DEBUG] allocate for local reg maintain... duration=14 last cycle: 4
[DEBUG] in allocateReg() t_cycle: 4; i: 1 CGRA node: 10; link: 4 duration 14
[DEBUG] done reg allocation
[DEBUG] success in schedule()
[DEBUG] schedule dfg node[1] onto fu[14] at cycle 5 within II: 16
[DEBUG] setDFGNode 1 onto CGRANode 14 at cycle: 5
[DEBUG] in allocateReg() t_cycle: 4; i: 0 CGRA node: 14; link: 1 duration 1
[DEBUG] done reg allocation
[DEBUG] occupy link[10]-->[14] (bypass:0) dfgNode: 0 at cycle 4
[DEBUG] skip predecessor routing -- dfgNode: 0
[DEBUG] success in schedule()
[DEBUG] schedule dfg node[4] onto fu[6] at cycle 5 within II: 16
[DEBUG] setDFGNode 4 onto CGRANode 6 at cycle: 5
[DEBUG] in allocateReg() t_cycle: 4; i: 0 CGRA node: 6; link: 0 duration 1
[DEBUG] done reg allocation
[DEBUG] occupy link[10]-->[6] (bypass:0) dfgNode: 0 at cycle 4
[DEBUG] skip predecessor routing -- dfgNode: 0
[DEBUG] success in schedule()
[DEBUG] schedule dfg node[8] onto fu[9] at cycle 5 within II: 16
[DEBUG] setDFGNode 8 onto CGRANode 9 at cycle: 5
[DEBUG] in allocateReg() t_cycle: 4; i: 0 CGRA node: 9; link: 3 duration 1
[DEBUG] done reg allocation
[DEBUG] occupy link[10]-->[9] (bypass:0) dfgNode: 0 at cycle 4
[DEBUG] skip predecessor routing -- dfgNode: 0
[DEBUG] success in schedule()
[DEBUG] schedule dfg node[16] onto fu[5] at cycle 6 within II: 16
[DEBUG] setDFGNode 16 onto CGRANode 5 at cycle: 6
[DEBUG] occupy link[10]-->[6] (bypass:1) dfgNode: 0 at cycle 4
[DEBUG] in allocateReg() t_cycle: 5; i: 1 CGRA node: 5; link: 3 duration 1
[DEBUG] done reg allocation
[DEBUG] occupy link[6]-->[5] (bypass:0) dfgNode: 0 at cycle 5
[DEBUG] skip predecessor routing -- dfgNode: 0
[DEBUG] success in schedule()
[DEBUG] schedule dfg node[24] onto fu[10] at cycle 5 within II: 16
[DEBUG] setDFGNode 24 onto CGRANode 10 at cycle: 5
[DEBUG] tryToRoute -- srcDFGNode: 0, srcCGRANode: 10; dstDFGNode: 24, dstCGRANode: 10; backEdge: 0
[DEBUG] check route size: 1
[DEBUG] allocate for local reg maintain... duration=1 last cycle: 4
[DEBUG] in allocateReg() t_cycle: 4; i: 0 CGRA node: 10; link: 4 duration 1
[DEBUG] done reg allocation
[DEBUG] success in schedule()
[DEBUG] schedule dfg node[32] onto fu[13] at cycle 6 within II: 16
[DEBUG] setDFGNode 32 onto CGRANode 13 at cycle: 6
[DEBUG] occupy link[10]-->[9] (bypass:1) dfgNode: 0 at cycle 4
[DEBUG] in allocateReg() t_cycle: 5; i: 0 CGRA node: 13; link: 1 duration 1
[DEBUG] done reg allocation
[DEBUG] occupy link[9]-->[13] (bypass:0) dfgNode: 0 at cycle 5
[DEBUG] skip predecessor routing -- dfgNode: 0
[DEBUG] success in schedule()
[DEBUG] schedule dfg node[42] onto fu[2] at cycle 6 within II: 16
[DEBUG] setDFGNode 42 onto CGRANode 2 at cycle: 6
[DEBUG] occupy link[10]-->[6] (bypass:1) dfgNode: 0 at cycle 4
[DEBUG] in allocateReg() t_cycle: 5; i: 0 CGRA node: 2; link: 0 duration 1
[DEBUG] done reg allocation
[DEBUG] occupy link[6]-->[2] (bypass:0) dfgNode: 0 at cycle 5
[DEBUG] skip predecessor routing -- dfgNode: 0
[DEBUG] tryToRoute -- srcDFGNode: 34, srcCGRANode: 6; dstDFGNode: 42, dstCGRANode: 2; backEdge: 0
[DEBUG] check route size: 2
[DEBUG] reset duration: 5 t_dstCycle: 6 previous: 1 II: 16
[DEBUG] in allocateReg() t_cycle: 1; i: 1 CGRA node: 2; link: 0 duration 5
[DEBUG] done reg allocation
[DEBUG] occupy link[6]-->[2] (bypass:0) dfgNode: 34 at cycle 1
[DEBUG] success in schedule()
[DEBUG] schedule dfg node[50] onto fu[1] at cycle 7 within II: 16
[DEBUG] setDFGNode 50 onto CGRANode 1 at cycle: 7
[DEBUG] occupy link[10]-->[6] (bypass:1) dfgNode: 0 at cycle 4
[DEBUG] occupy link[6]-->[2] (bypass:1) dfgNode: 0 at cycle 5
[DEBUG] in allocateReg() t_cycle: 6; i: 0 CGRA node: 1; link: 3 duration 1
[DEBUG] done reg allocation
[DEBUG] occupy link[2]-->[1] (bypass:0) dfgNode: 0 at cycle 6
[DEBUG] skip predecessor routing -- dfgNode: 0
[DEBUG] tryToRoute -- srcDFGNode: 34, srcCGRANode: 6; dstDFGNode: 50, dstCGRANode: 1; backEdge: 0
[DEBUG] in shareSameCycle is true: node 50
[DEBUG] cannot route due to II is violated for backward cycle
DEBUG target DFG node: 50 on fu: 1 failed, mapped pred DFG node: 34; return false
[DEBUG] fail1 in schedule() II: 16
[DEBUG] the failed path -- cycle: 7 CGRANode: 1
[DEBUG] the failed path -- cycle: 6 CGRANode: 2
[DEBUG] the failed path -- cycle: 5 CGRANode: 6
[DEBUG] the failed path -- cycle: 4 CGRANode: 10
----------------------------------------
[DEBUG] start heuristic algorithm with II=17
[DEBUG] schedule dfg node[33] onto fu[5] at cycle 0 within II: 17
[DEBUG] setDFGNode 33 onto CGRANode 5 at cycle: 0
[DEBUG] success in schedule()
[DEBUG] schedule dfg node[34] onto fu[6] at cycle 1 within II: 17
[DEBUG] setDFGNode 34 onto CGRANode 6 at cycle: 1
[DEBUG] in allocateReg() t_cycle: 0; i: 0 CGRA node: 6; link: 2 duration 1
[DEBUG] done reg allocation
[DEBUG] occupy link[5]-->[6] (bypass:0) dfgNode: 33 at cycle 0
[DEBUG] skip predecessor routing -- dfgNode: 33
[DEBUG] success in schedule()
[DEBUG] schedule dfg node[51] onto fu[10] at cycle 2 within II: 17
[DEBUG] setDFGNode 51 onto CGRANode 10 at cycle: 2
[DEBUG] in allocateReg() t_cycle: 1; i: 0 CGRA node: 10; link: 1 duration 1
[DEBUG] done reg allocation
[DEBUG] occupy link[6]-->[10] (bypass:0) dfgNode: 34 at cycle 1
[DEBUG] skip predecessor routing -- dfgNode: 34
[DEBUG] success in schedule()
[DEBUG] schedule dfg node[52] onto fu[9] at cycle 3 within II: 17
[DEBUG] setDFGNode 52 onto CGRANode 9 at cycle: 3
[DEBUG] in allocateReg() t_cycle: 2; i: 0 CGRA node: 9; link: 3 duration 1
[DEBUG] done reg allocation
[DEBUG] occupy link[10]-->[9] (bypass:0) dfgNode: 51 at cycle 2
[DEBUG] skip predecessor routing -- dfgNode: 51
[DEBUG] success in schedule()
[DEBUG] schedule dfg node[0] onto fu[10] at cycle 4 within II: 17
[DEBUG] setDFGNode 0 onto CGRANode 10 at cycle: 4
[DEBUG] in allocateReg() t_cycle: 3; i: 0 CGRA node: 10; link: 2 duration 1
[DEBUG] done reg allocation
[DEBUG] occupy link[9]-->[10] (bypass:0) dfgNode: 52 at cycle 3
[DEBUG] skip predecessor routing -- dfgNode: 52
[DEBUG] in shareSameCycle is true: node 0
[DEBUG] tryToRoute -- srcDFGNode: 0, srcCGRANode: 10; dstDFGNode: 33, dstCGRANode: 5; backEdge: 1
[DEBUG] in shareSameCycle is true: node 33
[DEBUG] check route size: 3
[DEBUG] occupy link[10]-->[6] (bypass:1) dfgNode: 0 at cycle 4
[DEBUG] reset duration: 12 t_dstCycle: 0 previous: 5 II: 17
[DEBUG] in allocateReg() t_cycle: 5; i: 0 CGRA node: 5; link: 3 duration 12
[DEBUG] done reg allocation
[DEBUG] occupy link[6]-->[5] (bypass:0) dfgNode: 0 at cycle 5
[DEBUG] in shareSameCycle is true: node 0
[DEBUG] tryToRoute -- srcDFGNode: 0, srcCGRANode: 10; dstDFGNode: 51, dstCGRANode: 10; backEdge: 1
[DEBUG] in shareSameCycle is true: node 51
[DEBUG] check route size: 1
[DEBUG] allocate for local reg maintain... duration=15 last cycle: 4
[DEBUG] in allocateReg() t_cycle: 4; i: 1 CGRA node: 10; link: 4 duration 15
[DEBUG] done reg allocation
[DEBUG] success in schedule()
[DEBUG] schedule dfg node[1] onto fu[14] at cycle 5 within II: 17
[DEBUG] setDFGNode 1 onto CGRANode 14 at cycle: 5
[DEBUG] in allocateReg() t_cycle: 4; i: 0 CGRA node: 14; link: 1 duration 1
[DEBUG] done reg allocation
[DEBUG] occupy link[10]-->[14] (bypass:0) dfgNode: 0 at cycle 4
[DEBUG] skip predecessor routing -- dfgNode: 0
[DEBUG] success in schedule()
[DEBUG] schedule dfg node[4] onto fu[6] at cycle 5 within II: 17
[DEBUG] setDFGNode 4 onto CGRANode 6 at cycle: 5
[DEBUG] in allocateReg() t_cycle: 4; i: 0 CGRA node: 6; link: 0 duration 1
[DEBUG] done reg allocation
[DEBUG] occupy link[10]-->[6] (bypass:0) dfgNode: 0 at cycle 4
[DEBUG] skip predecessor routing -- dfgNode: 0
[DEBUG] success in schedule()
[DEBUG] schedule dfg node[8] onto fu[9] at cycle 5 within II: 17
[DEBUG] setDFGNode 8 onto CGRANode 9 at cycle: 5
[DEBUG] in allocateReg() t_cycle: 4; i: 0 CGRA node: 9; link: 3 duration 1
[DEBUG] done reg allocation
[DEBUG] occupy link[10]-->[9] (bypass:0) dfgNode: 0 at cycle 4
[DEBUG] skip predecessor routing -- dfgNode: 0
[DEBUG] success in schedule()
[DEBUG] schedule dfg node[16] onto fu[5] at cycle 6 within II: 17
[DEBUG] setDFGNode 16 onto CGRANode 5 at cycle: 6
[DEBUG] occupy link[10]-->[6] (bypass:1) dfgNode: 0 at cycle 4
[DEBUG] in allocateReg() t_cycle: 5; i: 1 CGRA node: 5; link: 3 duration 1
[DEBUG] done reg allocation
[DEBUG] occupy link[6]-->[5] (bypass:0) dfgNode: 0 at cycle 5
[DEBUG] skip predecessor routing -- dfgNode: 0
[DEBUG] success in schedule()
[DEBUG] schedule dfg node[24] onto fu[10] at cycle 5 within II: 17
[DEBUG] setDFGNode 24 onto CGRANode 10 at cycle: 5
[DEBUG] tryToRoute -- srcDFGNode: 0, srcCGRANode: 10; dstDFGNode: 24, dstCGRANode: 10; backEdge: 0
[DEBUG] check route size: 1
[DEBUG] allocate for local reg maintain... duration=1 last cycle: 4
[DEBUG] in allocateReg() t_cycle: 4; i: 0 CGRA node: 10; link: 4 duration 1
[DEBUG] done reg allocation
[DEBUG] success in schedule()
[DEBUG] schedule dfg node[32] onto fu[13] at cycle 6 within II: 17
[DEBUG] setDFGNode 32 onto CGRANode 13 at cycle: 6
[DEBUG] occupy link[10]-->[9] (bypass:1) dfgNode: 0 at cycle 4
[DEBUG] in allocateReg() t_cycle: 5; i: 0 CGRA node: 13; link: 1 duration 1
[DEBUG] done reg allocation
[DEBUG] occupy link[9]-->[13] (bypass:0) dfgNode: 0 at cycle 5
[DEBUG] skip predecessor routing -- dfgNode: 0
[DEBUG] success in schedule()
[DEBUG] schedule dfg node[42] onto fu[2] at cycle 6 within II: 17
[DEBUG] setDFGNode 42 onto CGRANode 2 at cycle: 6
[DEBUG] occupy link[10]-->[6] (bypass:1) dfgNode: 0 at cycle 4
[DEBUG] in allocateReg() t_cycle: 5; i: 0 CGRA node: 2; link: 0 duration 1
[DEBUG] done reg allocation
[DEBUG] occupy link[6]-->[2] (bypass:0) dfgNode: 0 at cycle 5
[DEBUG] skip predecessor routing -- dfgNode: 0
[DEBUG] tryToRoute -- srcDFGNode: 34, srcCGRANode: 6; dstDFGNode: 42, dstCGRANode: 2; backEdge: 0
[DEBUG] check route size: 2
[DEBUG] reset duration: 5 t_dstCycle: 6 previous: 1 II: 17
[DEBUG] in allocateReg() t_cycle: 1; i: 1 CGRA node: 2; link: 0 duration 5
[DEBUG] done reg allocation
[DEBUG] occupy link[6]-->[2] (bypass:0) dfgNode: 34 at cycle 1
[DEBUG] success in schedule()
[DEBUG] schedule dfg node[50] onto fu[1] at cycle 7 within II: 17
[DEBUG] setDFGNode 50 onto CGRANode 1 at cycle: 7
[DEBUG] occupy link[10]-->[6] (bypass:1) dfgNode: 0 at cycle 4
[DEBUG] occupy link[6]-->[2] (bypass:1) dfgNode: 0 at cycle 5
[DEBUG] in allocateReg() t_cycle: 6; i: 0 CGRA node: 1; link: 3 duration 1
[DEBUG] done reg allocation
[DEBUG] occupy link[2]-->[1] (bypass:0) dfgNode: 0 at cycle 6
[DEBUG] skip predecessor routing -- dfgNode: 0
[DEBUG] tryToRoute -- srcDFGNode: 34, srcCGRANode: 6; dstDFGNode: 50, dstCGRANode: 1; backEdge: 0
[DEBUG] in shareSameCycle is true: node 50
[DEBUG] cannot route due to II is violated for backward cycle
DEBUG target DFG node: 50 on fu: 1 failed, mapped pred DFG node: 34; return false
[DEBUG] fail1 in schedule() II: 17
[DEBUG] the failed path -- cycle: 7 CGRANode: 1
[DEBUG] the failed path -- cycle: 6 CGRANode: 2
[DEBUG] the failed path -- cycle: 5 CGRANode: 6
[DEBUG] the failed path -- cycle: 4 CGRANode: 10
----------------------------------------
[DEBUG] start heuristic algorithm with II=18
[DEBUG] schedule dfg node[33] onto fu[9] at cycle 0 within II: 18
[DEBUG] setDFGNode 33 onto CGRANode 9 at cycle: 0
[DEBUG] success in schedule()
[DEBUG] schedule dfg node[34] onto fu[10] at cycle 1 within II: 18
[DEBUG] setDFGNode 34 onto CGRANode 10 at cycle: 1
[DEBUG] in allocateReg() t_cycle: 0; i: 0 CGRA node: 10; link: 2 duration 1
[DEBUG] done reg allocation
[DEBUG] occupy link[9]-->[10] (bypass:0) dfgNode: 33 at cycle 0
[DEBUG] skip predecessor routing -- dfgNode: 33
[DEBUG] success in schedule()
[DEBUG] schedule dfg node[51] onto fu[6] at cycle 2 within II: 18
[DEBUG] setDFGNode 51 onto CGRANode 6 at cycle: 2
[DEBUG] in allocateReg() t_cycle: 1; i: 0 CGRA node: 6; link: 0 duration 1
[DEBUG] done reg allocation
[DEBUG] occupy link[10]-->[6] (bypass:0) dfgNode: 34 at cycle 1
[DEBUG] skip predecessor routing -- dfgNode: 34
[DEBUG] success in schedule()
[DEBUG] schedule dfg node[52] onto fu[5] at cycle 3 within II: 18
[DEBUG] setDFGNode 52 onto CGRANode 5 at cycle: 3
[DEBUG] in allocateReg() t_cycle: 2; i: 0 CGRA node: 5; link: 3 duration 1
[DEBUG] done reg allocation
[DEBUG] occupy link[6]-->[5] (bypass:0) dfgNode: 51 at cycle 2
[DEBUG] skip predecessor routing -- dfgNode: 51
[DEBUG] success in schedule()
[DEBUG] schedule dfg node[0] onto fu[10] at cycle 5 within II: 18
[DEBUG] setDFGNode 0 onto CGRANode 10 at cycle: 5
[DEBUG] occupy link[5]-->[6] (bypass:1) dfgNode: 52 at cycle 3
[DEBUG] in allocateReg() t_cycle: 4; i: 0 CGRA node: 10; link: 1 duration 1
[DEBUG] done reg allocation
[DEBUG] occupy link[6]-->[10] (bypass:0) dfgNode: 52 at cycle 4
[DEBUG] skip predecessor routing -- dfgNode: 52
[DEBUG] in shareSameCycle is true: node 0
[DEBUG] tryToRoute -- srcDFGNode: 0, srcCGRANode: 10; dstDFGNode: 33, dstCGRANode: 9; backEdge: 1
[DEBUG] in shareSameCycle is true: node 33
[DEBUG] check route size: 2
[DEBUG] reset duration: 13 t_dstCycle: 0 previous: 5 II: 18
[DEBUG] in allocateReg() t_cycle: 5; i: 0 CGRA node: 9; link: 3 duration 13
[DEBUG] done reg allocation
[DEBUG] occupy link[10]-->[9] (bypass:0) dfgNode: 0 at cycle 5
[DEBUG] in shareSameCycle is true: node 0
[DEBUG] tryToRoute -- srcDFGNode: 0, srcCGRANode: 10; dstDFGNode: 51, dstCGRANode: 6; backEdge: 1
[DEBUG] in shareSameCycle is true: node 51
[DEBUG] check route size: 2
[DEBUG] reset duration: 15 t_dstCycle: 2 previous: 5 II: 18
[DEBUG] in allocateReg() t_cycle: 5; i: 1 CGRA node: 6; link: 0 duration 15
[DEBUG] done reg allocation
[DEBUG] occupy link[10]-->[6] (bypass:0) dfgNode: 0 at cycle 5
[DEBUG] success in schedule()
[DEBUG] schedule dfg node[1] onto fu[2] at cycle 7 within II: 18
[DEBUG] setDFGNode 1 onto CGRANode 2 at cycle: 7
[DEBUG] occupy link[10]-->[6] (bypass:1) dfgNode: 0 at cycle 5
[DEBUG] in allocateReg() t_cycle: 6; i: 0 CGRA node: 2; link: 0 duration 1
[DEBUG] done reg allocation
[DEBUG] occupy link[6]-->[2] (bypass:0) dfgNode: 0 at cycle 6
[DEBUG] skip predecessor routing -- dfgNode: 0
[DEBUG] success in schedule()
[DEBUG] schedule dfg node[4] onto fu[13] at cycle 7 within II: 18
[DEBUG] setDFGNode 4 onto CGRANode 13 at cycle: 7
[DEBUG] occupy link[10]-->[9] (bypass:1) dfgNode: 0 at cycle 5
[DEBUG] in allocateReg() t_cycle: 6; i: 0 CGRA node: 13; link: 1 duration 1
[DEBUG] done reg allocation
[DEBUG] occupy link[9]-->[13] (bypass:0) dfgNode: 0 at cycle 6
[DEBUG] skip predecessor routing -- dfgNode: 0
[DEBUG] success in schedule()
[DEBUG] schedule dfg node[8] onto fu[6] at cycle 6 within II: 18
[DEBUG] setDFGNode 8 onto CGRANode 6 at cycle: 6
[DEBUG] in allocateReg() t_cycle: 5; i: 0 CGRA node: 6; link: 0 duration 1
[DEBUG] done reg allocation
[DEBUG] occupy link[10]-->[6] (bypass:0) dfgNode: 0 at cycle 5
[DEBUG] skip predecessor routing -- dfgNode: 0
[DEBUG] success in schedule()
[DEBUG] schedule dfg node[16] onto fu[9] at cycle 6 within II: 18
[DEBUG] setDFGNode 16 onto CGRANode 9 at cycle: 6
[DEBUG] in allocateReg() t_cycle: 5; i: 1 CGRA node: 9; link: 3 duration 1
[DEBUG] done reg allocation
[DEBUG] occupy link[10]-->[9] (bypass:0) dfgNode: 0 at cycle 5
[DEBUG] skip predecessor routing -- dfgNode: 0
[DEBUG] success in schedule()
[DEBUG] schedule dfg node[24] onto fu[14] at cycle 6 within II: 18
[DEBUG] setDFGNode 24 onto CGRANode 14 at cycle: 6
[DEBUG] in allocateReg() t_cycle: 5; i: 0 CGRA node: 14; link: 1 duration 1
[DEBUG] done reg allocation
[DEBUG] occupy link[10]-->[14] (bypass:0) dfgNode: 0 at cycle 5
[DEBUG] skip predecessor routing -- dfgNode: 0
[DEBUG] success in schedule()
[DEBUG] schedule dfg node[32] onto fu[5] at cycle 7 within II: 18
[DEBUG] setDFGNode 32 onto CGRANode 5 at cycle: 7
[DEBUG] occupy link[10]-->[6] (bypass:1) dfgNode: 0 at cycle 5
[DEBUG] in allocateReg() t_cycle: 6; i: 0 CGRA node: 5; link: 3 duration 1
[DEBUG] done reg allocation
[DEBUG] occupy link[6]-->[5] (bypass:0) dfgNode: 0 at cycle 6
[DEBUG] skip predecessor routing -- dfgNode: 0
[DEBUG] success in schedule()
[DEBUG] schedule dfg node[42] onto fu[10] at cycle 6 within II: 18
[DEBUG] setDFGNode 42 onto CGRANode 10 at cycle: 6
[DEBUG] tryToRoute -- srcDFGNode: 0, srcCGRANode: 10; dstDFGNode: 42, dstCGRANode: 10; backEdge: 0
[DEBUG] check route size: 1
[DEBUG] allocate for local reg maintain... duration=1 last cycle: 5
[DEBUG] in allocateReg() t_cycle: 5; i: 0 CGRA node: 10; link: 4 duration 1
[DEBUG] done reg allocation
[DEBUG] tryToRoute -- srcDFGNode: 34, srcCGRANode: 10; dstDFGNode: 42, dstCGRANode: 10; backEdge: 0
[DEBUG] check route size: 1
[DEBUG] allocate for local reg maintain... duration=5 last cycle: 1
[DEBUG] in allocateReg() t_cycle: 1; i: 1 CGRA node: 10; link: 4 duration 5
[DEBUG] done reg allocation
[DEBUG] success in schedule()
[DEBUG] schedule dfg node[50] onto fu[1] at cycle 8 within II: 18
[DEBUG] setDFGNode 50 onto CGRANode 1 at cycle: 8
[DEBUG] occupy link[10]-->[6] (bypass:1) dfgNode: 0 at cycle 5
[DEBUG] occupy link[6]-->[2] (bypass:1) dfgNode: 0 at cycle 6
[DEBUG] in allocateReg() t_cycle: 7; i: 0 CGRA node: 1; link: 3 duration 1
[DEBUG] done reg allocation
[DEBUG] occupy link[2]-->[1] (bypass:0) dfgNode: 0 at cycle 7
[DEBUG] skip predecessor routing -- dfgNode: 0
[DEBUG] tryToRoute -- srcDFGNode: 34, srcCGRANode: 10; dstDFGNode: 50, dstCGRANode: 1; backEdge: 0
[DEBUG] in shareSameCycle is true: node 50
[DEBUG] cannot route due to II is violated for backward cycle
DEBUG target DFG node: 50 on fu: 1 failed, mapped pred DFG node: 34; return false
[DEBUG] fail1 in schedule() II: 18
[DEBUG] the failed path -- cycle: 8 CGRANode: 1
[DEBUG] the failed path -- cycle: 7 CGRANode: 2
[DEBUG] the failed path -- cycle: 6 CGRANode: 6
[DEBUG] the failed path -- cycle: 5 CGRANode: 10
----------------------------------------
[DEBUG] start heuristic algorithm with II=19
[DEBUG] schedule dfg node[33] onto fu[5] at cycle 0 within II: 19
[DEBUG] setDFGNode 33 onto CGRANode 5 at cycle: 0
[DEBUG] success in schedule()
[DEBUG] schedule dfg node[34] onto fu[6] at cycle 1 within II: 19
[DEBUG] setDFGNode 34 onto CGRANode 6 at cycle: 1
[DEBUG] in allocateReg() t_cycle: 0; i: 0 CGRA node: 6; link: 2 duration 1
[DEBUG] done reg allocation
[DEBUG] occupy link[5]-->[6] (bypass:0) dfgNode: 33 at cycle 0
[DEBUG] skip predecessor routing -- dfgNode: 33
[DEBUG] success in schedule()
[DEBUG] schedule dfg node[51] onto fu[10] at cycle 2 within II: 19
[DEBUG] setDFGNode 51 onto CGRANode 10 at cycle: 2
[DEBUG] in allocateReg() t_cycle: 1; i: 0 CGRA node: 10; link: 1 duration 1
[DEBUG] done reg allocation
[DEBUG] occupy link[6]-->[10] (bypass:0) dfgNode: 34 at cycle 1
[DEBUG] skip predecessor routing -- dfgNode: 34
[DEBUG] success in schedule()
[DEBUG] schedule dfg node[52] onto fu[9] at cycle 3 within II: 19
[DEBUG] setDFGNode 52 onto CGRANode 9 at cycle: 3
[DEBUG] in allocateReg() t_cycle: 2; i: 0 CGRA node: 9; link: 3 duration 1
[DEBUG] done reg allocation
[DEBUG] occupy link[10]-->[9] (bypass:0) dfgNode: 51 at cycle 2
[DEBUG] skip predecessor routing -- dfgNode: 51
[DEBUG] success in schedule()
[DEBUG] schedule dfg node[0] onto fu[10] at cycle 4 within II: 19
[DEBUG] setDFGNode 0 onto CGRANode 10 at cycle: 4
[DEBUG] in allocateReg() t_cycle: 3; i: 0 CGRA node: 10; link: 2 duration 1
[DEBUG] done reg allocation
[DEBUG] occupy link[9]-->[10] (bypass:0) dfgNode: 52 at cycle 3
[DEBUG] skip predecessor routing -- dfgNode: 52
[DEBUG] in shareSameCycle is true: node 0
[DEBUG] tryToRoute -- srcDFGNode: 0, srcCGRANode: 10; dstDFGNode: 33, dstCGRANode: 5; backEdge: 1
[DEBUG] in shareSameCycle is true: node 33
[DEBUG] check route size: 3
[DEBUG] occupy link[10]-->[6] (bypass:1) dfgNode: 0 at cycle 4
[DEBUG] reset duration: 14 t_dstCycle: 0 previous: 5 II: 19
[DEBUG] in allocateReg() t_cycle: 5; i: 0 CGRA node: 5; link: 3 duration 14
[DEBUG] done reg allocation
[DEBUG] occupy link[6]-->[5] (bypass:0) dfgNode: 0 at cycle 5
[DEBUG] in shareSameCycle is true: node 0
[DEBUG] tryToRoute -- srcDFGNode: 0, srcCGRANode: 10; dstDFGNode: 51, dstCGRANode: 10; backEdge: 1
[DEBUG] in shareSameCycle is true: node 51
[DEBUG] check route size: 1
[DEBUG] allocate for local reg maintain... duration=17 last cycle: 4
[DEBUG] in allocateReg() t_cycle: 4; i: 1 CGRA node: 10; link: 4 duration 17
[DEBUG] done reg allocation
[DEBUG] success in schedule()
[DEBUG] schedule dfg node[1] onto fu[14] at cycle 5 within II: 19
[DEBUG] setDFGNode 1 onto CGRANode 14 at cycle: 5
[DEBUG] in allocateReg() t_cycle: 4; i: 0 CGRA node: 14; link: 1 duration 1
[DEBUG] done reg allocation
[DEBUG] occupy link[10]-->[14] (bypass:0) dfgNode: 0 at cycle 4
[DEBUG] skip predecessor routing -- dfgNode: 0
[DEBUG] success in schedule()
[DEBUG] schedule dfg node[4] onto fu[6] at cycle 5 within II: 19
[DEBUG] setDFGNode 4 onto CGRANode 6 at cycle: 5
[DEBUG] in allocateReg() t_cycle: 4; i: 0 CGRA node: 6; link: 0 duration 1
[DEBUG] done reg allocation
[DEBUG] occupy link[10]-->[6] (bypass:0) dfgNode: 0 at cycle 4
[DEBUG] skip predecessor routing -- dfgNode: 0
[DEBUG] success in schedule()
[DEBUG] schedule dfg node[8] onto fu[9] at cycle 5 within II: 19
[DEBUG] setDFGNode 8 onto CGRANode 9 at cycle: 5
[DEBUG] in allocateReg() t_cycle: 4; i: 0 CGRA node: 9; link: 3 duration 1
[DEBUG] done reg allocation
[DEBUG] occupy link[10]-->[9] (bypass:0) dfgNode: 0 at cycle 4
[DEBUG] skip predecessor routing -- dfgNode: 0
[DEBUG] success in schedule()
[DEBUG] schedule dfg node[16] onto fu[5] at cycle 6 within II: 19
[DEBUG] setDFGNode 16 onto CGRANode 5 at cycle: 6
[DEBUG] occupy link[10]-->[6] (bypass:1) dfgNode: 0 at cycle 4
[DEBUG] in allocateReg() t_cycle: 5; i: 1 CGRA node: 5; link: 3 duration 1
[DEBUG] done reg allocation
[DEBUG] occupy link[6]-->[5] (bypass:0) dfgNode: 0 at cycle 5
[DEBUG] skip predecessor routing -- dfgNode: 0
[DEBUG] success in schedule()
[DEBUG] schedule dfg node[24] onto fu[10] at cycle 5 within II: 19
[DEBUG] setDFGNode 24 onto CGRANode 10 at cycle: 5
[DEBUG] tryToRoute -- srcDFGNode: 0, srcCGRANode: 10; dstDFGNode: 24, dstCGRANode: 10; backEdge: 0
[DEBUG] check route size: 1
[DEBUG] allocate for local reg maintain... duration=1 last cycle: 4
[DEBUG] in allocateReg() t_cycle: 4; i: 0 CGRA node: 10; link: 4 duration 1
[DEBUG] done reg allocation
[DEBUG] success in schedule()
[DEBUG] schedule dfg node[32] onto fu[13] at cycle 6 within II: 19
[DEBUG] setDFGNode 32 onto CGRANode 13 at cycle: 6
[DEBUG] occupy link[10]-->[9] (bypass:1) dfgNode: 0 at cycle 4
[DEBUG] in allocateReg() t_cycle: 5; i: 0 CGRA node: 13; link: 1 duration 1
[DEBUG] done reg allocation
[DEBUG] occupy link[9]-->[13] (bypass:0) dfgNode: 0 at cycle 5
[DEBUG] skip predecessor routing -- dfgNode: 0
[DEBUG] success in schedule()
[DEBUG] schedule dfg node[42] onto fu[2] at cycle 6 within II: 19
[DEBUG] setDFGNode 42 onto CGRANode 2 at cycle: 6
[DEBUG] occupy link[10]-->[6] (bypass:1) dfgNode: 0 at cycle 4
[DEBUG] in allocateReg() t_cycle: 5; i: 0 CGRA node: 2; link: 0 duration 1
[DEBUG] done reg allocation
[DEBUG] occupy link[6]-->[2] (bypass:0) dfgNode: 0 at cycle 5
[DEBUG] skip predecessor routing -- dfgNode: 0
[DEBUG] tryToRoute -- srcDFGNode: 34, srcCGRANode: 6; dstDFGNode: 42, dstCGRANode: 2; backEdge: 0
[DEBUG] check route size: 2
[DEBUG] reset duration: 5 t_dstCycle: 6 previous: 1 II: 19
[DEBUG] in allocateReg() t_cycle: 1; i: 1 CGRA node: 2; link: 0 duration 5
[DEBUG] done reg allocation
[DEBUG] occupy link[6]-->[2] (bypass:0) dfgNode: 34 at cycle 1
[DEBUG] success in schedule()
[DEBUG] schedule dfg node[50] onto fu[1] at cycle 7 within II: 19
[DEBUG] setDFGNode 50 onto CGRANode 1 at cycle: 7
[DEBUG] occupy link[10]-->[6] (bypass:1) dfgNode: 0 at cycle 4
[DEBUG] occupy link[6]-->[2] (bypass:1) dfgNode: 0 at cycle 5
[DEBUG] in allocateReg() t_cycle: 6; i: 0 CGRA node: 1; link: 3 duration 1
[DEBUG] done reg allocation
[DEBUG] occupy link[2]-->[1] (bypass:0) dfgNode: 0 at cycle 6
[DEBUG] skip predecessor routing -- dfgNode: 0
[DEBUG] tryToRoute -- srcDFGNode: 34, srcCGRANode: 6; dstDFGNode: 50, dstCGRANode: 1; backEdge: 0
[DEBUG] in shareSameCycle is true: node 50
[DEBUG] cannot route due to II is violated for backward cycle
DEBUG target DFG node: 50 on fu: 1 failed, mapped pred DFG node: 34; return false
[DEBUG] fail1 in schedule() II: 19
[DEBUG] the failed path -- cycle: 7 CGRANode: 1
[DEBUG] the failed path -- cycle: 6 CGRANode: 2
[DEBUG] the failed path -- cycle: 5 CGRANode: 6
[DEBUG] the failed path -- cycle: 4 CGRANode: 10
----------------------------------------
[DEBUG] start heuristic algorithm with II=20
[DEBUG] schedule dfg node[33] onto fu[5] at cycle 0 within II: 20
[DEBUG] setDFGNode 33 onto CGRANode 5 at cycle: 0
[DEBUG] success in schedule()
[DEBUG] schedule dfg node[34] onto fu[6] at cycle 1 within II: 20
[DEBUG] setDFGNode 34 onto CGRANode 6 at cycle: 1
[DEBUG] in allocateReg() t_cycle: 0; i: 0 CGRA node: 6; link: 2 duration 1
[DEBUG] done reg allocation
[DEBUG] occupy link[5]-->[6] (bypass:0) dfgNode: 33 at cycle 0
[DEBUG] skip predecessor routing -- dfgNode: 33
[DEBUG] success in schedule()
[DEBUG] schedule dfg node[51] onto fu[10] at cycle 2 within II: 20
[DEBUG] setDFGNode 51 onto CGRANode 10 at cycle: 2
[DEBUG] in allocateReg() t_cycle: 1; i: 0 CGRA node: 10; link: 1 duration 1
[DEBUG] done reg allocation
[DEBUG] occupy link[6]-->[10] (bypass:0) dfgNode: 34 at cycle 1
[DEBUG] skip predecessor routing -- dfgNode: 34
[DEBUG] success in schedule()
[DEBUG] schedule dfg node[52] onto fu[9] at cycle 3 within II: 20
[DEBUG] setDFGNode 52 onto CGRANode 9 at cycle: 3
[DEBUG] in allocateReg() t_cycle: 2; i: 0 CGRA node: 9; link: 3 duration 1
[DEBUG] done reg allocation
[DEBUG] occupy link[10]-->[9] (bypass:0) dfgNode: 51 at cycle 2
[DEBUG] skip predecessor routing -- dfgNode: 51
[DEBUG] success in schedule()
[DEBUG] schedule dfg node[0] onto fu[10] at cycle 4 within II: 20
[DEBUG] setDFGNode 0 onto CGRANode 10 at cycle: 4
[DEBUG] in allocateReg() t_cycle: 3; i: 0 CGRA node: 10; link: 2 duration 1
[DEBUG] done reg allocation
[DEBUG] occupy link[9]-->[10] (bypass:0) dfgNode: 52 at cycle 3
[DEBUG] skip predecessor routing -- dfgNode: 52
[DEBUG] in shareSameCycle is true: node 0
[DEBUG] tryToRoute -- srcDFGNode: 0, srcCGRANode: 10; dstDFGNode: 33, dstCGRANode: 5; backEdge: 1
[DEBUG] in shareSameCycle is true: node 33
[DEBUG] check route size: 3
[DEBUG] occupy link[10]-->[6] (bypass:1) dfgNode: 0 at cycle 4
[DEBUG] reset duration: 15 t_dstCycle: 0 previous: 5 II: 20
[DEBUG] in allocateReg() t_cycle: 5; i: 0 CGRA node: 5; link: 3 duration 15
[DEBUG] done reg allocation
[DEBUG] occupy link[6]-->[5] (bypass:0) dfgNode: 0 at cycle 5
[DEBUG] in shareSameCycle is true: node 0
[DEBUG] tryToRoute -- srcDFGNode: 0, srcCGRANode: 10; dstDFGNode: 51, dstCGRANode: 10; backEdge: 1
[DEBUG] in shareSameCycle is true: node 51
[DEBUG] check route size: 1
[DEBUG] allocate for local reg maintain... duration=18 last cycle: 4
[DEBUG] in allocateReg() t_cycle: 4; i: 1 CGRA node: 10; link: 4 duration 18
[DEBUG] done reg allocation
[DEBUG] success in schedule()
[DEBUG] schedule dfg node[1] onto fu[14] at cycle 5 within II: 20
[DEBUG] setDFGNode 1 onto CGRANode 14 at cycle: 5
[DEBUG] in allocateReg() t_cycle: 4; i: 0 CGRA node: 14; link: 1 duration 1
[DEBUG] done reg allocation
[DEBUG] occupy link[10]-->[14] (bypass:0) dfgNode: 0 at cycle 4
[DEBUG] skip predecessor routing -- dfgNode: 0
[DEBUG] success in schedule()
[DEBUG] schedule dfg node[4] onto fu[6] at cycle 5 within II: 20
[DEBUG] setDFGNode 4 onto CGRANode 6 at cycle: 5
[DEBUG] in allocateReg() t_cycle: 4; i: 0 CGRA node: 6; link: 0 duration 1
[DEBUG] done reg allocation
[DEBUG] occupy link[10]-->[6] (bypass:0) dfgNode: 0 at cycle 4
[DEBUG] skip predecessor routing -- dfgNode: 0
[DEBUG] success in schedule()
[DEBUG] schedule dfg node[8] onto fu[9] at cycle 5 within II: 20
[DEBUG] setDFGNode 8 onto CGRANode 9 at cycle: 5
[DEBUG] in allocateReg() t_cycle: 4; i: 0 CGRA node: 9; link: 3 duration 1
[DEBUG] done reg allocation
[DEBUG] occupy link[10]-->[9] (bypass:0) dfgNode: 0 at cycle 4
[DEBUG] skip predecessor routing -- dfgNode: 0
[DEBUG] success in schedule()
[DEBUG] schedule dfg node[16] onto fu[5] at cycle 6 within II: 20
[DEBUG] setDFGNode 16 onto CGRANode 5 at cycle: 6
[DEBUG] occupy link[10]-->[6] (bypass:1) dfgNode: 0 at cycle 4
[DEBUG] in allocateReg() t_cycle: 5; i: 1 CGRA node: 5; link: 3 duration 1
[DEBUG] done reg allocation
[DEBUG] occupy link[6]-->[5] (bypass:0) dfgNode: 0 at cycle 5
[DEBUG] skip predecessor routing -- dfgNode: 0
[DEBUG] success in schedule()
[DEBUG] schedule dfg node[24] onto fu[10] at cycle 5 within II: 20
[DEBUG] setDFGNode 24 onto CGRANode 10 at cycle: 5
[DEBUG] tryToRoute -- srcDFGNode: 0, srcCGRANode: 10; dstDFGNode: 24, dstCGRANode: 10; backEdge: 0
[DEBUG] check route size: 1
[DEBUG] allocate for local reg maintain... duration=1 last cycle: 4
[DEBUG] in allocateReg() t_cycle: 4; i: 0 CGRA node: 10; link: 4 duration 1
[DEBUG] done reg allocation
[DEBUG] success in schedule()
[DEBUG] schedule dfg node[32] onto fu[13] at cycle 6 within II: 20
[DEBUG] setDFGNode 32 onto CGRANode 13 at cycle: 6
[DEBUG] occupy link[10]-->[9] (bypass:1) dfgNode: 0 at cycle 4
[DEBUG] in allocateReg() t_cycle: 5; i: 0 CGRA node: 13; link: 1 duration 1
[DEBUG] done reg allocation
[DEBUG] occupy link[9]-->[13] (bypass:0) dfgNode: 0 at cycle 5
[DEBUG] skip predecessor routing -- dfgNode: 0
[DEBUG] success in schedule()
[DEBUG] schedule dfg node[42] onto fu[2] at cycle 6 within II: 20
[DEBUG] setDFGNode 42 onto CGRANode 2 at cycle: 6
[DEBUG] occupy link[10]-->[6] (bypass:1) dfgNode: 0 at cycle 4
[DEBUG] in allocateReg() t_cycle: 5; i: 0 CGRA node: 2; link: 0 duration 1
[DEBUG] done reg allocation
[DEBUG] occupy link[6]-->[2] (bypass:0) dfgNode: 0 at cycle 5
[DEBUG] skip predecessor routing -- dfgNode: 0
[DEBUG] tryToRoute -- srcDFGNode: 34, srcCGRANode: 6; dstDFGNode: 42, dstCGRANode: 2; backEdge: 0
[DEBUG] check route size: 2
[DEBUG] reset duration: 5 t_dstCycle: 6 previous: 1 II: 20
[DEBUG] in allocateReg() t_cycle: 1; i: 1 CGRA node: 2; link: 0 duration 5
[DEBUG] done reg allocation
[DEBUG] occupy link[6]-->[2] (bypass:0) dfgNode: 34 at cycle 1
[DEBUG] success in schedule()
[DEBUG] schedule dfg node[50] onto fu[1] at cycle 7 within II: 20
[DEBUG] setDFGNode 50 onto CGRANode 1 at cycle: 7
[DEBUG] occupy link[10]-->[6] (bypass:1) dfgNode: 0 at cycle 4
[DEBUG] occupy link[6]-->[2] (bypass:1) dfgNode: 0 at cycle 5
[DEBUG] in allocateReg() t_cycle: 6; i: 0 CGRA node: 1; link: 3 duration 1
[DEBUG] done reg allocation
[DEBUG] occupy link[2]-->[1] (bypass:0) dfgNode: 0 at cycle 6
[DEBUG] skip predecessor routing -- dfgNode: 0
[DEBUG] tryToRoute -- srcDFGNode: 34, srcCGRANode: 6; dstDFGNode: 50, dstCGRANode: 1; backEdge: 0
[DEBUG] in shareSameCycle is true: node 50
[DEBUG] cannot route due to II is violated for backward cycle
DEBUG target DFG node: 50 on fu: 1 failed, mapped pred DFG node: 34; return false
[DEBUG] fail1 in schedule() II: 20
[DEBUG] the failed path -- cycle: 7 CGRANode: 1
[DEBUG] the failed path -- cycle: 6 CGRANode: 2
[DEBUG] the failed path -- cycle: 5 CGRANode: 6
[DEBUG] the failed path -- cycle: 4 CGRANode: 10
----------------------------------------
[DEBUG] start heuristic algorithm with II=21
[DEBUG] schedule dfg node[33] onto fu[5] at cycle 0 within II: 21
[DEBUG] setDFGNode 33 onto CGRANode 5 at cycle: 0
[DEBUG] success in schedule()
[DEBUG] schedule dfg node[34] onto fu[6] at cycle 1 within II: 21
[DEBUG] setDFGNode 34 onto CGRANode 6 at cycle: 1
[DEBUG] in allocateReg() t_cycle: 0; i: 0 CGRA node: 6; link: 2 duration 1
[DEBUG] done reg allocation
[DEBUG] occupy link[5]-->[6] (bypass:0) dfgNode: 33 at cycle 0
[DEBUG] skip predecessor routing -- dfgNode: 33
[DEBUG] success in schedule()
[DEBUG] schedule dfg node[51] onto fu[10] at cycle 2 within II: 21
[DEBUG] setDFGNode 51 onto CGRANode 10 at cycle: 2
[DEBUG] in allocateReg() t_cycle: 1; i: 0 CGRA node: 10; link: 1 duration 1
[DEBUG] done reg allocation
[DEBUG] occupy link[6]-->[10] (bypass:0) dfgNode: 34 at cycle 1
[DEBUG] skip predecessor routing -- dfgNode: 34
[DEBUG] success in schedule()
[DEBUG] schedule dfg node[52] onto fu[9] at cycle 3 within II: 21
[DEBUG] setDFGNode 52 onto CGRANode 9 at cycle: 3
[DEBUG] in allocateReg() t_cycle: 2; i: 0 CGRA node: 9; link: 3 duration 1
[DEBUG] done reg allocation
[DEBUG] occupy link[10]-->[9] (bypass:0) dfgNode: 51 at cycle 2
[DEBUG] skip predecessor routing -- dfgNode: 51
[DEBUG] success in schedule()
[DEBUG] schedule dfg node[0] onto fu[10] at cycle 4 within II: 21
[DEBUG] setDFGNode 0 onto CGRANode 10 at cycle: 4
[DEBUG] in allocateReg() t_cycle: 3; i: 0 CGRA node: 10; link: 2 duration 1
[DEBUG] done reg allocation
[DEBUG] occupy link[9]-->[10] (bypass:0) dfgNode: 52 at cycle 3
[DEBUG] skip predecessor routing -- dfgNode: 52
[DEBUG] in shareSameCycle is true: node 0
[DEBUG] tryToRoute -- srcDFGNode: 0, srcCGRANode: 10; dstDFGNode: 33, dstCGRANode: 5; backEdge: 1
[DEBUG] in shareSameCycle is true: node 33
[DEBUG] check route size: 3
[DEBUG] occupy link[10]-->[6] (bypass:1) dfgNode: 0 at cycle 4
[DEBUG] reset duration: 16 t_dstCycle: 0 previous: 5 II: 21
[DEBUG] in allocateReg() t_cycle: 5; i: 0 CGRA node: 5; link: 3 duration 16
[DEBUG] done reg allocation
[DEBUG] occupy link[6]-->[5] (bypass:0) dfgNode: 0 at cycle 5
[DEBUG] in shareSameCycle is true: node 0
[DEBUG] tryToRoute -- srcDFGNode: 0, srcCGRANode: 10; dstDFGNode: 51, dstCGRANode: 10; backEdge: 1
[DEBUG] in shareSameCycle is true: node 51
[DEBUG] check route size: 1
[DEBUG] allocate for local reg maintain... duration=19 last cycle: 4
[DEBUG] in allocateReg() t_cycle: 4; i: 1 CGRA node: 10; link: 4 duration 19
[DEBUG] done reg allocation
[DEBUG] success in schedule()
[DEBUG] schedule dfg node[1] onto fu[14] at cycle 5 within II: 21
[DEBUG] setDFGNode 1 onto CGRANode 14 at cycle: 5
[DEBUG] in allocateReg() t_cycle: 4; i: 0 CGRA node: 14; link: 1 duration 1
[DEBUG] done reg allocation
[DEBUG] occupy link[10]-->[14] (bypass:0) dfgNode: 0 at cycle 4
[DEBUG] skip predecessor routing -- dfgNode: 0
[DEBUG] success in schedule()
[DEBUG] schedule dfg node[4] onto fu[6] at cycle 5 within II: 21
[DEBUG] setDFGNode 4 onto CGRANode 6 at cycle: 5
[DEBUG] in allocateReg() t_cycle: 4; i: 0 CGRA node: 6; link: 0 duration 1
[DEBUG] done reg allocation
[DEBUG] occupy link[10]-->[6] (bypass:0) dfgNode: 0 at cycle 4
[DEBUG] skip predecessor routing -- dfgNode: 0
[DEBUG] success in schedule()
[DEBUG] schedule dfg node[8] onto fu[9] at cycle 5 within II: 21
[DEBUG] setDFGNode 8 onto CGRANode 9 at cycle: 5
[DEBUG] in allocateReg() t_cycle: 4; i: 0 CGRA node: 9; link: 3 duration 1
[DEBUG] done reg allocation
[DEBUG] occupy link[10]-->[9] (bypass:0) dfgNode: 0 at cycle 4
[DEBUG] skip predecessor routing -- dfgNode: 0
[DEBUG] success in schedule()
[DEBUG] schedule dfg node[16] onto fu[5] at cycle 6 within II: 21
[DEBUG] setDFGNode 16 onto CGRANode 5 at cycle: 6
[DEBUG] occupy link[10]-->[6] (bypass:1) dfgNode: 0 at cycle 4
[DEBUG] in allocateReg() t_cycle: 5; i: 1 CGRA node: 5; link: 3 duration 1
[DEBUG] done reg allocation
[DEBUG] occupy link[6]-->[5] (bypass:0) dfgNode: 0 at cycle 5
[DEBUG] skip predecessor routing -- dfgNode: 0
[DEBUG] success in schedule()
[DEBUG] schedule dfg node[24] onto fu[10] at cycle 5 within II: 21
[DEBUG] setDFGNode 24 onto CGRANode 10 at cycle: 5
[DEBUG] tryToRoute -- srcDFGNode: 0, srcCGRANode: 10; dstDFGNode: 24, dstCGRANode: 10; backEdge: 0
[DEBUG] check route size: 1
[DEBUG] allocate for local reg maintain... duration=1 last cycle: 4
[DEBUG] in allocateReg() t_cycle: 4; i: 0 CGRA node: 10; link: 4 duration 1
[DEBUG] done reg allocation
[DEBUG] success in schedule()
[DEBUG] schedule dfg node[32] onto fu[13] at cycle 6 within II: 21
[DEBUG] setDFGNode 32 onto CGRANode 13 at cycle: 6
[DEBUG] occupy link[10]-->[9] (bypass:1) dfgNode: 0 at cycle 4
[DEBUG] in allocateReg() t_cycle: 5; i: 0 CGRA node: 13; link: 1 duration 1
[DEBUG] done reg allocation
[DEBUG] occupy link[9]-->[13] (bypass:0) dfgNode: 0 at cycle 5
[DEBUG] skip predecessor routing -- dfgNode: 0
[DEBUG] success in schedule()
[DEBUG] schedule dfg node[42] onto fu[2] at cycle 6 within II: 21
[DEBUG] setDFGNode 42 onto CGRANode 2 at cycle: 6
[DEBUG] occupy link[10]-->[6] (bypass:1) dfgNode: 0 at cycle 4
[DEBUG] in allocateReg() t_cycle: 5; i: 0 CGRA node: 2; link: 0 duration 1
[DEBUG] done reg allocation
[DEBUG] occupy link[6]-->[2] (bypass:0) dfgNode: 0 at cycle 5
[DEBUG] skip predecessor routing -- dfgNode: 0
[DEBUG] tryToRoute -- srcDFGNode: 34, srcCGRANode: 6; dstDFGNode: 42, dstCGRANode: 2; backEdge: 0
[DEBUG] check route size: 2
[DEBUG] reset duration: 5 t_dstCycle: 6 previous: 1 II: 21
[DEBUG] in allocateReg() t_cycle: 1; i: 1 CGRA node: 2; link: 0 duration 5
[DEBUG] done reg allocation
[DEBUG] occupy link[6]-->[2] (bypass:0) dfgNode: 34 at cycle 1
[DEBUG] success in schedule()
[DEBUG] schedule dfg node[50] onto fu[1] at cycle 7 within II: 21
[DEBUG] setDFGNode 50 onto CGRANode 1 at cycle: 7
[DEBUG] occupy link[10]-->[6] (bypass:1) dfgNode: 0 at cycle 4
[DEBUG] occupy link[6]-->[2] (bypass:1) dfgNode: 0 at cycle 5
[DEBUG] in allocateReg() t_cycle: 6; i: 0 CGRA node: 1; link: 3 duration 1
[DEBUG] done reg allocation
[DEBUG] occupy link[2]-->[1] (bypass:0) dfgNode: 0 at cycle 6
[DEBUG] skip predecessor routing -- dfgNode: 0
[DEBUG] tryToRoute -- srcDFGNode: 34, srcCGRANode: 6; dstDFGNode: 50, dstCGRANode: 1; backEdge: 0
[DEBUG] in shareSameCycle is true: node 50
[DEBUG] cannot route due to II is violated for backward cycle
DEBUG target DFG node: 50 on fu: 1 failed, mapped pred DFG node: 34; return false
[DEBUG] fail1 in schedule() II: 21
[DEBUG] the failed path -- cycle: 7 CGRANode: 1
[DEBUG] the failed path -- cycle: 6 CGRANode: 2
[DEBUG] the failed path -- cycle: 5 CGRANode: 6
[DEBUG] the failed path -- cycle: 4 CGRANode: 10
----------------------------------------
[DEBUG] start heuristic algorithm with II=22
[DEBUG] schedule dfg node[33] onto fu[9] at cycle 0 within II: 22
[DEBUG] setDFGNode 33 onto CGRANode 9 at cycle: 0
[DEBUG] success in schedule()
[DEBUG] schedule dfg node[34] onto fu[10] at cycle 1 within II: 22
[DEBUG] setDFGNode 34 onto CGRANode 10 at cycle: 1
[DEBUG] in allocateReg() t_cycle: 0; i: 0 CGRA node: 10; link: 2 duration 1
[DEBUG] done reg allocation
[DEBUG] occupy link[9]-->[10] (bypass:0) dfgNode: 33 at cycle 0
[DEBUG] skip predecessor routing -- dfgNode: 33
[DEBUG] success in schedule()
[DEBUG] schedule dfg node[51] onto fu[6] at cycle 2 within II: 22
[DEBUG] setDFGNode 51 onto CGRANode 6 at cycle: 2
[DEBUG] in allocateReg() t_cycle: 1; i: 0 CGRA node: 6; link: 0 duration 1
[DEBUG] done reg allocation
[DEBUG] occupy link[10]-->[6] (bypass:0) dfgNode: 34 at cycle 1
[DEBUG] skip predecessor routing -- dfgNode: 34
[DEBUG] success in schedule()
[DEBUG] schedule dfg node[52] onto fu[5] at cycle 3 within II: 22
[DEBUG] setDFGNode 52 onto CGRANode 5 at cycle: 3
[DEBUG] in allocateReg() t_cycle: 2; i: 0 CGRA node: 5; link: 3 duration 1
[DEBUG] done reg allocation
[DEBUG] occupy link[6]-->[5] (bypass:0) dfgNode: 51 at cycle 2
[DEBUG] skip predecessor routing -- dfgNode: 51
[DEBUG] success in schedule()
[DEBUG] schedule dfg node[0] onto fu[10] at cycle 5 within II: 22
[DEBUG] setDFGNode 0 onto CGRANode 10 at cycle: 5
[DEBUG] occupy link[5]-->[6] (bypass:1) dfgNode: 52 at cycle 3
[DEBUG] in allocateReg() t_cycle: 4; i: 0 CGRA node: 10; link: 1 duration 1
[DEBUG] done reg allocation
[DEBUG] occupy link[6]-->[10] (bypass:0) dfgNode: 52 at cycle 4
[DEBUG] skip predecessor routing -- dfgNode: 52
[DEBUG] in shareSameCycle is true: node 0
[DEBUG] tryToRoute -- srcDFGNode: 0, srcCGRANode: 10; dstDFGNode: 33, dstCGRANode: 9; backEdge: 1
[DEBUG] in shareSameCycle is true: node 33
[DEBUG] check route size: 2
[DEBUG] reset duration: 17 t_dstCycle: 0 previous: 5 II: 22
[DEBUG] in allocateReg() t_cycle: 5; i: 0 CGRA node: 9; link: 3 duration 17
[DEBUG] done reg allocation
[DEBUG] occupy link[10]-->[9] (bypass:0) dfgNode: 0 at cycle 5
[DEBUG] in shareSameCycle is true: node 0
[DEBUG] tryToRoute -- srcDFGNode: 0, srcCGRANode: 10; dstDFGNode: 51, dstCGRANode: 6; backEdge: 1
[DEBUG] in shareSameCycle is true: node 51
[DEBUG] check route size: 2
[DEBUG] reset duration: 19 t_dstCycle: 2 previous: 5 II: 22
[DEBUG] in allocateReg() t_cycle: 5; i: 1 CGRA node: 6; link: 0 duration 19
[DEBUG] done reg allocation
[DEBUG] occupy link[10]-->[6] (bypass:0) dfgNode: 0 at cycle 5
[DEBUG] success in schedule()
[DEBUG] schedule dfg node[1] onto fu[2] at cycle 7 within II: 22
[DEBUG] setDFGNode 1 onto CGRANode 2 at cycle: 7
[DEBUG] occupy link[10]-->[6] (bypass:1) dfgNode: 0 at cycle 5
[DEBUG] in allocateReg() t_cycle: 6; i: 0 CGRA node: 2; link: 0 duration 1
[DEBUG] done reg allocation
[DEBUG] occupy link[6]-->[2] (bypass:0) dfgNode: 0 at cycle 6
[DEBUG] skip predecessor routing -- dfgNode: 0
[DEBUG] success in schedule()
[DEBUG] schedule dfg node[4] onto fu[13] at cycle 7 within II: 22
[DEBUG] setDFGNode 4 onto CGRANode 13 at cycle: 7
[DEBUG] occupy link[10]-->[9] (bypass:1) dfgNode: 0 at cycle 5
[DEBUG] in allocateReg() t_cycle: 6; i: 0 CGRA node: 13; link: 1 duration 1
[DEBUG] done reg allocation
[DEBUG] occupy link[9]-->[13] (bypass:0) dfgNode: 0 at cycle 6
[DEBUG] skip predecessor routing -- dfgNode: 0
[DEBUG] success in schedule()
[DEBUG] schedule dfg node[8] onto fu[6] at cycle 6 within II: 22
[DEBUG] setDFGNode 8 onto CGRANode 6 at cycle: 6
[DEBUG] in allocateReg() t_cycle: 5; i: 0 CGRA node: 6; link: 0 duration 1
[DEBUG] done reg allocation
[DEBUG] occupy link[10]-->[6] (bypass:0) dfgNode: 0 at cycle 5
[DEBUG] skip predecessor routing -- dfgNode: 0
[DEBUG] success in schedule()
[DEBUG] schedule dfg node[16] onto fu[9] at cycle 6 within II: 22
[DEBUG] setDFGNode 16 onto CGRANode 9 at cycle: 6
[DEBUG] in allocateReg() t_cycle: 5; i: 1 CGRA node: 9; link: 3 duration 1
[DEBUG] done reg allocation
[DEBUG] occupy link[10]-->[9] (bypass:0) dfgNode: 0 at cycle 5
[DEBUG] skip predecessor routing -- dfgNode: 0
[DEBUG] success in schedule()
[DEBUG] schedule dfg node[24] onto fu[14] at cycle 6 within II: 22
[DEBUG] setDFGNode 24 onto CGRANode 14 at cycle: 6
[DEBUG] in allocateReg() t_cycle: 5; i: 0 CGRA node: 14; link: 1 duration 1
[DEBUG] done reg allocation
[DEBUG] occupy link[10]-->[14] (bypass:0) dfgNode: 0 at cycle 5
[DEBUG] skip predecessor routing -- dfgNode: 0
[DEBUG] success in schedule()
[DEBUG] schedule dfg node[32] onto fu[5] at cycle 7 within II: 22
[DEBUG] setDFGNode 32 onto CGRANode 5 at cycle: 7
[DEBUG] occupy link[10]-->[6] (bypass:1) dfgNode: 0 at cycle 5
[DEBUG] in allocateReg() t_cycle: 6; i: 0 CGRA node: 5; link: 3 duration 1
[DEBUG] done reg allocation
[DEBUG] occupy link[6]-->[5] (bypass:0) dfgNode: 0 at cycle 6
[DEBUG] skip predecessor routing -- dfgNode: 0
[DEBUG] success in schedule()
[DEBUG] schedule dfg node[42] onto fu[10] at cycle 6 within II: 22
[DEBUG] setDFGNode 42 onto CGRANode 10 at cycle: 6
[DEBUG] tryToRoute -- srcDFGNode: 0, srcCGRANode: 10; dstDFGNode: 42, dstCGRANode: 10; backEdge: 0
[DEBUG] check route size: 1
[DEBUG] allocate for local reg maintain... duration=1 last cycle: 5
[DEBUG] in allocateReg() t_cycle: 5; i: 0 CGRA node: 10; link: 4 duration 1
[DEBUG] done reg allocation
[DEBUG] tryToRoute -- srcDFGNode: 34, srcCGRANode: 10; dstDFGNode: 42, dstCGRANode: 10; backEdge: 0
[DEBUG] check route size: 1
[DEBUG] allocate for local reg maintain... duration=5 last cycle: 1
[DEBUG] in allocateReg() t_cycle: 1; i: 1 CGRA node: 10; link: 4 duration 5
[DEBUG] done reg allocation
[DEBUG] success in schedule()
[DEBUG] schedule dfg node[50] onto fu[1] at cycle 8 within II: 22
[DEBUG] setDFGNode 50 onto CGRANode 1 at cycle: 8
[DEBUG] occupy link[10]-->[6] (bypass:1) dfgNode: 0 at cycle 5
[DEBUG] occupy link[6]-->[2] (bypass:1) dfgNode: 0 at cycle 6
[DEBUG] in allocateReg() t_cycle: 7; i: 0 CGRA node: 1; link: 3 duration 1
[DEBUG] done reg allocation
[DEBUG] occupy link[2]-->[1] (bypass:0) dfgNode: 0 at cycle 7
[DEBUG] skip predecessor routing -- dfgNode: 0
[DEBUG] tryToRoute -- srcDFGNode: 34, srcCGRANode: 10; dstDFGNode: 50, dstCGRANode: 1; backEdge: 0
[DEBUG] in shareSameCycle is true: node 50
[DEBUG] cannot route due to II is violated for backward cycle
DEBUG target DFG node: 50 on fu: 1 failed, mapped pred DFG node: 34; return false
[DEBUG] fail1 in schedule() II: 22
[DEBUG] the failed path -- cycle: 8 CGRANode: 1
[DEBUG] the failed path -- cycle: 7 CGRANode: 2
[DEBUG] the failed path -- cycle: 6 CGRANode: 6
[DEBUG] the failed path -- cycle: 5 CGRANode: 10
----------------------------------------
[DEBUG] start heuristic algorithm with II=23
[DEBUG] schedule dfg node[33] onto fu[6] at cycle 0 within II: 23
[DEBUG] setDFGNode 33 onto CGRANode 6 at cycle: 0
[DEBUG] success in schedule()
[DEBUG] schedule dfg node[34] onto fu[10] at cycle 1 within II: 23
[DEBUG] setDFGNode 34 onto CGRANode 10 at cycle: 1
[DEBUG] in allocateReg() t_cycle: 0; i: 0 CGRA node: 10; link: 1 duration 1
[DEBUG] done reg allocation
[DEBUG] occupy link[6]-->[10] (bypass:0) dfgNode: 33 at cycle 0
[DEBUG] skip predecessor routing -- dfgNode: 33
[DEBUG] success in schedule()
[DEBUG] schedule dfg node[51] onto fu[9] at cycle 2 within II: 23
[DEBUG] setDFGNode 51 onto CGRANode 9 at cycle: 2
[DEBUG] in allocateReg() t_cycle: 1; i: 0 CGRA node: 9; link: 3 duration 1
[DEBUG] done reg allocation
[DEBUG] occupy link[10]-->[9] (bypass:0) dfgNode: 34 at cycle 1
[DEBUG] skip predecessor routing -- dfgNode: 34
[DEBUG] success in schedule()
[DEBUG] schedule dfg node[52] onto fu[5] at cycle 3 within II: 23
[DEBUG] setDFGNode 52 onto CGRANode 5 at cycle: 3
[DEBUG] in allocateReg() t_cycle: 2; i: 0 CGRA node: 5; link: 0 duration 1
[DEBUG] done reg allocation
[DEBUG] occupy link[9]-->[5] (bypass:0) dfgNode: 51 at cycle 2
[DEBUG] skip predecessor routing -- dfgNode: 51
[DEBUG] success in schedule()
[DEBUG] schedule dfg node[0] onto fu[10] at cycle 5 within II: 23
[DEBUG] setDFGNode 0 onto CGRANode 10 at cycle: 5
[DEBUG] occupy link[5]-->[6] (bypass:1) dfgNode: 52 at cycle 3
[DEBUG] in allocateReg() t_cycle: 4; i: 0 CGRA node: 10; link: 1 duration 1
[DEBUG] done reg allocation
[DEBUG] occupy link[6]-->[10] (bypass:0) dfgNode: 52 at cycle 4
[DEBUG] skip predecessor routing -- dfgNode: 52
[DEBUG] in shareSameCycle is true: node 0
[DEBUG] tryToRoute -- srcDFGNode: 0, srcCGRANode: 10; dstDFGNode: 33, dstCGRANode: 6; backEdge: 1
[DEBUG] in shareSameCycle is true: node 33
[DEBUG] check route size: 2
[DEBUG] reset duration: 18 t_dstCycle: 0 previous: 5 II: 23
[DEBUG] in allocateReg() t_cycle: 5; i: 0 CGRA node: 6; link: 0 duration 18
[DEBUG] done reg allocation
[DEBUG] occupy link[10]-->[6] (bypass:0) dfgNode: 0 at cycle 5
[DEBUG] in shareSameCycle is true: node 0
[DEBUG] tryToRoute -- srcDFGNode: 0, srcCGRANode: 10; dstDFGNode: 51, dstCGRANode: 9; backEdge: 1
[DEBUG] in shareSameCycle is true: node 51
[DEBUG] check route size: 2
[DEBUG] reset duration: 20 t_dstCycle: 2 previous: 5 II: 23
[DEBUG] in allocateReg() t_cycle: 5; i: 1 CGRA node: 9; link: 3 duration 20
[DEBUG] done reg allocation
[DEBUG] occupy link[10]-->[9] (bypass:0) dfgNode: 0 at cycle 5
[DEBUG] success in schedule()
[DEBUG] schedule dfg node[1] onto fu[2] at cycle 7 within II: 23
[DEBUG] setDFGNode 1 onto CGRANode 2 at cycle: 7
[DEBUG] occupy link[10]-->[6] (bypass:1) dfgNode: 0 at cycle 5
[DEBUG] in allocateReg() t_cycle: 6; i: 0 CGRA node: 2; link: 0 duration 1
[DEBUG] done reg allocation
[DEBUG] occupy link[6]-->[2] (bypass:0) dfgNode: 0 at cycle 6
[DEBUG] skip predecessor routing -- dfgNode: 0
[DEBUG] success in schedule()
[DEBUG] schedule dfg node[4] onto fu[13] at cycle 7 within II: 23
[DEBUG] setDFGNode 4 onto CGRANode 13 at cycle: 7
[DEBUG] occupy link[10]-->[9] (bypass:1) dfgNode: 0 at cycle 5
[DEBUG] in allocateReg() t_cycle: 6; i: 0 CGRA node: 13; link: 1 duration 1
[DEBUG] done reg allocation
[DEBUG] occupy link[9]-->[13] (bypass:0) dfgNode: 0 at cycle 6
[DEBUG] skip predecessor routing -- dfgNode: 0
[DEBUG] success in schedule()
[DEBUG] schedule dfg node[8] onto fu[6] at cycle 6 within II: 23
[DEBUG] setDFGNode 8 onto CGRANode 6 at cycle: 6
[DEBUG] in allocateReg() t_cycle: 5; i: 1 CGRA node: 6; link: 0 duration 1
[DEBUG] done reg allocation
[DEBUG] occupy link[10]-->[6] (bypass:0) dfgNode: 0 at cycle 5
[DEBUG] skip predecessor routing -- dfgNode: 0
[DEBUG] success in schedule()
[DEBUG] schedule dfg node[16] onto fu[9] at cycle 6 within II: 23
[DEBUG] setDFGNode 16 onto CGRANode 9 at cycle: 6
[DEBUG] in allocateReg() t_cycle: 5; i: 0 CGRA node: 9; link: 3 duration 1
[DEBUG] done reg allocation
[DEBUG] occupy link[10]-->[9] (bypass:0) dfgNode: 0 at cycle 5
[DEBUG] skip predecessor routing -- dfgNode: 0
[DEBUG] success in schedule()
[DEBUG] schedule dfg node[24] onto fu[14] at cycle 6 within II: 23
[DEBUG] setDFGNode 24 onto CGRANode 14 at cycle: 6
[DEBUG] in allocateReg() t_cycle: 5; i: 0 CGRA node: 14; link: 1 duration 1
[DEBUG] done reg allocation
[DEBUG] occupy link[10]-->[14] (bypass:0) dfgNode: 0 at cycle 5
[DEBUG] skip predecessor routing -- dfgNode: 0
[DEBUG] success in schedule()
[DEBUG] schedule dfg node[32] onto fu[5] at cycle 7 within II: 23
[DEBUG] setDFGNode 32 onto CGRANode 5 at cycle: 7
[DEBUG] occupy link[10]-->[6] (bypass:1) dfgNode: 0 at cycle 5
[DEBUG] in allocateReg() t_cycle: 6; i: 0 CGRA node: 5; link: 3 duration 1
[DEBUG] done reg allocation
[DEBUG] occupy link[6]-->[5] (bypass:0) dfgNode: 0 at cycle 6
[DEBUG] skip predecessor routing -- dfgNode: 0
[DEBUG] success in schedule()
[DEBUG] schedule dfg node[42] onto fu[10] at cycle 6 within II: 23
[DEBUG] setDFGNode 42 onto CGRANode 10 at cycle: 6
[DEBUG] tryToRoute -- srcDFGNode: 0, srcCGRANode: 10; dstDFGNode: 42, dstCGRANode: 10; backEdge: 0
[DEBUG] check route size: 1
[DEBUG] allocate for local reg maintain... duration=1 last cycle: 5
[DEBUG] in allocateReg() t_cycle: 5; i: 0 CGRA node: 10; link: 4 duration 1
[DEBUG] done reg allocation
[DEBUG] tryToRoute -- srcDFGNode: 34, srcCGRANode: 10; dstDFGNode: 42, dstCGRANode: 10; backEdge: 0
[DEBUG] check route size: 1
[DEBUG] allocate for local reg maintain... duration=5 last cycle: 1
[DEBUG] in allocateReg() t_cycle: 1; i: 1 CGRA node: 10; link: 4 duration 5
[DEBUG] done reg allocation
[DEBUG] success in schedule()
[DEBUG] schedule dfg node[50] onto fu[1] at cycle 8 within II: 23
[DEBUG] setDFGNode 50 onto CGRANode 1 at cycle: 8
[DEBUG] occupy link[10]-->[6] (bypass:1) dfgNode: 0 at cycle 5
[DEBUG] occupy link[6]-->[2] (bypass:1) dfgNode: 0 at cycle 6
[DEBUG] in allocateReg() t_cycle: 7; i: 0 CGRA node: 1; link: 3 duration 1
[DEBUG] done reg allocation
[DEBUG] occupy link[2]-->[1] (bypass:0) dfgNode: 0 at cycle 7
[DEBUG] skip predecessor routing -- dfgNode: 0
[DEBUG] tryToRoute -- srcDFGNode: 34, srcCGRANode: 10; dstDFGNode: 50, dstCGRANode: 1; backEdge: 0
[DEBUG] in shareSameCycle is true: node 50
[DEBUG] cannot route due to II is violated for backward cycle
DEBUG target DFG node: 50 on fu: 1 failed, mapped pred DFG node: 34; return false
[DEBUG] fail1 in schedule() II: 23
[DEBUG] the failed path -- cycle: 8 CGRANode: 1
[DEBUG] the failed path -- cycle: 7 CGRANode: 2
[DEBUG] the failed path -- cycle: 6 CGRANode: 6
[DEBUG] the failed path -- cycle: 5 CGRANode: 10
----------------------------------------
[DEBUG] start heuristic algorithm with II=24
[DEBUG] schedule dfg node[33] onto fu[5] at cycle 0 within II: 24
[DEBUG] setDFGNode 33 onto CGRANode 5 at cycle: 0
[DEBUG] success in schedule()
[DEBUG] schedule dfg node[34] onto fu[6] at cycle 1 within II: 24
[DEBUG] setDFGNode 34 onto CGRANode 6 at cycle: 1
[DEBUG] in allocateReg() t_cycle: 0; i: 0 CGRA node: 6; link: 2 duration 1
[DEBUG] done reg allocation
[DEBUG] occupy link[5]-->[6] (bypass:0) dfgNode: 33 at cycle 0
[DEBUG] skip predecessor routing -- dfgNode: 33
[DEBUG] success in schedule()
[DEBUG] schedule dfg node[51] onto fu[10] at cycle 2 within II: 24
[DEBUG] setDFGNode 51 onto CGRANode 10 at cycle: 2
[DEBUG] in allocateReg() t_cycle: 1; i: 0 CGRA node: 10; link: 1 duration 1
[DEBUG] done reg allocation
[DEBUG] occupy link[6]-->[10] (bypass:0) dfgNode: 34 at cycle 1
[DEBUG] skip predecessor routing -- dfgNode: 34
[DEBUG] success in schedule()
[DEBUG] schedule dfg node[52] onto fu[9] at cycle 3 within II: 24
[DEBUG] setDFGNode 52 onto CGRANode 9 at cycle: 3
[DEBUG] in allocateReg() t_cycle: 2; i: 0 CGRA node: 9; link: 3 duration 1
[DEBUG] done reg allocation
[DEBUG] occupy link[10]-->[9] (bypass:0) dfgNode: 51 at cycle 2
[DEBUG] skip predecessor routing -- dfgNode: 51
[DEBUG] success in schedule()
[DEBUG] schedule dfg node[0] onto fu[10] at cycle 4 within II: 24
[DEBUG] setDFGNode 0 onto CGRANode 10 at cycle: 4
[DEBUG] in allocateReg() t_cycle: 3; i: 0 CGRA node: 10; link: 2 duration 1
[DEBUG] done reg allocation
[DEBUG] occupy link[9]-->[10] (bypass:0) dfgNode: 52 at cycle 3
[DEBUG] skip predecessor routing -- dfgNode: 52
[DEBUG] in shareSameCycle is true: node 0
[DEBUG] tryToRoute -- srcDFGNode: 0, srcCGRANode: 10; dstDFGNode: 33, dstCGRANode: 5; backEdge: 1
[DEBUG] in shareSameCycle is true: node 33
[DEBUG] check route size: 3
[DEBUG] occupy link[10]-->[6] (bypass:1) dfgNode: 0 at cycle 4
[DEBUG] reset duration: 19 t_dstCycle: 0 previous: 5 II: 24
[DEBUG] in allocateReg() t_cycle: 5; i: 0 CGRA node: 5; link: 3 duration 19
[DEBUG] done reg allocation
[DEBUG] occupy link[6]-->[5] (bypass:0) dfgNode: 0 at cycle 5
[DEBUG] in shareSameCycle is true: node 0
[DEBUG] tryToRoute -- srcDFGNode: 0, srcCGRANode: 10; dstDFGNode: 51, dstCGRANode: 10; backEdge: 1
[DEBUG] in shareSameCycle is true: node 51
[DEBUG] check route size: 1
[DEBUG] allocate for local reg maintain... duration=22 last cycle: 4
[DEBUG] in allocateReg() t_cycle: 4; i: 1 CGRA node: 10; link: 4 duration 22
[DEBUG] done reg allocation
[DEBUG] success in schedule()
[DEBUG] schedule dfg node[1] onto fu[14] at cycle 5 within II: 24
[DEBUG] setDFGNode 1 onto CGRANode 14 at cycle: 5
[DEBUG] in allocateReg() t_cycle: 4; i: 0 CGRA node: 14; link: 1 duration 1
[DEBUG] done reg allocation
[DEBUG] occupy link[10]-->[14] (bypass:0) dfgNode: 0 at cycle 4
[DEBUG] skip predecessor routing -- dfgNode: 0
[DEBUG] success in schedule()
[DEBUG] schedule dfg node[4] onto fu[6] at cycle 5 within II: 24
[DEBUG] setDFGNode 4 onto CGRANode 6 at cycle: 5
[DEBUG] in allocateReg() t_cycle: 4; i: 0 CGRA node: 6; link: 0 duration 1
[DEBUG] done reg allocation
[DEBUG] occupy link[10]-->[6] (bypass:0) dfgNode: 0 at cycle 4
[DEBUG] skip predecessor routing -- dfgNode: 0
[DEBUG] success in schedule()
[DEBUG] schedule dfg node[8] onto fu[9] at cycle 5 within II: 24
[DEBUG] setDFGNode 8 onto CGRANode 9 at cycle: 5
[DEBUG] in allocateReg() t_cycle: 4; i: 0 CGRA node: 9; link: 3 duration 1
[DEBUG] done reg allocation
[DEBUG] occupy link[10]-->[9] (bypass:0) dfgNode: 0 at cycle 4
[DEBUG] skip predecessor routing -- dfgNode: 0
[DEBUG] success in schedule()
[DEBUG] schedule dfg node[16] onto fu[5] at cycle 6 within II: 24
[DEBUG] setDFGNode 16 onto CGRANode 5 at cycle: 6
[DEBUG] occupy link[10]-->[6] (bypass:1) dfgNode: 0 at cycle 4
[DEBUG] in allocateReg() t_cycle: 5; i: 1 CGRA node: 5; link: 3 duration 1
[DEBUG] done reg allocation
[DEBUG] occupy link[6]-->[5] (bypass:0) dfgNode: 0 at cycle 5
[DEBUG] skip predecessor routing -- dfgNode: 0
[DEBUG] success in schedule()
[DEBUG] schedule dfg node[24] onto fu[10] at cycle 5 within II: 24
[DEBUG] setDFGNode 24 onto CGRANode 10 at cycle: 5
[DEBUG] tryToRoute -- srcDFGNode: 0, srcCGRANode: 10; dstDFGNode: 24, dstCGRANode: 10; backEdge: 0
[DEBUG] check route size: 1
[DEBUG] allocate for local reg maintain... duration=1 last cycle: 4
[DEBUG] in allocateReg() t_cycle: 4; i: 0 CGRA node: 10; link: 4 duration 1
[DEBUG] done reg allocation
[DEBUG] success in schedule()
[DEBUG] schedule dfg node[32] onto fu[13] at cycle 6 within II: 24
[DEBUG] setDFGNode 32 onto CGRANode 13 at cycle: 6
[DEBUG] occupy link[10]-->[9] (bypass:1) dfgNode: 0 at cycle 4
[DEBUG] in allocateReg() t_cycle: 5; i: 0 CGRA node: 13; link: 1 duration 1
[DEBUG] done reg allocation
[DEBUG] occupy link[9]-->[13] (bypass:0) dfgNode: 0 at cycle 5
[DEBUG] skip predecessor routing -- dfgNode: 0
[DEBUG] success in schedule()
[DEBUG] schedule dfg node[42] onto fu[2] at cycle 6 within II: 24
[DEBUG] setDFGNode 42 onto CGRANode 2 at cycle: 6
[DEBUG] occupy link[10]-->[6] (bypass:1) dfgNode: 0 at cycle 4
[DEBUG] in allocateReg() t_cycle: 5; i: 0 CGRA node: 2; link: 0 duration 1
[DEBUG] done reg allocation
[DEBUG] occupy link[6]-->[2] (bypass:0) dfgNode: 0 at cycle 5
[DEBUG] skip predecessor routing -- dfgNode: 0
[DEBUG] tryToRoute -- srcDFGNode: 34, srcCGRANode: 6; dstDFGNode: 42, dstCGRANode: 2; backEdge: 0
[DEBUG] check route size: 2
[DEBUG] reset duration: 5 t_dstCycle: 6 previous: 1 II: 24
[DEBUG] in allocateReg() t_cycle: 1; i: 1 CGRA node: 2; link: 0 duration 5
[DEBUG] done reg allocation
[DEBUG] occupy link[6]-->[2] (bypass:0) dfgNode: 34 at cycle 1
[DEBUG] success in schedule()
[DEBUG] schedule dfg node[50] onto fu[1] at cycle 7 within II: 24
[DEBUG] setDFGNode 50 onto CGRANode 1 at cycle: 7
[DEBUG] occupy link[10]-->[6] (bypass:1) dfgNode: 0 at cycle 4
[DEBUG] occupy link[6]-->[2] (bypass:1) dfgNode: 0 at cycle 5
[DEBUG] in allocateReg() t_cycle: 6; i: 0 CGRA node: 1; link: 3 duration 1
[DEBUG] done reg allocation
[DEBUG] occupy link[2]-->[1] (bypass:0) dfgNode: 0 at cycle 6
[DEBUG] skip predecessor routing -- dfgNode: 0
[DEBUG] tryToRoute -- srcDFGNode: 34, srcCGRANode: 6; dstDFGNode: 50, dstCGRANode: 1; backEdge: 0
[DEBUG] in shareSameCycle is true: node 50
[DEBUG] cannot route due to II is violated for backward cycle
DEBUG target DFG node: 50 on fu: 1 failed, mapped pred DFG node: 34; return false
[DEBUG] fail1 in schedule() II: 24
[DEBUG] the failed path -- cycle: 7 CGRANode: 1
[DEBUG] the failed path -- cycle: 6 CGRANode: 2
[DEBUG] the failed path -- cycle: 5 CGRANode: 6
[DEBUG] the failed path -- cycle: 4 CGRANode: 10
----------------------------------------
[DEBUG] start heuristic algorithm with II=25
[DEBUG] schedule dfg node[33] onto fu[9] at cycle 0 within II: 25
[DEBUG] setDFGNode 33 onto CGRANode 9 at cycle: 0
[DEBUG] success in schedule()
[DEBUG] schedule dfg node[34] onto fu[10] at cycle 1 within II: 25
[DEBUG] setDFGNode 34 onto CGRANode 10 at cycle: 1
[DEBUG] in allocateReg() t_cycle: 0; i: 0 CGRA node: 10; link: 2 duration 1
[DEBUG] done reg allocation
[DEBUG] occupy link[9]-->[10] (bypass:0) dfgNode: 33 at cycle 0
[DEBUG] skip predecessor routing -- dfgNode: 33
[DEBUG] success in schedule()
[DEBUG] schedule dfg node[51] onto fu[6] at cycle 2 within II: 25
[DEBUG] setDFGNode 51 onto CGRANode 6 at cycle: 2
[DEBUG] in allocateReg() t_cycle: 1; i: 0 CGRA node: 6; link: 0 duration 1
[DEBUG] done reg allocation
[DEBUG] occupy link[10]-->[6] (bypass:0) dfgNode: 34 at cycle 1
[DEBUG] skip predecessor routing -- dfgNode: 34
[DEBUG] success in schedule()
[DEBUG] schedule dfg node[52] onto fu[5] at cycle 3 within II: 25
[DEBUG] setDFGNode 52 onto CGRANode 5 at cycle: 3
[DEBUG] in allocateReg() t_cycle: 2; i: 0 CGRA node: 5; link: 3 duration 1
[DEBUG] done reg allocation
[DEBUG] occupy link[6]-->[5] (bypass:0) dfgNode: 51 at cycle 2
[DEBUG] skip predecessor routing -- dfgNode: 51
[DEBUG] success in schedule()
[DEBUG] schedule dfg node[0] onto fu[10] at cycle 5 within II: 25
[DEBUG] setDFGNode 0 onto CGRANode 10 at cycle: 5
[DEBUG] occupy link[5]-->[6] (bypass:1) dfgNode: 52 at cycle 3
[DEBUG] in allocateReg() t_cycle: 4; i: 0 CGRA node: 10; link: 1 duration 1
[DEBUG] done reg allocation
[DEBUG] occupy link[6]-->[10] (bypass:0) dfgNode: 52 at cycle 4
[DEBUG] skip predecessor routing -- dfgNode: 52
[DEBUG] in shareSameCycle is true: node 0
[DEBUG] tryToRoute -- srcDFGNode: 0, srcCGRANode: 10; dstDFGNode: 33, dstCGRANode: 9; backEdge: 1
[DEBUG] in shareSameCycle is true: node 33
[DEBUG] check route size: 2
[DEBUG] reset duration: 20 t_dstCycle: 0 previous: 5 II: 25
[DEBUG] in allocateReg() t_cycle: 5; i: 0 CGRA node: 9; link: 3 duration 20
[DEBUG] done reg allocation
[DEBUG] occupy link[10]-->[9] (bypass:0) dfgNode: 0 at cycle 5
[DEBUG] in shareSameCycle is true: node 0
[DEBUG] tryToRoute -- srcDFGNode: 0, srcCGRANode: 10; dstDFGNode: 51, dstCGRANode: 6; backEdge: 1
[DEBUG] in shareSameCycle is true: node 51
[DEBUG] check route size: 2
[DEBUG] reset duration: 22 t_dstCycle: 2 previous: 5 II: 25
[DEBUG] in allocateReg() t_cycle: 5; i: 1 CGRA node: 6; link: 0 duration 22
[DEBUG] done reg allocation
[DEBUG] occupy link[10]-->[6] (bypass:0) dfgNode: 0 at cycle 5
[DEBUG] success in schedule()
[DEBUG] schedule dfg node[1] onto fu[2] at cycle 7 within II: 25
[DEBUG] setDFGNode 1 onto CGRANode 2 at cycle: 7
[DEBUG] occupy link[10]-->[6] (bypass:1) dfgNode: 0 at cycle 5
[DEBUG] in allocateReg() t_cycle: 6; i: 0 CGRA node: 2; link: 0 duration 1
[DEBUG] done reg allocation
[DEBUG] occupy link[6]-->[2] (bypass:0) dfgNode: 0 at cycle 6
[DEBUG] skip predecessor routing -- dfgNode: 0
[DEBUG] success in schedule()
[DEBUG] schedule dfg node[4] onto fu[13] at cycle 7 within II: 25
[DEBUG] setDFGNode 4 onto CGRANode 13 at cycle: 7
[DEBUG] occupy link[10]-->[9] (bypass:1) dfgNode: 0 at cycle 5
[DEBUG] in allocateReg() t_cycle: 6; i: 0 CGRA node: 13; link: 1 duration 1
[DEBUG] done reg allocation
[DEBUG] occupy link[9]-->[13] (bypass:0) dfgNode: 0 at cycle 6
[DEBUG] skip predecessor routing -- dfgNode: 0
[DEBUG] success in schedule()
[DEBUG] schedule dfg node[8] onto fu[6] at cycle 6 within II: 25
[DEBUG] setDFGNode 8 onto CGRANode 6 at cycle: 6
[DEBUG] in allocateReg() t_cycle: 5; i: 0 CGRA node: 6; link: 0 duration 1
[DEBUG] done reg allocation
[DEBUG] occupy link[10]-->[6] (bypass:0) dfgNode: 0 at cycle 5
[DEBUG] skip predecessor routing -- dfgNode: 0
[DEBUG] success in schedule()
[DEBUG] schedule dfg node[16] onto fu[9] at cycle 6 within II: 25
[DEBUG] setDFGNode 16 onto CGRANode 9 at cycle: 6
[DEBUG] in allocateReg() t_cycle: 5; i: 1 CGRA node: 9; link: 3 duration 1
[DEBUG] done reg allocation
[DEBUG] occupy link[10]-->[9] (bypass:0) dfgNode: 0 at cycle 5
[DEBUG] skip predecessor routing -- dfgNode: 0
[DEBUG] success in schedule()
[DEBUG] schedule dfg node[24] onto fu[14] at cycle 6 within II: 25
[DEBUG] setDFGNode 24 onto CGRANode 14 at cycle: 6
[DEBUG] in allocateReg() t_cycle: 5; i: 0 CGRA node: 14; link: 1 duration 1
[DEBUG] done reg allocation
[DEBUG] occupy link[10]-->[14] (bypass:0) dfgNode: 0 at cycle 5
[DEBUG] skip predecessor routing -- dfgNode: 0
[DEBUG] success in schedule()
[DEBUG] schedule dfg node[32] onto fu[5] at cycle 7 within II: 25
[DEBUG] setDFGNode 32 onto CGRANode 5 at cycle: 7
[DEBUG] occupy link[10]-->[6] (bypass:1) dfgNode: 0 at cycle 5
[DEBUG] in allocateReg() t_cycle: 6; i: 0 CGRA node: 5; link: 3 duration 1
[DEBUG] done reg allocation
[DEBUG] occupy link[6]-->[5] (bypass:0) dfgNode: 0 at cycle 6
[DEBUG] skip predecessor routing -- dfgNode: 0
[DEBUG] success in schedule()
[DEBUG] schedule dfg node[42] onto fu[10] at cycle 6 within II: 25
[DEBUG] setDFGNode 42 onto CGRANode 10 at cycle: 6
[DEBUG] tryToRoute -- srcDFGNode: 0, srcCGRANode: 10; dstDFGNode: 42, dstCGRANode: 10; backEdge: 0
[DEBUG] check route size: 1
[DEBUG] allocate for local reg maintain... duration=1 last cycle: 5
[DEBUG] in allocateReg() t_cycle: 5; i: 0 CGRA node: 10; link: 4 duration 1
[DEBUG] done reg allocation
[DEBUG] tryToRoute -- srcDFGNode: 34, srcCGRANode: 10; dstDFGNode: 42, dstCGRANode: 10; backEdge: 0
[DEBUG] check route size: 1
[DEBUG] allocate for local reg maintain... duration=5 last cycle: 1
[DEBUG] in allocateReg() t_cycle: 1; i: 1 CGRA node: 10; link: 4 duration 5
[DEBUG] done reg allocation
[DEBUG] success in schedule()
[DEBUG] schedule dfg node[50] onto fu[1] at cycle 8 within II: 25
[DEBUG] setDFGNode 50 onto CGRANode 1 at cycle: 8
[DEBUG] occupy link[10]-->[6] (bypass:1) dfgNode: 0 at cycle 5
[DEBUG] occupy link[6]-->[2] (bypass:1) dfgNode: 0 at cycle 6
[DEBUG] in allocateReg() t_cycle: 7; i: 0 CGRA node: 1; link: 3 duration 1
[DEBUG] done reg allocation
[DEBUG] occupy link[2]-->[1] (bypass:0) dfgNode: 0 at cycle 7
[DEBUG] skip predecessor routing -- dfgNode: 0
[DEBUG] tryToRoute -- srcDFGNode: 34, srcCGRANode: 10; dstDFGNode: 50, dstCGRANode: 1; backEdge: 0
[DEBUG] in shareSameCycle is true: node 50
[DEBUG] cannot route due to II is violated for backward cycle
DEBUG target DFG node: 50 on fu: 1 failed, mapped pred DFG node: 34; return false
[DEBUG] fail1 in schedule() II: 25
[DEBUG] the failed path -- cycle: 8 CGRANode: 1
[DEBUG] the failed path -- cycle: 7 CGRANode: 2
[DEBUG] the failed path -- cycle: 6 CGRANode: 6
[DEBUG] the failed path -- cycle: 5 CGRANode: 10
----------------------------------------
[DEBUG] start heuristic algorithm with II=26
[DEBUG] schedule dfg node[33] onto fu[5] at cycle 0 within II: 26
[DEBUG] setDFGNode 33 onto CGRANode 5 at cycle: 0
[DEBUG] success in schedule()
[DEBUG] schedule dfg node[34] onto fu[6] at cycle 1 within II: 26
[DEBUG] setDFGNode 34 onto CGRANode 6 at cycle: 1
[DEBUG] in allocateReg() t_cycle: 0; i: 0 CGRA node: 6; link: 2 duration 1
[DEBUG] done reg allocation
[DEBUG] occupy link[5]-->[6] (bypass:0) dfgNode: 33 at cycle 0
[DEBUG] skip predecessor routing -- dfgNode: 33
[DEBUG] success in schedule()
[DEBUG] schedule dfg node[51] onto fu[10] at cycle 2 within II: 26
[DEBUG] setDFGNode 51 onto CGRANode 10 at cycle: 2
[DEBUG] in allocateReg() t_cycle: 1; i: 0 CGRA node: 10; link: 1 duration 1
[DEBUG] done reg allocation
[DEBUG] occupy link[6]-->[10] (bypass:0) dfgNode: 34 at cycle 1
[DEBUG] skip predecessor routing -- dfgNode: 34
[DEBUG] success in schedule()
[DEBUG] schedule dfg node[52] onto fu[9] at cycle 3 within II: 26
[DEBUG] setDFGNode 52 onto CGRANode 9 at cycle: 3
[DEBUG] in allocateReg() t_cycle: 2; i: 0 CGRA node: 9; link: 3 duration 1
[DEBUG] done reg allocation
[DEBUG] occupy link[10]-->[9] (bypass:0) dfgNode: 51 at cycle 2
[DEBUG] skip predecessor routing -- dfgNode: 51
[DEBUG] success in schedule()
[DEBUG] schedule dfg node[0] onto fu[10] at cycle 4 within II: 26
[DEBUG] setDFGNode 0 onto CGRANode 10 at cycle: 4
[DEBUG] in allocateReg() t_cycle: 3; i: 0 CGRA node: 10; link: 2 duration 1
[DEBUG] done reg allocation
[DEBUG] occupy link[9]-->[10] (bypass:0) dfgNode: 52 at cycle 3
[DEBUG] skip predecessor routing -- dfgNode: 52
[DEBUG] in shareSameCycle is true: node 0
[DEBUG] tryToRoute -- srcDFGNode: 0, srcCGRANode: 10; dstDFGNode: 33, dstCGRANode: 5; backEdge: 1
[DEBUG] in shareSameCycle is true: node 33
[DEBUG] check route size: 3
[DEBUG] occupy link[10]-->[6] (bypass:1) dfgNode: 0 at cycle 4
[DEBUG] reset duration: 21 t_dstCycle: 0 previous: 5 II: 26
[DEBUG] in allocateReg() t_cycle: 5; i: 0 CGRA node: 5; link: 3 duration 21
[DEBUG] done reg allocation
[DEBUG] occupy link[6]-->[5] (bypass:0) dfgNode: 0 at cycle 5
[DEBUG] in shareSameCycle is true: node 0
[DEBUG] tryToRoute -- srcDFGNode: 0, srcCGRANode: 10; dstDFGNode: 51, dstCGRANode: 10; backEdge: 1
[DEBUG] in shareSameCycle is true: node 51
[DEBUG] check route size: 1
[DEBUG] allocate for local reg maintain... duration=24 last cycle: 4
[DEBUG] in allocateReg() t_cycle: 4; i: 1 CGRA node: 10; link: 4 duration 24
[DEBUG] done reg allocation
[DEBUG] success in schedule()
[DEBUG] schedule dfg node[1] onto fu[14] at cycle 5 within II: 26
[DEBUG] setDFGNode 1 onto CGRANode 14 at cycle: 5
[DEBUG] in allocateReg() t_cycle: 4; i: 0 CGRA node: 14; link: 1 duration 1
[DEBUG] done reg allocation
[DEBUG] occupy link[10]-->[14] (bypass:0) dfgNode: 0 at cycle 4
[DEBUG] skip predecessor routing -- dfgNode: 0
[DEBUG] success in schedule()
[DEBUG] schedule dfg node[4] onto fu[6] at cycle 5 within II: 26
[DEBUG] setDFGNode 4 onto CGRANode 6 at cycle: 5
[DEBUG] in allocateReg() t_cycle: 4; i: 0 CGRA node: 6; link: 0 duration 1
[DEBUG] done reg allocation
[DEBUG] occupy link[10]-->[6] (bypass:0) dfgNode: 0 at cycle 4
[DEBUG] skip predecessor routing -- dfgNode: 0
[DEBUG] success in schedule()
[DEBUG] schedule dfg node[8] onto fu[9] at cycle 5 within II: 26
[DEBUG] setDFGNode 8 onto CGRANode 9 at cycle: 5
[DEBUG] in allocateReg() t_cycle: 4; i: 0 CGRA node: 9; link: 3 duration 1
[DEBUG] done reg allocation
[DEBUG] occupy link[10]-->[9] (bypass:0) dfgNode: 0 at cycle 4
[DEBUG] skip predecessor routing -- dfgNode: 0
[DEBUG] success in schedule()
[DEBUG] schedule dfg node[16] onto fu[5] at cycle 6 within II: 26
[DEBUG] setDFGNode 16 onto CGRANode 5 at cycle: 6
[DEBUG] occupy link[10]-->[6] (bypass:1) dfgNode: 0 at cycle 4
[DEBUG] in allocateReg() t_cycle: 5; i: 1 CGRA node: 5; link: 3 duration 1
[DEBUG] done reg allocation
[DEBUG] occupy link[6]-->[5] (bypass:0) dfgNode: 0 at cycle 5
[DEBUG] skip predecessor routing -- dfgNode: 0
[DEBUG] success in schedule()
[DEBUG] schedule dfg node[24] onto fu[10] at cycle 5 within II: 26
[DEBUG] setDFGNode 24 onto CGRANode 10 at cycle: 5
[DEBUG] tryToRoute -- srcDFGNode: 0, srcCGRANode: 10; dstDFGNode: 24, dstCGRANode: 10; backEdge: 0
[DEBUG] check route size: 1
[DEBUG] allocate for local reg maintain... duration=1 last cycle: 4
[DEBUG] in allocateReg() t_cycle: 4; i: 0 CGRA node: 10; link: 4 duration 1
[DEBUG] done reg allocation
[DEBUG] success in schedule()
[DEBUG] schedule dfg node[32] onto fu[13] at cycle 6 within II: 26
[DEBUG] setDFGNode 32 onto CGRANode 13 at cycle: 6
[DEBUG] occupy link[10]-->[9] (bypass:1) dfgNode: 0 at cycle 4
[DEBUG] in allocateReg() t_cycle: 5; i: 0 CGRA node: 13; link: 1 duration 1
[DEBUG] done reg allocation
[DEBUG] occupy link[9]-->[13] (bypass:0) dfgNode: 0 at cycle 5
[DEBUG] skip predecessor routing -- dfgNode: 0
[DEBUG] success in schedule()
[DEBUG] schedule dfg node[42] onto fu[2] at cycle 6 within II: 26
[DEBUG] setDFGNode 42 onto CGRANode 2 at cycle: 6
[DEBUG] occupy link[10]-->[6] (bypass:1) dfgNode: 0 at cycle 4
[DEBUG] in allocateReg() t_cycle: 5; i: 0 CGRA node: 2; link: 0 duration 1
[DEBUG] done reg allocation
[DEBUG] occupy link[6]-->[2] (bypass:0) dfgNode: 0 at cycle 5
[DEBUG] skip predecessor routing -- dfgNode: 0
[DEBUG] tryToRoute -- srcDFGNode: 34, srcCGRANode: 6; dstDFGNode: 42, dstCGRANode: 2; backEdge: 0
[DEBUG] check route size: 2
[DEBUG] reset duration: 5 t_dstCycle: 6 previous: 1 II: 26
[DEBUG] in allocateReg() t_cycle: 1; i: 1 CGRA node: 2; link: 0 duration 5
[DEBUG] done reg allocation
[DEBUG] occupy link[6]-->[2] (bypass:0) dfgNode: 34 at cycle 1
[DEBUG] success in schedule()
[DEBUG] schedule dfg node[50] onto fu[1] at cycle 7 within II: 26
[DEBUG] setDFGNode 50 onto CGRANode 1 at cycle: 7
[DEBUG] occupy link[10]-->[6] (bypass:1) dfgNode: 0 at cycle 4
[DEBUG] occupy link[6]-->[2] (bypass:1) dfgNode: 0 at cycle 5
[DEBUG] in allocateReg() t_cycle: 6; i: 0 CGRA node: 1; link: 3 duration 1
[DEBUG] done reg allocation
[DEBUG] occupy link[2]-->[1] (bypass:0) dfgNode: 0 at cycle 6
[DEBUG] skip predecessor routing -- dfgNode: 0
[DEBUG] tryToRoute -- srcDFGNode: 34, srcCGRANode: 6; dstDFGNode: 50, dstCGRANode: 1; backEdge: 0
[DEBUG] in shareSameCycle is true: node 50
[DEBUG] cannot route due to II is violated for backward cycle
DEBUG target DFG node: 50 on fu: 1 failed, mapped pred DFG node: 34; return false
[DEBUG] fail1 in schedule() II: 26
[DEBUG] the failed path -- cycle: 7 CGRANode: 1
[DEBUG] the failed path -- cycle: 6 CGRANode: 2
[DEBUG] the failed path -- cycle: 5 CGRANode: 6
[DEBUG] the failed path -- cycle: 4 CGRANode: 10
----------------------------------------
[DEBUG] start heuristic algorithm with II=27
[DEBUG] schedule dfg node[33] onto fu[5] at cycle 0 within II: 27
[DEBUG] setDFGNode 33 onto CGRANode 5 at cycle: 0
[DEBUG] success in schedule()
[DEBUG] schedule dfg node[34] onto fu[6] at cycle 1 within II: 27
[DEBUG] setDFGNode 34 onto CGRANode 6 at cycle: 1
[DEBUG] in allocateReg() t_cycle: 0; i: 0 CGRA node: 6; link: 2 duration 1
[DEBUG] done reg allocation
[DEBUG] occupy link[5]-->[6] (bypass:0) dfgNode: 33 at cycle 0
[DEBUG] skip predecessor routing -- dfgNode: 33
[DEBUG] success in schedule()
[DEBUG] schedule dfg node[51] onto fu[10] at cycle 2 within II: 27
[DEBUG] setDFGNode 51 onto CGRANode 10 at cycle: 2
[DEBUG] in allocateReg() t_cycle: 1; i: 0 CGRA node: 10; link: 1 duration 1
[DEBUG] done reg allocation
[DEBUG] occupy link[6]-->[10] (bypass:0) dfgNode: 34 at cycle 1
[DEBUG] skip predecessor routing -- dfgNode: 34
[DEBUG] success in schedule()
[DEBUG] schedule dfg node[52] onto fu[9] at cycle 3 within II: 27
[DEBUG] setDFGNode 52 onto CGRANode 9 at cycle: 3
[DEBUG] in allocateReg() t_cycle: 2; i: 0 CGRA node: 9; link: 3 duration 1
[DEBUG] done reg allocation
[DEBUG] occupy link[10]-->[9] (bypass:0) dfgNode: 51 at cycle 2
[DEBUG] skip predecessor routing -- dfgNode: 51
[DEBUG] success in schedule()
[DEBUG] schedule dfg node[0] onto fu[10] at cycle 4 within II: 27
[DEBUG] setDFGNode 0 onto CGRANode 10 at cycle: 4
[DEBUG] in allocateReg() t_cycle: 3; i: 0 CGRA node: 10; link: 2 duration 1
[DEBUG] done reg allocation
[DEBUG] occupy link[9]-->[10] (bypass:0) dfgNode: 52 at cycle 3
[DEBUG] skip predecessor routing -- dfgNode: 52
[DEBUG] in shareSameCycle is true: node 0
[DEBUG] tryToRoute -- srcDFGNode: 0, srcCGRANode: 10; dstDFGNode: 33, dstCGRANode: 5; backEdge: 1
[DEBUG] in shareSameCycle is true: node 33
[DEBUG] check route size: 3
[DEBUG] occupy link[10]-->[6] (bypass:1) dfgNode: 0 at cycle 4
[DEBUG] reset duration: 22 t_dstCycle: 0 previous: 5 II: 27
[DEBUG] in allocateReg() t_cycle: 5; i: 0 CGRA node: 5; link: 3 duration 22
[DEBUG] done reg allocation
[DEBUG] occupy link[6]-->[5] (bypass:0) dfgNode: 0 at cycle 5
[DEBUG] in shareSameCycle is true: node 0
[DEBUG] tryToRoute -- srcDFGNode: 0, srcCGRANode: 10; dstDFGNode: 51, dstCGRANode: 10; backEdge: 1
[DEBUG] in shareSameCycle is true: node 51
[DEBUG] check route size: 1
[DEBUG] allocate for local reg maintain... duration=25 last cycle: 4
[DEBUG] in allocateReg() t_cycle: 4; i: 1 CGRA node: 10; link: 4 duration 25
[DEBUG] done reg allocation
[DEBUG] success in schedule()
[DEBUG] schedule dfg node[1] onto fu[14] at cycle 5 within II: 27
[DEBUG] setDFGNode 1 onto CGRANode 14 at cycle: 5
[DEBUG] in allocateReg() t_cycle: 4; i: 0 CGRA node: 14; link: 1 duration 1
[DEBUG] done reg allocation
[DEBUG] occupy link[10]-->[14] (bypass:0) dfgNode: 0 at cycle 4
[DEBUG] skip predecessor routing -- dfgNode: 0
[DEBUG] success in schedule()
[DEBUG] schedule dfg node[4] onto fu[6] at cycle 5 within II: 27
[DEBUG] setDFGNode 4 onto CGRANode 6 at cycle: 5
[DEBUG] in allocateReg() t_cycle: 4; i: 0 CGRA node: 6; link: 0 duration 1
[DEBUG] done reg allocation
[DEBUG] occupy link[10]-->[6] (bypass:0) dfgNode: 0 at cycle 4
[DEBUG] skip predecessor routing -- dfgNode: 0
[DEBUG] success in schedule()
[DEBUG] schedule dfg node[8] onto fu[9] at cycle 5 within II: 27
[DEBUG] setDFGNode 8 onto CGRANode 9 at cycle: 5
[DEBUG] in allocateReg() t_cycle: 4; i: 0 CGRA node: 9; link: 3 duration 1
[DEBUG] done reg allocation
[DEBUG] occupy link[10]-->[9] (bypass:0) dfgNode: 0 at cycle 4
[DEBUG] skip predecessor routing -- dfgNode: 0
[DEBUG] success in schedule()
[DEBUG] schedule dfg node[16] onto fu[5] at cycle 6 within II: 27
[DEBUG] setDFGNode 16 onto CGRANode 5 at cycle: 6
[DEBUG] occupy link[10]-->[6] (bypass:1) dfgNode: 0 at cycle 4
[DEBUG] in allocateReg() t_cycle: 5; i: 1 CGRA node: 5; link: 3 duration 1
[DEBUG] done reg allocation
[DEBUG] occupy link[6]-->[5] (bypass:0) dfgNode: 0 at cycle 5
[DEBUG] skip predecessor routing -- dfgNode: 0
[DEBUG] success in schedule()
[DEBUG] schedule dfg node[24] onto fu[10] at cycle 5 within II: 27
[DEBUG] setDFGNode 24 onto CGRANode 10 at cycle: 5
[DEBUG] tryToRoute -- srcDFGNode: 0, srcCGRANode: 10; dstDFGNode: 24, dstCGRANode: 10; backEdge: 0
[DEBUG] check route size: 1
[DEBUG] allocate for local reg maintain... duration=1 last cycle: 4
[DEBUG] in allocateReg() t_cycle: 4; i: 0 CGRA node: 10; link: 4 duration 1
[DEBUG] done reg allocation
[DEBUG] success in schedule()
[DEBUG] schedule dfg node[32] onto fu[13] at cycle 6 within II: 27
[DEBUG] setDFGNode 32 onto CGRANode 13 at cycle: 6
[DEBUG] occupy link[10]-->[9] (bypass:1) dfgNode: 0 at cycle 4
[DEBUG] in allocateReg() t_cycle: 5; i: 0 CGRA node: 13; link: 1 duration 1
[DEBUG] done reg allocation
[DEBUG] occupy link[9]-->[13] (bypass:0) dfgNode: 0 at cycle 5
[DEBUG] skip predecessor routing -- dfgNode: 0
[DEBUG] success in schedule()
[DEBUG] schedule dfg node[42] onto fu[2] at cycle 6 within II: 27
[DEBUG] setDFGNode 42 onto CGRANode 2 at cycle: 6
[DEBUG] occupy link[10]-->[6] (bypass:1) dfgNode: 0 at cycle 4
[DEBUG] in allocateReg() t_cycle: 5; i: 0 CGRA node: 2; link: 0 duration 1
[DEBUG] done reg allocation
[DEBUG] occupy link[6]-->[2] (bypass:0) dfgNode: 0 at cycle 5
[DEBUG] skip predecessor routing -- dfgNode: 0
[DEBUG] tryToRoute -- srcDFGNode: 34, srcCGRANode: 6; dstDFGNode: 42, dstCGRANode: 2; backEdge: 0
[DEBUG] check route size: 2
[DEBUG] reset duration: 5 t_dstCycle: 6 previous: 1 II: 27
[DEBUG] in allocateReg() t_cycle: 1; i: 1 CGRA node: 2; link: 0 duration 5
[DEBUG] done reg allocation
[DEBUG] occupy link[6]-->[2] (bypass:0) dfgNode: 34 at cycle 1
[DEBUG] success in schedule()
[DEBUG] schedule dfg node[50] onto fu[1] at cycle 7 within II: 27
[DEBUG] setDFGNode 50 onto CGRANode 1 at cycle: 7
[DEBUG] occupy link[10]-->[6] (bypass:1) dfgNode: 0 at cycle 4
[DEBUG] occupy link[6]-->[2] (bypass:1) dfgNode: 0 at cycle 5
[DEBUG] in allocateReg() t_cycle: 6; i: 0 CGRA node: 1; link: 3 duration 1
[DEBUG] done reg allocation
[DEBUG] occupy link[2]-->[1] (bypass:0) dfgNode: 0 at cycle 6
[DEBUG] skip predecessor routing -- dfgNode: 0
[DEBUG] tryToRoute -- srcDFGNode: 34, srcCGRANode: 6; dstDFGNode: 50, dstCGRANode: 1; backEdge: 0
[DEBUG] in shareSameCycle is true: node 50
[DEBUG] cannot route due to II is violated for backward cycle
DEBUG target DFG node: 50 on fu: 1 failed, mapped pred DFG node: 34; return false
[DEBUG] fail1 in schedule() II: 27
[DEBUG] the failed path -- cycle: 7 CGRANode: 1
[DEBUG] the failed path -- cycle: 6 CGRANode: 2
[DEBUG] the failed path -- cycle: 5 CGRANode: 6
[DEBUG] the failed path -- cycle: 4 CGRANode: 10
----------------------------------------
[DEBUG] start heuristic algorithm with II=28
[DEBUG] schedule dfg node[33] onto fu[5] at cycle 0 within II: 28
[DEBUG] setDFGNode 33 onto CGRANode 5 at cycle: 0
[DEBUG] success in schedule()
[DEBUG] schedule dfg node[34] onto fu[6] at cycle 1 within II: 28
[DEBUG] setDFGNode 34 onto CGRANode 6 at cycle: 1
[DEBUG] in allocateReg() t_cycle: 0; i: 0 CGRA node: 6; link: 2 duration 1
[DEBUG] done reg allocation
[DEBUG] occupy link[5]-->[6] (bypass:0) dfgNode: 33 at cycle 0
[DEBUG] skip predecessor routing -- dfgNode: 33
[DEBUG] success in schedule()
[DEBUG] schedule dfg node[51] onto fu[10] at cycle 2 within II: 28
[DEBUG] setDFGNode 51 onto CGRANode 10 at cycle: 2
[DEBUG] in allocateReg() t_cycle: 1; i: 0 CGRA node: 10; link: 1 duration 1
[DEBUG] done reg allocation
[DEBUG] occupy link[6]-->[10] (bypass:0) dfgNode: 34 at cycle 1
[DEBUG] skip predecessor routing -- dfgNode: 34
[DEBUG] success in schedule()
[DEBUG] schedule dfg node[52] onto fu[9] at cycle 3 within II: 28
[DEBUG] setDFGNode 52 onto CGRANode 9 at cycle: 3
[DEBUG] in allocateReg() t_cycle: 2; i: 0 CGRA node: 9; link: 3 duration 1
[DEBUG] done reg allocation
[DEBUG] occupy link[10]-->[9] (bypass:0) dfgNode: 51 at cycle 2
[DEBUG] skip predecessor routing -- dfgNode: 51
[DEBUG] success in schedule()
[DEBUG] schedule dfg node[0] onto fu[10] at cycle 4 within II: 28
[DEBUG] setDFGNode 0 onto CGRANode 10 at cycle: 4
[DEBUG] in allocateReg() t_cycle: 3; i: 0 CGRA node: 10; link: 2 duration 1
[DEBUG] done reg allocation
[DEBUG] occupy link[9]-->[10] (bypass:0) dfgNode: 52 at cycle 3
[DEBUG] skip predecessor routing -- dfgNode: 52
[DEBUG] in shareSameCycle is true: node 0
[DEBUG] tryToRoute -- srcDFGNode: 0, srcCGRANode: 10; dstDFGNode: 33, dstCGRANode: 5; backEdge: 1
[DEBUG] in shareSameCycle is true: node 33
[DEBUG] check route size: 3
[DEBUG] occupy link[10]-->[6] (bypass:1) dfgNode: 0 at cycle 4
[DEBUG] reset duration: 23 t_dstCycle: 0 previous: 5 II: 28
[DEBUG] in allocateReg() t_cycle: 5; i: 0 CGRA node: 5; link: 3 duration 23
[DEBUG] done reg allocation
[DEBUG] occupy link[6]-->[5] (bypass:0) dfgNode: 0 at cycle 5
[DEBUG] in shareSameCycle is true: node 0
[DEBUG] tryToRoute -- srcDFGNode: 0, srcCGRANode: 10; dstDFGNode: 51, dstCGRANode: 10; backEdge: 1
[DEBUG] in shareSameCycle is true: node 51
[DEBUG] check route size: 1
[DEBUG] allocate for local reg maintain... duration=26 last cycle: 4
[DEBUG] in allocateReg() t_cycle: 4; i: 1 CGRA node: 10; link: 4 duration 26
[DEBUG] done reg allocation
[DEBUG] success in schedule()
[DEBUG] schedule dfg node[1] onto fu[14] at cycle 5 within II: 28
[DEBUG] setDFGNode 1 onto CGRANode 14 at cycle: 5
[DEBUG] in allocateReg() t_cycle: 4; i: 0 CGRA node: 14; link: 1 duration 1
[DEBUG] done reg allocation
[DEBUG] occupy link[10]-->[14] (bypass:0) dfgNode: 0 at cycle 4
[DEBUG] skip predecessor routing -- dfgNode: 0
[DEBUG] success in schedule()
[DEBUG] schedule dfg node[4] onto fu[6] at cycle 5 within II: 28
[DEBUG] setDFGNode 4 onto CGRANode 6 at cycle: 5
[DEBUG] in allocateReg() t_cycle: 4; i: 0 CGRA node: 6; link: 0 duration 1
[DEBUG] done reg allocation
[DEBUG] occupy link[10]-->[6] (bypass:0) dfgNode: 0 at cycle 4
[DEBUG] skip predecessor routing -- dfgNode: 0
[DEBUG] success in schedule()
[DEBUG] schedule dfg node[8] onto fu[9] at cycle 5 within II: 28
[DEBUG] setDFGNode 8 onto CGRANode 9 at cycle: 5
[DEBUG] in allocateReg() t_cycle: 4; i: 0 CGRA node: 9; link: 3 duration 1
[DEBUG] done reg allocation
[DEBUG] occupy link[10]-->[9] (bypass:0) dfgNode: 0 at cycle 4
[DEBUG] skip predecessor routing -- dfgNode: 0
[DEBUG] success in schedule()
[DEBUG] schedule dfg node[16] onto fu[5] at cycle 6 within II: 28
[DEBUG] setDFGNode 16 onto CGRANode 5 at cycle: 6
[DEBUG] occupy link[10]-->[6] (bypass:1) dfgNode: 0 at cycle 4
[DEBUG] in allocateReg() t_cycle: 5; i: 1 CGRA node: 5; link: 3 duration 1
[DEBUG] done reg allocation
[DEBUG] occupy link[6]-->[5] (bypass:0) dfgNode: 0 at cycle 5
[DEBUG] skip predecessor routing -- dfgNode: 0
[DEBUG] success in schedule()
[DEBUG] schedule dfg node[24] onto fu[10] at cycle 5 within II: 28
[DEBUG] setDFGNode 24 onto CGRANode 10 at cycle: 5
[DEBUG] tryToRoute -- srcDFGNode: 0, srcCGRANode: 10; dstDFGNode: 24, dstCGRANode: 10; backEdge: 0
[DEBUG] check route size: 1
[DEBUG] allocate for local reg maintain... duration=1 last cycle: 4
[DEBUG] in allocateReg() t_cycle: 4; i: 0 CGRA node: 10; link: 4 duration 1
[DEBUG] done reg allocation
[DEBUG] success in schedule()
[DEBUG] schedule dfg node[32] onto fu[13] at cycle 6 within II: 28
[DEBUG] setDFGNode 32 onto CGRANode 13 at cycle: 6
[DEBUG] occupy link[10]-->[9] (bypass:1) dfgNode: 0 at cycle 4
[DEBUG] in allocateReg() t_cycle: 5; i: 0 CGRA node: 13; link: 1 duration 1
[DEBUG] done reg allocation
[DEBUG] occupy link[9]-->[13] (bypass:0) dfgNode: 0 at cycle 5
[DEBUG] skip predecessor routing -- dfgNode: 0
[DEBUG] success in schedule()
[DEBUG] schedule dfg node[42] onto fu[2] at cycle 6 within II: 28
[DEBUG] setDFGNode 42 onto CGRANode 2 at cycle: 6
[DEBUG] occupy link[10]-->[6] (bypass:1) dfgNode: 0 at cycle 4
[DEBUG] in allocateReg() t_cycle: 5; i: 0 CGRA node: 2; link: 0 duration 1
[DEBUG] done reg allocation
[DEBUG] occupy link[6]-->[2] (bypass:0) dfgNode: 0 at cycle 5
[DEBUG] skip predecessor routing -- dfgNode: 0
[DEBUG] tryToRoute -- srcDFGNode: 34, srcCGRANode: 6; dstDFGNode: 42, dstCGRANode: 2; backEdge: 0
[DEBUG] check route size: 2
[DEBUG] reset duration: 5 t_dstCycle: 6 previous: 1 II: 28
[DEBUG] in allocateReg() t_cycle: 1; i: 1 CGRA node: 2; link: 0 duration 5
[DEBUG] done reg allocation
[DEBUG] occupy link[6]-->[2] (bypass:0) dfgNode: 34 at cycle 1
[DEBUG] success in schedule()
[DEBUG] schedule dfg node[50] onto fu[1] at cycle 7 within II: 28
[DEBUG] setDFGNode 50 onto CGRANode 1 at cycle: 7
[DEBUG] occupy link[10]-->[6] (bypass:1) dfgNode: 0 at cycle 4
[DEBUG] occupy link[6]-->[2] (bypass:1) dfgNode: 0 at cycle 5
[DEBUG] in allocateReg() t_cycle: 6; i: 0 CGRA node: 1; link: 3 duration 1
[DEBUG] done reg allocation
[DEBUG] occupy link[2]-->[1] (bypass:0) dfgNode: 0 at cycle 6
[DEBUG] skip predecessor routing -- dfgNode: 0
[DEBUG] tryToRoute -- srcDFGNode: 34, srcCGRANode: 6; dstDFGNode: 50, dstCGRANode: 1; backEdge: 0
[DEBUG] in shareSameCycle is true: node 50
[DEBUG] cannot route due to II is violated for backward cycle
DEBUG target DFG node: 50 on fu: 1 failed, mapped pred DFG node: 34; return false
[DEBUG] fail1 in schedule() II: 28
[DEBUG] the failed path -- cycle: 7 CGRANode: 1
[DEBUG] the failed path -- cycle: 6 CGRANode: 2
[DEBUG] the failed path -- cycle: 5 CGRANode: 6
[DEBUG] the failed path -- cycle: 4 CGRANode: 10
----------------------------------------
[DEBUG] start heuristic algorithm with II=29
[DEBUG] schedule dfg node[33] onto fu[5] at cycle 0 within II: 29
[DEBUG] setDFGNode 33 onto CGRANode 5 at cycle: 0
[DEBUG] success in schedule()
[DEBUG] schedule dfg node[34] onto fu[6] at cycle 1 within II: 29
[DEBUG] setDFGNode 34 onto CGRANode 6 at cycle: 1
[DEBUG] in allocateReg() t_cycle: 0; i: 0 CGRA node: 6; link: 2 duration 1
[DEBUG] done reg allocation
[DEBUG] occupy link[5]-->[6] (bypass:0) dfgNode: 33 at cycle 0
[DEBUG] skip predecessor routing -- dfgNode: 33
[DEBUG] success in schedule()
[DEBUG] schedule dfg node[51] onto fu[10] at cycle 2 within II: 29
[DEBUG] setDFGNode 51 onto CGRANode 10 at cycle: 2
[DEBUG] in allocateReg() t_cycle: 1; i: 0 CGRA node: 10; link: 1 duration 1
[DEBUG] done reg allocation
[DEBUG] occupy link[6]-->[10] (bypass:0) dfgNode: 34 at cycle 1
[DEBUG] skip predecessor routing -- dfgNode: 34
[DEBUG] success in schedule()
[DEBUG] schedule dfg node[52] onto fu[9] at cycle 3 within II: 29
[DEBUG] setDFGNode 52 onto CGRANode 9 at cycle: 3
[DEBUG] in allocateReg() t_cycle: 2; i: 0 CGRA node: 9; link: 3 duration 1
[DEBUG] done reg allocation
[DEBUG] occupy link[10]-->[9] (bypass:0) dfgNode: 51 at cycle 2
[DEBUG] skip predecessor routing -- dfgNode: 51
[DEBUG] success in schedule()
[DEBUG] schedule dfg node[0] onto fu[10] at cycle 4 within II: 29
[DEBUG] setDFGNode 0 onto CGRANode 10 at cycle: 4
[DEBUG] in allocateReg() t_cycle: 3; i: 0 CGRA node: 10; link: 2 duration 1
[DEBUG] done reg allocation
[DEBUG] occupy link[9]-->[10] (bypass:0) dfgNode: 52 at cycle 3
[DEBUG] skip predecessor routing -- dfgNode: 52
[DEBUG] in shareSameCycle is true: node 0
[DEBUG] tryToRoute -- srcDFGNode: 0, srcCGRANode: 10; dstDFGNode: 33, dstCGRANode: 5; backEdge: 1
[DEBUG] in shareSameCycle is true: node 33
[DEBUG] check route size: 3
[DEBUG] occupy link[10]-->[6] (bypass:1) dfgNode: 0 at cycle 4
[DEBUG] reset duration: 24 t_dstCycle: 0 previous: 5 II: 29
[DEBUG] in allocateReg() t_cycle: 5; i: 0 CGRA node: 5; link: 3 duration 24
[DEBUG] done reg allocation
[DEBUG] occupy link[6]-->[5] (bypass:0) dfgNode: 0 at cycle 5
[DEBUG] in shareSameCycle is true: node 0
[DEBUG] tryToRoute -- srcDFGNode: 0, srcCGRANode: 10; dstDFGNode: 51, dstCGRANode: 10; backEdge: 1
[DEBUG] in shareSameCycle is true: node 51
[DEBUG] check route size: 1
[DEBUG] allocate for local reg maintain... duration=27 last cycle: 4
[DEBUG] in allocateReg() t_cycle: 4; i: 1 CGRA node: 10; link: 4 duration 27
[DEBUG] done reg allocation
[DEBUG] success in schedule()
[DEBUG] schedule dfg node[1] onto fu[14] at cycle 5 within II: 29
[DEBUG] setDFGNode 1 onto CGRANode 14 at cycle: 5
[DEBUG] in allocateReg() t_cycle: 4; i: 0 CGRA node: 14; link: 1 duration 1
[DEBUG] done reg allocation
[DEBUG] occupy link[10]-->[14] (bypass:0) dfgNode: 0 at cycle 4
[DEBUG] skip predecessor routing -- dfgNode: 0
[DEBUG] success in schedule()
[DEBUG] schedule dfg node[4] onto fu[6] at cycle 5 within II: 29
[DEBUG] setDFGNode 4 onto CGRANode 6 at cycle: 5
[DEBUG] in allocateReg() t_cycle: 4; i: 0 CGRA node: 6; link: 0 duration 1
[DEBUG] done reg allocation
[DEBUG] occupy link[10]-->[6] (bypass:0) dfgNode: 0 at cycle 4
[DEBUG] skip predecessor routing -- dfgNode: 0
[DEBUG] success in schedule()
[DEBUG] schedule dfg node[8] onto fu[9] at cycle 5 within II: 29
[DEBUG] setDFGNode 8 onto CGRANode 9 at cycle: 5
[DEBUG] in allocateReg() t_cycle: 4; i: 0 CGRA node: 9; link: 3 duration 1
[DEBUG] done reg allocation
[DEBUG] occupy link[10]-->[9] (bypass:0) dfgNode: 0 at cycle 4
[DEBUG] skip predecessor routing -- dfgNode: 0
[DEBUG] success in schedule()
[DEBUG] schedule dfg node[16] onto fu[5] at cycle 6 within II: 29
[DEBUG] setDFGNode 16 onto CGRANode 5 at cycle: 6
[DEBUG] occupy link[10]-->[6] (bypass:1) dfgNode: 0 at cycle 4
[DEBUG] in allocateReg() t_cycle: 5; i: 1 CGRA node: 5; link: 3 duration 1
[DEBUG] done reg allocation
[DEBUG] occupy link[6]-->[5] (bypass:0) dfgNode: 0 at cycle 5
[DEBUG] skip predecessor routing -- dfgNode: 0
[DEBUG] success in schedule()
[DEBUG] schedule dfg node[24] onto fu[10] at cycle 5 within II: 29
[DEBUG] setDFGNode 24 onto CGRANode 10 at cycle: 5
[DEBUG] tryToRoute -- srcDFGNode: 0, srcCGRANode: 10; dstDFGNode: 24, dstCGRANode: 10; backEdge: 0
[DEBUG] check route size: 1
[DEBUG] allocate for local reg maintain... duration=1 last cycle: 4
[DEBUG] in allocateReg() t_cycle: 4; i: 0 CGRA node: 10; link: 4 duration 1
[DEBUG] done reg allocation
[DEBUG] success in schedule()
[DEBUG] schedule dfg node[32] onto fu[13] at cycle 6 within II: 29
[DEBUG] setDFGNode 32 onto CGRANode 13 at cycle: 6
[DEBUG] occupy link[10]-->[9] (bypass:1) dfgNode: 0 at cycle 4
[DEBUG] in allocateReg() t_cycle: 5; i: 0 CGRA node: 13; link: 1 duration 1
[DEBUG] done reg allocation
[DEBUG] occupy link[9]-->[13] (bypass:0) dfgNode: 0 at cycle 5
[DEBUG] skip predecessor routing -- dfgNode: 0
[DEBUG] success in schedule()
[DEBUG] schedule dfg node[42] onto fu[2] at cycle 6 within II: 29
[DEBUG] setDFGNode 42 onto CGRANode 2 at cycle: 6
[DEBUG] occupy link[10]-->[6] (bypass:1) dfgNode: 0 at cycle 4
[DEBUG] in allocateReg() t_cycle: 5; i: 0 CGRA node: 2; link: 0 duration 1
[DEBUG] done reg allocation
[DEBUG] occupy link[6]-->[2] (bypass:0) dfgNode: 0 at cycle 5
[DEBUG] skip predecessor routing -- dfgNode: 0
[DEBUG] tryToRoute -- srcDFGNode: 34, srcCGRANode: 6; dstDFGNode: 42, dstCGRANode: 2; backEdge: 0
[DEBUG] check route size: 2
[DEBUG] reset duration: 5 t_dstCycle: 6 previous: 1 II: 29
[DEBUG] in allocateReg() t_cycle: 1; i: 1 CGRA node: 2; link: 0 duration 5
[DEBUG] done reg allocation
[DEBUG] occupy link[6]-->[2] (bypass:0) dfgNode: 34 at cycle 1
[DEBUG] success in schedule()
[DEBUG] schedule dfg node[50] onto fu[1] at cycle 7 within II: 29
[DEBUG] setDFGNode 50 onto CGRANode 1 at cycle: 7
[DEBUG] occupy link[10]-->[6] (bypass:1) dfgNode: 0 at cycle 4
[DEBUG] occupy link[6]-->[2] (bypass:1) dfgNode: 0 at cycle 5
[DEBUG] in allocateReg() t_cycle: 6; i: 0 CGRA node: 1; link: 3 duration 1
[DEBUG] done reg allocation
[DEBUG] occupy link[2]-->[1] (bypass:0) dfgNode: 0 at cycle 6
[DEBUG] skip predecessor routing -- dfgNode: 0
[DEBUG] tryToRoute -- srcDFGNode: 34, srcCGRANode: 6; dstDFGNode: 50, dstCGRANode: 1; backEdge: 0
[DEBUG] in shareSameCycle is true: node 50
[DEBUG] cannot route due to II is violated for backward cycle
DEBUG target DFG node: 50 on fu: 1 failed, mapped pred DFG node: 34; return false
[DEBUG] fail1 in schedule() II: 29
[DEBUG] the failed path -- cycle: 7 CGRANode: 1
[DEBUG] the failed path -- cycle: 6 CGRANode: 2
[DEBUG] the failed path -- cycle: 5 CGRANode: 6
[DEBUG] the failed path -- cycle: 4 CGRANode: 10
----------------------------------------
[DEBUG] start heuristic algorithm with II=30
[DEBUG] schedule dfg node[33] onto fu[5] at cycle 0 within II: 30
[DEBUG] setDFGNode 33 onto CGRANode 5 at cycle: 0
[DEBUG] success in schedule()
[DEBUG] schedule dfg node[34] onto fu[6] at cycle 1 within II: 30
[DEBUG] setDFGNode 34 onto CGRANode 6 at cycle: 1
[DEBUG] in allocateReg() t_cycle: 0; i: 0 CGRA node: 6; link: 2 duration 1
[DEBUG] done reg allocation
[DEBUG] occupy link[5]-->[6] (bypass:0) dfgNode: 33 at cycle 0
[DEBUG] skip predecessor routing -- dfgNode: 33
[DEBUG] success in schedule()
[DEBUG] schedule dfg node[51] onto fu[10] at cycle 2 within II: 30
[DEBUG] setDFGNode 51 onto CGRANode 10 at cycle: 2
[DEBUG] in allocateReg() t_cycle: 1; i: 0 CGRA node: 10; link: 1 duration 1
[DEBUG] done reg allocation
[DEBUG] occupy link[6]-->[10] (bypass:0) dfgNode: 34 at cycle 1
[DEBUG] skip predecessor routing -- dfgNode: 34
[DEBUG] success in schedule()
[DEBUG] schedule dfg node[52] onto fu[9] at cycle 3 within II: 30
[DEBUG] setDFGNode 52 onto CGRANode 9 at cycle: 3
[DEBUG] in allocateReg() t_cycle: 2; i: 0 CGRA node: 9; link: 3 duration 1
[DEBUG] done reg allocation
[DEBUG] occupy link[10]-->[9] (bypass:0) dfgNode: 51 at cycle 2
[DEBUG] skip predecessor routing -- dfgNode: 51
[DEBUG] success in schedule()
[DEBUG] schedule dfg node[0] onto fu[10] at cycle 4 within II: 30
[DEBUG] setDFGNode 0 onto CGRANode 10 at cycle: 4
[DEBUG] in allocateReg() t_cycle: 3; i: 0 CGRA node: 10; link: 2 duration 1
[DEBUG] done reg allocation
[DEBUG] occupy link[9]-->[10] (bypass:0) dfgNode: 52 at cycle 3
[DEBUG] skip predecessor routing -- dfgNode: 52
[DEBUG] in shareSameCycle is true: node 0
[DEBUG] tryToRoute -- srcDFGNode: 0, srcCGRANode: 10; dstDFGNode: 33, dstCGRANode: 5; backEdge: 1
[DEBUG] in shareSameCycle is true: node 33
[DEBUG] check route size: 3
[DEBUG] occupy link[10]-->[6] (bypass:1) dfgNode: 0 at cycle 4
[DEBUG] reset duration: 25 t_dstCycle: 0 previous: 5 II: 30
[DEBUG] in allocateReg() t_cycle: 5; i: 0 CGRA node: 5; link: 3 duration 25
[DEBUG] done reg allocation
[DEBUG] occupy link[6]-->[5] (bypass:0) dfgNode: 0 at cycle 5
[DEBUG] in shareSameCycle is true: node 0
[DEBUG] tryToRoute -- srcDFGNode: 0, srcCGRANode: 10; dstDFGNode: 51, dstCGRANode: 10; backEdge: 1
[DEBUG] in shareSameCycle is true: node 51
[DEBUG] check route size: 1
[DEBUG] allocate for local reg maintain... duration=28 last cycle: 4
[DEBUG] in allocateReg() t_cycle: 4; i: 1 CGRA node: 10; link: 4 duration 28
[DEBUG] done reg allocation
[DEBUG] success in schedule()
[DEBUG] schedule dfg node[1] onto fu[14] at cycle 5 within II: 30
[DEBUG] setDFGNode 1 onto CGRANode 14 at cycle: 5
[DEBUG] in allocateReg() t_cycle: 4; i: 0 CGRA node: 14; link: 1 duration 1
[DEBUG] done reg allocation
[DEBUG] occupy link[10]-->[14] (bypass:0) dfgNode: 0 at cycle 4
[DEBUG] skip predecessor routing -- dfgNode: 0
[DEBUG] success in schedule()
[DEBUG] schedule dfg node[4] onto fu[6] at cycle 5 within II: 30
[DEBUG] setDFGNode 4 onto CGRANode 6 at cycle: 5
[DEBUG] in allocateReg() t_cycle: 4; i: 0 CGRA node: 6; link: 0 duration 1
[DEBUG] done reg allocation
[DEBUG] occupy link[10]-->[6] (bypass:0) dfgNode: 0 at cycle 4
[DEBUG] skip predecessor routing -- dfgNode: 0
[DEBUG] success in schedule()
[DEBUG] schedule dfg node[8] onto fu[9] at cycle 5 within II: 30
[DEBUG] setDFGNode 8 onto CGRANode 9 at cycle: 5
[DEBUG] in allocateReg() t_cycle: 4; i: 0 CGRA node: 9; link: 3 duration 1
[DEBUG] done reg allocation
[DEBUG] occupy link[10]-->[9] (bypass:0) dfgNode: 0 at cycle 4
[DEBUG] skip predecessor routing -- dfgNode: 0
[DEBUG] success in schedule()
[DEBUG] schedule dfg node[16] onto fu[5] at cycle 6 within II: 30
[DEBUG] setDFGNode 16 onto CGRANode 5 at cycle: 6
[DEBUG] occupy link[10]-->[6] (bypass:1) dfgNode: 0 at cycle 4
[DEBUG] in allocateReg() t_cycle: 5; i: 1 CGRA node: 5; link: 3 duration 1
[DEBUG] done reg allocation
[DEBUG] occupy link[6]-->[5] (bypass:0) dfgNode: 0 at cycle 5
[DEBUG] skip predecessor routing -- dfgNode: 0
[DEBUG] success in schedule()
[DEBUG] schedule dfg node[24] onto fu[10] at cycle 5 within II: 30
[DEBUG] setDFGNode 24 onto CGRANode 10 at cycle: 5
[DEBUG] tryToRoute -- srcDFGNode: 0, srcCGRANode: 10; dstDFGNode: 24, dstCGRANode: 10; backEdge: 0
[DEBUG] check route size: 1
[DEBUG] allocate for local reg maintain... duration=1 last cycle: 4
[DEBUG] in allocateReg() t_cycle: 4; i: 0 CGRA node: 10; link: 4 duration 1
[DEBUG] done reg allocation
[DEBUG] success in schedule()
[DEBUG] schedule dfg node[32] onto fu[13] at cycle 6 within II: 30
[DEBUG] setDFGNode 32 onto CGRANode 13 at cycle: 6
[DEBUG] occupy link[10]-->[9] (bypass:1) dfgNode: 0 at cycle 4
[DEBUG] in allocateReg() t_cycle: 5; i: 0 CGRA node: 13; link: 1 duration 1
[DEBUG] done reg allocation
[DEBUG] occupy link[9]-->[13] (bypass:0) dfgNode: 0 at cycle 5
[DEBUG] skip predecessor routing -- dfgNode: 0
[DEBUG] success in schedule()
[DEBUG] schedule dfg node[42] onto fu[2] at cycle 6 within II: 30
[DEBUG] setDFGNode 42 onto CGRANode 2 at cycle: 6
[DEBUG] occupy link[10]-->[6] (bypass:1) dfgNode: 0 at cycle 4
[DEBUG] in allocateReg() t_cycle: 5; i: 0 CGRA node: 2; link: 0 duration 1
[DEBUG] done reg allocation
[DEBUG] occupy link[6]-->[2] (bypass:0) dfgNode: 0 at cycle 5
[DEBUG] skip predecessor routing -- dfgNode: 0
[DEBUG] tryToRoute -- srcDFGNode: 34, srcCGRANode: 6; dstDFGNode: 42, dstCGRANode: 2; backEdge: 0
[DEBUG] check route size: 2
[DEBUG] reset duration: 5 t_dstCycle: 6 previous: 1 II: 30
[DEBUG] in allocateReg() t_cycle: 1; i: 1 CGRA node: 2; link: 0 duration 5
[DEBUG] done reg allocation
[DEBUG] occupy link[6]-->[2] (bypass:0) dfgNode: 34 at cycle 1
[DEBUG] success in schedule()
[DEBUG] schedule dfg node[50] onto fu[1] at cycle 7 within II: 30
[DEBUG] setDFGNode 50 onto CGRANode 1 at cycle: 7
[DEBUG] occupy link[10]-->[6] (bypass:1) dfgNode: 0 at cycle 4
[DEBUG] occupy link[6]-->[2] (bypass:1) dfgNode: 0 at cycle 5
[DEBUG] in allocateReg() t_cycle: 6; i: 0 CGRA node: 1; link: 3 duration 1
[DEBUG] done reg allocation
[DEBUG] occupy link[2]-->[1] (bypass:0) dfgNode: 0 at cycle 6
[DEBUG] skip predecessor routing -- dfgNode: 0
[DEBUG] tryToRoute -- srcDFGNode: 34, srcCGRANode: 6; dstDFGNode: 50, dstCGRANode: 1; backEdge: 0
[DEBUG] in shareSameCycle is true: node 50
[DEBUG] cannot route due to II is violated for backward cycle
DEBUG target DFG node: 50 on fu: 1 failed, mapped pred DFG node: 34; return false
[DEBUG] fail1 in schedule() II: 30
[DEBUG] the failed path -- cycle: 7 CGRANode: 1
[DEBUG] the failed path -- cycle: 6 CGRANode: 2
[DEBUG] the failed path -- cycle: 5 CGRANode: 6
[DEBUG] the failed path -- cycle: 4 CGRANode: 10
----------------------------------------
[DEBUG] start heuristic algorithm with II=31
[DEBUG] schedule dfg node[33] onto fu[5] at cycle 0 within II: 31
[DEBUG] setDFGNode 33 onto CGRANode 5 at cycle: 0
[DEBUG] success in schedule()
[DEBUG] schedule dfg node[34] onto fu[6] at cycle 1 within II: 31
[DEBUG] setDFGNode 34 onto CGRANode 6 at cycle: 1
[DEBUG] in allocateReg() t_cycle: 0; i: 0 CGRA node: 6; link: 2 duration 1
[DEBUG] done reg allocation
[DEBUG] occupy link[5]-->[6] (bypass:0) dfgNode: 33 at cycle 0
[DEBUG] skip predecessor routing -- dfgNode: 33
[DEBUG] success in schedule()
[DEBUG] schedule dfg node[51] onto fu[10] at cycle 2 within II: 31
[DEBUG] setDFGNode 51 onto CGRANode 10 at cycle: 2
[DEBUG] in allocateReg() t_cycle: 1; i: 0 CGRA node: 10; link: 1 duration 1
[DEBUG] done reg allocation
[DEBUG] occupy link[6]-->[10] (bypass:0) dfgNode: 34 at cycle 1
[DEBUG] skip predecessor routing -- dfgNode: 34
[DEBUG] success in schedule()
[DEBUG] schedule dfg node[52] onto fu[9] at cycle 3 within II: 31
[DEBUG] setDFGNode 52 onto CGRANode 9 at cycle: 3
[DEBUG] in allocateReg() t_cycle: 2; i: 0 CGRA node: 9; link: 3 duration 1
[DEBUG] done reg allocation
[DEBUG] occupy link[10]-->[9] (bypass:0) dfgNode: 51 at cycle 2
[DEBUG] skip predecessor routing -- dfgNode: 51
[DEBUG] success in schedule()
[DEBUG] schedule dfg node[0] onto fu[10] at cycle 4 within II: 31
[DEBUG] setDFGNode 0 onto CGRANode 10 at cycle: 4
[DEBUG] in allocateReg() t_cycle: 3; i: 0 CGRA node: 10; link: 2 duration 1
[DEBUG] done reg allocation
[DEBUG] occupy link[9]-->[10] (bypass:0) dfgNode: 52 at cycle 3
[DEBUG] skip predecessor routing -- dfgNode: 52
[DEBUG] in shareSameCycle is true: node 0
[DEBUG] tryToRoute -- srcDFGNode: 0, srcCGRANode: 10; dstDFGNode: 33, dstCGRANode: 5; backEdge: 1
[DEBUG] in shareSameCycle is true: node 33
[DEBUG] check route size: 3
[DEBUG] occupy link[10]-->[6] (bypass:1) dfgNode: 0 at cycle 4
[DEBUG] reset duration: 26 t_dstCycle: 0 previous: 5 II: 31
[DEBUG] in allocateReg() t_cycle: 5; i: 0 CGRA node: 5; link: 3 duration 26
[DEBUG] done reg allocation
[DEBUG] occupy link[6]-->[5] (bypass:0) dfgNode: 0 at cycle 5
[DEBUG] in shareSameCycle is true: node 0
[DEBUG] tryToRoute -- srcDFGNode: 0, srcCGRANode: 10; dstDFGNode: 51, dstCGRANode: 10; backEdge: 1
[DEBUG] in shareSameCycle is true: node 51
[DEBUG] check route size: 1
[DEBUG] allocate for local reg maintain... duration=29 last cycle: 4
[DEBUG] in allocateReg() t_cycle: 4; i: 1 CGRA node: 10; link: 4 duration 29
[DEBUG] done reg allocation
[DEBUG] success in schedule()
[DEBUG] schedule dfg node[1] onto fu[14] at cycle 5 within II: 31
[DEBUG] setDFGNode 1 onto CGRANode 14 at cycle: 5
[DEBUG] in allocateReg() t_cycle: 4; i: 0 CGRA node: 14; link: 1 duration 1
[DEBUG] done reg allocation
[DEBUG] occupy link[10]-->[14] (bypass:0) dfgNode: 0 at cycle 4
[DEBUG] skip predecessor routing -- dfgNode: 0
[DEBUG] success in schedule()
[DEBUG] schedule dfg node[4] onto fu[6] at cycle 5 within II: 31
[DEBUG] setDFGNode 4 onto CGRANode 6 at cycle: 5
[DEBUG] in allocateReg() t_cycle: 4; i: 0 CGRA node: 6; link: 0 duration 1
[DEBUG] done reg allocation
[DEBUG] occupy link[10]-->[6] (bypass:0) dfgNode: 0 at cycle 4
[DEBUG] skip predecessor routing -- dfgNode: 0
[DEBUG] success in schedule()
[DEBUG] schedule dfg node[8] onto fu[9] at cycle 5 within II: 31
[DEBUG] setDFGNode 8 onto CGRANode 9 at cycle: 5
[DEBUG] in allocateReg() t_cycle: 4; i: 0 CGRA node: 9; link: 3 duration 1
[DEBUG] done reg allocation
[DEBUG] occupy link[10]-->[9] (bypass:0) dfgNode: 0 at cycle 4
[DEBUG] skip predecessor routing -- dfgNode: 0
[DEBUG] success in schedule()
[DEBUG] schedule dfg node[16] onto fu[5] at cycle 6 within II: 31
[DEBUG] setDFGNode 16 onto CGRANode 5 at cycle: 6
[DEBUG] occupy link[10]-->[6] (bypass:1) dfgNode: 0 at cycle 4
[DEBUG] in allocateReg() t_cycle: 5; i: 1 CGRA node: 5; link: 3 duration 1
[DEBUG] done reg allocation
[DEBUG] occupy link[6]-->[5] (bypass:0) dfgNode: 0 at cycle 5
[DEBUG] skip predecessor routing -- dfgNode: 0
[DEBUG] success in schedule()
[DEBUG] schedule dfg node[24] onto fu[10] at cycle 5 within II: 31
[DEBUG] setDFGNode 24 onto CGRANode 10 at cycle: 5
[DEBUG] tryToRoute -- srcDFGNode: 0, srcCGRANode: 10; dstDFGNode: 24, dstCGRANode: 10; backEdge: 0
[DEBUG] check route size: 1
[DEBUG] allocate for local reg maintain... duration=1 last cycle: 4
[DEBUG] in allocateReg() t_cycle: 4; i: 0 CGRA node: 10; link: 4 duration 1
[DEBUG] done reg allocation
[DEBUG] success in schedule()
[DEBUG] schedule dfg node[32] onto fu[13] at cycle 6 within II: 31
[DEBUG] setDFGNode 32 onto CGRANode 13 at cycle: 6
[DEBUG] occupy link[10]-->[9] (bypass:1) dfgNode: 0 at cycle 4
[DEBUG] in allocateReg() t_cycle: 5; i: 0 CGRA node: 13; link: 1 duration 1
[DEBUG] done reg allocation
[DEBUG] occupy link[9]-->[13] (bypass:0) dfgNode: 0 at cycle 5
[DEBUG] skip predecessor routing -- dfgNode: 0
[DEBUG] success in schedule()
[DEBUG] schedule dfg node[42] onto fu[2] at cycle 6 within II: 31
[DEBUG] setDFGNode 42 onto CGRANode 2 at cycle: 6
[DEBUG] occupy link[10]-->[6] (bypass:1) dfgNode: 0 at cycle 4
[DEBUG] in allocateReg() t_cycle: 5; i: 0 CGRA node: 2; link: 0 duration 1
[DEBUG] done reg allocation
[DEBUG] occupy link[6]-->[2] (bypass:0) dfgNode: 0 at cycle 5
[DEBUG] skip predecessor routing -- dfgNode: 0
[DEBUG] tryToRoute -- srcDFGNode: 34, srcCGRANode: 6; dstDFGNode: 42, dstCGRANode: 2; backEdge: 0
[DEBUG] check route size: 2
[DEBUG] reset duration: 5 t_dstCycle: 6 previous: 1 II: 31
[DEBUG] in allocateReg() t_cycle: 1; i: 1 CGRA node: 2; link: 0 duration 5
[DEBUG] done reg allocation
[DEBUG] occupy link[6]-->[2] (bypass:0) dfgNode: 34 at cycle 1
[DEBUG] success in schedule()
[DEBUG] schedule dfg node[50] onto fu[1] at cycle 7 within II: 31
[DEBUG] setDFGNode 50 onto CGRANode 1 at cycle: 7
[DEBUG] occupy link[10]-->[6] (bypass:1) dfgNode: 0 at cycle 4
[DEBUG] occupy link[6]-->[2] (bypass:1) dfgNode: 0 at cycle 5
[DEBUG] in allocateReg() t_cycle: 6; i: 0 CGRA node: 1; link: 3 duration 1
[DEBUG] done reg allocation
[DEBUG] occupy link[2]-->[1] (bypass:0) dfgNode: 0 at cycle 6
[DEBUG] skip predecessor routing -- dfgNode: 0
[DEBUG] tryToRoute -- srcDFGNode: 34, srcCGRANode: 6; dstDFGNode: 50, dstCGRANode: 1; backEdge: 0
[DEBUG] in shareSameCycle is true: node 50
[DEBUG] cannot route due to II is violated for backward cycle
DEBUG target DFG node: 50 on fu: 1 failed, mapped pred DFG node: 34; return false
[DEBUG] fail1 in schedule() II: 31
[DEBUG] the failed path -- cycle: 7 CGRANode: 1
[DEBUG] the failed path -- cycle: 6 CGRANode: 2
[DEBUG] the failed path -- cycle: 5 CGRANode: 6
[DEBUG] the failed path -- cycle: 4 CGRANode: 10
----------------------------------------
[DEBUG] start heuristic algorithm with II=32
[DEBUG] schedule dfg node[33] onto fu[5] at cycle 0 within II: 32
[DEBUG] setDFGNode 33 onto CGRANode 5 at cycle: 0
[DEBUG] success in schedule()
[DEBUG] schedule dfg node[34] onto fu[6] at cycle 1 within II: 32
[DEBUG] setDFGNode 34 onto CGRANode 6 at cycle: 1
[DEBUG] in allocateReg() t_cycle: 0; i: 0 CGRA node: 6; link: 2 duration 1
[DEBUG] done reg allocation
[DEBUG] occupy link[5]-->[6] (bypass:0) dfgNode: 33 at cycle 0
[DEBUG] skip predecessor routing -- dfgNode: 33
[DEBUG] success in schedule()
[DEBUG] schedule dfg node[51] onto fu[10] at cycle 2 within II: 32
[DEBUG] setDFGNode 51 onto CGRANode 10 at cycle: 2
[DEBUG] in allocateReg() t_cycle: 1; i: 0 CGRA node: 10; link: 1 duration 1
[DEBUG] done reg allocation
[DEBUG] occupy link[6]-->[10] (bypass:0) dfgNode: 34 at cycle 1
[DEBUG] skip predecessor routing -- dfgNode: 34
[DEBUG] success in schedule()
[DEBUG] schedule dfg node[52] onto fu[9] at cycle 3 within II: 32
[DEBUG] setDFGNode 52 onto CGRANode 9 at cycle: 3
[DEBUG] in allocateReg() t_cycle: 2; i: 0 CGRA node: 9; link: 3 duration 1
[DEBUG] done reg allocation
[DEBUG] occupy link[10]-->[9] (bypass:0) dfgNode: 51 at cycle 2
[DEBUG] skip predecessor routing -- dfgNode: 51
[DEBUG] success in schedule()
[DEBUG] schedule dfg node[0] onto fu[10] at cycle 4 within II: 32
[DEBUG] setDFGNode 0 onto CGRANode 10 at cycle: 4
[DEBUG] in allocateReg() t_cycle: 3; i: 0 CGRA node: 10; link: 2 duration 1
[DEBUG] done reg allocation
[DEBUG] occupy link[9]-->[10] (bypass:0) dfgNode: 52 at cycle 3
[DEBUG] skip predecessor routing -- dfgNode: 52
[DEBUG] in shareSameCycle is true: node 0
[DEBUG] tryToRoute -- srcDFGNode: 0, srcCGRANode: 10; dstDFGNode: 33, dstCGRANode: 5; backEdge: 1
[DEBUG] in shareSameCycle is true: node 33
[DEBUG] check route size: 3
[DEBUG] occupy link[10]-->[6] (bypass:1) dfgNode: 0 at cycle 4
[DEBUG] reset duration: 27 t_dstCycle: 0 previous: 5 II: 32
[DEBUG] in allocateReg() t_cycle: 5; i: 0 CGRA node: 5; link: 3 duration 27
[DEBUG] done reg allocation
[DEBUG] occupy link[6]-->[5] (bypass:0) dfgNode: 0 at cycle 5
[DEBUG] in shareSameCycle is true: node 0
[DEBUG] tryToRoute -- srcDFGNode: 0, srcCGRANode: 10; dstDFGNode: 51, dstCGRANode: 10; backEdge: 1
[DEBUG] in shareSameCycle is true: node 51
[DEBUG] check route size: 1
[DEBUG] allocate for local reg maintain... duration=30 last cycle: 4
[DEBUG] in allocateReg() t_cycle: 4; i: 1 CGRA node: 10; link: 4 duration 30
[DEBUG] done reg allocation
[DEBUG] success in schedule()
[DEBUG] schedule dfg node[1] onto fu[14] at cycle 5 within II: 32
[DEBUG] setDFGNode 1 onto CGRANode 14 at cycle: 5
[DEBUG] in allocateReg() t_cycle: 4; i: 0 CGRA node: 14; link: 1 duration 1
[DEBUG] done reg allocation
[DEBUG] occupy link[10]-->[14] (bypass:0) dfgNode: 0 at cycle 4
[DEBUG] skip predecessor routing -- dfgNode: 0
[DEBUG] success in schedule()
[DEBUG] schedule dfg node[4] onto fu[6] at cycle 5 within II: 32
[DEBUG] setDFGNode 4 onto CGRANode 6 at cycle: 5
[DEBUG] in allocateReg() t_cycle: 4; i: 0 CGRA node: 6; link: 0 duration 1
[DEBUG] done reg allocation
[DEBUG] occupy link[10]-->[6] (bypass:0) dfgNode: 0 at cycle 4
[DEBUG] skip predecessor routing -- dfgNode: 0
[DEBUG] success in schedule()
[DEBUG] schedule dfg node[8] onto fu[9] at cycle 5 within II: 32
[DEBUG] setDFGNode 8 onto CGRANode 9 at cycle: 5
[DEBUG] in allocateReg() t_cycle: 4; i: 0 CGRA node: 9; link: 3 duration 1
[DEBUG] done reg allocation
[DEBUG] occupy link[10]-->[9] (bypass:0) dfgNode: 0 at cycle 4
[DEBUG] skip predecessor routing -- dfgNode: 0
[DEBUG] success in schedule()
[DEBUG] schedule dfg node[16] onto fu[5] at cycle 6 within II: 32
[DEBUG] setDFGNode 16 onto CGRANode 5 at cycle: 6
[DEBUG] occupy link[10]-->[6] (bypass:1) dfgNode: 0 at cycle 4
[DEBUG] in allocateReg() t_cycle: 5; i: 1 CGRA node: 5; link: 3 duration 1
[DEBUG] done reg allocation
[DEBUG] occupy link[6]-->[5] (bypass:0) dfgNode: 0 at cycle 5
[DEBUG] skip predecessor routing -- dfgNode: 0
[DEBUG] success in schedule()
[DEBUG] schedule dfg node[24] onto fu[10] at cycle 5 within II: 32
[DEBUG] setDFGNode 24 onto CGRANode 10 at cycle: 5
[DEBUG] tryToRoute -- srcDFGNode: 0, srcCGRANode: 10; dstDFGNode: 24, dstCGRANode: 10; backEdge: 0
[DEBUG] check route size: 1
[DEBUG] allocate for local reg maintain... duration=1 last cycle: 4
[DEBUG] in allocateReg() t_cycle: 4; i: 0 CGRA node: 10; link: 4 duration 1
[DEBUG] done reg allocation
[DEBUG] success in schedule()
[DEBUG] schedule dfg node[32] onto fu[13] at cycle 6 within II: 32
[DEBUG] setDFGNode 32 onto CGRANode 13 at cycle: 6
[DEBUG] occupy link[10]-->[9] (bypass:1) dfgNode: 0 at cycle 4
[DEBUG] in allocateReg() t_cycle: 5; i: 0 CGRA node: 13; link: 1 duration 1
[DEBUG] done reg allocation
[DEBUG] occupy link[9]-->[13] (bypass:0) dfgNode: 0 at cycle 5
[DEBUG] skip predecessor routing -- dfgNode: 0
[DEBUG] success in schedule()
[DEBUG] schedule dfg node[42] onto fu[2] at cycle 6 within II: 32
[DEBUG] setDFGNode 42 onto CGRANode 2 at cycle: 6
[DEBUG] occupy link[10]-->[6] (bypass:1) dfgNode: 0 at cycle 4
[DEBUG] in allocateReg() t_cycle: 5; i: 0 CGRA node: 2; link: 0 duration 1
[DEBUG] done reg allocation
[DEBUG] occupy link[6]-->[2] (bypass:0) dfgNode: 0 at cycle 5
[DEBUG] skip predecessor routing -- dfgNode: 0
[DEBUG] tryToRoute -- srcDFGNode: 34, srcCGRANode: 6; dstDFGNode: 42, dstCGRANode: 2; backEdge: 0
[DEBUG] check route size: 2
[DEBUG] reset duration: 5 t_dstCycle: 6 previous: 1 II: 32
[DEBUG] in allocateReg() t_cycle: 1; i: 1 CGRA node: 2; link: 0 duration 5
[DEBUG] done reg allocation
[DEBUG] occupy link[6]-->[2] (bypass:0) dfgNode: 34 at cycle 1
[DEBUG] success in schedule()
[DEBUG] schedule dfg node[50] onto fu[1] at cycle 7 within II: 32
[DEBUG] setDFGNode 50 onto CGRANode 1 at cycle: 7
[DEBUG] occupy link[10]-->[6] (bypass:1) dfgNode: 0 at cycle 4
[DEBUG] occupy link[6]-->[2] (bypass:1) dfgNode: 0 at cycle 5
[DEBUG] in allocateReg() t_cycle: 6; i: 0 CGRA node: 1; link: 3 duration 1
[DEBUG] done reg allocation
[DEBUG] occupy link[2]-->[1] (bypass:0) dfgNode: 0 at cycle 6
[DEBUG] skip predecessor routing -- dfgNode: 0
[DEBUG] tryToRoute -- srcDFGNode: 34, srcCGRANode: 6; dstDFGNode: 50, dstCGRANode: 1; backEdge: 0
[DEBUG] in shareSameCycle is true: node 50
[DEBUG] cannot route due to II is violated for backward cycle
DEBUG target DFG node: 50 on fu: 1 failed, mapped pred DFG node: 34; return false
[DEBUG] fail1 in schedule() II: 32
[DEBUG] the failed path -- cycle: 7 CGRANode: 1
[DEBUG] the failed path -- cycle: 6 CGRANode: 2
[DEBUG] the failed path -- cycle: 5 CGRANode: 6
[DEBUG] the failed path -- cycle: 4 CGRANode: 10
----------------------------------------
[DEBUG] start heuristic algorithm with II=33
[DEBUG] schedule dfg node[33] onto fu[5] at cycle 0 within II: 33
[DEBUG] setDFGNode 33 onto CGRANode 5 at cycle: 0
[DEBUG] success in schedule()
[DEBUG] schedule dfg node[34] onto fu[6] at cycle 1 within II: 33
[DEBUG] setDFGNode 34 onto CGRANode 6 at cycle: 1
[DEBUG] in allocateReg() t_cycle: 0; i: 0 CGRA node: 6; link: 2 duration 1
[DEBUG] done reg allocation
[DEBUG] occupy link[5]-->[6] (bypass:0) dfgNode: 33 at cycle 0
[DEBUG] skip predecessor routing -- dfgNode: 33
[DEBUG] success in schedule()
[DEBUG] schedule dfg node[51] onto fu[10] at cycle 2 within II: 33
[DEBUG] setDFGNode 51 onto CGRANode 10 at cycle: 2
[DEBUG] in allocateReg() t_cycle: 1; i: 0 CGRA node: 10; link: 1 duration 1
[DEBUG] done reg allocation
[DEBUG] occupy link[6]-->[10] (bypass:0) dfgNode: 34 at cycle 1
[DEBUG] skip predecessor routing -- dfgNode: 34
[DEBUG] success in schedule()
[DEBUG] schedule dfg node[52] onto fu[9] at cycle 3 within II: 33
[DEBUG] setDFGNode 52 onto CGRANode 9 at cycle: 3
[DEBUG] in allocateReg() t_cycle: 2; i: 0 CGRA node: 9; link: 3 duration 1
[DEBUG] done reg allocation
[DEBUG] occupy link[10]-->[9] (bypass:0) dfgNode: 51 at cycle 2
[DEBUG] skip predecessor routing -- dfgNode: 51
[DEBUG] success in schedule()
[DEBUG] schedule dfg node[0] onto fu[10] at cycle 4 within II: 33
[DEBUG] setDFGNode 0 onto CGRANode 10 at cycle: 4
[DEBUG] in allocateReg() t_cycle: 3; i: 0 CGRA node: 10; link: 2 duration 1
[DEBUG] done reg allocation
[DEBUG] occupy link[9]-->[10] (bypass:0) dfgNode: 52 at cycle 3
[DEBUG] skip predecessor routing -- dfgNode: 52
[DEBUG] in shareSameCycle is true: node 0
[DEBUG] tryToRoute -- srcDFGNode: 0, srcCGRANode: 10; dstDFGNode: 33, dstCGRANode: 5; backEdge: 1
[DEBUG] in shareSameCycle is true: node 33
[DEBUG] check route size: 3
[DEBUG] occupy link[10]-->[6] (bypass:1) dfgNode: 0 at cycle 4
[DEBUG] reset duration: 28 t_dstCycle: 0 previous: 5 II: 33
[DEBUG] in allocateReg() t_cycle: 5; i: 0 CGRA node: 5; link: 3 duration 28
[DEBUG] done reg allocation
[DEBUG] occupy link[6]-->[5] (bypass:0) dfgNode: 0 at cycle 5
[DEBUG] in shareSameCycle is true: node 0
[DEBUG] tryToRoute -- srcDFGNode: 0, srcCGRANode: 10; dstDFGNode: 51, dstCGRANode: 10; backEdge: 1
[DEBUG] in shareSameCycle is true: node 51
[DEBUG] check route size: 1
[DEBUG] allocate for local reg maintain... duration=31 last cycle: 4
[DEBUG] in allocateReg() t_cycle: 4; i: 1 CGRA node: 10; link: 4 duration 31
[DEBUG] done reg allocation
[DEBUG] success in schedule()
[DEBUG] schedule dfg node[1] onto fu[14] at cycle 5 within II: 33
[DEBUG] setDFGNode 1 onto CGRANode 14 at cycle: 5
[DEBUG] in allocateReg() t_cycle: 4; i: 0 CGRA node: 14; link: 1 duration 1
[DEBUG] done reg allocation
[DEBUG] occupy link[10]-->[14] (bypass:0) dfgNode: 0 at cycle 4
[DEBUG] skip predecessor routing -- dfgNode: 0
[DEBUG] success in schedule()
[DEBUG] schedule dfg node[4] onto fu[6] at cycle 5 within II: 33
[DEBUG] setDFGNode 4 onto CGRANode 6 at cycle: 5
[DEBUG] in allocateReg() t_cycle: 4; i: 0 CGRA node: 6; link: 0 duration 1
[DEBUG] done reg allocation
[DEBUG] occupy link[10]-->[6] (bypass:0) dfgNode: 0 at cycle 4
[DEBUG] skip predecessor routing -- dfgNode: 0
[DEBUG] success in schedule()
[DEBUG] schedule dfg node[8] onto fu[9] at cycle 5 within II: 33
[DEBUG] setDFGNode 8 onto CGRANode 9 at cycle: 5
[DEBUG] in allocateReg() t_cycle: 4; i: 0 CGRA node: 9; link: 3 duration 1
[DEBUG] done reg allocation
[DEBUG] occupy link[10]-->[9] (bypass:0) dfgNode: 0 at cycle 4
[DEBUG] skip predecessor routing -- dfgNode: 0
[DEBUG] success in schedule()
[DEBUG] schedule dfg node[16] onto fu[5] at cycle 6 within II: 33
[DEBUG] setDFGNode 16 onto CGRANode 5 at cycle: 6
[DEBUG] occupy link[10]-->[6] (bypass:1) dfgNode: 0 at cycle 4
[DEBUG] in allocateReg() t_cycle: 5; i: 1 CGRA node: 5; link: 3 duration 1
[DEBUG] done reg allocation
[DEBUG] occupy link[6]-->[5] (bypass:0) dfgNode: 0 at cycle 5
[DEBUG] skip predecessor routing -- dfgNode: 0
[DEBUG] success in schedule()
[DEBUG] schedule dfg node[24] onto fu[10] at cycle 5 within II: 33
[DEBUG] setDFGNode 24 onto CGRANode 10 at cycle: 5
[DEBUG] tryToRoute -- srcDFGNode: 0, srcCGRANode: 10; dstDFGNode: 24, dstCGRANode: 10; backEdge: 0
[DEBUG] check route size: 1
[DEBUG] allocate for local reg maintain... duration=1 last cycle: 4
[DEBUG] in allocateReg() t_cycle: 4; i: 0 CGRA node: 10; link: 4 duration 1
[DEBUG] done reg allocation
[DEBUG] success in schedule()
[DEBUG] schedule dfg node[32] onto fu[13] at cycle 6 within II: 33
[DEBUG] setDFGNode 32 onto CGRANode 13 at cycle: 6
[DEBUG] occupy link[10]-->[9] (bypass:1) dfgNode: 0 at cycle 4
[DEBUG] in allocateReg() t_cycle: 5; i: 0 CGRA node: 13; link: 1 duration 1
[DEBUG] done reg allocation
[DEBUG] occupy link[9]-->[13] (bypass:0) dfgNode: 0 at cycle 5
[DEBUG] skip predecessor routing -- dfgNode: 0
[DEBUG] success in schedule()
[DEBUG] schedule dfg node[42] onto fu[2] at cycle 6 within II: 33
[DEBUG] setDFGNode 42 onto CGRANode 2 at cycle: 6
[DEBUG] occupy link[10]-->[6] (bypass:1) dfgNode: 0 at cycle 4
[DEBUG] in allocateReg() t_cycle: 5; i: 0 CGRA node: 2; link: 0 duration 1
[DEBUG] done reg allocation
[DEBUG] occupy link[6]-->[2] (bypass:0) dfgNode: 0 at cycle 5
[DEBUG] skip predecessor routing -- dfgNode: 0
[DEBUG] tryToRoute -- srcDFGNode: 34, srcCGRANode: 6; dstDFGNode: 42, dstCGRANode: 2; backEdge: 0
[DEBUG] check route size: 2
[DEBUG] reset duration: 5 t_dstCycle: 6 previous: 1 II: 33
[DEBUG] in allocateReg() t_cycle: 1; i: 1 CGRA node: 2; link: 0 duration 5
[DEBUG] done reg allocation
[DEBUG] occupy link[6]-->[2] (bypass:0) dfgNode: 34 at cycle 1
[DEBUG] success in schedule()
[DEBUG] schedule dfg node[50] onto fu[1] at cycle 7 within II: 33
[DEBUG] setDFGNode 50 onto CGRANode 1 at cycle: 7
[DEBUG] occupy link[10]-->[6] (bypass:1) dfgNode: 0 at cycle 4
[DEBUG] occupy link[6]-->[2] (bypass:1) dfgNode: 0 at cycle 5
[DEBUG] in allocateReg() t_cycle: 6; i: 0 CGRA node: 1; link: 3 duration 1
[DEBUG] done reg allocation
[DEBUG] occupy link[2]-->[1] (bypass:0) dfgNode: 0 at cycle 6
[DEBUG] skip predecessor routing -- dfgNode: 0
[DEBUG] tryToRoute -- srcDFGNode: 34, srcCGRANode: 6; dstDFGNode: 50, dstCGRANode: 1; backEdge: 0
[DEBUG] in shareSameCycle is true: node 50
[DEBUG] cannot route due to II is violated for backward cycle
DEBUG target DFG node: 50 on fu: 1 failed, mapped pred DFG node: 34; return false
[DEBUG] fail1 in schedule() II: 33
[DEBUG] the failed path -- cycle: 7 CGRANode: 1
[DEBUG] the failed path -- cycle: 6 CGRANode: 2
[DEBUG] the failed path -- cycle: 5 CGRANode: 6
[DEBUG] the failed path -- cycle: 4 CGRANode: 10
----------------------------------------
[DEBUG] start heuristic algorithm with II=34
[DEBUG] schedule dfg node[33] onto fu[5] at cycle 0 within II: 34
[DEBUG] setDFGNode 33 onto CGRANode 5 at cycle: 0
[DEBUG] success in schedule()
[DEBUG] schedule dfg node[34] onto fu[6] at cycle 1 within II: 34
[DEBUG] setDFGNode 34 onto CGRANode 6 at cycle: 1
[DEBUG] in allocateReg() t_cycle: 0; i: 0 CGRA node: 6; link: 2 duration 1
[DEBUG] done reg allocation
[DEBUG] occupy link[5]-->[6] (bypass:0) dfgNode: 33 at cycle 0
[DEBUG] skip predecessor routing -- dfgNode: 33
[DEBUG] success in schedule()
[DEBUG] schedule dfg node[51] onto fu[10] at cycle 2 within II: 34
[DEBUG] setDFGNode 51 onto CGRANode 10 at cycle: 2
[DEBUG] in allocateReg() t_cycle: 1; i: 0 CGRA node: 10; link: 1 duration 1
[DEBUG] done reg allocation
[DEBUG] occupy link[6]-->[10] (bypass:0) dfgNode: 34 at cycle 1
[DEBUG] skip predecessor routing -- dfgNode: 34
[DEBUG] success in schedule()
[DEBUG] schedule dfg node[52] onto fu[9] at cycle 3 within II: 34
[DEBUG] setDFGNode 52 onto CGRANode 9 at cycle: 3
[DEBUG] in allocateReg() t_cycle: 2; i: 0 CGRA node: 9; link: 3 duration 1
[DEBUG] done reg allocation
[DEBUG] occupy link[10]-->[9] (bypass:0) dfgNode: 51 at cycle 2
[DEBUG] skip predecessor routing -- dfgNode: 51
[DEBUG] success in schedule()
[DEBUG] schedule dfg node[0] onto fu[10] at cycle 4 within II: 34
[DEBUG] setDFGNode 0 onto CGRANode 10 at cycle: 4
[DEBUG] in allocateReg() t_cycle: 3; i: 0 CGRA node: 10; link: 2 duration 1
[DEBUG] done reg allocation
[DEBUG] occupy link[9]-->[10] (bypass:0) dfgNode: 52 at cycle 3
[DEBUG] skip predecessor routing -- dfgNode: 52
[DEBUG] in shareSameCycle is true: node 0
[DEBUG] tryToRoute -- srcDFGNode: 0, srcCGRANode: 10; dstDFGNode: 33, dstCGRANode: 5; backEdge: 1
[DEBUG] in shareSameCycle is true: node 33
[DEBUG] check route size: 3
[DEBUG] occupy link[10]-->[6] (bypass:1) dfgNode: 0 at cycle 4
[DEBUG] reset duration: 29 t_dstCycle: 0 previous: 5 II: 34
[DEBUG] in allocateReg() t_cycle: 5; i: 0 CGRA node: 5; link: 3 duration 29
[DEBUG] done reg allocation
[DEBUG] occupy link[6]-->[5] (bypass:0) dfgNode: 0 at cycle 5
[DEBUG] in shareSameCycle is true: node 0
[DEBUG] tryToRoute -- srcDFGNode: 0, srcCGRANode: 10; dstDFGNode: 51, dstCGRANode: 10; backEdge: 1
[DEBUG] in shareSameCycle is true: node 51
[DEBUG] check route size: 1
[DEBUG] allocate for local reg maintain... duration=32 last cycle: 4
[DEBUG] in allocateReg() t_cycle: 4; i: 1 CGRA node: 10; link: 4 duration 32
[DEBUG] done reg allocation
[DEBUG] success in schedule()
[DEBUG] schedule dfg node[1] onto fu[14] at cycle 5 within II: 34
[DEBUG] setDFGNode 1 onto CGRANode 14 at cycle: 5
[DEBUG] in allocateReg() t_cycle: 4; i: 0 CGRA node: 14; link: 1 duration 1
[DEBUG] done reg allocation
[DEBUG] occupy link[10]-->[14] (bypass:0) dfgNode: 0 at cycle 4
[DEBUG] skip predecessor routing -- dfgNode: 0
[DEBUG] success in schedule()
[DEBUG] schedule dfg node[4] onto fu[6] at cycle 5 within II: 34
[DEBUG] setDFGNode 4 onto CGRANode 6 at cycle: 5
[DEBUG] in allocateReg() t_cycle: 4; i: 0 CGRA node: 6; link: 0 duration 1
[DEBUG] done reg allocation
[DEBUG] occupy link[10]-->[6] (bypass:0) dfgNode: 0 at cycle 4
[DEBUG] skip predecessor routing -- dfgNode: 0
[DEBUG] success in schedule()
[DEBUG] schedule dfg node[8] onto fu[9] at cycle 5 within II: 34
[DEBUG] setDFGNode 8 onto CGRANode 9 at cycle: 5
[DEBUG] in allocateReg() t_cycle: 4; i: 0 CGRA node: 9; link: 3 duration 1
[DEBUG] done reg allocation
[DEBUG] occupy link[10]-->[9] (bypass:0) dfgNode: 0 at cycle 4
[DEBUG] skip predecessor routing -- dfgNode: 0
[DEBUG] success in schedule()
[DEBUG] schedule dfg node[16] onto fu[5] at cycle 6 within II: 34
[DEBUG] setDFGNode 16 onto CGRANode 5 at cycle: 6
[DEBUG] occupy link[10]-->[6] (bypass:1) dfgNode: 0 at cycle 4
[DEBUG] in allocateReg() t_cycle: 5; i: 1 CGRA node: 5; link: 3 duration 1
[DEBUG] done reg allocation
[DEBUG] occupy link[6]-->[5] (bypass:0) dfgNode: 0 at cycle 5
[DEBUG] skip predecessor routing -- dfgNode: 0
[DEBUG] success in schedule()
[DEBUG] schedule dfg node[24] onto fu[10] at cycle 5 within II: 34
[DEBUG] setDFGNode 24 onto CGRANode 10 at cycle: 5
[DEBUG] tryToRoute -- srcDFGNode: 0, srcCGRANode: 10; dstDFGNode: 24, dstCGRANode: 10; backEdge: 0
[DEBUG] check route size: 1
[DEBUG] allocate for local reg maintain... duration=1 last cycle: 4
[DEBUG] in allocateReg() t_cycle: 4; i: 0 CGRA node: 10; link: 4 duration 1
[DEBUG] done reg allocation
[DEBUG] success in schedule()
[DEBUG] schedule dfg node[32] onto fu[13] at cycle 6 within II: 34
[DEBUG] setDFGNode 32 onto CGRANode 13 at cycle: 6
[DEBUG] occupy link[10]-->[9] (bypass:1) dfgNode: 0 at cycle 4
[DEBUG] in allocateReg() t_cycle: 5; i: 0 CGRA node: 13; link: 1 duration 1
[DEBUG] done reg allocation
[DEBUG] occupy link[9]-->[13] (bypass:0) dfgNode: 0 at cycle 5
[DEBUG] skip predecessor routing -- dfgNode: 0
[DEBUG] success in schedule()
[DEBUG] schedule dfg node[42] onto fu[2] at cycle 6 within II: 34
[DEBUG] setDFGNode 42 onto CGRANode 2 at cycle: 6
[DEBUG] occupy link[10]-->[6] (bypass:1) dfgNode: 0 at cycle 4
[DEBUG] in allocateReg() t_cycle: 5; i: 0 CGRA node: 2; link: 0 duration 1
[DEBUG] done reg allocation
[DEBUG] occupy link[6]-->[2] (bypass:0) dfgNode: 0 at cycle 5
[DEBUG] skip predecessor routing -- dfgNode: 0
[DEBUG] tryToRoute -- srcDFGNode: 34, srcCGRANode: 6; dstDFGNode: 42, dstCGRANode: 2; backEdge: 0
[DEBUG] check route size: 2
[DEBUG] reset duration: 5 t_dstCycle: 6 previous: 1 II: 34
[DEBUG] in allocateReg() t_cycle: 1; i: 1 CGRA node: 2; link: 0 duration 5
[DEBUG] done reg allocation
[DEBUG] occupy link[6]-->[2] (bypass:0) dfgNode: 34 at cycle 1
[DEBUG] success in schedule()
[DEBUG] schedule dfg node[50] onto fu[1] at cycle 7 within II: 34
[DEBUG] setDFGNode 50 onto CGRANode 1 at cycle: 7
[DEBUG] occupy link[10]-->[6] (bypass:1) dfgNode: 0 at cycle 4
[DEBUG] occupy link[6]-->[2] (bypass:1) dfgNode: 0 at cycle 5
[DEBUG] in allocateReg() t_cycle: 6; i: 0 CGRA node: 1; link: 3 duration 1
[DEBUG] done reg allocation
[DEBUG] occupy link[2]-->[1] (bypass:0) dfgNode: 0 at cycle 6
[DEBUG] skip predecessor routing -- dfgNode: 0
[DEBUG] tryToRoute -- srcDFGNode: 34, srcCGRANode: 6; dstDFGNode: 50, dstCGRANode: 1; backEdge: 0
[DEBUG] in shareSameCycle is true: node 50
[DEBUG] cannot route due to II is violated for backward cycle
DEBUG target DFG node: 50 on fu: 1 failed, mapped pred DFG node: 34; return false
[DEBUG] fail1 in schedule() II: 34
[DEBUG] the failed path -- cycle: 7 CGRANode: 1
[DEBUG] the failed path -- cycle: 6 CGRANode: 2
[DEBUG] the failed path -- cycle: 5 CGRANode: 6
[DEBUG] the failed path -- cycle: 4 CGRANode: 10
----------------------------------------
[DEBUG] start heuristic algorithm with II=35
[DEBUG] schedule dfg node[33] onto fu[5] at cycle 0 within II: 35
[DEBUG] setDFGNode 33 onto CGRANode 5 at cycle: 0
[DEBUG] success in schedule()
[DEBUG] schedule dfg node[34] onto fu[6] at cycle 1 within II: 35
[DEBUG] setDFGNode 34 onto CGRANode 6 at cycle: 1
[DEBUG] in allocateReg() t_cycle: 0; i: 0 CGRA node: 6; link: 2 duration 1
[DEBUG] done reg allocation
[DEBUG] occupy link[5]-->[6] (bypass:0) dfgNode: 33 at cycle 0
[DEBUG] skip predecessor routing -- dfgNode: 33
[DEBUG] success in schedule()
[DEBUG] schedule dfg node[51] onto fu[10] at cycle 2 within II: 35
[DEBUG] setDFGNode 51 onto CGRANode 10 at cycle: 2
[DEBUG] in allocateReg() t_cycle: 1; i: 0 CGRA node: 10; link: 1 duration 1
[DEBUG] done reg allocation
[DEBUG] occupy link[6]-->[10] (bypass:0) dfgNode: 34 at cycle 1
[DEBUG] skip predecessor routing -- dfgNode: 34
[DEBUG] success in schedule()
[DEBUG] schedule dfg node[52] onto fu[9] at cycle 3 within II: 35
[DEBUG] setDFGNode 52 onto CGRANode 9 at cycle: 3
[DEBUG] in allocateReg() t_cycle: 2; i: 0 CGRA node: 9; link: 3 duration 1
[DEBUG] done reg allocation
[DEBUG] occupy link[10]-->[9] (bypass:0) dfgNode: 51 at cycle 2
[DEBUG] skip predecessor routing -- dfgNode: 51
[DEBUG] success in schedule()
[DEBUG] schedule dfg node[0] onto fu[10] at cycle 4 within II: 35
[DEBUG] setDFGNode 0 onto CGRANode 10 at cycle: 4
[DEBUG] in allocateReg() t_cycle: 3; i: 0 CGRA node: 10; link: 2 duration 1
[DEBUG] done reg allocation
[DEBUG] occupy link[9]-->[10] (bypass:0) dfgNode: 52 at cycle 3
[DEBUG] skip predecessor routing -- dfgNode: 52
[DEBUG] in shareSameCycle is true: node 0
[DEBUG] tryToRoute -- srcDFGNode: 0, srcCGRANode: 10; dstDFGNode: 33, dstCGRANode: 5; backEdge: 1
[DEBUG] in shareSameCycle is true: node 33
[DEBUG] check route size: 3
[DEBUG] occupy link[10]-->[6] (bypass:1) dfgNode: 0 at cycle 4
[DEBUG] reset duration: 30 t_dstCycle: 0 previous: 5 II: 35
[DEBUG] in allocateReg() t_cycle: 5; i: 0 CGRA node: 5; link: 3 duration 30
[DEBUG] done reg allocation
[DEBUG] occupy link[6]-->[5] (bypass:0) dfgNode: 0 at cycle 5
[DEBUG] in shareSameCycle is true: node 0
[DEBUG] tryToRoute -- srcDFGNode: 0, srcCGRANode: 10; dstDFGNode: 51, dstCGRANode: 10; backEdge: 1
[DEBUG] in shareSameCycle is true: node 51
[DEBUG] check route size: 1
[DEBUG] allocate for local reg maintain... duration=33 last cycle: 4
[DEBUG] in allocateReg() t_cycle: 4; i: 1 CGRA node: 10; link: 4 duration 33
[DEBUG] done reg allocation
[DEBUG] success in schedule()
[DEBUG] schedule dfg node[1] onto fu[14] at cycle 5 within II: 35
[DEBUG] setDFGNode 1 onto CGRANode 14 at cycle: 5
[DEBUG] in allocateReg() t_cycle: 4; i: 0 CGRA node: 14; link: 1 duration 1
[DEBUG] done reg allocation
[DEBUG] occupy link[10]-->[14] (bypass:0) dfgNode: 0 at cycle 4
[DEBUG] skip predecessor routing -- dfgNode: 0
[DEBUG] success in schedule()
[DEBUG] schedule dfg node[4] onto fu[6] at cycle 5 within II: 35
[DEBUG] setDFGNode 4 onto CGRANode 6 at cycle: 5
[DEBUG] in allocateReg() t_cycle: 4; i: 0 CGRA node: 6; link: 0 duration 1
[DEBUG] done reg allocation
[DEBUG] occupy link[10]-->[6] (bypass:0) dfgNode: 0 at cycle 4
[DEBUG] skip predecessor routing -- dfgNode: 0
[DEBUG] success in schedule()
[DEBUG] schedule dfg node[8] onto fu[9] at cycle 5 within II: 35
[DEBUG] setDFGNode 8 onto CGRANode 9 at cycle: 5
[DEBUG] in allocateReg() t_cycle: 4; i: 0 CGRA node: 9; link: 3 duration 1
[DEBUG] done reg allocation
[DEBUG] occupy link[10]-->[9] (bypass:0) dfgNode: 0 at cycle 4
[DEBUG] skip predecessor routing -- dfgNode: 0
[DEBUG] success in schedule()
[DEBUG] schedule dfg node[16] onto fu[5] at cycle 6 within II: 35
[DEBUG] setDFGNode 16 onto CGRANode 5 at cycle: 6
[DEBUG] occupy link[10]-->[6] (bypass:1) dfgNode: 0 at cycle 4
[DEBUG] in allocateReg() t_cycle: 5; i: 1 CGRA node: 5; link: 3 duration 1
[DEBUG] done reg allocation
[DEBUG] occupy link[6]-->[5] (bypass:0) dfgNode: 0 at cycle 5
[DEBUG] skip predecessor routing -- dfgNode: 0
[DEBUG] success in schedule()
[DEBUG] schedule dfg node[24] onto fu[10] at cycle 5 within II: 35
[DEBUG] setDFGNode 24 onto CGRANode 10 at cycle: 5
[DEBUG] tryToRoute -- srcDFGNode: 0, srcCGRANode: 10; dstDFGNode: 24, dstCGRANode: 10; backEdge: 0
[DEBUG] check route size: 1
[DEBUG] allocate for local reg maintain... duration=1 last cycle: 4
[DEBUG] in allocateReg() t_cycle: 4; i: 0 CGRA node: 10; link: 4 duration 1
[DEBUG] done reg allocation
[DEBUG] success in schedule()
[DEBUG] schedule dfg node[32] onto fu[13] at cycle 6 within II: 35
[DEBUG] setDFGNode 32 onto CGRANode 13 at cycle: 6
[DEBUG] occupy link[10]-->[9] (bypass:1) dfgNode: 0 at cycle 4
[DEBUG] in allocateReg() t_cycle: 5; i: 0 CGRA node: 13; link: 1 duration 1
[DEBUG] done reg allocation
[DEBUG] occupy link[9]-->[13] (bypass:0) dfgNode: 0 at cycle 5
[DEBUG] skip predecessor routing -- dfgNode: 0
[DEBUG] success in schedule()
[DEBUG] schedule dfg node[42] onto fu[2] at cycle 6 within II: 35
[DEBUG] setDFGNode 42 onto CGRANode 2 at cycle: 6
[DEBUG] occupy link[10]-->[6] (bypass:1) dfgNode: 0 at cycle 4
[DEBUG] in allocateReg() t_cycle: 5; i: 0 CGRA node: 2; link: 0 duration 1
[DEBUG] done reg allocation
[DEBUG] occupy link[6]-->[2] (bypass:0) dfgNode: 0 at cycle 5
[DEBUG] skip predecessor routing -- dfgNode: 0
[DEBUG] tryToRoute -- srcDFGNode: 34, srcCGRANode: 6; dstDFGNode: 42, dstCGRANode: 2; backEdge: 0
[DEBUG] check route size: 2
[DEBUG] reset duration: 5 t_dstCycle: 6 previous: 1 II: 35
[DEBUG] in allocateReg() t_cycle: 1; i: 1 CGRA node: 2; link: 0 duration 5
[DEBUG] done reg allocation
[DEBUG] occupy link[6]-->[2] (bypass:0) dfgNode: 34 at cycle 1
[DEBUG] success in schedule()
[DEBUG] schedule dfg node[50] onto fu[1] at cycle 7 within II: 35
[DEBUG] setDFGNode 50 onto CGRANode 1 at cycle: 7
[DEBUG] occupy link[10]-->[6] (bypass:1) dfgNode: 0 at cycle 4
[DEBUG] occupy link[6]-->[2] (bypass:1) dfgNode: 0 at cycle 5
[DEBUG] in allocateReg() t_cycle: 6; i: 0 CGRA node: 1; link: 3 duration 1
[DEBUG] done reg allocation
[DEBUG] occupy link[2]-->[1] (bypass:0) dfgNode: 0 at cycle 6
[DEBUG] skip predecessor routing -- dfgNode: 0
[DEBUG] tryToRoute -- srcDFGNode: 34, srcCGRANode: 6; dstDFGNode: 50, dstCGRANode: 1; backEdge: 0
[DEBUG] in shareSameCycle is true: node 50
[DEBUG] cannot route due to II is violated for backward cycle
DEBUG target DFG node: 50 on fu: 1 failed, mapped pred DFG node: 34; return false
[DEBUG] fail1 in schedule() II: 35
[DEBUG] the failed path -- cycle: 7 CGRANode: 1
[DEBUG] the failed path -- cycle: 6 CGRANode: 2
[DEBUG] the failed path -- cycle: 5 CGRANode: 6
[DEBUG] the failed path -- cycle: 4 CGRANode: 10
----------------------------------------
[DEBUG] start heuristic algorithm with II=36
[DEBUG] schedule dfg node[33] onto fu[5] at cycle 0 within II: 36
[DEBUG] setDFGNode 33 onto CGRANode 5 at cycle: 0
[DEBUG] success in schedule()
[DEBUG] schedule dfg node[34] onto fu[6] at cycle 1 within II: 36
[DEBUG] setDFGNode 34 onto CGRANode 6 at cycle: 1
[DEBUG] in allocateReg() t_cycle: 0; i: 0 CGRA node: 6; link: 2 duration 1
[DEBUG] done reg allocation
[DEBUG] occupy link[5]-->[6] (bypass:0) dfgNode: 33 at cycle 0
[DEBUG] skip predecessor routing -- dfgNode: 33
[DEBUG] success in schedule()
[DEBUG] schedule dfg node[51] onto fu[10] at cycle 2 within II: 36
[DEBUG] setDFGNode 51 onto CGRANode 10 at cycle: 2
[DEBUG] in allocateReg() t_cycle: 1; i: 0 CGRA node: 10; link: 1 duration 1
[DEBUG] done reg allocation
[DEBUG] occupy link[6]-->[10] (bypass:0) dfgNode: 34 at cycle 1
[DEBUG] skip predecessor routing -- dfgNode: 34
[DEBUG] success in schedule()
[DEBUG] schedule dfg node[52] onto fu[9] at cycle 3 within II: 36
[DEBUG] setDFGNode 52 onto CGRANode 9 at cycle: 3
[DEBUG] in allocateReg() t_cycle: 2; i: 0 CGRA node: 9; link: 3 duration 1
[DEBUG] done reg allocation
[DEBUG] occupy link[10]-->[9] (bypass:0) dfgNode: 51 at cycle 2
[DEBUG] skip predecessor routing -- dfgNode: 51
[DEBUG] success in schedule()
[DEBUG] schedule dfg node[0] onto fu[10] at cycle 4 within II: 36
[DEBUG] setDFGNode 0 onto CGRANode 10 at cycle: 4
[DEBUG] in allocateReg() t_cycle: 3; i: 0 CGRA node: 10; link: 2 duration 1
[DEBUG] done reg allocation
[DEBUG] occupy link[9]-->[10] (bypass:0) dfgNode: 52 at cycle 3
[DEBUG] skip predecessor routing -- dfgNode: 52
[DEBUG] in shareSameCycle is true: node 0
[DEBUG] tryToRoute -- srcDFGNode: 0, srcCGRANode: 10; dstDFGNode: 33, dstCGRANode: 5; backEdge: 1
[DEBUG] in shareSameCycle is true: node 33
[DEBUG] check route size: 3
[DEBUG] occupy link[10]-->[6] (bypass:1) dfgNode: 0 at cycle 4
[DEBUG] reset duration: 31 t_dstCycle: 0 previous: 5 II: 36
[DEBUG] in allocateReg() t_cycle: 5; i: 0 CGRA node: 5; link: 3 duration 31
[DEBUG] done reg allocation
[DEBUG] occupy link[6]-->[5] (bypass:0) dfgNode: 0 at cycle 5
[DEBUG] in shareSameCycle is true: node 0
[DEBUG] tryToRoute -- srcDFGNode: 0, srcCGRANode: 10; dstDFGNode: 51, dstCGRANode: 10; backEdge: 1
[DEBUG] in shareSameCycle is true: node 51
[DEBUG] check route size: 1
[DEBUG] allocate for local reg maintain... duration=34 last cycle: 4
[DEBUG] in allocateReg() t_cycle: 4; i: 1 CGRA node: 10; link: 4 duration 34
[DEBUG] done reg allocation
[DEBUG] success in schedule()
[DEBUG] schedule dfg node[1] onto fu[14] at cycle 5 within II: 36
[DEBUG] setDFGNode 1 onto CGRANode 14 at cycle: 5
[DEBUG] in allocateReg() t_cycle: 4; i: 0 CGRA node: 14; link: 1 duration 1
[DEBUG] done reg allocation
[DEBUG] occupy link[10]-->[14] (bypass:0) dfgNode: 0 at cycle 4
[DEBUG] skip predecessor routing -- dfgNode: 0
[DEBUG] success in schedule()
[DEBUG] schedule dfg node[4] onto fu[6] at cycle 5 within II: 36
[DEBUG] setDFGNode 4 onto CGRANode 6 at cycle: 5
[DEBUG] in allocateReg() t_cycle: 4; i: 0 CGRA node: 6; link: 0 duration 1
[DEBUG] done reg allocation
[DEBUG] occupy link[10]-->[6] (bypass:0) dfgNode: 0 at cycle 4
[DEBUG] skip predecessor routing -- dfgNode: 0
[DEBUG] success in schedule()
[DEBUG] schedule dfg node[8] onto fu[9] at cycle 5 within II: 36
[DEBUG] setDFGNode 8 onto CGRANode 9 at cycle: 5
[DEBUG] in allocateReg() t_cycle: 4; i: 0 CGRA node: 9; link: 3 duration 1
[DEBUG] done reg allocation
[DEBUG] occupy link[10]-->[9] (bypass:0) dfgNode: 0 at cycle 4
[DEBUG] skip predecessor routing -- dfgNode: 0
[DEBUG] success in schedule()
[DEBUG] schedule dfg node[16] onto fu[5] at cycle 6 within II: 36
[DEBUG] setDFGNode 16 onto CGRANode 5 at cycle: 6
[DEBUG] occupy link[10]-->[6] (bypass:1) dfgNode: 0 at cycle 4
[DEBUG] in allocateReg() t_cycle: 5; i: 1 CGRA node: 5; link: 3 duration 1
[DEBUG] done reg allocation
[DEBUG] occupy link[6]-->[5] (bypass:0) dfgNode: 0 at cycle 5
[DEBUG] skip predecessor routing -- dfgNode: 0
[DEBUG] success in schedule()
[DEBUG] schedule dfg node[24] onto fu[10] at cycle 5 within II: 36
[DEBUG] setDFGNode 24 onto CGRANode 10 at cycle: 5
[DEBUG] tryToRoute -- srcDFGNode: 0, srcCGRANode: 10; dstDFGNode: 24, dstCGRANode: 10; backEdge: 0
[DEBUG] check route size: 1
[DEBUG] allocate for local reg maintain... duration=1 last cycle: 4
[DEBUG] in allocateReg() t_cycle: 4; i: 0 CGRA node: 10; link: 4 duration 1
[DEBUG] done reg allocation
[DEBUG] success in schedule()
[DEBUG] schedule dfg node[32] onto fu[13] at cycle 6 within II: 36
[DEBUG] setDFGNode 32 onto CGRANode 13 at cycle: 6
[DEBUG] occupy link[10]-->[9] (bypass:1) dfgNode: 0 at cycle 4
[DEBUG] in allocateReg() t_cycle: 5; i: 0 CGRA node: 13; link: 1 duration 1
[DEBUG] done reg allocation
[DEBUG] occupy link[9]-->[13] (bypass:0) dfgNode: 0 at cycle 5
[DEBUG] skip predecessor routing -- dfgNode: 0
[DEBUG] success in schedule()
[DEBUG] schedule dfg node[42] onto fu[2] at cycle 6 within II: 36
[DEBUG] setDFGNode 42 onto CGRANode 2 at cycle: 6
[DEBUG] occupy link[10]-->[6] (bypass:1) dfgNode: 0 at cycle 4
[DEBUG] in allocateReg() t_cycle: 5; i: 0 CGRA node: 2; link: 0 duration 1
[DEBUG] done reg allocation
[DEBUG] occupy link[6]-->[2] (bypass:0) dfgNode: 0 at cycle 5
[DEBUG] skip predecessor routing -- dfgNode: 0
[DEBUG] tryToRoute -- srcDFGNode: 34, srcCGRANode: 6; dstDFGNode: 42, dstCGRANode: 2; backEdge: 0
[DEBUG] check route size: 2
[DEBUG] reset duration: 5 t_dstCycle: 6 previous: 1 II: 36
[DEBUG] in allocateReg() t_cycle: 1; i: 1 CGRA node: 2; link: 0 duration 5
[DEBUG] done reg allocation
[DEBUG] occupy link[6]-->[2] (bypass:0) dfgNode: 34 at cycle 1
[DEBUG] success in schedule()
[DEBUG] schedule dfg node[50] onto fu[1] at cycle 7 within II: 36
[DEBUG] setDFGNode 50 onto CGRANode 1 at cycle: 7
[DEBUG] occupy link[10]-->[6] (bypass:1) dfgNode: 0 at cycle 4
[DEBUG] occupy link[6]-->[2] (bypass:1) dfgNode: 0 at cycle 5
[DEBUG] in allocateReg() t_cycle: 6; i: 0 CGRA node: 1; link: 3 duration 1
[DEBUG] done reg allocation
[DEBUG] occupy link[2]-->[1] (bypass:0) dfgNode: 0 at cycle 6
[DEBUG] skip predecessor routing -- dfgNode: 0
[DEBUG] tryToRoute -- srcDFGNode: 34, srcCGRANode: 6; dstDFGNode: 50, dstCGRANode: 1; backEdge: 0
[DEBUG] in shareSameCycle is true: node 50
[DEBUG] cannot route due to II is violated for backward cycle
DEBUG target DFG node: 50 on fu: 1 failed, mapped pred DFG node: 34; return false
[DEBUG] fail1 in schedule() II: 36
[DEBUG] the failed path -- cycle: 7 CGRANode: 1
[DEBUG] the failed path -- cycle: 6 CGRANode: 2
[DEBUG] the failed path -- cycle: 5 CGRANode: 6
[DEBUG] the failed path -- cycle: 4 CGRANode: 10
----------------------------------------
[DEBUG] start heuristic algorithm with II=37
[DEBUG] schedule dfg node[33] onto fu[5] at cycle 0 within II: 37
[DEBUG] setDFGNode 33 onto CGRANode 5 at cycle: 0
[DEBUG] success in schedule()
[DEBUG] schedule dfg node[34] onto fu[6] at cycle 1 within II: 37
[DEBUG] setDFGNode 34 onto CGRANode 6 at cycle: 1
[DEBUG] in allocateReg() t_cycle: 0; i: 0 CGRA node: 6; link: 2 duration 1
[DEBUG] done reg allocation
[DEBUG] occupy link[5]-->[6] (bypass:0) dfgNode: 33 at cycle 0
[DEBUG] skip predecessor routing -- dfgNode: 33
[DEBUG] success in schedule()
[DEBUG] schedule dfg node[51] onto fu[10] at cycle 2 within II: 37
[DEBUG] setDFGNode 51 onto CGRANode 10 at cycle: 2
[DEBUG] in allocateReg() t_cycle: 1; i: 0 CGRA node: 10; link: 1 duration 1
[DEBUG] done reg allocation
[DEBUG] occupy link[6]-->[10] (bypass:0) dfgNode: 34 at cycle 1
[DEBUG] skip predecessor routing -- dfgNode: 34
[DEBUG] success in schedule()
[DEBUG] schedule dfg node[52] onto fu[9] at cycle 3 within II: 37
[DEBUG] setDFGNode 52 onto CGRANode 9 at cycle: 3
[DEBUG] in allocateReg() t_cycle: 2; i: 0 CGRA node: 9; link: 3 duration 1
[DEBUG] done reg allocation
[DEBUG] occupy link[10]-->[9] (bypass:0) dfgNode: 51 at cycle 2
[DEBUG] skip predecessor routing -- dfgNode: 51
[DEBUG] success in schedule()
[DEBUG] schedule dfg node[0] onto fu[10] at cycle 4 within II: 37
[DEBUG] setDFGNode 0 onto CGRANode 10 at cycle: 4
[DEBUG] in allocateReg() t_cycle: 3; i: 0 CGRA node: 10; link: 2 duration 1
[DEBUG] done reg allocation
[DEBUG] occupy link[9]-->[10] (bypass:0) dfgNode: 52 at cycle 3
[DEBUG] skip predecessor routing -- dfgNode: 52
[DEBUG] in shareSameCycle is true: node 0
[DEBUG] tryToRoute -- srcDFGNode: 0, srcCGRANode: 10; dstDFGNode: 33, dstCGRANode: 5; backEdge: 1
[DEBUG] in shareSameCycle is true: node 33
[DEBUG] check route size: 3
[DEBUG] occupy link[10]-->[6] (bypass:1) dfgNode: 0 at cycle 4
[DEBUG] reset duration: 32 t_dstCycle: 0 previous: 5 II: 37
[DEBUG] in allocateReg() t_cycle: 5; i: 0 CGRA node: 5; link: 3 duration 32
[DEBUG] done reg allocation
[DEBUG] occupy link[6]-->[5] (bypass:0) dfgNode: 0 at cycle 5
[DEBUG] in shareSameCycle is true: node 0
[DEBUG] tryToRoute -- srcDFGNode: 0, srcCGRANode: 10; dstDFGNode: 51, dstCGRANode: 10; backEdge: 1
[DEBUG] in shareSameCycle is true: node 51
[DEBUG] check route size: 1
[DEBUG] allocate for local reg maintain... duration=35 last cycle: 4
[DEBUG] in allocateReg() t_cycle: 4; i: 1 CGRA node: 10; link: 4 duration 35
[DEBUG] done reg allocation
[DEBUG] success in schedule()
[DEBUG] schedule dfg node[1] onto fu[14] at cycle 5 within II: 37
[DEBUG] setDFGNode 1 onto CGRANode 14 at cycle: 5
[DEBUG] in allocateReg() t_cycle: 4; i: 0 CGRA node: 14; link: 1 duration 1
[DEBUG] done reg allocation
[DEBUG] occupy link[10]-->[14] (bypass:0) dfgNode: 0 at cycle 4
[DEBUG] skip predecessor routing -- dfgNode: 0
[DEBUG] success in schedule()
[DEBUG] schedule dfg node[4] onto fu[6] at cycle 5 within II: 37
[DEBUG] setDFGNode 4 onto CGRANode 6 at cycle: 5
[DEBUG] in allocateReg() t_cycle: 4; i: 0 CGRA node: 6; link: 0 duration 1
[DEBUG] done reg allocation
[DEBUG] occupy link[10]-->[6] (bypass:0) dfgNode: 0 at cycle 4
[DEBUG] skip predecessor routing -- dfgNode: 0
[DEBUG] success in schedule()
[DEBUG] schedule dfg node[8] onto fu[9] at cycle 5 within II: 37
[DEBUG] setDFGNode 8 onto CGRANode 9 at cycle: 5
[DEBUG] in allocateReg() t_cycle: 4; i: 0 CGRA node: 9; link: 3 duration 1
[DEBUG] done reg allocation
[DEBUG] occupy link[10]-->[9] (bypass:0) dfgNode: 0 at cycle 4
[DEBUG] skip predecessor routing -- dfgNode: 0
[DEBUG] success in schedule()
[DEBUG] schedule dfg node[16] onto fu[5] at cycle 6 within II: 37
[DEBUG] setDFGNode 16 onto CGRANode 5 at cycle: 6
[DEBUG] occupy link[10]-->[6] (bypass:1) dfgNode: 0 at cycle 4
[DEBUG] in allocateReg() t_cycle: 5; i: 1 CGRA node: 5; link: 3 duration 1
[DEBUG] done reg allocation
[DEBUG] occupy link[6]-->[5] (bypass:0) dfgNode: 0 at cycle 5
[DEBUG] skip predecessor routing -- dfgNode: 0
[DEBUG] success in schedule()
[DEBUG] schedule dfg node[24] onto fu[10] at cycle 5 within II: 37
[DEBUG] setDFGNode 24 onto CGRANode 10 at cycle: 5
[DEBUG] tryToRoute -- srcDFGNode: 0, srcCGRANode: 10; dstDFGNode: 24, dstCGRANode: 10; backEdge: 0
[DEBUG] check route size: 1
[DEBUG] allocate for local reg maintain... duration=1 last cycle: 4
[DEBUG] in allocateReg() t_cycle: 4; i: 0 CGRA node: 10; link: 4 duration 1
[DEBUG] done reg allocation
[DEBUG] success in schedule()
[DEBUG] schedule dfg node[32] onto fu[13] at cycle 6 within II: 37
[DEBUG] setDFGNode 32 onto CGRANode 13 at cycle: 6
[DEBUG] occupy link[10]-->[9] (bypass:1) dfgNode: 0 at cycle 4
[DEBUG] in allocateReg() t_cycle: 5; i: 0 CGRA node: 13; link: 1 duration 1
[DEBUG] done reg allocation
[DEBUG] occupy link[9]-->[13] (bypass:0) dfgNode: 0 at cycle 5
[DEBUG] skip predecessor routing -- dfgNode: 0
[DEBUG] success in schedule()
[DEBUG] schedule dfg node[42] onto fu[2] at cycle 6 within II: 37
[DEBUG] setDFGNode 42 onto CGRANode 2 at cycle: 6
[DEBUG] occupy link[10]-->[6] (bypass:1) dfgNode: 0 at cycle 4
[DEBUG] in allocateReg() t_cycle: 5; i: 0 CGRA node: 2; link: 0 duration 1
[DEBUG] done reg allocation
[DEBUG] occupy link[6]-->[2] (bypass:0) dfgNode: 0 at cycle 5
[DEBUG] skip predecessor routing -- dfgNode: 0
[DEBUG] tryToRoute -- srcDFGNode: 34, srcCGRANode: 6; dstDFGNode: 42, dstCGRANode: 2; backEdge: 0
[DEBUG] check route size: 2
[DEBUG] reset duration: 5 t_dstCycle: 6 previous: 1 II: 37
[DEBUG] in allocateReg() t_cycle: 1; i: 1 CGRA node: 2; link: 0 duration 5
[DEBUG] done reg allocation
[DEBUG] occupy link[6]-->[2] (bypass:0) dfgNode: 34 at cycle 1
[DEBUG] success in schedule()
[DEBUG] schedule dfg node[50] onto fu[1] at cycle 7 within II: 37
[DEBUG] setDFGNode 50 onto CGRANode 1 at cycle: 7
[DEBUG] occupy link[10]-->[6] (bypass:1) dfgNode: 0 at cycle 4
[DEBUG] occupy link[6]-->[2] (bypass:1) dfgNode: 0 at cycle 5
[DEBUG] in allocateReg() t_cycle: 6; i: 0 CGRA node: 1; link: 3 duration 1
[DEBUG] done reg allocation
[DEBUG] occupy link[2]-->[1] (bypass:0) dfgNode: 0 at cycle 6
[DEBUG] skip predecessor routing -- dfgNode: 0
[DEBUG] tryToRoute -- srcDFGNode: 34, srcCGRANode: 6; dstDFGNode: 50, dstCGRANode: 1; backEdge: 0
[DEBUG] in shareSameCycle is true: node 50
[DEBUG] cannot route due to II is violated for backward cycle
DEBUG target DFG node: 50 on fu: 1 failed, mapped pred DFG node: 34; return false
[DEBUG] fail1 in schedule() II: 37
[DEBUG] the failed path -- cycle: 7 CGRANode: 1
[DEBUG] the failed path -- cycle: 6 CGRANode: 2
[DEBUG] the failed path -- cycle: 5 CGRANode: 6
[DEBUG] the failed path -- cycle: 4 CGRANode: 10
----------------------------------------
[DEBUG] start heuristic algorithm with II=38
[DEBUG] schedule dfg node[33] onto fu[5] at cycle 0 within II: 38
[DEBUG] setDFGNode 33 onto CGRANode 5 at cycle: 0
[DEBUG] success in schedule()
[DEBUG] schedule dfg node[34] onto fu[6] at cycle 1 within II: 38
[DEBUG] setDFGNode 34 onto CGRANode 6 at cycle: 1
[DEBUG] in allocateReg() t_cycle: 0; i: 0 CGRA node: 6; link: 2 duration 1
[DEBUG] done reg allocation
[DEBUG] occupy link[5]-->[6] (bypass:0) dfgNode: 33 at cycle 0
[DEBUG] skip predecessor routing -- dfgNode: 33
[DEBUG] success in schedule()
[DEBUG] schedule dfg node[51] onto fu[10] at cycle 2 within II: 38
[DEBUG] setDFGNode 51 onto CGRANode 10 at cycle: 2
[DEBUG] in allocateReg() t_cycle: 1; i: 0 CGRA node: 10; link: 1 duration 1
[DEBUG] done reg allocation
[DEBUG] occupy link[6]-->[10] (bypass:0) dfgNode: 34 at cycle 1
[DEBUG] skip predecessor routing -- dfgNode: 34
[DEBUG] success in schedule()
[DEBUG] schedule dfg node[52] onto fu[9] at cycle 3 within II: 38
[DEBUG] setDFGNode 52 onto CGRANode 9 at cycle: 3
[DEBUG] in allocateReg() t_cycle: 2; i: 0 CGRA node: 9; link: 3 duration 1
[DEBUG] done reg allocation
[DEBUG] occupy link[10]-->[9] (bypass:0) dfgNode: 51 at cycle 2
[DEBUG] skip predecessor routing -- dfgNode: 51
[DEBUG] success in schedule()
[DEBUG] schedule dfg node[0] onto fu[10] at cycle 4 within II: 38
[DEBUG] setDFGNode 0 onto CGRANode 10 at cycle: 4
[DEBUG] in allocateReg() t_cycle: 3; i: 0 CGRA node: 10; link: 2 duration 1
[DEBUG] done reg allocation
[DEBUG] occupy link[9]-->[10] (bypass:0) dfgNode: 52 at cycle 3
[DEBUG] skip predecessor routing -- dfgNode: 52
[DEBUG] in shareSameCycle is true: node 0
[DEBUG] tryToRoute -- srcDFGNode: 0, srcCGRANode: 10; dstDFGNode: 33, dstCGRANode: 5; backEdge: 1
[DEBUG] in shareSameCycle is true: node 33
[DEBUG] check route size: 3
[DEBUG] occupy link[10]-->[6] (bypass:1) dfgNode: 0 at cycle 4
[DEBUG] reset duration: 33 t_dstCycle: 0 previous: 5 II: 38
[DEBUG] in allocateReg() t_cycle: 5; i: 0 CGRA node: 5; link: 3 duration 33
[DEBUG] done reg allocation
[DEBUG] occupy link[6]-->[5] (bypass:0) dfgNode: 0 at cycle 5
[DEBUG] in shareSameCycle is true: node 0
[DEBUG] tryToRoute -- srcDFGNode: 0, srcCGRANode: 10; dstDFGNode: 51, dstCGRANode: 10; backEdge: 1
[DEBUG] in shareSameCycle is true: node 51
[DEBUG] check route size: 1
[DEBUG] allocate for local reg maintain... duration=36 last cycle: 4
[DEBUG] in allocateReg() t_cycle: 4; i: 1 CGRA node: 10; link: 4 duration 36
[DEBUG] done reg allocation
[DEBUG] success in schedule()
[DEBUG] schedule dfg node[1] onto fu[14] at cycle 5 within II: 38
[DEBUG] setDFGNode 1 onto CGRANode 14 at cycle: 5
[DEBUG] in allocateReg() t_cycle: 4; i: 0 CGRA node: 14; link: 1 duration 1
[DEBUG] done reg allocation
[DEBUG] occupy link[10]-->[14] (bypass:0) dfgNode: 0 at cycle 4
[DEBUG] skip predecessor routing -- dfgNode: 0
[DEBUG] success in schedule()
[DEBUG] schedule dfg node[4] onto fu[6] at cycle 5 within II: 38
[DEBUG] setDFGNode 4 onto CGRANode 6 at cycle: 5
[DEBUG] in allocateReg() t_cycle: 4; i: 0 CGRA node: 6; link: 0 duration 1
[DEBUG] done reg allocation
[DEBUG] occupy link[10]-->[6] (bypass:0) dfgNode: 0 at cycle 4
[DEBUG] skip predecessor routing -- dfgNode: 0
[DEBUG] success in schedule()
[DEBUG] schedule dfg node[8] onto fu[9] at cycle 5 within II: 38
[DEBUG] setDFGNode 8 onto CGRANode 9 at cycle: 5
[DEBUG] in allocateReg() t_cycle: 4; i: 0 CGRA node: 9; link: 3 duration 1
[DEBUG] done reg allocation
[DEBUG] occupy link[10]-->[9] (bypass:0) dfgNode: 0 at cycle 4
[DEBUG] skip predecessor routing -- dfgNode: 0
[DEBUG] success in schedule()
[DEBUG] schedule dfg node[16] onto fu[5] at cycle 6 within II: 38
[DEBUG] setDFGNode 16 onto CGRANode 5 at cycle: 6
[DEBUG] occupy link[10]-->[6] (bypass:1) dfgNode: 0 at cycle 4
[DEBUG] in allocateReg() t_cycle: 5; i: 1 CGRA node: 5; link: 3 duration 1
[DEBUG] done reg allocation
[DEBUG] occupy link[6]-->[5] (bypass:0) dfgNode: 0 at cycle 5
[DEBUG] skip predecessor routing -- dfgNode: 0
[DEBUG] success in schedule()
[DEBUG] schedule dfg node[24] onto fu[10] at cycle 5 within II: 38
[DEBUG] setDFGNode 24 onto CGRANode 10 at cycle: 5
[DEBUG] tryToRoute -- srcDFGNode: 0, srcCGRANode: 10; dstDFGNode: 24, dstCGRANode: 10; backEdge: 0
[DEBUG] check route size: 1
[DEBUG] allocate for local reg maintain... duration=1 last cycle: 4
[DEBUG] in allocateReg() t_cycle: 4; i: 0 CGRA node: 10; link: 4 duration 1
[DEBUG] done reg allocation
[DEBUG] success in schedule()
[DEBUG] schedule dfg node[32] onto fu[13] at cycle 6 within II: 38
[DEBUG] setDFGNode 32 onto CGRANode 13 at cycle: 6
[DEBUG] occupy link[10]-->[9] (bypass:1) dfgNode: 0 at cycle 4
[DEBUG] in allocateReg() t_cycle: 5; i: 0 CGRA node: 13; link: 1 duration 1
[DEBUG] done reg allocation
[DEBUG] occupy link[9]-->[13] (bypass:0) dfgNode: 0 at cycle 5
[DEBUG] skip predecessor routing -- dfgNode: 0
[DEBUG] success in schedule()
[DEBUG] schedule dfg node[42] onto fu[2] at cycle 6 within II: 38
[DEBUG] setDFGNode 42 onto CGRANode 2 at cycle: 6
[DEBUG] occupy link[10]-->[6] (bypass:1) dfgNode: 0 at cycle 4
[DEBUG] in allocateReg() t_cycle: 5; i: 0 CGRA node: 2; link: 0 duration 1
[DEBUG] done reg allocation
[DEBUG] occupy link[6]-->[2] (bypass:0) dfgNode: 0 at cycle 5
[DEBUG] skip predecessor routing -- dfgNode: 0
[DEBUG] tryToRoute -- srcDFGNode: 34, srcCGRANode: 6; dstDFGNode: 42, dstCGRANode: 2; backEdge: 0
[DEBUG] check route size: 2
[DEBUG] reset duration: 5 t_dstCycle: 6 previous: 1 II: 38
[DEBUG] in allocateReg() t_cycle: 1; i: 1 CGRA node: 2; link: 0 duration 5
[DEBUG] done reg allocation
[DEBUG] occupy link[6]-->[2] (bypass:0) dfgNode: 34 at cycle 1
[DEBUG] success in schedule()
[DEBUG] schedule dfg node[50] onto fu[1] at cycle 7 within II: 38
[DEBUG] setDFGNode 50 onto CGRANode 1 at cycle: 7
[DEBUG] occupy link[10]-->[6] (bypass:1) dfgNode: 0 at cycle 4
[DEBUG] occupy link[6]-->[2] (bypass:1) dfgNode: 0 at cycle 5
[DEBUG] in allocateReg() t_cycle: 6; i: 0 CGRA node: 1; link: 3 duration 1
[DEBUG] done reg allocation
[DEBUG] occupy link[2]-->[1] (bypass:0) dfgNode: 0 at cycle 6
[DEBUG] skip predecessor routing -- dfgNode: 0
[DEBUG] tryToRoute -- srcDFGNode: 34, srcCGRANode: 6; dstDFGNode: 50, dstCGRANode: 1; backEdge: 0
[DEBUG] in shareSameCycle is true: node 50
[DEBUG] cannot route due to II is violated for backward cycle
DEBUG target DFG node: 50 on fu: 1 failed, mapped pred DFG node: 34; return false
[DEBUG] fail1 in schedule() II: 38
[DEBUG] the failed path -- cycle: 7 CGRANode: 1
[DEBUG] the failed path -- cycle: 6 CGRANode: 2
[DEBUG] the failed path -- cycle: 5 CGRANode: 6
[DEBUG] the failed path -- cycle: 4 CGRANode: 10
----------------------------------------
[DEBUG] start heuristic algorithm with II=39
[DEBUG] schedule dfg node[33] onto fu[5] at cycle 0 within II: 39
[DEBUG] setDFGNode 33 onto CGRANode 5 at cycle: 0
[DEBUG] success in schedule()
[DEBUG] schedule dfg node[34] onto fu[6] at cycle 1 within II: 39
[DEBUG] setDFGNode 34 onto CGRANode 6 at cycle: 1
[DEBUG] in allocateReg() t_cycle: 0; i: 0 CGRA node: 6; link: 2 duration 1
[DEBUG] done reg allocation
[DEBUG] occupy link[5]-->[6] (bypass:0) dfgNode: 33 at cycle 0
[DEBUG] skip predecessor routing -- dfgNode: 33
[DEBUG] success in schedule()
[DEBUG] schedule dfg node[51] onto fu[10] at cycle 2 within II: 39
[DEBUG] setDFGNode 51 onto CGRANode 10 at cycle: 2
[DEBUG] in allocateReg() t_cycle: 1; i: 0 CGRA node: 10; link: 1 duration 1
[DEBUG] done reg allocation
[DEBUG] occupy link[6]-->[10] (bypass:0) dfgNode: 34 at cycle 1
[DEBUG] skip predecessor routing -- dfgNode: 34
[DEBUG] success in schedule()
[DEBUG] schedule dfg node[52] onto fu[9] at cycle 3 within II: 39
[DEBUG] setDFGNode 52 onto CGRANode 9 at cycle: 3
[DEBUG] in allocateReg() t_cycle: 2; i: 0 CGRA node: 9; link: 3 duration 1
[DEBUG] done reg allocation
[DEBUG] occupy link[10]-->[9] (bypass:0) dfgNode: 51 at cycle 2
[DEBUG] skip predecessor routing -- dfgNode: 51
[DEBUG] success in schedule()
[DEBUG] schedule dfg node[0] onto fu[10] at cycle 4 within II: 39
[DEBUG] setDFGNode 0 onto CGRANode 10 at cycle: 4
[DEBUG] in allocateReg() t_cycle: 3; i: 0 CGRA node: 10; link: 2 duration 1
[DEBUG] done reg allocation
[DEBUG] occupy link[9]-->[10] (bypass:0) dfgNode: 52 at cycle 3
[DEBUG] skip predecessor routing -- dfgNode: 52
[DEBUG] in shareSameCycle is true: node 0
[DEBUG] tryToRoute -- srcDFGNode: 0, srcCGRANode: 10; dstDFGNode: 33, dstCGRANode: 5; backEdge: 1
[DEBUG] in shareSameCycle is true: node 33
[DEBUG] check route size: 3
[DEBUG] occupy link[10]-->[6] (bypass:1) dfgNode: 0 at cycle 4
[DEBUG] reset duration: 34 t_dstCycle: 0 previous: 5 II: 39
[DEBUG] in allocateReg() t_cycle: 5; i: 0 CGRA node: 5; link: 3 duration 34
[DEBUG] done reg allocation
[DEBUG] occupy link[6]-->[5] (bypass:0) dfgNode: 0 at cycle 5
[DEBUG] in shareSameCycle is true: node 0
[DEBUG] tryToRoute -- srcDFGNode: 0, srcCGRANode: 10; dstDFGNode: 51, dstCGRANode: 10; backEdge: 1
[DEBUG] in shareSameCycle is true: node 51
[DEBUG] check route size: 1
[DEBUG] allocate for local reg maintain... duration=37 last cycle: 4
[DEBUG] in allocateReg() t_cycle: 4; i: 1 CGRA node: 10; link: 4 duration 37
[DEBUG] done reg allocation
[DEBUG] success in schedule()
[DEBUG] schedule dfg node[1] onto fu[14] at cycle 5 within II: 39
[DEBUG] setDFGNode 1 onto CGRANode 14 at cycle: 5
[DEBUG] in allocateReg() t_cycle: 4; i: 0 CGRA node: 14; link: 1 duration 1
[DEBUG] done reg allocation
[DEBUG] occupy link[10]-->[14] (bypass:0) dfgNode: 0 at cycle 4
[DEBUG] skip predecessor routing -- dfgNode: 0
[DEBUG] success in schedule()
[DEBUG] schedule dfg node[4] onto fu[6] at cycle 5 within II: 39
[DEBUG] setDFGNode 4 onto CGRANode 6 at cycle: 5
[DEBUG] in allocateReg() t_cycle: 4; i: 0 CGRA node: 6; link: 0 duration 1
[DEBUG] done reg allocation
[DEBUG] occupy link[10]-->[6] (bypass:0) dfgNode: 0 at cycle 4
[DEBUG] skip predecessor routing -- dfgNode: 0
[DEBUG] success in schedule()
[DEBUG] schedule dfg node[8] onto fu[9] at cycle 5 within II: 39
[DEBUG] setDFGNode 8 onto CGRANode 9 at cycle: 5
[DEBUG] in allocateReg() t_cycle: 4; i: 0 CGRA node: 9; link: 3 duration 1
[DEBUG] done reg allocation
[DEBUG] occupy link[10]-->[9] (bypass:0) dfgNode: 0 at cycle 4
[DEBUG] skip predecessor routing -- dfgNode: 0
[DEBUG] success in schedule()
[DEBUG] schedule dfg node[16] onto fu[5] at cycle 6 within II: 39
[DEBUG] setDFGNode 16 onto CGRANode 5 at cycle: 6
[DEBUG] occupy link[10]-->[6] (bypass:1) dfgNode: 0 at cycle 4
[DEBUG] in allocateReg() t_cycle: 5; i: 1 CGRA node: 5; link: 3 duration 1
[DEBUG] done reg allocation
[DEBUG] occupy link[6]-->[5] (bypass:0) dfgNode: 0 at cycle 5
[DEBUG] skip predecessor routing -- dfgNode: 0
[DEBUG] success in schedule()
[DEBUG] schedule dfg node[24] onto fu[10] at cycle 5 within II: 39
[DEBUG] setDFGNode 24 onto CGRANode 10 at cycle: 5
[DEBUG] tryToRoute -- srcDFGNode: 0, srcCGRANode: 10; dstDFGNode: 24, dstCGRANode: 10; backEdge: 0
[DEBUG] check route size: 1
[DEBUG] allocate for local reg maintain... duration=1 last cycle: 4
[DEBUG] in allocateReg() t_cycle: 4; i: 0 CGRA node: 10; link: 4 duration 1
[DEBUG] done reg allocation
[DEBUG] success in schedule()
[DEBUG] schedule dfg node[32] onto fu[13] at cycle 6 within II: 39
[DEBUG] setDFGNode 32 onto CGRANode 13 at cycle: 6
[DEBUG] occupy link[10]-->[9] (bypass:1) dfgNode: 0 at cycle 4
[DEBUG] in allocateReg() t_cycle: 5; i: 0 CGRA node: 13; link: 1 duration 1
[DEBUG] done reg allocation
[DEBUG] occupy link[9]-->[13] (bypass:0) dfgNode: 0 at cycle 5
[DEBUG] skip predecessor routing -- dfgNode: 0
[DEBUG] success in schedule()
[DEBUG] schedule dfg node[42] onto fu[2] at cycle 6 within II: 39
[DEBUG] setDFGNode 42 onto CGRANode 2 at cycle: 6
[DEBUG] occupy link[10]-->[6] (bypass:1) dfgNode: 0 at cycle 4
[DEBUG] in allocateReg() t_cycle: 5; i: 0 CGRA node: 2; link: 0 duration 1
[DEBUG] done reg allocation
[DEBUG] occupy link[6]-->[2] (bypass:0) dfgNode: 0 at cycle 5
[DEBUG] skip predecessor routing -- dfgNode: 0
[DEBUG] tryToRoute -- srcDFGNode: 34, srcCGRANode: 6; dstDFGNode: 42, dstCGRANode: 2; backEdge: 0
[DEBUG] check route size: 2
[DEBUG] reset duration: 5 t_dstCycle: 6 previous: 1 II: 39
[DEBUG] in allocateReg() t_cycle: 1; i: 1 CGRA node: 2; link: 0 duration 5
[DEBUG] done reg allocation
[DEBUG] occupy link[6]-->[2] (bypass:0) dfgNode: 34 at cycle 1
[DEBUG] success in schedule()
[DEBUG] schedule dfg node[50] onto fu[1] at cycle 7 within II: 39
[DEBUG] setDFGNode 50 onto CGRANode 1 at cycle: 7
[DEBUG] occupy link[10]-->[6] (bypass:1) dfgNode: 0 at cycle 4
[DEBUG] occupy link[6]-->[2] (bypass:1) dfgNode: 0 at cycle 5
[DEBUG] in allocateReg() t_cycle: 6; i: 0 CGRA node: 1; link: 3 duration 1
[DEBUG] done reg allocation
[DEBUG] occupy link[2]-->[1] (bypass:0) dfgNode: 0 at cycle 6
[DEBUG] skip predecessor routing -- dfgNode: 0
[DEBUG] tryToRoute -- srcDFGNode: 34, srcCGRANode: 6; dstDFGNode: 50, dstCGRANode: 1; backEdge: 0
[DEBUG] in shareSameCycle is true: node 50
[DEBUG] cannot route due to II is violated for backward cycle
DEBUG target DFG node: 50 on fu: 1 failed, mapped pred DFG node: 34; return false
[DEBUG] fail1 in schedule() II: 39
[DEBUG] the failed path -- cycle: 7 CGRANode: 1
[DEBUG] the failed path -- cycle: 6 CGRANode: 2
[DEBUG] the failed path -- cycle: 5 CGRANode: 6
[DEBUG] the failed path -- cycle: 4 CGRANode: 10
----------------------------------------
[DEBUG] start heuristic algorithm with II=40
[DEBUG] schedule dfg node[33] onto fu[5] at cycle 0 within II: 40
[DEBUG] setDFGNode 33 onto CGRANode 5 at cycle: 0
[DEBUG] success in schedule()
[DEBUG] schedule dfg node[34] onto fu[6] at cycle 1 within II: 40
[DEBUG] setDFGNode 34 onto CGRANode 6 at cycle: 1
[DEBUG] in allocateReg() t_cycle: 0; i: 0 CGRA node: 6; link: 2 duration 1
[DEBUG] done reg allocation
[DEBUG] occupy link[5]-->[6] (bypass:0) dfgNode: 33 at cycle 0
[DEBUG] skip predecessor routing -- dfgNode: 33
[DEBUG] success in schedule()
[DEBUG] schedule dfg node[51] onto fu[10] at cycle 2 within II: 40
[DEBUG] setDFGNode 51 onto CGRANode 10 at cycle: 2
[DEBUG] in allocateReg() t_cycle: 1; i: 0 CGRA node: 10; link: 1 duration 1
[DEBUG] done reg allocation
[DEBUG] occupy link[6]-->[10] (bypass:0) dfgNode: 34 at cycle 1
[DEBUG] skip predecessor routing -- dfgNode: 34
[DEBUG] success in schedule()
[DEBUG] schedule dfg node[52] onto fu[9] at cycle 3 within II: 40
[DEBUG] setDFGNode 52 onto CGRANode 9 at cycle: 3
[DEBUG] in allocateReg() t_cycle: 2; i: 0 CGRA node: 9; link: 3 duration 1
[DEBUG] done reg allocation
[DEBUG] occupy link[10]-->[9] (bypass:0) dfgNode: 51 at cycle 2
[DEBUG] skip predecessor routing -- dfgNode: 51
[DEBUG] success in schedule()
[DEBUG] schedule dfg node[0] onto fu[10] at cycle 4 within II: 40
[DEBUG] setDFGNode 0 onto CGRANode 10 at cycle: 4
[DEBUG] in allocateReg() t_cycle: 3; i: 0 CGRA node: 10; link: 2 duration 1
[DEBUG] done reg allocation
[DEBUG] occupy link[9]-->[10] (bypass:0) dfgNode: 52 at cycle 3
[DEBUG] skip predecessor routing -- dfgNode: 52
[DEBUG] in shareSameCycle is true: node 0
[DEBUG] tryToRoute -- srcDFGNode: 0, srcCGRANode: 10; dstDFGNode: 33, dstCGRANode: 5; backEdge: 1
[DEBUG] in shareSameCycle is true: node 33
[DEBUG] check route size: 3
[DEBUG] occupy link[10]-->[6] (bypass:1) dfgNode: 0 at cycle 4
[DEBUG] reset duration: 35 t_dstCycle: 0 previous: 5 II: 40
[DEBUG] in allocateReg() t_cycle: 5; i: 0 CGRA node: 5; link: 3 duration 35
[DEBUG] done reg allocation
[DEBUG] occupy link[6]-->[5] (bypass:0) dfgNode: 0 at cycle 5
[DEBUG] in shareSameCycle is true: node 0
[DEBUG] tryToRoute -- srcDFGNode: 0, srcCGRANode: 10; dstDFGNode: 51, dstCGRANode: 10; backEdge: 1
[DEBUG] in shareSameCycle is true: node 51
[DEBUG] check route size: 1
[DEBUG] allocate for local reg maintain... duration=38 last cycle: 4
[DEBUG] in allocateReg() t_cycle: 4; i: 1 CGRA node: 10; link: 4 duration 38
[DEBUG] done reg allocation
[DEBUG] success in schedule()
[DEBUG] schedule dfg node[1] onto fu[14] at cycle 5 within II: 40
[DEBUG] setDFGNode 1 onto CGRANode 14 at cycle: 5
[DEBUG] in allocateReg() t_cycle: 4; i: 0 CGRA node: 14; link: 1 duration 1
[DEBUG] done reg allocation
[DEBUG] occupy link[10]-->[14] (bypass:0) dfgNode: 0 at cycle 4
[DEBUG] skip predecessor routing -- dfgNode: 0
[DEBUG] success in schedule()
[DEBUG] schedule dfg node[4] onto fu[6] at cycle 5 within II: 40
[DEBUG] setDFGNode 4 onto CGRANode 6 at cycle: 5
[DEBUG] in allocateReg() t_cycle: 4; i: 0 CGRA node: 6; link: 0 duration 1
[DEBUG] done reg allocation
[DEBUG] occupy link[10]-->[6] (bypass:0) dfgNode: 0 at cycle 4
[DEBUG] skip predecessor routing -- dfgNode: 0
[DEBUG] success in schedule()
[DEBUG] schedule dfg node[8] onto fu[9] at cycle 5 within II: 40
[DEBUG] setDFGNode 8 onto CGRANode 9 at cycle: 5
[DEBUG] in allocateReg() t_cycle: 4; i: 0 CGRA node: 9; link: 3 duration 1
[DEBUG] done reg allocation
[DEBUG] occupy link[10]-->[9] (bypass:0) dfgNode: 0 at cycle 4
[DEBUG] skip predecessor routing -- dfgNode: 0
[DEBUG] success in schedule()
[DEBUG] schedule dfg node[16] onto fu[5] at cycle 6 within II: 40
[DEBUG] setDFGNode 16 onto CGRANode 5 at cycle: 6
[DEBUG] occupy link[10]-->[6] (bypass:1) dfgNode: 0 at cycle 4
[DEBUG] in allocateReg() t_cycle: 5; i: 1 CGRA node: 5; link: 3 duration 1
[DEBUG] done reg allocation
[DEBUG] occupy link[6]-->[5] (bypass:0) dfgNode: 0 at cycle 5
[DEBUG] skip predecessor routing -- dfgNode: 0
[DEBUG] success in schedule()
[DEBUG] schedule dfg node[24] onto fu[10] at cycle 5 within II: 40
[DEBUG] setDFGNode 24 onto CGRANode 10 at cycle: 5
[DEBUG] tryToRoute -- srcDFGNode: 0, srcCGRANode: 10; dstDFGNode: 24, dstCGRANode: 10; backEdge: 0
[DEBUG] check route size: 1
[DEBUG] allocate for local reg maintain... duration=1 last cycle: 4
[DEBUG] in allocateReg() t_cycle: 4; i: 0 CGRA node: 10; link: 4 duration 1
[DEBUG] done reg allocation
[DEBUG] success in schedule()
[DEBUG] schedule dfg node[32] onto fu[13] at cycle 6 within II: 40
[DEBUG] setDFGNode 32 onto CGRANode 13 at cycle: 6
[DEBUG] occupy link[10]-->[9] (bypass:1) dfgNode: 0 at cycle 4
[DEBUG] in allocateReg() t_cycle: 5; i: 0 CGRA node: 13; link: 1 duration 1
[DEBUG] done reg allocation
[DEBUG] occupy link[9]-->[13] (bypass:0) dfgNode: 0 at cycle 5
[DEBUG] skip predecessor routing -- dfgNode: 0
[DEBUG] success in schedule()
[DEBUG] schedule dfg node[42] onto fu[2] at cycle 6 within II: 40
[DEBUG] setDFGNode 42 onto CGRANode 2 at cycle: 6
[DEBUG] occupy link[10]-->[6] (bypass:1) dfgNode: 0 at cycle 4
[DEBUG] in allocateReg() t_cycle: 5; i: 0 CGRA node: 2; link: 0 duration 1
[DEBUG] done reg allocation
[DEBUG] occupy link[6]-->[2] (bypass:0) dfgNode: 0 at cycle 5
[DEBUG] skip predecessor routing -- dfgNode: 0
[DEBUG] tryToRoute -- srcDFGNode: 34, srcCGRANode: 6; dstDFGNode: 42, dstCGRANode: 2; backEdge: 0
[DEBUG] check route size: 2
[DEBUG] reset duration: 5 t_dstCycle: 6 previous: 1 II: 40
[DEBUG] in allocateReg() t_cycle: 1; i: 1 CGRA node: 2; link: 0 duration 5
[DEBUG] done reg allocation
[DEBUG] occupy link[6]-->[2] (bypass:0) dfgNode: 34 at cycle 1
[DEBUG] success in schedule()
[DEBUG] schedule dfg node[50] onto fu[1] at cycle 7 within II: 40
[DEBUG] setDFGNode 50 onto CGRANode 1 at cycle: 7
[DEBUG] occupy link[10]-->[6] (bypass:1) dfgNode: 0 at cycle 4
[DEBUG] occupy link[6]-->[2] (bypass:1) dfgNode: 0 at cycle 5
[DEBUG] in allocateReg() t_cycle: 6; i: 0 CGRA node: 1; link: 3 duration 1
[DEBUG] done reg allocation
[DEBUG] occupy link[2]-->[1] (bypass:0) dfgNode: 0 at cycle 6
[DEBUG] skip predecessor routing -- dfgNode: 0
[DEBUG] tryToRoute -- srcDFGNode: 34, srcCGRANode: 6; dstDFGNode: 50, dstCGRANode: 1; backEdge: 0
[DEBUG] in shareSameCycle is true: node 50
[DEBUG] cannot route due to II is violated for backward cycle
DEBUG target DFG node: 50 on fu: 1 failed, mapped pred DFG node: 34; return false
[DEBUG] fail1 in schedule() II: 40
[DEBUG] the failed path -- cycle: 7 CGRANode: 1
[DEBUG] the failed path -- cycle: 6 CGRANode: 2
[DEBUG] the failed path -- cycle: 5 CGRANode: 6
[DEBUG] the failed path -- cycle: 4 CGRANode: 10
----------------------------------------
[DEBUG] start heuristic algorithm with II=41
[DEBUG] schedule dfg node[33] onto fu[5] at cycle 0 within II: 41
[DEBUG] setDFGNode 33 onto CGRANode 5 at cycle: 0
[DEBUG] success in schedule()
[DEBUG] schedule dfg node[34] onto fu[6] at cycle 1 within II: 41
[DEBUG] setDFGNode 34 onto CGRANode 6 at cycle: 1
[DEBUG] in allocateReg() t_cycle: 0; i: 0 CGRA node: 6; link: 2 duration 1
[DEBUG] done reg allocation
[DEBUG] occupy link[5]-->[6] (bypass:0) dfgNode: 33 at cycle 0
[DEBUG] skip predecessor routing -- dfgNode: 33
[DEBUG] success in schedule()
[DEBUG] schedule dfg node[51] onto fu[10] at cycle 2 within II: 41
[DEBUG] setDFGNode 51 onto CGRANode 10 at cycle: 2
[DEBUG] in allocateReg() t_cycle: 1; i: 0 CGRA node: 10; link: 1 duration 1
[DEBUG] done reg allocation
[DEBUG] occupy link[6]-->[10] (bypass:0) dfgNode: 34 at cycle 1
[DEBUG] skip predecessor routing -- dfgNode: 34
[DEBUG] success in schedule()
[DEBUG] schedule dfg node[52] onto fu[9] at cycle 3 within II: 41
[DEBUG] setDFGNode 52 onto CGRANode 9 at cycle: 3
[DEBUG] in allocateReg() t_cycle: 2; i: 0 CGRA node: 9; link: 3 duration 1
[DEBUG] done reg allocation
[DEBUG] occupy link[10]-->[9] (bypass:0) dfgNode: 51 at cycle 2
[DEBUG] skip predecessor routing -- dfgNode: 51
[DEBUG] success in schedule()
[DEBUG] schedule dfg node[0] onto fu[10] at cycle 4 within II: 41
[DEBUG] setDFGNode 0 onto CGRANode 10 at cycle: 4
[DEBUG] in allocateReg() t_cycle: 3; i: 0 CGRA node: 10; link: 2 duration 1
[DEBUG] done reg allocation
[DEBUG] occupy link[9]-->[10] (bypass:0) dfgNode: 52 at cycle 3
[DEBUG] skip predecessor routing -- dfgNode: 52
[DEBUG] in shareSameCycle is true: node 0
[DEBUG] tryToRoute -- srcDFGNode: 0, srcCGRANode: 10; dstDFGNode: 33, dstCGRANode: 5; backEdge: 1
[DEBUG] in shareSameCycle is true: node 33
[DEBUG] check route size: 3
[DEBUG] occupy link[10]-->[6] (bypass:1) dfgNode: 0 at cycle 4
[DEBUG] reset duration: 36 t_dstCycle: 0 previous: 5 II: 41
[DEBUG] in allocateReg() t_cycle: 5; i: 0 CGRA node: 5; link: 3 duration 36
[DEBUG] done reg allocation
[DEBUG] occupy link[6]-->[5] (bypass:0) dfgNode: 0 at cycle 5
[DEBUG] in shareSameCycle is true: node 0
[DEBUG] tryToRoute -- srcDFGNode: 0, srcCGRANode: 10; dstDFGNode: 51, dstCGRANode: 10; backEdge: 1
[DEBUG] in shareSameCycle is true: node 51
[DEBUG] check route size: 1
[DEBUG] allocate for local reg maintain... duration=39 last cycle: 4
[DEBUG] in allocateReg() t_cycle: 4; i: 1 CGRA node: 10; link: 4 duration 39
[DEBUG] done reg allocation
[DEBUG] success in schedule()
[DEBUG] schedule dfg node[1] onto fu[14] at cycle 5 within II: 41
[DEBUG] setDFGNode 1 onto CGRANode 14 at cycle: 5
[DEBUG] in allocateReg() t_cycle: 4; i: 0 CGRA node: 14; link: 1 duration 1
[DEBUG] done reg allocation
[DEBUG] occupy link[10]-->[14] (bypass:0) dfgNode: 0 at cycle 4
[DEBUG] skip predecessor routing -- dfgNode: 0
[DEBUG] success in schedule()
[DEBUG] schedule dfg node[4] onto fu[6] at cycle 5 within II: 41
[DEBUG] setDFGNode 4 onto CGRANode 6 at cycle: 5
[DEBUG] in allocateReg() t_cycle: 4; i: 0 CGRA node: 6; link: 0 duration 1
[DEBUG] done reg allocation
[DEBUG] occupy link[10]-->[6] (bypass:0) dfgNode: 0 at cycle 4
[DEBUG] skip predecessor routing -- dfgNode: 0
[DEBUG] success in schedule()
[DEBUG] schedule dfg node[8] onto fu[9] at cycle 5 within II: 41
[DEBUG] setDFGNode 8 onto CGRANode 9 at cycle: 5
[DEBUG] in allocateReg() t_cycle: 4; i: 0 CGRA node: 9; link: 3 duration 1
[DEBUG] done reg allocation
[DEBUG] occupy link[10]-->[9] (bypass:0) dfgNode: 0 at cycle 4
[DEBUG] skip predecessor routing -- dfgNode: 0
[DEBUG] success in schedule()
[DEBUG] schedule dfg node[16] onto fu[5] at cycle 6 within II: 41
[DEBUG] setDFGNode 16 onto CGRANode 5 at cycle: 6
[DEBUG] occupy link[10]-->[6] (bypass:1) dfgNode: 0 at cycle 4
[DEBUG] in allocateReg() t_cycle: 5; i: 1 CGRA node: 5; link: 3 duration 1
[DEBUG] done reg allocation
[DEBUG] occupy link[6]-->[5] (bypass:0) dfgNode: 0 at cycle 5
[DEBUG] skip predecessor routing -- dfgNode: 0
[DEBUG] success in schedule()
[DEBUG] schedule dfg node[24] onto fu[10] at cycle 5 within II: 41
[DEBUG] setDFGNode 24 onto CGRANode 10 at cycle: 5
[DEBUG] tryToRoute -- srcDFGNode: 0, srcCGRANode: 10; dstDFGNode: 24, dstCGRANode: 10; backEdge: 0
[DEBUG] check route size: 1
[DEBUG] allocate for local reg maintain... duration=1 last cycle: 4
[DEBUG] in allocateReg() t_cycle: 4; i: 0 CGRA node: 10; link: 4 duration 1
[DEBUG] done reg allocation
[DEBUG] success in schedule()
[DEBUG] schedule dfg node[32] onto fu[13] at cycle 6 within II: 41
[DEBUG] setDFGNode 32 onto CGRANode 13 at cycle: 6
[DEBUG] occupy link[10]-->[9] (bypass:1) dfgNode: 0 at cycle 4
[DEBUG] in allocateReg() t_cycle: 5; i: 0 CGRA node: 13; link: 1 duration 1
[DEBUG] done reg allocation
[DEBUG] occupy link[9]-->[13] (bypass:0) dfgNode: 0 at cycle 5
[DEBUG] skip predecessor routing -- dfgNode: 0
[DEBUG] success in schedule()
[DEBUG] schedule dfg node[42] onto fu[2] at cycle 6 within II: 41
[DEBUG] setDFGNode 42 onto CGRANode 2 at cycle: 6
[DEBUG] occupy link[10]-->[6] (bypass:1) dfgNode: 0 at cycle 4
[DEBUG] in allocateReg() t_cycle: 5; i: 0 CGRA node: 2; link: 0 duration 1
[DEBUG] done reg allocation
[DEBUG] occupy link[6]-->[2] (bypass:0) dfgNode: 0 at cycle 5
[DEBUG] skip predecessor routing -- dfgNode: 0
[DEBUG] tryToRoute -- srcDFGNode: 34, srcCGRANode: 6; dstDFGNode: 42, dstCGRANode: 2; backEdge: 0
[DEBUG] check route size: 2
[DEBUG] reset duration: 5 t_dstCycle: 6 previous: 1 II: 41
[DEBUG] in allocateReg() t_cycle: 1; i: 1 CGRA node: 2; link: 0 duration 5
[DEBUG] done reg allocation
[DEBUG] occupy link[6]-->[2] (bypass:0) dfgNode: 34 at cycle 1
[DEBUG] success in schedule()
[DEBUG] schedule dfg node[50] onto fu[1] at cycle 7 within II: 41
[DEBUG] setDFGNode 50 onto CGRANode 1 at cycle: 7
[DEBUG] occupy link[10]-->[6] (bypass:1) dfgNode: 0 at cycle 4
[DEBUG] occupy link[6]-->[2] (bypass:1) dfgNode: 0 at cycle 5
[DEBUG] in allocateReg() t_cycle: 6; i: 0 CGRA node: 1; link: 3 duration 1
[DEBUG] done reg allocation
[DEBUG] occupy link[2]-->[1] (bypass:0) dfgNode: 0 at cycle 6
[DEBUG] skip predecessor routing -- dfgNode: 0
[DEBUG] tryToRoute -- srcDFGNode: 34, srcCGRANode: 6; dstDFGNode: 50, dstCGRANode: 1; backEdge: 0
[DEBUG] in shareSameCycle is true: node 50
[DEBUG] cannot route due to II is violated for backward cycle
DEBUG target DFG node: 50 on fu: 1 failed, mapped pred DFG node: 34; return false
[DEBUG] fail1 in schedule() II: 41
[DEBUG] the failed path -- cycle: 7 CGRANode: 1
[DEBUG] the failed path -- cycle: 6 CGRANode: 2
[DEBUG] the failed path -- cycle: 5 CGRANode: 6
[DEBUG] the failed path -- cycle: 4 CGRANode: 10
----------------------------------------
[DEBUG] start heuristic algorithm with II=42
[DEBUG] schedule dfg node[33] onto fu[5] at cycle 0 within II: 42
[DEBUG] setDFGNode 33 onto CGRANode 5 at cycle: 0
[DEBUG] success in schedule()
[DEBUG] schedule dfg node[34] onto fu[6] at cycle 1 within II: 42
[DEBUG] setDFGNode 34 onto CGRANode 6 at cycle: 1
[DEBUG] in allocateReg() t_cycle: 0; i: 0 CGRA node: 6; link: 2 duration 1
[DEBUG] done reg allocation
[DEBUG] occupy link[5]-->[6] (bypass:0) dfgNode: 33 at cycle 0
[DEBUG] skip predecessor routing -- dfgNode: 33
[DEBUG] success in schedule()
[DEBUG] schedule dfg node[51] onto fu[10] at cycle 2 within II: 42
[DEBUG] setDFGNode 51 onto CGRANode 10 at cycle: 2
[DEBUG] in allocateReg() t_cycle: 1; i: 0 CGRA node: 10; link: 1 duration 1
[DEBUG] done reg allocation
[DEBUG] occupy link[6]-->[10] (bypass:0) dfgNode: 34 at cycle 1
[DEBUG] skip predecessor routing -- dfgNode: 34
[DEBUG] success in schedule()
[DEBUG] schedule dfg node[52] onto fu[9] at cycle 3 within II: 42
[DEBUG] setDFGNode 52 onto CGRANode 9 at cycle: 3
[DEBUG] in allocateReg() t_cycle: 2; i: 0 CGRA node: 9; link: 3 duration 1
[DEBUG] done reg allocation
[DEBUG] occupy link[10]-->[9] (bypass:0) dfgNode: 51 at cycle 2
[DEBUG] skip predecessor routing -- dfgNode: 51
[DEBUG] success in schedule()
[DEBUG] schedule dfg node[0] onto fu[10] at cycle 4 within II: 42
[DEBUG] setDFGNode 0 onto CGRANode 10 at cycle: 4
[DEBUG] in allocateReg() t_cycle: 3; i: 0 CGRA node: 10; link: 2 duration 1
[DEBUG] done reg allocation
[DEBUG] occupy link[9]-->[10] (bypass:0) dfgNode: 52 at cycle 3
[DEBUG] skip predecessor routing -- dfgNode: 52
[DEBUG] in shareSameCycle is true: node 0
[DEBUG] tryToRoute -- srcDFGNode: 0, srcCGRANode: 10; dstDFGNode: 33, dstCGRANode: 5; backEdge: 1
[DEBUG] in shareSameCycle is true: node 33
[DEBUG] check route size: 3
[DEBUG] occupy link[10]-->[6] (bypass:1) dfgNode: 0 at cycle 4
[DEBUG] reset duration: 37 t_dstCycle: 0 previous: 5 II: 42
[DEBUG] in allocateReg() t_cycle: 5; i: 0 CGRA node: 5; link: 3 duration 37
[DEBUG] done reg allocation
[DEBUG] occupy link[6]-->[5] (bypass:0) dfgNode: 0 at cycle 5
[DEBUG] in shareSameCycle is true: node 0
[DEBUG] tryToRoute -- srcDFGNode: 0, srcCGRANode: 10; dstDFGNode: 51, dstCGRANode: 10; backEdge: 1
[DEBUG] in shareSameCycle is true: node 51
[DEBUG] check route size: 1
[DEBUG] allocate for local reg maintain... duration=40 last cycle: 4
[DEBUG] in allocateReg() t_cycle: 4; i: 1 CGRA node: 10; link: 4 duration 40
[DEBUG] done reg allocation
[DEBUG] success in schedule()
[DEBUG] schedule dfg node[1] onto fu[14] at cycle 5 within II: 42
[DEBUG] setDFGNode 1 onto CGRANode 14 at cycle: 5
[DEBUG] in allocateReg() t_cycle: 4; i: 0 CGRA node: 14; link: 1 duration 1
[DEBUG] done reg allocation
[DEBUG] occupy link[10]-->[14] (bypass:0) dfgNode: 0 at cycle 4
[DEBUG] skip predecessor routing -- dfgNode: 0
[DEBUG] success in schedule()
[DEBUG] schedule dfg node[4] onto fu[6] at cycle 5 within II: 42
[DEBUG] setDFGNode 4 onto CGRANode 6 at cycle: 5
[DEBUG] in allocateReg() t_cycle: 4; i: 0 CGRA node: 6; link: 0 duration 1
[DEBUG] done reg allocation
[DEBUG] occupy link[10]-->[6] (bypass:0) dfgNode: 0 at cycle 4
[DEBUG] skip predecessor routing -- dfgNode: 0
[DEBUG] success in schedule()
[DEBUG] schedule dfg node[8] onto fu[9] at cycle 5 within II: 42
[DEBUG] setDFGNode 8 onto CGRANode 9 at cycle: 5
[DEBUG] in allocateReg() t_cycle: 4; i: 0 CGRA node: 9; link: 3 duration 1
[DEBUG] done reg allocation
[DEBUG] occupy link[10]-->[9] (bypass:0) dfgNode: 0 at cycle 4
[DEBUG] skip predecessor routing -- dfgNode: 0
[DEBUG] success in schedule()
[DEBUG] schedule dfg node[16] onto fu[5] at cycle 6 within II: 42
[DEBUG] setDFGNode 16 onto CGRANode 5 at cycle: 6
[DEBUG] occupy link[10]-->[6] (bypass:1) dfgNode: 0 at cycle 4
[DEBUG] in allocateReg() t_cycle: 5; i: 1 CGRA node: 5; link: 3 duration 1
[DEBUG] done reg allocation
[DEBUG] occupy link[6]-->[5] (bypass:0) dfgNode: 0 at cycle 5
[DEBUG] skip predecessor routing -- dfgNode: 0
[DEBUG] success in schedule()
[DEBUG] schedule dfg node[24] onto fu[10] at cycle 5 within II: 42
[DEBUG] setDFGNode 24 onto CGRANode 10 at cycle: 5
[DEBUG] tryToRoute -- srcDFGNode: 0, srcCGRANode: 10; dstDFGNode: 24, dstCGRANode: 10; backEdge: 0
[DEBUG] check route size: 1
[DEBUG] allocate for local reg maintain... duration=1 last cycle: 4
[DEBUG] in allocateReg() t_cycle: 4; i: 0 CGRA node: 10; link: 4 duration 1
[DEBUG] done reg allocation
[DEBUG] success in schedule()
[DEBUG] schedule dfg node[32] onto fu[13] at cycle 6 within II: 42
[DEBUG] setDFGNode 32 onto CGRANode 13 at cycle: 6
[DEBUG] occupy link[10]-->[9] (bypass:1) dfgNode: 0 at cycle 4
[DEBUG] in allocateReg() t_cycle: 5; i: 0 CGRA node: 13; link: 1 duration 1
[DEBUG] done reg allocation
[DEBUG] occupy link[9]-->[13] (bypass:0) dfgNode: 0 at cycle 5
[DEBUG] skip predecessor routing -- dfgNode: 0
[DEBUG] success in schedule()
[DEBUG] schedule dfg node[42] onto fu[2] at cycle 6 within II: 42
[DEBUG] setDFGNode 42 onto CGRANode 2 at cycle: 6
[DEBUG] occupy link[10]-->[6] (bypass:1) dfgNode: 0 at cycle 4
[DEBUG] in allocateReg() t_cycle: 5; i: 0 CGRA node: 2; link: 0 duration 1
[DEBUG] done reg allocation
[DEBUG] occupy link[6]-->[2] (bypass:0) dfgNode: 0 at cycle 5
[DEBUG] skip predecessor routing -- dfgNode: 0
[DEBUG] tryToRoute -- srcDFGNode: 34, srcCGRANode: 6; dstDFGNode: 42, dstCGRANode: 2; backEdge: 0
[DEBUG] check route size: 2
[DEBUG] reset duration: 5 t_dstCycle: 6 previous: 1 II: 42
[DEBUG] in allocateReg() t_cycle: 1; i: 1 CGRA node: 2; link: 0 duration 5
[DEBUG] done reg allocation
[DEBUG] occupy link[6]-->[2] (bypass:0) dfgNode: 34 at cycle 1
[DEBUG] success in schedule()
[DEBUG] schedule dfg node[50] onto fu[1] at cycle 7 within II: 42
[DEBUG] setDFGNode 50 onto CGRANode 1 at cycle: 7
[DEBUG] occupy link[10]-->[6] (bypass:1) dfgNode: 0 at cycle 4
[DEBUG] occupy link[6]-->[2] (bypass:1) dfgNode: 0 at cycle 5
[DEBUG] in allocateReg() t_cycle: 6; i: 0 CGRA node: 1; link: 3 duration 1
[DEBUG] done reg allocation
[DEBUG] occupy link[2]-->[1] (bypass:0) dfgNode: 0 at cycle 6
[DEBUG] skip predecessor routing -- dfgNode: 0
[DEBUG] tryToRoute -- srcDFGNode: 34, srcCGRANode: 6; dstDFGNode: 50, dstCGRANode: 1; backEdge: 0
[DEBUG] in shareSameCycle is true: node 50
[DEBUG] cannot route due to II is violated for backward cycle
DEBUG target DFG node: 50 on fu: 1 failed, mapped pred DFG node: 34; return false
[DEBUG] fail1 in schedule() II: 42
[DEBUG] the failed path -- cycle: 7 CGRANode: 1
[DEBUG] the failed path -- cycle: 6 CGRANode: 2
[DEBUG] the failed path -- cycle: 5 CGRANode: 6
[DEBUG] the failed path -- cycle: 4 CGRANode: 10
----------------------------------------
[DEBUG] start heuristic algorithm with II=43
[DEBUG] schedule dfg node[33] onto fu[5] at cycle 0 within II: 43
[DEBUG] setDFGNode 33 onto CGRANode 5 at cycle: 0
[DEBUG] success in schedule()
[DEBUG] schedule dfg node[34] onto fu[6] at cycle 1 within II: 43
[DEBUG] setDFGNode 34 onto CGRANode 6 at cycle: 1
[DEBUG] in allocateReg() t_cycle: 0; i: 0 CGRA node: 6; link: 2 duration 1
[DEBUG] done reg allocation
[DEBUG] occupy link[5]-->[6] (bypass:0) dfgNode: 33 at cycle 0
[DEBUG] skip predecessor routing -- dfgNode: 33
[DEBUG] success in schedule()
[DEBUG] schedule dfg node[51] onto fu[10] at cycle 2 within II: 43
[DEBUG] setDFGNode 51 onto CGRANode 10 at cycle: 2
[DEBUG] in allocateReg() t_cycle: 1; i: 0 CGRA node: 10; link: 1 duration 1
[DEBUG] done reg allocation
[DEBUG] occupy link[6]-->[10] (bypass:0) dfgNode: 34 at cycle 1
[DEBUG] skip predecessor routing -- dfgNode: 34
[DEBUG] success in schedule()
[DEBUG] schedule dfg node[52] onto fu[9] at cycle 3 within II: 43
[DEBUG] setDFGNode 52 onto CGRANode 9 at cycle: 3
[DEBUG] in allocateReg() t_cycle: 2; i: 0 CGRA node: 9; link: 3 duration 1
[DEBUG] done reg allocation
[DEBUG] occupy link[10]-->[9] (bypass:0) dfgNode: 51 at cycle 2
[DEBUG] skip predecessor routing -- dfgNode: 51
[DEBUG] success in schedule()
[DEBUG] schedule dfg node[0] onto fu[10] at cycle 4 within II: 43
[DEBUG] setDFGNode 0 onto CGRANode 10 at cycle: 4
[DEBUG] in allocateReg() t_cycle: 3; i: 0 CGRA node: 10; link: 2 duration 1
[DEBUG] done reg allocation
[DEBUG] occupy link[9]-->[10] (bypass:0) dfgNode: 52 at cycle 3
[DEBUG] skip predecessor routing -- dfgNode: 52
[DEBUG] in shareSameCycle is true: node 0
[DEBUG] tryToRoute -- srcDFGNode: 0, srcCGRANode: 10; dstDFGNode: 33, dstCGRANode: 5; backEdge: 1
[DEBUG] in shareSameCycle is true: node 33
[DEBUG] check route size: 3
[DEBUG] occupy link[10]-->[6] (bypass:1) dfgNode: 0 at cycle 4
[DEBUG] reset duration: 38 t_dstCycle: 0 previous: 5 II: 43
[DEBUG] in allocateReg() t_cycle: 5; i: 0 CGRA node: 5; link: 3 duration 38
[DEBUG] done reg allocation
[DEBUG] occupy link[6]-->[5] (bypass:0) dfgNode: 0 at cycle 5
[DEBUG] in shareSameCycle is true: node 0
[DEBUG] tryToRoute -- srcDFGNode: 0, srcCGRANode: 10; dstDFGNode: 51, dstCGRANode: 10; backEdge: 1
[DEBUG] in shareSameCycle is true: node 51
[DEBUG] check route size: 1
[DEBUG] allocate for local reg maintain... duration=41 last cycle: 4
[DEBUG] in allocateReg() t_cycle: 4; i: 1 CGRA node: 10; link: 4 duration 41
[DEBUG] done reg allocation
[DEBUG] success in schedule()
[DEBUG] schedule dfg node[1] onto fu[14] at cycle 5 within II: 43
[DEBUG] setDFGNode 1 onto CGRANode 14 at cycle: 5
[DEBUG] in allocateReg() t_cycle: 4; i: 0 CGRA node: 14; link: 1 duration 1
[DEBUG] done reg allocation
[DEBUG] occupy link[10]-->[14] (bypass:0) dfgNode: 0 at cycle 4
[DEBUG] skip predecessor routing -- dfgNode: 0
[DEBUG] success in schedule()
[DEBUG] schedule dfg node[4] onto fu[6] at cycle 5 within II: 43
[DEBUG] setDFGNode 4 onto CGRANode 6 at cycle: 5
[DEBUG] in allocateReg() t_cycle: 4; i: 0 CGRA node: 6; link: 0 duration 1
[DEBUG] done reg allocation
[DEBUG] occupy link[10]-->[6] (bypass:0) dfgNode: 0 at cycle 4
[DEBUG] skip predecessor routing -- dfgNode: 0
[DEBUG] success in schedule()
[DEBUG] schedule dfg node[8] onto fu[9] at cycle 5 within II: 43
[DEBUG] setDFGNode 8 onto CGRANode 9 at cycle: 5
[DEBUG] in allocateReg() t_cycle: 4; i: 0 CGRA node: 9; link: 3 duration 1
[DEBUG] done reg allocation
[DEBUG] occupy link[10]-->[9] (bypass:0) dfgNode: 0 at cycle 4
[DEBUG] skip predecessor routing -- dfgNode: 0
[DEBUG] success in schedule()
[DEBUG] schedule dfg node[16] onto fu[5] at cycle 6 within II: 43
[DEBUG] setDFGNode 16 onto CGRANode 5 at cycle: 6
[DEBUG] occupy link[10]-->[6] (bypass:1) dfgNode: 0 at cycle 4
[DEBUG] in allocateReg() t_cycle: 5; i: 1 CGRA node: 5; link: 3 duration 1
[DEBUG] done reg allocation
[DEBUG] occupy link[6]-->[5] (bypass:0) dfgNode: 0 at cycle 5
[DEBUG] skip predecessor routing -- dfgNode: 0
[DEBUG] success in schedule()
[DEBUG] schedule dfg node[24] onto fu[10] at cycle 5 within II: 43
[DEBUG] setDFGNode 24 onto CGRANode 10 at cycle: 5
[DEBUG] tryToRoute -- srcDFGNode: 0, srcCGRANode: 10; dstDFGNode: 24, dstCGRANode: 10; backEdge: 0
[DEBUG] check route size: 1
[DEBUG] allocate for local reg maintain... duration=1 last cycle: 4
[DEBUG] in allocateReg() t_cycle: 4; i: 0 CGRA node: 10; link: 4 duration 1
[DEBUG] done reg allocation
[DEBUG] success in schedule()
[DEBUG] schedule dfg node[32] onto fu[13] at cycle 6 within II: 43
[DEBUG] setDFGNode 32 onto CGRANode 13 at cycle: 6
[DEBUG] occupy link[10]-->[9] (bypass:1) dfgNode: 0 at cycle 4
[DEBUG] in allocateReg() t_cycle: 5; i: 0 CGRA node: 13; link: 1 duration 1
[DEBUG] done reg allocation
[DEBUG] occupy link[9]-->[13] (bypass:0) dfgNode: 0 at cycle 5
[DEBUG] skip predecessor routing -- dfgNode: 0
[DEBUG] success in schedule()
[DEBUG] schedule dfg node[42] onto fu[2] at cycle 6 within II: 43
[DEBUG] setDFGNode 42 onto CGRANode 2 at cycle: 6
[DEBUG] occupy link[10]-->[6] (bypass:1) dfgNode: 0 at cycle 4
[DEBUG] in allocateReg() t_cycle: 5; i: 0 CGRA node: 2; link: 0 duration 1
[DEBUG] done reg allocation
[DEBUG] occupy link[6]-->[2] (bypass:0) dfgNode: 0 at cycle 5
[DEBUG] skip predecessor routing -- dfgNode: 0
[DEBUG] tryToRoute -- srcDFGNode: 34, srcCGRANode: 6; dstDFGNode: 42, dstCGRANode: 2; backEdge: 0
[DEBUG] check route size: 2
[DEBUG] reset duration: 5 t_dstCycle: 6 previous: 1 II: 43
[DEBUG] in allocateReg() t_cycle: 1; i: 1 CGRA node: 2; link: 0 duration 5
[DEBUG] done reg allocation
[DEBUG] occupy link[6]-->[2] (bypass:0) dfgNode: 34 at cycle 1
[DEBUG] success in schedule()
[DEBUG] schedule dfg node[50] onto fu[1] at cycle 7 within II: 43
[DEBUG] setDFGNode 50 onto CGRANode 1 at cycle: 7
[DEBUG] occupy link[10]-->[6] (bypass:1) dfgNode: 0 at cycle 4
[DEBUG] occupy link[6]-->[2] (bypass:1) dfgNode: 0 at cycle 5
[DEBUG] in allocateReg() t_cycle: 6; i: 0 CGRA node: 1; link: 3 duration 1
[DEBUG] done reg allocation
[DEBUG] occupy link[2]-->[1] (bypass:0) dfgNode: 0 at cycle 6
[DEBUG] skip predecessor routing -- dfgNode: 0
[DEBUG] tryToRoute -- srcDFGNode: 34, srcCGRANode: 6; dstDFGNode: 50, dstCGRANode: 1; backEdge: 0
[DEBUG] in shareSameCycle is true: node 50
[DEBUG] cannot route due to II is violated for backward cycle
DEBUG target DFG node: 50 on fu: 1 failed, mapped pred DFG node: 34; return false
[DEBUG] fail1 in schedule() II: 43
[DEBUG] the failed path -- cycle: 7 CGRANode: 1
[DEBUG] the failed path -- cycle: 6 CGRANode: 2
[DEBUG] the failed path -- cycle: 5 CGRANode: 6
[DEBUG] the failed path -- cycle: 4 CGRANode: 10
----------------------------------------
[DEBUG] start heuristic algorithm with II=44
[DEBUG] schedule dfg node[33] onto fu[5] at cycle 0 within II: 44
[DEBUG] setDFGNode 33 onto CGRANode 5 at cycle: 0
[DEBUG] success in schedule()
[DEBUG] schedule dfg node[34] onto fu[6] at cycle 1 within II: 44
[DEBUG] setDFGNode 34 onto CGRANode 6 at cycle: 1
[DEBUG] in allocateReg() t_cycle: 0; i: 0 CGRA node: 6; link: 2 duration 1
[DEBUG] done reg allocation
[DEBUG] occupy link[5]-->[6] (bypass:0) dfgNode: 33 at cycle 0
[DEBUG] skip predecessor routing -- dfgNode: 33
[DEBUG] success in schedule()
[DEBUG] schedule dfg node[51] onto fu[10] at cycle 2 within II: 44
[DEBUG] setDFGNode 51 onto CGRANode 10 at cycle: 2
[DEBUG] in allocateReg() t_cycle: 1; i: 0 CGRA node: 10; link: 1 duration 1
[DEBUG] done reg allocation
[DEBUG] occupy link[6]-->[10] (bypass:0) dfgNode: 34 at cycle 1
[DEBUG] skip predecessor routing -- dfgNode: 34
[DEBUG] success in schedule()
[DEBUG] schedule dfg node[52] onto fu[9] at cycle 3 within II: 44
[DEBUG] setDFGNode 52 onto CGRANode 9 at cycle: 3
[DEBUG] in allocateReg() t_cycle: 2; i: 0 CGRA node: 9; link: 3 duration 1
[DEBUG] done reg allocation
[DEBUG] occupy link[10]-->[9] (bypass:0) dfgNode: 51 at cycle 2
[DEBUG] skip predecessor routing -- dfgNode: 51
[DEBUG] success in schedule()
[DEBUG] schedule dfg node[0] onto fu[10] at cycle 4 within II: 44
[DEBUG] setDFGNode 0 onto CGRANode 10 at cycle: 4
[DEBUG] in allocateReg() t_cycle: 3; i: 0 CGRA node: 10; link: 2 duration 1
[DEBUG] done reg allocation
[DEBUG] occupy link[9]-->[10] (bypass:0) dfgNode: 52 at cycle 3
[DEBUG] skip predecessor routing -- dfgNode: 52
[DEBUG] in shareSameCycle is true: node 0
[DEBUG] tryToRoute -- srcDFGNode: 0, srcCGRANode: 10; dstDFGNode: 33, dstCGRANode: 5; backEdge: 1
[DEBUG] in shareSameCycle is true: node 33
[DEBUG] check route size: 3
[DEBUG] occupy link[10]-->[6] (bypass:1) dfgNode: 0 at cycle 4
[DEBUG] reset duration: 39 t_dstCycle: 0 previous: 5 II: 44
[DEBUG] in allocateReg() t_cycle: 5; i: 0 CGRA node: 5; link: 3 duration 39
[DEBUG] done reg allocation
[DEBUG] occupy link[6]-->[5] (bypass:0) dfgNode: 0 at cycle 5
[DEBUG] in shareSameCycle is true: node 0
[DEBUG] tryToRoute -- srcDFGNode: 0, srcCGRANode: 10; dstDFGNode: 51, dstCGRANode: 10; backEdge: 1
[DEBUG] in shareSameCycle is true: node 51
[DEBUG] check route size: 1
[DEBUG] allocate for local reg maintain... duration=42 last cycle: 4
[DEBUG] in allocateReg() t_cycle: 4; i: 1 CGRA node: 10; link: 4 duration 42
[DEBUG] done reg allocation
[DEBUG] success in schedule()
[DEBUG] schedule dfg node[1] onto fu[14] at cycle 5 within II: 44
[DEBUG] setDFGNode 1 onto CGRANode 14 at cycle: 5
[DEBUG] in allocateReg() t_cycle: 4; i: 0 CGRA node: 14; link: 1 duration 1
[DEBUG] done reg allocation
[DEBUG] occupy link[10]-->[14] (bypass:0) dfgNode: 0 at cycle 4
[DEBUG] skip predecessor routing -- dfgNode: 0
[DEBUG] success in schedule()
[DEBUG] schedule dfg node[4] onto fu[6] at cycle 5 within II: 44
[DEBUG] setDFGNode 4 onto CGRANode 6 at cycle: 5
[DEBUG] in allocateReg() t_cycle: 4; i: 0 CGRA node: 6; link: 0 duration 1
[DEBUG] done reg allocation
[DEBUG] occupy link[10]-->[6] (bypass:0) dfgNode: 0 at cycle 4
[DEBUG] skip predecessor routing -- dfgNode: 0
[DEBUG] success in schedule()
[DEBUG] schedule dfg node[8] onto fu[9] at cycle 5 within II: 44
[DEBUG] setDFGNode 8 onto CGRANode 9 at cycle: 5
[DEBUG] in allocateReg() t_cycle: 4; i: 0 CGRA node: 9; link: 3 duration 1
[DEBUG] done reg allocation
[DEBUG] occupy link[10]-->[9] (bypass:0) dfgNode: 0 at cycle 4
[DEBUG] skip predecessor routing -- dfgNode: 0
[DEBUG] success in schedule()
[DEBUG] schedule dfg node[16] onto fu[5] at cycle 6 within II: 44
[DEBUG] setDFGNode 16 onto CGRANode 5 at cycle: 6
[DEBUG] occupy link[10]-->[6] (bypass:1) dfgNode: 0 at cycle 4
[DEBUG] in allocateReg() t_cycle: 5; i: 1 CGRA node: 5; link: 3 duration 1
[DEBUG] done reg allocation
[DEBUG] occupy link[6]-->[5] (bypass:0) dfgNode: 0 at cycle 5
[DEBUG] skip predecessor routing -- dfgNode: 0
[DEBUG] success in schedule()
[DEBUG] schedule dfg node[24] onto fu[10] at cycle 5 within II: 44
[DEBUG] setDFGNode 24 onto CGRANode 10 at cycle: 5
[DEBUG] tryToRoute -- srcDFGNode: 0, srcCGRANode: 10; dstDFGNode: 24, dstCGRANode: 10; backEdge: 0
[DEBUG] check route size: 1
[DEBUG] allocate for local reg maintain... duration=1 last cycle: 4
[DEBUG] in allocateReg() t_cycle: 4; i: 0 CGRA node: 10; link: 4 duration 1
[DEBUG] done reg allocation
[DEBUG] success in schedule()
[DEBUG] schedule dfg node[32] onto fu[13] at cycle 6 within II: 44
[DEBUG] setDFGNode 32 onto CGRANode 13 at cycle: 6
[DEBUG] occupy link[10]-->[9] (bypass:1) dfgNode: 0 at cycle 4
[DEBUG] in allocateReg() t_cycle: 5; i: 0 CGRA node: 13; link: 1 duration 1
[DEBUG] done reg allocation
[DEBUG] occupy link[9]-->[13] (bypass:0) dfgNode: 0 at cycle 5
[DEBUG] skip predecessor routing -- dfgNode: 0
[DEBUG] success in schedule()
[DEBUG] schedule dfg node[42] onto fu[2] at cycle 6 within II: 44
[DEBUG] setDFGNode 42 onto CGRANode 2 at cycle: 6
[DEBUG] occupy link[10]-->[6] (bypass:1) dfgNode: 0 at cycle 4
[DEBUG] in allocateReg() t_cycle: 5; i: 0 CGRA node: 2; link: 0 duration 1
[DEBUG] done reg allocation
[DEBUG] occupy link[6]-->[2] (bypass:0) dfgNode: 0 at cycle 5
[DEBUG] skip predecessor routing -- dfgNode: 0
[DEBUG] tryToRoute -- srcDFGNode: 34, srcCGRANode: 6; dstDFGNode: 42, dstCGRANode: 2; backEdge: 0
[DEBUG] check route size: 2
[DEBUG] reset duration: 5 t_dstCycle: 6 previous: 1 II: 44
[DEBUG] in allocateReg() t_cycle: 1; i: 1 CGRA node: 2; link: 0 duration 5
[DEBUG] done reg allocation
[DEBUG] occupy link[6]-->[2] (bypass:0) dfgNode: 34 at cycle 1
[DEBUG] success in schedule()
[DEBUG] schedule dfg node[50] onto fu[1] at cycle 7 within II: 44
[DEBUG] setDFGNode 50 onto CGRANode 1 at cycle: 7
[DEBUG] occupy link[10]-->[6] (bypass:1) dfgNode: 0 at cycle 4
[DEBUG] occupy link[6]-->[2] (bypass:1) dfgNode: 0 at cycle 5
[DEBUG] in allocateReg() t_cycle: 6; i: 0 CGRA node: 1; link: 3 duration 1
[DEBUG] done reg allocation
[DEBUG] occupy link[2]-->[1] (bypass:0) dfgNode: 0 at cycle 6
[DEBUG] skip predecessor routing -- dfgNode: 0
[DEBUG] tryToRoute -- srcDFGNode: 34, srcCGRANode: 6; dstDFGNode: 50, dstCGRANode: 1; backEdge: 0
[DEBUG] in shareSameCycle is true: node 50
[DEBUG] cannot route due to II is violated for backward cycle
DEBUG target DFG node: 50 on fu: 1 failed, mapped pred DFG node: 34; return false
[DEBUG] fail1 in schedule() II: 44
[DEBUG] the failed path -- cycle: 7 CGRANode: 1
[DEBUG] the failed path -- cycle: 6 CGRANode: 2
[DEBUG] the failed path -- cycle: 5 CGRANode: 6
[DEBUG] the failed path -- cycle: 4 CGRANode: 10
----------------------------------------
[DEBUG] start heuristic algorithm with II=45
[DEBUG] schedule dfg node[33] onto fu[5] at cycle 0 within II: 45
[DEBUG] setDFGNode 33 onto CGRANode 5 at cycle: 0
[DEBUG] success in schedule()
[DEBUG] schedule dfg node[34] onto fu[6] at cycle 1 within II: 45
[DEBUG] setDFGNode 34 onto CGRANode 6 at cycle: 1
[DEBUG] in allocateReg() t_cycle: 0; i: 0 CGRA node: 6; link: 2 duration 1
[DEBUG] done reg allocation
[DEBUG] occupy link[5]-->[6] (bypass:0) dfgNode: 33 at cycle 0
[DEBUG] skip predecessor routing -- dfgNode: 33
[DEBUG] success in schedule()
[DEBUG] schedule dfg node[51] onto fu[10] at cycle 2 within II: 45
[DEBUG] setDFGNode 51 onto CGRANode 10 at cycle: 2
[DEBUG] in allocateReg() t_cycle: 1; i: 0 CGRA node: 10; link: 1 duration 1
[DEBUG] done reg allocation
[DEBUG] occupy link[6]-->[10] (bypass:0) dfgNode: 34 at cycle 1
[DEBUG] skip predecessor routing -- dfgNode: 34
[DEBUG] success in schedule()
[DEBUG] schedule dfg node[52] onto fu[9] at cycle 3 within II: 45
[DEBUG] setDFGNode 52 onto CGRANode 9 at cycle: 3
[DEBUG] in allocateReg() t_cycle: 2; i: 0 CGRA node: 9; link: 3 duration 1
[DEBUG] done reg allocation
[DEBUG] occupy link[10]-->[9] (bypass:0) dfgNode: 51 at cycle 2
[DEBUG] skip predecessor routing -- dfgNode: 51
[DEBUG] success in schedule()
[DEBUG] schedule dfg node[0] onto fu[10] at cycle 4 within II: 45
[DEBUG] setDFGNode 0 onto CGRANode 10 at cycle: 4
[DEBUG] in allocateReg() t_cycle: 3; i: 0 CGRA node: 10; link: 2 duration 1
[DEBUG] done reg allocation
[DEBUG] occupy link[9]-->[10] (bypass:0) dfgNode: 52 at cycle 3
[DEBUG] skip predecessor routing -- dfgNode: 52
[DEBUG] in shareSameCycle is true: node 0
[DEBUG] tryToRoute -- srcDFGNode: 0, srcCGRANode: 10; dstDFGNode: 33, dstCGRANode: 5; backEdge: 1
[DEBUG] in shareSameCycle is true: node 33
[DEBUG] check route size: 3
[DEBUG] occupy link[10]-->[6] (bypass:1) dfgNode: 0 at cycle 4
[DEBUG] reset duration: 40 t_dstCycle: 0 previous: 5 II: 45
[DEBUG] in allocateReg() t_cycle: 5; i: 0 CGRA node: 5; link: 3 duration 40
[DEBUG] done reg allocation
[DEBUG] occupy link[6]-->[5] (bypass:0) dfgNode: 0 at cycle 5
[DEBUG] in shareSameCycle is true: node 0
[DEBUG] tryToRoute -- srcDFGNode: 0, srcCGRANode: 10; dstDFGNode: 51, dstCGRANode: 10; backEdge: 1
[DEBUG] in shareSameCycle is true: node 51
[DEBUG] check route size: 1
[DEBUG] allocate for local reg maintain... duration=43 last cycle: 4
[DEBUG] in allocateReg() t_cycle: 4; i: 1 CGRA node: 10; link: 4 duration 43
[DEBUG] done reg allocation
[DEBUG] success in schedule()
[DEBUG] schedule dfg node[1] onto fu[14] at cycle 5 within II: 45
[DEBUG] setDFGNode 1 onto CGRANode 14 at cycle: 5
[DEBUG] in allocateReg() t_cycle: 4; i: 0 CGRA node: 14; link: 1 duration 1
[DEBUG] done reg allocation
[DEBUG] occupy link[10]-->[14] (bypass:0) dfgNode: 0 at cycle 4
[DEBUG] skip predecessor routing -- dfgNode: 0
[DEBUG] success in schedule()
[DEBUG] schedule dfg node[4] onto fu[6] at cycle 5 within II: 45
[DEBUG] setDFGNode 4 onto CGRANode 6 at cycle: 5
[DEBUG] in allocateReg() t_cycle: 4; i: 0 CGRA node: 6; link: 0 duration 1
[DEBUG] done reg allocation
[DEBUG] occupy link[10]-->[6] (bypass:0) dfgNode: 0 at cycle 4
[DEBUG] skip predecessor routing -- dfgNode: 0
[DEBUG] success in schedule()
[DEBUG] schedule dfg node[8] onto fu[9] at cycle 5 within II: 45
[DEBUG] setDFGNode 8 onto CGRANode 9 at cycle: 5
[DEBUG] in allocateReg() t_cycle: 4; i: 0 CGRA node: 9; link: 3 duration 1
[DEBUG] done reg allocation
[DEBUG] occupy link[10]-->[9] (bypass:0) dfgNode: 0 at cycle 4
[DEBUG] skip predecessor routing -- dfgNode: 0
[DEBUG] success in schedule()
[DEBUG] schedule dfg node[16] onto fu[5] at cycle 6 within II: 45
[DEBUG] setDFGNode 16 onto CGRANode 5 at cycle: 6
[DEBUG] occupy link[10]-->[6] (bypass:1) dfgNode: 0 at cycle 4
[DEBUG] in allocateReg() t_cycle: 5; i: 1 CGRA node: 5; link: 3 duration 1
[DEBUG] done reg allocation
[DEBUG] occupy link[6]-->[5] (bypass:0) dfgNode: 0 at cycle 5
[DEBUG] skip predecessor routing -- dfgNode: 0
[DEBUG] success in schedule()
[DEBUG] schedule dfg node[24] onto fu[10] at cycle 5 within II: 45
[DEBUG] setDFGNode 24 onto CGRANode 10 at cycle: 5
[DEBUG] tryToRoute -- srcDFGNode: 0, srcCGRANode: 10; dstDFGNode: 24, dstCGRANode: 10; backEdge: 0
[DEBUG] check route size: 1
[DEBUG] allocate for local reg maintain... duration=1 last cycle: 4
[DEBUG] in allocateReg() t_cycle: 4; i: 0 CGRA node: 10; link: 4 duration 1
[DEBUG] done reg allocation
[DEBUG] success in schedule()
[DEBUG] schedule dfg node[32] onto fu[13] at cycle 6 within II: 45
[DEBUG] setDFGNode 32 onto CGRANode 13 at cycle: 6
[DEBUG] occupy link[10]-->[9] (bypass:1) dfgNode: 0 at cycle 4
[DEBUG] in allocateReg() t_cycle: 5; i: 0 CGRA node: 13; link: 1 duration 1
[DEBUG] done reg allocation
[DEBUG] occupy link[9]-->[13] (bypass:0) dfgNode: 0 at cycle 5
[DEBUG] skip predecessor routing -- dfgNode: 0
[DEBUG] success in schedule()
[DEBUG] schedule dfg node[42] onto fu[2] at cycle 6 within II: 45
[DEBUG] setDFGNode 42 onto CGRANode 2 at cycle: 6
[DEBUG] occupy link[10]-->[6] (bypass:1) dfgNode: 0 at cycle 4
[DEBUG] in allocateReg() t_cycle: 5; i: 0 CGRA node: 2; link: 0 duration 1
[DEBUG] done reg allocation
[DEBUG] occupy link[6]-->[2] (bypass:0) dfgNode: 0 at cycle 5
[DEBUG] skip predecessor routing -- dfgNode: 0
[DEBUG] tryToRoute -- srcDFGNode: 34, srcCGRANode: 6; dstDFGNode: 42, dstCGRANode: 2; backEdge: 0
[DEBUG] check route size: 2
[DEBUG] reset duration: 5 t_dstCycle: 6 previous: 1 II: 45
[DEBUG] in allocateReg() t_cycle: 1; i: 1 CGRA node: 2; link: 0 duration 5
[DEBUG] done reg allocation
[DEBUG] occupy link[6]-->[2] (bypass:0) dfgNode: 34 at cycle 1
[DEBUG] success in schedule()
[DEBUG] schedule dfg node[50] onto fu[1] at cycle 7 within II: 45
[DEBUG] setDFGNode 50 onto CGRANode 1 at cycle: 7
[DEBUG] occupy link[10]-->[6] (bypass:1) dfgNode: 0 at cycle 4
[DEBUG] occupy link[6]-->[2] (bypass:1) dfgNode: 0 at cycle 5
[DEBUG] in allocateReg() t_cycle: 6; i: 0 CGRA node: 1; link: 3 duration 1
[DEBUG] done reg allocation
[DEBUG] occupy link[2]-->[1] (bypass:0) dfgNode: 0 at cycle 6
[DEBUG] skip predecessor routing -- dfgNode: 0
[DEBUG] tryToRoute -- srcDFGNode: 34, srcCGRANode: 6; dstDFGNode: 50, dstCGRANode: 1; backEdge: 0
[DEBUG] in shareSameCycle is true: node 50
[DEBUG] cannot route due to II is violated for backward cycle
DEBUG target DFG node: 50 on fu: 1 failed, mapped pred DFG node: 34; return false
[DEBUG] fail1 in schedule() II: 45
[DEBUG] the failed path -- cycle: 7 CGRANode: 1
[DEBUG] the failed path -- cycle: 6 CGRANode: 2
[DEBUG] the failed path -- cycle: 5 CGRANode: 6
[DEBUG] the failed path -- cycle: 4 CGRANode: 10
----------------------------------------
[DEBUG] start heuristic algorithm with II=46
[DEBUG] schedule dfg node[33] onto fu[5] at cycle 0 within II: 46
[DEBUG] setDFGNode 33 onto CGRANode 5 at cycle: 0
[DEBUG] success in schedule()
[DEBUG] schedule dfg node[34] onto fu[6] at cycle 1 within II: 46
[DEBUG] setDFGNode 34 onto CGRANode 6 at cycle: 1
[DEBUG] in allocateReg() t_cycle: 0; i: 0 CGRA node: 6; link: 2 duration 1
[DEBUG] done reg allocation
[DEBUG] occupy link[5]-->[6] (bypass:0) dfgNode: 33 at cycle 0
[DEBUG] skip predecessor routing -- dfgNode: 33
[DEBUG] success in schedule()
[DEBUG] schedule dfg node[51] onto fu[10] at cycle 2 within II: 46
[DEBUG] setDFGNode 51 onto CGRANode 10 at cycle: 2
[DEBUG] in allocateReg() t_cycle: 1; i: 0 CGRA node: 10; link: 1 duration 1
[DEBUG] done reg allocation
[DEBUG] occupy link[6]-->[10] (bypass:0) dfgNode: 34 at cycle 1
[DEBUG] skip predecessor routing -- dfgNode: 34
[DEBUG] success in schedule()
[DEBUG] schedule dfg node[52] onto fu[9] at cycle 3 within II: 46
[DEBUG] setDFGNode 52 onto CGRANode 9 at cycle: 3
[DEBUG] in allocateReg() t_cycle: 2; i: 0 CGRA node: 9; link: 3 duration 1
[DEBUG] done reg allocation
[DEBUG] occupy link[10]-->[9] (bypass:0) dfgNode: 51 at cycle 2
[DEBUG] skip predecessor routing -- dfgNode: 51
[DEBUG] success in schedule()
[DEBUG] schedule dfg node[0] onto fu[10] at cycle 4 within II: 46
[DEBUG] setDFGNode 0 onto CGRANode 10 at cycle: 4
[DEBUG] in allocateReg() t_cycle: 3; i: 0 CGRA node: 10; link: 2 duration 1
[DEBUG] done reg allocation
[DEBUG] occupy link[9]-->[10] (bypass:0) dfgNode: 52 at cycle 3
[DEBUG] skip predecessor routing -- dfgNode: 52
[DEBUG] in shareSameCycle is true: node 0
[DEBUG] tryToRoute -- srcDFGNode: 0, srcCGRANode: 10; dstDFGNode: 33, dstCGRANode: 5; backEdge: 1
[DEBUG] in shareSameCycle is true: node 33
[DEBUG] check route size: 3
[DEBUG] occupy link[10]-->[6] (bypass:1) dfgNode: 0 at cycle 4
[DEBUG] reset duration: 41 t_dstCycle: 0 previous: 5 II: 46
[DEBUG] in allocateReg() t_cycle: 5; i: 0 CGRA node: 5; link: 3 duration 41
[DEBUG] done reg allocation
[DEBUG] occupy link[6]-->[5] (bypass:0) dfgNode: 0 at cycle 5
[DEBUG] in shareSameCycle is true: node 0
[DEBUG] tryToRoute -- srcDFGNode: 0, srcCGRANode: 10; dstDFGNode: 51, dstCGRANode: 10; backEdge: 1
[DEBUG] in shareSameCycle is true: node 51
[DEBUG] check route size: 1
[DEBUG] allocate for local reg maintain... duration=44 last cycle: 4
[DEBUG] in allocateReg() t_cycle: 4; i: 1 CGRA node: 10; link: 4 duration 44
[DEBUG] done reg allocation
[DEBUG] success in schedule()
[DEBUG] schedule dfg node[1] onto fu[14] at cycle 5 within II: 46
[DEBUG] setDFGNode 1 onto CGRANode 14 at cycle: 5
[DEBUG] in allocateReg() t_cycle: 4; i: 0 CGRA node: 14; link: 1 duration 1
[DEBUG] done reg allocation
[DEBUG] occupy link[10]-->[14] (bypass:0) dfgNode: 0 at cycle 4
[DEBUG] skip predecessor routing -- dfgNode: 0
[DEBUG] success in schedule()
[DEBUG] schedule dfg node[4] onto fu[6] at cycle 5 within II: 46
[DEBUG] setDFGNode 4 onto CGRANode 6 at cycle: 5
[DEBUG] in allocateReg() t_cycle: 4; i: 0 CGRA node: 6; link: 0 duration 1
[DEBUG] done reg allocation
[DEBUG] occupy link[10]-->[6] (bypass:0) dfgNode: 0 at cycle 4
[DEBUG] skip predecessor routing -- dfgNode: 0
[DEBUG] success in schedule()
[DEBUG] schedule dfg node[8] onto fu[9] at cycle 5 within II: 46
[DEBUG] setDFGNode 8 onto CGRANode 9 at cycle: 5
[DEBUG] in allocateReg() t_cycle: 4; i: 0 CGRA node: 9; link: 3 duration 1
[DEBUG] done reg allocation
[DEBUG] occupy link[10]-->[9] (bypass:0) dfgNode: 0 at cycle 4
[DEBUG] skip predecessor routing -- dfgNode: 0
[DEBUG] success in schedule()
[DEBUG] schedule dfg node[16] onto fu[5] at cycle 6 within II: 46
[DEBUG] setDFGNode 16 onto CGRANode 5 at cycle: 6
[DEBUG] occupy link[10]-->[6] (bypass:1) dfgNode: 0 at cycle 4
[DEBUG] in allocateReg() t_cycle: 5; i: 1 CGRA node: 5; link: 3 duration 1
[DEBUG] done reg allocation
[DEBUG] occupy link[6]-->[5] (bypass:0) dfgNode: 0 at cycle 5
[DEBUG] skip predecessor routing -- dfgNode: 0
[DEBUG] success in schedule()
[DEBUG] schedule dfg node[24] onto fu[10] at cycle 5 within II: 46
[DEBUG] setDFGNode 24 onto CGRANode 10 at cycle: 5
[DEBUG] tryToRoute -- srcDFGNode: 0, srcCGRANode: 10; dstDFGNode: 24, dstCGRANode: 10; backEdge: 0
[DEBUG] check route size: 1
[DEBUG] allocate for local reg maintain... duration=1 last cycle: 4
[DEBUG] in allocateReg() t_cycle: 4; i: 0 CGRA node: 10; link: 4 duration 1
[DEBUG] done reg allocation
[DEBUG] success in schedule()
[DEBUG] schedule dfg node[32] onto fu[13] at cycle 6 within II: 46
[DEBUG] setDFGNode 32 onto CGRANode 13 at cycle: 6
[DEBUG] occupy link[10]-->[9] (bypass:1) dfgNode: 0 at cycle 4
[DEBUG] in allocateReg() t_cycle: 5; i: 0 CGRA node: 13; link: 1 duration 1
[DEBUG] done reg allocation
[DEBUG] occupy link[9]-->[13] (bypass:0) dfgNode: 0 at cycle 5
[DEBUG] skip predecessor routing -- dfgNode: 0
[DEBUG] success in schedule()
[DEBUG] schedule dfg node[42] onto fu[2] at cycle 6 within II: 46
[DEBUG] setDFGNode 42 onto CGRANode 2 at cycle: 6
[DEBUG] occupy link[10]-->[6] (bypass:1) dfgNode: 0 at cycle 4
[DEBUG] in allocateReg() t_cycle: 5; i: 0 CGRA node: 2; link: 0 duration 1
[DEBUG] done reg allocation
[DEBUG] occupy link[6]-->[2] (bypass:0) dfgNode: 0 at cycle 5
[DEBUG] skip predecessor routing -- dfgNode: 0
[DEBUG] tryToRoute -- srcDFGNode: 34, srcCGRANode: 6; dstDFGNode: 42, dstCGRANode: 2; backEdge: 0
[DEBUG] check route size: 2
[DEBUG] reset duration: 5 t_dstCycle: 6 previous: 1 II: 46
[DEBUG] in allocateReg() t_cycle: 1; i: 1 CGRA node: 2; link: 0 duration 5
[DEBUG] done reg allocation
[DEBUG] occupy link[6]-->[2] (bypass:0) dfgNode: 34 at cycle 1
[DEBUG] success in schedule()
[DEBUG] schedule dfg node[50] onto fu[1] at cycle 7 within II: 46
[DEBUG] setDFGNode 50 onto CGRANode 1 at cycle: 7
[DEBUG] occupy link[10]-->[6] (bypass:1) dfgNode: 0 at cycle 4
[DEBUG] occupy link[6]-->[2] (bypass:1) dfgNode: 0 at cycle 5
[DEBUG] in allocateReg() t_cycle: 6; i: 0 CGRA node: 1; link: 3 duration 1
[DEBUG] done reg allocation
[DEBUG] occupy link[2]-->[1] (bypass:0) dfgNode: 0 at cycle 6
[DEBUG] skip predecessor routing -- dfgNode: 0
[DEBUG] tryToRoute -- srcDFGNode: 34, srcCGRANode: 6; dstDFGNode: 50, dstCGRANode: 1; backEdge: 0
[DEBUG] in shareSameCycle is true: node 50
[DEBUG] cannot route due to II is violated for backward cycle
DEBUG target DFG node: 50 on fu: 1 failed, mapped pred DFG node: 34; return false
[DEBUG] fail1 in schedule() II: 46
[DEBUG] the failed path -- cycle: 7 CGRANode: 1
[DEBUG] the failed path -- cycle: 6 CGRANode: 2
[DEBUG] the failed path -- cycle: 5 CGRANode: 6
[DEBUG] the failed path -- cycle: 4 CGRANode: 10
----------------------------------------
[DEBUG] start heuristic algorithm with II=47
[DEBUG] schedule dfg node[33] onto fu[5] at cycle 0 within II: 47
[DEBUG] setDFGNode 33 onto CGRANode 5 at cycle: 0
[DEBUG] success in schedule()
[DEBUG] schedule dfg node[34] onto fu[6] at cycle 1 within II: 47
[DEBUG] setDFGNode 34 onto CGRANode 6 at cycle: 1
[DEBUG] in allocateReg() t_cycle: 0; i: 0 CGRA node: 6; link: 2 duration 1
[DEBUG] done reg allocation
[DEBUG] occupy link[5]-->[6] (bypass:0) dfgNode: 33 at cycle 0
[DEBUG] skip predecessor routing -- dfgNode: 33
[DEBUG] success in schedule()
[DEBUG] schedule dfg node[51] onto fu[10] at cycle 2 within II: 47
[DEBUG] setDFGNode 51 onto CGRANode 10 at cycle: 2
[DEBUG] in allocateReg() t_cycle: 1; i: 0 CGRA node: 10; link: 1 duration 1
[DEBUG] done reg allocation
[DEBUG] occupy link[6]-->[10] (bypass:0) dfgNode: 34 at cycle 1
[DEBUG] skip predecessor routing -- dfgNode: 34
[DEBUG] success in schedule()
[DEBUG] schedule dfg node[52] onto fu[9] at cycle 3 within II: 47
[DEBUG] setDFGNode 52 onto CGRANode 9 at cycle: 3
[DEBUG] in allocateReg() t_cycle: 2; i: 0 CGRA node: 9; link: 3 duration 1
[DEBUG] done reg allocation
[DEBUG] occupy link[10]-->[9] (bypass:0) dfgNode: 51 at cycle 2
[DEBUG] skip predecessor routing -- dfgNode: 51
[DEBUG] success in schedule()
[DEBUG] schedule dfg node[0] onto fu[10] at cycle 4 within II: 47
[DEBUG] setDFGNode 0 onto CGRANode 10 at cycle: 4
[DEBUG] in allocateReg() t_cycle: 3; i: 0 CGRA node: 10; link: 2 duration 1
[DEBUG] done reg allocation
[DEBUG] occupy link[9]-->[10] (bypass:0) dfgNode: 52 at cycle 3
[DEBUG] skip predecessor routing -- dfgNode: 52
[DEBUG] in shareSameCycle is true: node 0
[DEBUG] tryToRoute -- srcDFGNode: 0, srcCGRANode: 10; dstDFGNode: 33, dstCGRANode: 5; backEdge: 1
[DEBUG] in shareSameCycle is true: node 33
[DEBUG] check route size: 3
[DEBUG] occupy link[10]-->[6] (bypass:1) dfgNode: 0 at cycle 4
[DEBUG] reset duration: 42 t_dstCycle: 0 previous: 5 II: 47
[DEBUG] in allocateReg() t_cycle: 5; i: 0 CGRA node: 5; link: 3 duration 42
[DEBUG] done reg allocation
[DEBUG] occupy link[6]-->[5] (bypass:0) dfgNode: 0 at cycle 5
[DEBUG] in shareSameCycle is true: node 0
[DEBUG] tryToRoute -- srcDFGNode: 0, srcCGRANode: 10; dstDFGNode: 51, dstCGRANode: 10; backEdge: 1
[DEBUG] in shareSameCycle is true: node 51
[DEBUG] check route size: 1
[DEBUG] allocate for local reg maintain... duration=45 last cycle: 4
[DEBUG] in allocateReg() t_cycle: 4; i: 1 CGRA node: 10; link: 4 duration 45
[DEBUG] done reg allocation
[DEBUG] success in schedule()
[DEBUG] schedule dfg node[1] onto fu[14] at cycle 5 within II: 47
[DEBUG] setDFGNode 1 onto CGRANode 14 at cycle: 5
[DEBUG] in allocateReg() t_cycle: 4; i: 0 CGRA node: 14; link: 1 duration 1
[DEBUG] done reg allocation
[DEBUG] occupy link[10]-->[14] (bypass:0) dfgNode: 0 at cycle 4
[DEBUG] skip predecessor routing -- dfgNode: 0
[DEBUG] success in schedule()
[DEBUG] schedule dfg node[4] onto fu[6] at cycle 5 within II: 47
[DEBUG] setDFGNode 4 onto CGRANode 6 at cycle: 5
[DEBUG] in allocateReg() t_cycle: 4; i: 0 CGRA node: 6; link: 0 duration 1
[DEBUG] done reg allocation
[DEBUG] occupy link[10]-->[6] (bypass:0) dfgNode: 0 at cycle 4
[DEBUG] skip predecessor routing -- dfgNode: 0
[DEBUG] success in schedule()
[DEBUG] schedule dfg node[8] onto fu[9] at cycle 5 within II: 47
[DEBUG] setDFGNode 8 onto CGRANode 9 at cycle: 5
[DEBUG] in allocateReg() t_cycle: 4; i: 0 CGRA node: 9; link: 3 duration 1
[DEBUG] done reg allocation
[DEBUG] occupy link[10]-->[9] (bypass:0) dfgNode: 0 at cycle 4
[DEBUG] skip predecessor routing -- dfgNode: 0
[DEBUG] success in schedule()
[DEBUG] schedule dfg node[16] onto fu[5] at cycle 6 within II: 47
[DEBUG] setDFGNode 16 onto CGRANode 5 at cycle: 6
[DEBUG] occupy link[10]-->[6] (bypass:1) dfgNode: 0 at cycle 4
[DEBUG] in allocateReg() t_cycle: 5; i: 1 CGRA node: 5; link: 3 duration 1
[DEBUG] done reg allocation
[DEBUG] occupy link[6]-->[5] (bypass:0) dfgNode: 0 at cycle 5
[DEBUG] skip predecessor routing -- dfgNode: 0
[DEBUG] success in schedule()
[DEBUG] schedule dfg node[24] onto fu[10] at cycle 5 within II: 47
[DEBUG] setDFGNode 24 onto CGRANode 10 at cycle: 5
[DEBUG] tryToRoute -- srcDFGNode: 0, srcCGRANode: 10; dstDFGNode: 24, dstCGRANode: 10; backEdge: 0
[DEBUG] check route size: 1
[DEBUG] allocate for local reg maintain... duration=1 last cycle: 4
[DEBUG] in allocateReg() t_cycle: 4; i: 0 CGRA node: 10; link: 4 duration 1
[DEBUG] done reg allocation
[DEBUG] success in schedule()
[DEBUG] schedule dfg node[32] onto fu[13] at cycle 6 within II: 47
[DEBUG] setDFGNode 32 onto CGRANode 13 at cycle: 6
[DEBUG] occupy link[10]-->[9] (bypass:1) dfgNode: 0 at cycle 4
[DEBUG] in allocateReg() t_cycle: 5; i: 0 CGRA node: 13; link: 1 duration 1
[DEBUG] done reg allocation
[DEBUG] occupy link[9]-->[13] (bypass:0) dfgNode: 0 at cycle 5
[DEBUG] skip predecessor routing -- dfgNode: 0
[DEBUG] success in schedule()
[DEBUG] schedule dfg node[42] onto fu[2] at cycle 6 within II: 47
[DEBUG] setDFGNode 42 onto CGRANode 2 at cycle: 6
[DEBUG] occupy link[10]-->[6] (bypass:1) dfgNode: 0 at cycle 4
[DEBUG] in allocateReg() t_cycle: 5; i: 0 CGRA node: 2; link: 0 duration 1
[DEBUG] done reg allocation
[DEBUG] occupy link[6]-->[2] (bypass:0) dfgNode: 0 at cycle 5
[DEBUG] skip predecessor routing -- dfgNode: 0
[DEBUG] tryToRoute -- srcDFGNode: 34, srcCGRANode: 6; dstDFGNode: 42, dstCGRANode: 2; backEdge: 0
[DEBUG] check route size: 2
[DEBUG] reset duration: 5 t_dstCycle: 6 previous: 1 II: 47
[DEBUG] in allocateReg() t_cycle: 1; i: 1 CGRA node: 2; link: 0 duration 5
[DEBUG] done reg allocation
[DEBUG] occupy link[6]-->[2] (bypass:0) dfgNode: 34 at cycle 1
[DEBUG] success in schedule()
[DEBUG] schedule dfg node[50] onto fu[1] at cycle 7 within II: 47
[DEBUG] setDFGNode 50 onto CGRANode 1 at cycle: 7
[DEBUG] occupy link[10]-->[6] (bypass:1) dfgNode: 0 at cycle 4
[DEBUG] occupy link[6]-->[2] (bypass:1) dfgNode: 0 at cycle 5
[DEBUG] in allocateReg() t_cycle: 6; i: 0 CGRA node: 1; link: 3 duration 1
[DEBUG] done reg allocation
[DEBUG] occupy link[2]-->[1] (bypass:0) dfgNode: 0 at cycle 6
[DEBUG] skip predecessor routing -- dfgNode: 0
[DEBUG] tryToRoute -- srcDFGNode: 34, srcCGRANode: 6; dstDFGNode: 50, dstCGRANode: 1; backEdge: 0
[DEBUG] in shareSameCycle is true: node 50
[DEBUG] cannot route due to II is violated for backward cycle
DEBUG target DFG node: 50 on fu: 1 failed, mapped pred DFG node: 34; return false
[DEBUG] fail1 in schedule() II: 47
[DEBUG] the failed path -- cycle: 7 CGRANode: 1
[DEBUG] the failed path -- cycle: 6 CGRANode: 2
[DEBUG] the failed path -- cycle: 5 CGRANode: 6
[DEBUG] the failed path -- cycle: 4 CGRANode: 10
----------------------------------------
[DEBUG] start heuristic algorithm with II=48
[DEBUG] schedule dfg node[33] onto fu[5] at cycle 0 within II: 48
[DEBUG] setDFGNode 33 onto CGRANode 5 at cycle: 0
[DEBUG] success in schedule()
[DEBUG] schedule dfg node[34] onto fu[6] at cycle 1 within II: 48
[DEBUG] setDFGNode 34 onto CGRANode 6 at cycle: 1
[DEBUG] in allocateReg() t_cycle: 0; i: 0 CGRA node: 6; link: 2 duration 1
[DEBUG] done reg allocation
[DEBUG] occupy link[5]-->[6] (bypass:0) dfgNode: 33 at cycle 0
[DEBUG] skip predecessor routing -- dfgNode: 33
[DEBUG] success in schedule()
[DEBUG] schedule dfg node[51] onto fu[10] at cycle 2 within II: 48
[DEBUG] setDFGNode 51 onto CGRANode 10 at cycle: 2
[DEBUG] in allocateReg() t_cycle: 1; i: 0 CGRA node: 10; link: 1 duration 1
[DEBUG] done reg allocation
[DEBUG] occupy link[6]-->[10] (bypass:0) dfgNode: 34 at cycle 1
[DEBUG] skip predecessor routing -- dfgNode: 34
[DEBUG] success in schedule()
[DEBUG] schedule dfg node[52] onto fu[9] at cycle 3 within II: 48
[DEBUG] setDFGNode 52 onto CGRANode 9 at cycle: 3
[DEBUG] in allocateReg() t_cycle: 2; i: 0 CGRA node: 9; link: 3 duration 1
[DEBUG] done reg allocation
[DEBUG] occupy link[10]-->[9] (bypass:0) dfgNode: 51 at cycle 2
[DEBUG] skip predecessor routing -- dfgNode: 51
[DEBUG] success in schedule()
[DEBUG] schedule dfg node[0] onto fu[10] at cycle 4 within II: 48
[DEBUG] setDFGNode 0 onto CGRANode 10 at cycle: 4
[DEBUG] in allocateReg() t_cycle: 3; i: 0 CGRA node: 10; link: 2 duration 1
[DEBUG] done reg allocation
[DEBUG] occupy link[9]-->[10] (bypass:0) dfgNode: 52 at cycle 3
[DEBUG] skip predecessor routing -- dfgNode: 52
[DEBUG] in shareSameCycle is true: node 0
[DEBUG] tryToRoute -- srcDFGNode: 0, srcCGRANode: 10; dstDFGNode: 33, dstCGRANode: 5; backEdge: 1
[DEBUG] in shareSameCycle is true: node 33
[DEBUG] check route size: 3
[DEBUG] occupy link[10]-->[6] (bypass:1) dfgNode: 0 at cycle 4
[DEBUG] reset duration: 43 t_dstCycle: 0 previous: 5 II: 48
[DEBUG] in allocateReg() t_cycle: 5; i: 0 CGRA node: 5; link: 3 duration 43
[DEBUG] done reg allocation
[DEBUG] occupy link[6]-->[5] (bypass:0) dfgNode: 0 at cycle 5
[DEBUG] in shareSameCycle is true: node 0
[DEBUG] tryToRoute -- srcDFGNode: 0, srcCGRANode: 10; dstDFGNode: 51, dstCGRANode: 10; backEdge: 1
[DEBUG] in shareSameCycle is true: node 51
[DEBUG] check route size: 1
[DEBUG] allocate for local reg maintain... duration=46 last cycle: 4
[DEBUG] in allocateReg() t_cycle: 4; i: 1 CGRA node: 10; link: 4 duration 46
[DEBUG] done reg allocation
[DEBUG] success in schedule()
[DEBUG] schedule dfg node[1] onto fu[14] at cycle 5 within II: 48
[DEBUG] setDFGNode 1 onto CGRANode 14 at cycle: 5
[DEBUG] in allocateReg() t_cycle: 4; i: 0 CGRA node: 14; link: 1 duration 1
[DEBUG] done reg allocation
[DEBUG] occupy link[10]-->[14] (bypass:0) dfgNode: 0 at cycle 4
[DEBUG] skip predecessor routing -- dfgNode: 0
[DEBUG] success in schedule()
[DEBUG] schedule dfg node[4] onto fu[6] at cycle 5 within II: 48
[DEBUG] setDFGNode 4 onto CGRANode 6 at cycle: 5
[DEBUG] in allocateReg() t_cycle: 4; i: 0 CGRA node: 6; link: 0 duration 1
[DEBUG] done reg allocation
[DEBUG] occupy link[10]-->[6] (bypass:0) dfgNode: 0 at cycle 4
[DEBUG] skip predecessor routing -- dfgNode: 0
[DEBUG] success in schedule()
[DEBUG] schedule dfg node[8] onto fu[9] at cycle 5 within II: 48
[DEBUG] setDFGNode 8 onto CGRANode 9 at cycle: 5
[DEBUG] in allocateReg() t_cycle: 4; i: 0 CGRA node: 9; link: 3 duration 1
[DEBUG] done reg allocation
[DEBUG] occupy link[10]-->[9] (bypass:0) dfgNode: 0 at cycle 4
[DEBUG] skip predecessor routing -- dfgNode: 0
[DEBUG] success in schedule()
[DEBUG] schedule dfg node[16] onto fu[5] at cycle 6 within II: 48
[DEBUG] setDFGNode 16 onto CGRANode 5 at cycle: 6
[DEBUG] occupy link[10]-->[6] (bypass:1) dfgNode: 0 at cycle 4
[DEBUG] in allocateReg() t_cycle: 5; i: 1 CGRA node: 5; link: 3 duration 1
[DEBUG] done reg allocation
[DEBUG] occupy link[6]-->[5] (bypass:0) dfgNode: 0 at cycle 5
[DEBUG] skip predecessor routing -- dfgNode: 0
[DEBUG] success in schedule()
[DEBUG] schedule dfg node[24] onto fu[10] at cycle 5 within II: 48
[DEBUG] setDFGNode 24 onto CGRANode 10 at cycle: 5
[DEBUG] tryToRoute -- srcDFGNode: 0, srcCGRANode: 10; dstDFGNode: 24, dstCGRANode: 10; backEdge: 0
[DEBUG] check route size: 1
[DEBUG] allocate for local reg maintain... duration=1 last cycle: 4
[DEBUG] in allocateReg() t_cycle: 4; i: 0 CGRA node: 10; link: 4 duration 1
[DEBUG] done reg allocation
[DEBUG] success in schedule()
[DEBUG] schedule dfg node[32] onto fu[13] at cycle 6 within II: 48
[DEBUG] setDFGNode 32 onto CGRANode 13 at cycle: 6
[DEBUG] occupy link[10]-->[9] (bypass:1) dfgNode: 0 at cycle 4
[DEBUG] in allocateReg() t_cycle: 5; i: 0 CGRA node: 13; link: 1 duration 1
[DEBUG] done reg allocation
[DEBUG] occupy link[9]-->[13] (bypass:0) dfgNode: 0 at cycle 5
[DEBUG] skip predecessor routing -- dfgNode: 0
[DEBUG] success in schedule()
[DEBUG] schedule dfg node[42] onto fu[2] at cycle 6 within II: 48
[DEBUG] setDFGNode 42 onto CGRANode 2 at cycle: 6
[DEBUG] occupy link[10]-->[6] (bypass:1) dfgNode: 0 at cycle 4
[DEBUG] in allocateReg() t_cycle: 5; i: 0 CGRA node: 2; link: 0 duration 1
[DEBUG] done reg allocation
[DEBUG] occupy link[6]-->[2] (bypass:0) dfgNode: 0 at cycle 5
[DEBUG] skip predecessor routing -- dfgNode: 0
[DEBUG] tryToRoute -- srcDFGNode: 34, srcCGRANode: 6; dstDFGNode: 42, dstCGRANode: 2; backEdge: 0
[DEBUG] check route size: 2
[DEBUG] reset duration: 5 t_dstCycle: 6 previous: 1 II: 48
[DEBUG] in allocateReg() t_cycle: 1; i: 1 CGRA node: 2; link: 0 duration 5
[DEBUG] done reg allocation
[DEBUG] occupy link[6]-->[2] (bypass:0) dfgNode: 34 at cycle 1
[DEBUG] success in schedule()
[DEBUG] schedule dfg node[50] onto fu[1] at cycle 7 within II: 48
[DEBUG] setDFGNode 50 onto CGRANode 1 at cycle: 7
[DEBUG] occupy link[10]-->[6] (bypass:1) dfgNode: 0 at cycle 4
[DEBUG] occupy link[6]-->[2] (bypass:1) dfgNode: 0 at cycle 5
[DEBUG] in allocateReg() t_cycle: 6; i: 0 CGRA node: 1; link: 3 duration 1
[DEBUG] done reg allocation
[DEBUG] occupy link[2]-->[1] (bypass:0) dfgNode: 0 at cycle 6
[DEBUG] skip predecessor routing -- dfgNode: 0
[DEBUG] tryToRoute -- srcDFGNode: 34, srcCGRANode: 6; dstDFGNode: 50, dstCGRANode: 1; backEdge: 0
[DEBUG] in shareSameCycle is true: node 50
[DEBUG] cannot route due to II is violated for backward cycle
DEBUG target DFG node: 50 on fu: 1 failed, mapped pred DFG node: 34; return false
[DEBUG] fail1 in schedule() II: 48
[DEBUG] the failed path -- cycle: 7 CGRANode: 1
[DEBUG] the failed path -- cycle: 6 CGRANode: 2
[DEBUG] the failed path -- cycle: 5 CGRANode: 6
[DEBUG] the failed path -- cycle: 4 CGRANode: 10
----------------------------------------
[DEBUG] start heuristic algorithm with II=49
[DEBUG] schedule dfg node[33] onto fu[5] at cycle 0 within II: 49
[DEBUG] setDFGNode 33 onto CGRANode 5 at cycle: 0
[DEBUG] success in schedule()
[DEBUG] schedule dfg node[34] onto fu[6] at cycle 1 within II: 49
[DEBUG] setDFGNode 34 onto CGRANode 6 at cycle: 1
[DEBUG] in allocateReg() t_cycle: 0; i: 0 CGRA node: 6; link: 2 duration 1
[DEBUG] done reg allocation
[DEBUG] occupy link[5]-->[6] (bypass:0) dfgNode: 33 at cycle 0
[DEBUG] skip predecessor routing -- dfgNode: 33
[DEBUG] success in schedule()
[DEBUG] schedule dfg node[51] onto fu[10] at cycle 2 within II: 49
[DEBUG] setDFGNode 51 onto CGRANode 10 at cycle: 2
[DEBUG] in allocateReg() t_cycle: 1; i: 0 CGRA node: 10; link: 1 duration 1
[DEBUG] done reg allocation
[DEBUG] occupy link[6]-->[10] (bypass:0) dfgNode: 34 at cycle 1
[DEBUG] skip predecessor routing -- dfgNode: 34
[DEBUG] success in schedule()
[DEBUG] schedule dfg node[52] onto fu[9] at cycle 3 within II: 49
[DEBUG] setDFGNode 52 onto CGRANode 9 at cycle: 3
[DEBUG] in allocateReg() t_cycle: 2; i: 0 CGRA node: 9; link: 3 duration 1
[DEBUG] done reg allocation
[DEBUG] occupy link[10]-->[9] (bypass:0) dfgNode: 51 at cycle 2
[DEBUG] skip predecessor routing -- dfgNode: 51
[DEBUG] success in schedule()
[DEBUG] schedule dfg node[0] onto fu[10] at cycle 4 within II: 49
[DEBUG] setDFGNode 0 onto CGRANode 10 at cycle: 4
[DEBUG] in allocateReg() t_cycle: 3; i: 0 CGRA node: 10; link: 2 duration 1
[DEBUG] done reg allocation
[DEBUG] occupy link[9]-->[10] (bypass:0) dfgNode: 52 at cycle 3
[DEBUG] skip predecessor routing -- dfgNode: 52
[DEBUG] in shareSameCycle is true: node 0
[DEBUG] tryToRoute -- srcDFGNode: 0, srcCGRANode: 10; dstDFGNode: 33, dstCGRANode: 5; backEdge: 1
[DEBUG] in shareSameCycle is true: node 33
[DEBUG] check route size: 3
[DEBUG] occupy link[10]-->[6] (bypass:1) dfgNode: 0 at cycle 4
[DEBUG] reset duration: 44 t_dstCycle: 0 previous: 5 II: 49
[DEBUG] in allocateReg() t_cycle: 5; i: 0 CGRA node: 5; link: 3 duration 44
[DEBUG] done reg allocation
[DEBUG] occupy link[6]-->[5] (bypass:0) dfgNode: 0 at cycle 5
[DEBUG] in shareSameCycle is true: node 0
[DEBUG] tryToRoute -- srcDFGNode: 0, srcCGRANode: 10; dstDFGNode: 51, dstCGRANode: 10; backEdge: 1
[DEBUG] in shareSameCycle is true: node 51
[DEBUG] check route size: 1
[DEBUG] allocate for local reg maintain... duration=47 last cycle: 4
[DEBUG] in allocateReg() t_cycle: 4; i: 1 CGRA node: 10; link: 4 duration 47
[DEBUG] done reg allocation
[DEBUG] success in schedule()
[DEBUG] schedule dfg node[1] onto fu[14] at cycle 5 within II: 49
[DEBUG] setDFGNode 1 onto CGRANode 14 at cycle: 5
[DEBUG] in allocateReg() t_cycle: 4; i: 0 CGRA node: 14; link: 1 duration 1
[DEBUG] done reg allocation
[DEBUG] occupy link[10]-->[14] (bypass:0) dfgNode: 0 at cycle 4
[DEBUG] skip predecessor routing -- dfgNode: 0
[DEBUG] success in schedule()
[DEBUG] schedule dfg node[4] onto fu[6] at cycle 5 within II: 49
[DEBUG] setDFGNode 4 onto CGRANode 6 at cycle: 5
[DEBUG] in allocateReg() t_cycle: 4; i: 0 CGRA node: 6; link: 0 duration 1
[DEBUG] done reg allocation
[DEBUG] occupy link[10]-->[6] (bypass:0) dfgNode: 0 at cycle 4
[DEBUG] skip predecessor routing -- dfgNode: 0
[DEBUG] success in schedule()
[DEBUG] schedule dfg node[8] onto fu[9] at cycle 5 within II: 49
[DEBUG] setDFGNode 8 onto CGRANode 9 at cycle: 5
[DEBUG] in allocateReg() t_cycle: 4; i: 0 CGRA node: 9; link: 3 duration 1
[DEBUG] done reg allocation
[DEBUG] occupy link[10]-->[9] (bypass:0) dfgNode: 0 at cycle 4
[DEBUG] skip predecessor routing -- dfgNode: 0
[DEBUG] success in schedule()
[DEBUG] schedule dfg node[16] onto fu[5] at cycle 6 within II: 49
[DEBUG] setDFGNode 16 onto CGRANode 5 at cycle: 6
[DEBUG] occupy link[10]-->[6] (bypass:1) dfgNode: 0 at cycle 4
[DEBUG] in allocateReg() t_cycle: 5; i: 1 CGRA node: 5; link: 3 duration 1
[DEBUG] done reg allocation
[DEBUG] occupy link[6]-->[5] (bypass:0) dfgNode: 0 at cycle 5
[DEBUG] skip predecessor routing -- dfgNode: 0
[DEBUG] success in schedule()
[DEBUG] schedule dfg node[24] onto fu[10] at cycle 5 within II: 49
[DEBUG] setDFGNode 24 onto CGRANode 10 at cycle: 5
[DEBUG] tryToRoute -- srcDFGNode: 0, srcCGRANode: 10; dstDFGNode: 24, dstCGRANode: 10; backEdge: 0
[DEBUG] check route size: 1
[DEBUG] allocate for local reg maintain... duration=1 last cycle: 4
[DEBUG] in allocateReg() t_cycle: 4; i: 0 CGRA node: 10; link: 4 duration 1
[DEBUG] done reg allocation
[DEBUG] success in schedule()
[DEBUG] schedule dfg node[32] onto fu[13] at cycle 6 within II: 49
[DEBUG] setDFGNode 32 onto CGRANode 13 at cycle: 6
[DEBUG] occupy link[10]-->[9] (bypass:1) dfgNode: 0 at cycle 4
[DEBUG] in allocateReg() t_cycle: 5; i: 0 CGRA node: 13; link: 1 duration 1
[DEBUG] done reg allocation
[DEBUG] occupy link[9]-->[13] (bypass:0) dfgNode: 0 at cycle 5
[DEBUG] skip predecessor routing -- dfgNode: 0
[DEBUG] success in schedule()
[DEBUG] schedule dfg node[42] onto fu[2] at cycle 6 within II: 49
[DEBUG] setDFGNode 42 onto CGRANode 2 at cycle: 6
[DEBUG] occupy link[10]-->[6] (bypass:1) dfgNode: 0 at cycle 4
[DEBUG] in allocateReg() t_cycle: 5; i: 0 CGRA node: 2; link: 0 duration 1
[DEBUG] done reg allocation
[DEBUG] occupy link[6]-->[2] (bypass:0) dfgNode: 0 at cycle 5
[DEBUG] skip predecessor routing -- dfgNode: 0
[DEBUG] tryToRoute -- srcDFGNode: 34, srcCGRANode: 6; dstDFGNode: 42, dstCGRANode: 2; backEdge: 0
[DEBUG] check route size: 2
[DEBUG] reset duration: 5 t_dstCycle: 6 previous: 1 II: 49
[DEBUG] in allocateReg() t_cycle: 1; i: 1 CGRA node: 2; link: 0 duration 5
[DEBUG] done reg allocation
[DEBUG] occupy link[6]-->[2] (bypass:0) dfgNode: 34 at cycle 1
[DEBUG] success in schedule()
[DEBUG] schedule dfg node[50] onto fu[1] at cycle 7 within II: 49
[DEBUG] setDFGNode 50 onto CGRANode 1 at cycle: 7
[DEBUG] occupy link[10]-->[6] (bypass:1) dfgNode: 0 at cycle 4
[DEBUG] occupy link[6]-->[2] (bypass:1) dfgNode: 0 at cycle 5
[DEBUG] in allocateReg() t_cycle: 6; i: 0 CGRA node: 1; link: 3 duration 1
[DEBUG] done reg allocation
[DEBUG] occupy link[2]-->[1] (bypass:0) dfgNode: 0 at cycle 6
[DEBUG] skip predecessor routing -- dfgNode: 0
[DEBUG] tryToRoute -- srcDFGNode: 34, srcCGRANode: 6; dstDFGNode: 50, dstCGRANode: 1; backEdge: 0
[DEBUG] in shareSameCycle is true: node 50
[DEBUG] cannot route due to II is violated for backward cycle
DEBUG target DFG node: 50 on fu: 1 failed, mapped pred DFG node: 34; return false
[DEBUG] fail1 in schedule() II: 49
[DEBUG] the failed path -- cycle: 7 CGRANode: 1
[DEBUG] the failed path -- cycle: 6 CGRANode: 2
[DEBUG] the failed path -- cycle: 5 CGRANode: 6
[DEBUG] the failed path -- cycle: 4 CGRANode: 10
----------------------------------------
[DEBUG] start heuristic algorithm with II=50
[DEBUG] schedule dfg node[33] onto fu[5] at cycle 0 within II: 50
[DEBUG] setDFGNode 33 onto CGRANode 5 at cycle: 0
[DEBUG] success in schedule()
[DEBUG] schedule dfg node[34] onto fu[6] at cycle 1 within II: 50
[DEBUG] setDFGNode 34 onto CGRANode 6 at cycle: 1
[DEBUG] in allocateReg() t_cycle: 0; i: 0 CGRA node: 6; link: 2 duration 1
[DEBUG] done reg allocation
[DEBUG] occupy link[5]-->[6] (bypass:0) dfgNode: 33 at cycle 0
[DEBUG] skip predecessor routing -- dfgNode: 33
[DEBUG] success in schedule()
[DEBUG] schedule dfg node[51] onto fu[10] at cycle 2 within II: 50
[DEBUG] setDFGNode 51 onto CGRANode 10 at cycle: 2
[DEBUG] in allocateReg() t_cycle: 1; i: 0 CGRA node: 10; link: 1 duration 1
[DEBUG] done reg allocation
[DEBUG] occupy link[6]-->[10] (bypass:0) dfgNode: 34 at cycle 1
[DEBUG] skip predecessor routing -- dfgNode: 34
[DEBUG] success in schedule()
[DEBUG] schedule dfg node[52] onto fu[9] at cycle 3 within II: 50
[DEBUG] setDFGNode 52 onto CGRANode 9 at cycle: 3
[DEBUG] in allocateReg() t_cycle: 2; i: 0 CGRA node: 9; link: 3 duration 1
[DEBUG] done reg allocation
[DEBUG] occupy link[10]-->[9] (bypass:0) dfgNode: 51 at cycle 2
[DEBUG] skip predecessor routing -- dfgNode: 51
[DEBUG] success in schedule()
[DEBUG] schedule dfg node[0] onto fu[10] at cycle 4 within II: 50
[DEBUG] setDFGNode 0 onto CGRANode 10 at cycle: 4
[DEBUG] in allocateReg() t_cycle: 3; i: 0 CGRA node: 10; link: 2 duration 1
[DEBUG] done reg allocation
[DEBUG] occupy link[9]-->[10] (bypass:0) dfgNode: 52 at cycle 3
[DEBUG] skip predecessor routing -- dfgNode: 52
[DEBUG] in shareSameCycle is true: node 0
[DEBUG] tryToRoute -- srcDFGNode: 0, srcCGRANode: 10; dstDFGNode: 33, dstCGRANode: 5; backEdge: 1
[DEBUG] in shareSameCycle is true: node 33
[DEBUG] check route size: 3
[DEBUG] occupy link[10]-->[6] (bypass:1) dfgNode: 0 at cycle 4
[DEBUG] reset duration: 45 t_dstCycle: 0 previous: 5 II: 50
[DEBUG] in allocateReg() t_cycle: 5; i: 0 CGRA node: 5; link: 3 duration 45
[DEBUG] done reg allocation
[DEBUG] occupy link[6]-->[5] (bypass:0) dfgNode: 0 at cycle 5
[DEBUG] in shareSameCycle is true: node 0
[DEBUG] tryToRoute -- srcDFGNode: 0, srcCGRANode: 10; dstDFGNode: 51, dstCGRANode: 10; backEdge: 1
[DEBUG] in shareSameCycle is true: node 51
[DEBUG] check route size: 1
[DEBUG] allocate for local reg maintain... duration=48 last cycle: 4
[DEBUG] in allocateReg() t_cycle: 4; i: 1 CGRA node: 10; link: 4 duration 48
[DEBUG] done reg allocation
[DEBUG] success in schedule()
[DEBUG] schedule dfg node[1] onto fu[14] at cycle 5 within II: 50
[DEBUG] setDFGNode 1 onto CGRANode 14 at cycle: 5
[DEBUG] in allocateReg() t_cycle: 4; i: 0 CGRA node: 14; link: 1 duration 1
[DEBUG] done reg allocation
[DEBUG] occupy link[10]-->[14] (bypass:0) dfgNode: 0 at cycle 4
[DEBUG] skip predecessor routing -- dfgNode: 0
[DEBUG] success in schedule()
[DEBUG] schedule dfg node[4] onto fu[6] at cycle 5 within II: 50
[DEBUG] setDFGNode 4 onto CGRANode 6 at cycle: 5
[DEBUG] in allocateReg() t_cycle: 4; i: 0 CGRA node: 6; link: 0 duration 1
[DEBUG] done reg allocation
[DEBUG] occupy link[10]-->[6] (bypass:0) dfgNode: 0 at cycle 4
[DEBUG] skip predecessor routing -- dfgNode: 0
[DEBUG] success in schedule()
[DEBUG] schedule dfg node[8] onto fu[9] at cycle 5 within II: 50
[DEBUG] setDFGNode 8 onto CGRANode 9 at cycle: 5
[DEBUG] in allocateReg() t_cycle: 4; i: 0 CGRA node: 9; link: 3 duration 1
[DEBUG] done reg allocation
[DEBUG] occupy link[10]-->[9] (bypass:0) dfgNode: 0 at cycle 4
[DEBUG] skip predecessor routing -- dfgNode: 0
[DEBUG] success in schedule()
[DEBUG] schedule dfg node[16] onto fu[5] at cycle 6 within II: 50
[DEBUG] setDFGNode 16 onto CGRANode 5 at cycle: 6
[DEBUG] occupy link[10]-->[6] (bypass:1) dfgNode: 0 at cycle 4
[DEBUG] in allocateReg() t_cycle: 5; i: 1 CGRA node: 5; link: 3 duration 1
[DEBUG] done reg allocation
[DEBUG] occupy link[6]-->[5] (bypass:0) dfgNode: 0 at cycle 5
[DEBUG] skip predecessor routing -- dfgNode: 0
[DEBUG] success in schedule()
[DEBUG] schedule dfg node[24] onto fu[10] at cycle 5 within II: 50
[DEBUG] setDFGNode 24 onto CGRANode 10 at cycle: 5
[DEBUG] tryToRoute -- srcDFGNode: 0, srcCGRANode: 10; dstDFGNode: 24, dstCGRANode: 10; backEdge: 0
[DEBUG] check route size: 1
[DEBUG] allocate for local reg maintain... duration=1 last cycle: 4
[DEBUG] in allocateReg() t_cycle: 4; i: 0 CGRA node: 10; link: 4 duration 1
[DEBUG] done reg allocation
[DEBUG] success in schedule()
[DEBUG] schedule dfg node[32] onto fu[13] at cycle 6 within II: 50
[DEBUG] setDFGNode 32 onto CGRANode 13 at cycle: 6
[DEBUG] occupy link[10]-->[9] (bypass:1) dfgNode: 0 at cycle 4
[DEBUG] in allocateReg() t_cycle: 5; i: 0 CGRA node: 13; link: 1 duration 1
[DEBUG] done reg allocation
[DEBUG] occupy link[9]-->[13] (bypass:0) dfgNode: 0 at cycle 5
[DEBUG] skip predecessor routing -- dfgNode: 0
[DEBUG] success in schedule()
[DEBUG] schedule dfg node[42] onto fu[2] at cycle 6 within II: 50
[DEBUG] setDFGNode 42 onto CGRANode 2 at cycle: 6
[DEBUG] occupy link[10]-->[6] (bypass:1) dfgNode: 0 at cycle 4
[DEBUG] in allocateReg() t_cycle: 5; i: 0 CGRA node: 2; link: 0 duration 1
[DEBUG] done reg allocation
[DEBUG] occupy link[6]-->[2] (bypass:0) dfgNode: 0 at cycle 5
[DEBUG] skip predecessor routing -- dfgNode: 0
[DEBUG] tryToRoute -- srcDFGNode: 34, srcCGRANode: 6; dstDFGNode: 42, dstCGRANode: 2; backEdge: 0
[DEBUG] check route size: 2
[DEBUG] reset duration: 5 t_dstCycle: 6 previous: 1 II: 50
[DEBUG] in allocateReg() t_cycle: 1; i: 1 CGRA node: 2; link: 0 duration 5
[DEBUG] done reg allocation
[DEBUG] occupy link[6]-->[2] (bypass:0) dfgNode: 34 at cycle 1
[DEBUG] success in schedule()
[DEBUG] schedule dfg node[50] onto fu[1] at cycle 7 within II: 50
[DEBUG] setDFGNode 50 onto CGRANode 1 at cycle: 7
[DEBUG] occupy link[10]-->[6] (bypass:1) dfgNode: 0 at cycle 4
[DEBUG] occupy link[6]-->[2] (bypass:1) dfgNode: 0 at cycle 5
[DEBUG] in allocateReg() t_cycle: 6; i: 0 CGRA node: 1; link: 3 duration 1
[DEBUG] done reg allocation
[DEBUG] occupy link[2]-->[1] (bypass:0) dfgNode: 0 at cycle 6
[DEBUG] skip predecessor routing -- dfgNode: 0
[DEBUG] tryToRoute -- srcDFGNode: 34, srcCGRANode: 6; dstDFGNode: 50, dstCGRANode: 1; backEdge: 0
[DEBUG] in shareSameCycle is true: node 50
[DEBUG] cannot route due to II is violated for backward cycle
DEBUG target DFG node: 50 on fu: 1 failed, mapped pred DFG node: 34; return false
[DEBUG] fail1 in schedule() II: 50
[DEBUG] the failed path -- cycle: 7 CGRANode: 1
[DEBUG] the failed path -- cycle: 6 CGRANode: 2
[DEBUG] the failed path -- cycle: 5 CGRANode: 6
[DEBUG] the failed path -- cycle: 4 CGRANode: 10
----------------------------------------
[DEBUG] start heuristic algorithm with II=51
[DEBUG] schedule dfg node[33] onto fu[5] at cycle 0 within II: 51
[DEBUG] setDFGNode 33 onto CGRANode 5 at cycle: 0
[DEBUG] success in schedule()
[DEBUG] schedule dfg node[34] onto fu[6] at cycle 1 within II: 51
[DEBUG] setDFGNode 34 onto CGRANode 6 at cycle: 1
[DEBUG] in allocateReg() t_cycle: 0; i: 0 CGRA node: 6; link: 2 duration 1
[DEBUG] done reg allocation
[DEBUG] occupy link[5]-->[6] (bypass:0) dfgNode: 33 at cycle 0
[DEBUG] skip predecessor routing -- dfgNode: 33
[DEBUG] success in schedule()
[DEBUG] schedule dfg node[51] onto fu[10] at cycle 2 within II: 51
[DEBUG] setDFGNode 51 onto CGRANode 10 at cycle: 2
[DEBUG] in allocateReg() t_cycle: 1; i: 0 CGRA node: 10; link: 1 duration 1
[DEBUG] done reg allocation
[DEBUG] occupy link[6]-->[10] (bypass:0) dfgNode: 34 at cycle 1
[DEBUG] skip predecessor routing -- dfgNode: 34
[DEBUG] success in schedule()
[DEBUG] schedule dfg node[52] onto fu[9] at cycle 3 within II: 51
[DEBUG] setDFGNode 52 onto CGRANode 9 at cycle: 3
[DEBUG] in allocateReg() t_cycle: 2; i: 0 CGRA node: 9; link: 3 duration 1
[DEBUG] done reg allocation
[DEBUG] occupy link[10]-->[9] (bypass:0) dfgNode: 51 at cycle 2
[DEBUG] skip predecessor routing -- dfgNode: 51
[DEBUG] success in schedule()
[DEBUG] schedule dfg node[0] onto fu[10] at cycle 4 within II: 51
[DEBUG] setDFGNode 0 onto CGRANode 10 at cycle: 4
[DEBUG] in allocateReg() t_cycle: 3; i: 0 CGRA node: 10; link: 2 duration 1
[DEBUG] done reg allocation
[DEBUG] occupy link[9]-->[10] (bypass:0) dfgNode: 52 at cycle 3
[DEBUG] skip predecessor routing -- dfgNode: 52
[DEBUG] in shareSameCycle is true: node 0
[DEBUG] tryToRoute -- srcDFGNode: 0, srcCGRANode: 10; dstDFGNode: 33, dstCGRANode: 5; backEdge: 1
[DEBUG] in shareSameCycle is true: node 33
[DEBUG] check route size: 3
[DEBUG] occupy link[10]-->[6] (bypass:1) dfgNode: 0 at cycle 4
[DEBUG] reset duration: 46 t_dstCycle: 0 previous: 5 II: 51
[DEBUG] in allocateReg() t_cycle: 5; i: 0 CGRA node: 5; link: 3 duration 46
[DEBUG] done reg allocation
[DEBUG] occupy link[6]-->[5] (bypass:0) dfgNode: 0 at cycle 5
[DEBUG] in shareSameCycle is true: node 0
[DEBUG] tryToRoute -- srcDFGNode: 0, srcCGRANode: 10; dstDFGNode: 51, dstCGRANode: 10; backEdge: 1
[DEBUG] in shareSameCycle is true: node 51
[DEBUG] check route size: 1
[DEBUG] allocate for local reg maintain... duration=49 last cycle: 4
[DEBUG] in allocateReg() t_cycle: 4; i: 1 CGRA node: 10; link: 4 duration 49
[DEBUG] done reg allocation
[DEBUG] success in schedule()
[DEBUG] schedule dfg node[1] onto fu[14] at cycle 5 within II: 51
[DEBUG] setDFGNode 1 onto CGRANode 14 at cycle: 5
[DEBUG] in allocateReg() t_cycle: 4; i: 0 CGRA node: 14; link: 1 duration 1
[DEBUG] done reg allocation
[DEBUG] occupy link[10]-->[14] (bypass:0) dfgNode: 0 at cycle 4
[DEBUG] skip predecessor routing -- dfgNode: 0
[DEBUG] success in schedule()
[DEBUG] schedule dfg node[4] onto fu[6] at cycle 5 within II: 51
[DEBUG] setDFGNode 4 onto CGRANode 6 at cycle: 5
[DEBUG] in allocateReg() t_cycle: 4; i: 0 CGRA node: 6; link: 0 duration 1
[DEBUG] done reg allocation
[DEBUG] occupy link[10]-->[6] (bypass:0) dfgNode: 0 at cycle 4
[DEBUG] skip predecessor routing -- dfgNode: 0
[DEBUG] success in schedule()
[DEBUG] schedule dfg node[8] onto fu[9] at cycle 5 within II: 51
[DEBUG] setDFGNode 8 onto CGRANode 9 at cycle: 5
[DEBUG] in allocateReg() t_cycle: 4; i: 0 CGRA node: 9; link: 3 duration 1
[DEBUG] done reg allocation
[DEBUG] occupy link[10]-->[9] (bypass:0) dfgNode: 0 at cycle 4
[DEBUG] skip predecessor routing -- dfgNode: 0
[DEBUG] success in schedule()
[DEBUG] schedule dfg node[16] onto fu[5] at cycle 6 within II: 51
[DEBUG] setDFGNode 16 onto CGRANode 5 at cycle: 6
[DEBUG] occupy link[10]-->[6] (bypass:1) dfgNode: 0 at cycle 4
[DEBUG] in allocateReg() t_cycle: 5; i: 1 CGRA node: 5; link: 3 duration 1
[DEBUG] done reg allocation
[DEBUG] occupy link[6]-->[5] (bypass:0) dfgNode: 0 at cycle 5
[DEBUG] skip predecessor routing -- dfgNode: 0
[DEBUG] success in schedule()
[DEBUG] schedule dfg node[24] onto fu[10] at cycle 5 within II: 51
[DEBUG] setDFGNode 24 onto CGRANode 10 at cycle: 5
[DEBUG] tryToRoute -- srcDFGNode: 0, srcCGRANode: 10; dstDFGNode: 24, dstCGRANode: 10; backEdge: 0
[DEBUG] check route size: 1
[DEBUG] allocate for local reg maintain... duration=1 last cycle: 4
[DEBUG] in allocateReg() t_cycle: 4; i: 0 CGRA node: 10; link: 4 duration 1
[DEBUG] done reg allocation
[DEBUG] success in schedule()
[DEBUG] schedule dfg node[32] onto fu[13] at cycle 6 within II: 51
[DEBUG] setDFGNode 32 onto CGRANode 13 at cycle: 6
[DEBUG] occupy link[10]-->[9] (bypass:1) dfgNode: 0 at cycle 4
[DEBUG] in allocateReg() t_cycle: 5; i: 0 CGRA node: 13; link: 1 duration 1
[DEBUG] done reg allocation
[DEBUG] occupy link[9]-->[13] (bypass:0) dfgNode: 0 at cycle 5
[DEBUG] skip predecessor routing -- dfgNode: 0
[DEBUG] success in schedule()
[DEBUG] schedule dfg node[42] onto fu[2] at cycle 6 within II: 51
[DEBUG] setDFGNode 42 onto CGRANode 2 at cycle: 6
[DEBUG] occupy link[10]-->[6] (bypass:1) dfgNode: 0 at cycle 4
[DEBUG] in allocateReg() t_cycle: 5; i: 0 CGRA node: 2; link: 0 duration 1
[DEBUG] done reg allocation
[DEBUG] occupy link[6]-->[2] (bypass:0) dfgNode: 0 at cycle 5
[DEBUG] skip predecessor routing -- dfgNode: 0
[DEBUG] tryToRoute -- srcDFGNode: 34, srcCGRANode: 6; dstDFGNode: 42, dstCGRANode: 2; backEdge: 0
[DEBUG] check route size: 2
[DEBUG] reset duration: 5 t_dstCycle: 6 previous: 1 II: 51
[DEBUG] in allocateReg() t_cycle: 1; i: 1 CGRA node: 2; link: 0 duration 5
[DEBUG] done reg allocation
[DEBUG] occupy link[6]-->[2] (bypass:0) dfgNode: 34 at cycle 1
[DEBUG] success in schedule()
[DEBUG] schedule dfg node[50] onto fu[1] at cycle 7 within II: 51
[DEBUG] setDFGNode 50 onto CGRANode 1 at cycle: 7
[DEBUG] occupy link[10]-->[6] (bypass:1) dfgNode: 0 at cycle 4
[DEBUG] occupy link[6]-->[2] (bypass:1) dfgNode: 0 at cycle 5
[DEBUG] in allocateReg() t_cycle: 6; i: 0 CGRA node: 1; link: 3 duration 1
[DEBUG] done reg allocation
[DEBUG] occupy link[2]-->[1] (bypass:0) dfgNode: 0 at cycle 6
[DEBUG] skip predecessor routing -- dfgNode: 0
[DEBUG] tryToRoute -- srcDFGNode: 34, srcCGRANode: 6; dstDFGNode: 50, dstCGRANode: 1; backEdge: 0
[DEBUG] in shareSameCycle is true: node 50
[DEBUG] cannot route due to II is violated for backward cycle
DEBUG target DFG node: 50 on fu: 1 failed, mapped pred DFG node: 34; return false
[DEBUG] fail1 in schedule() II: 51
[DEBUG] the failed path -- cycle: 7 CGRANode: 1
[DEBUG] the failed path -- cycle: 6 CGRANode: 2
[DEBUG] the failed path -- cycle: 5 CGRANode: 6
[DEBUG] the failed path -- cycle: 4 CGRANode: 10
----------------------------------------
[DEBUG] start heuristic algorithm with II=52
[DEBUG] schedule dfg node[33] onto fu[5] at cycle 0 within II: 52
[DEBUG] setDFGNode 33 onto CGRANode 5 at cycle: 0
[DEBUG] success in schedule()
[DEBUG] schedule dfg node[34] onto fu[6] at cycle 1 within II: 52
[DEBUG] setDFGNode 34 onto CGRANode 6 at cycle: 1
[DEBUG] in allocateReg() t_cycle: 0; i: 0 CGRA node: 6; link: 2 duration 1
[DEBUG] done reg allocation
[DEBUG] occupy link[5]-->[6] (bypass:0) dfgNode: 33 at cycle 0
[DEBUG] skip predecessor routing -- dfgNode: 33
[DEBUG] success in schedule()
[DEBUG] schedule dfg node[51] onto fu[10] at cycle 2 within II: 52
[DEBUG] setDFGNode 51 onto CGRANode 10 at cycle: 2
[DEBUG] in allocateReg() t_cycle: 1; i: 0 CGRA node: 10; link: 1 duration 1
[DEBUG] done reg allocation
[DEBUG] occupy link[6]-->[10] (bypass:0) dfgNode: 34 at cycle 1
[DEBUG] skip predecessor routing -- dfgNode: 34
[DEBUG] success in schedule()
[DEBUG] schedule dfg node[52] onto fu[9] at cycle 3 within II: 52
[DEBUG] setDFGNode 52 onto CGRANode 9 at cycle: 3
[DEBUG] in allocateReg() t_cycle: 2; i: 0 CGRA node: 9; link: 3 duration 1
[DEBUG] done reg allocation
[DEBUG] occupy link[10]-->[9] (bypass:0) dfgNode: 51 at cycle 2
[DEBUG] skip predecessor routing -- dfgNode: 51
[DEBUG] success in schedule()
[DEBUG] schedule dfg node[0] onto fu[10] at cycle 4 within II: 52
[DEBUG] setDFGNode 0 onto CGRANode 10 at cycle: 4
[DEBUG] in allocateReg() t_cycle: 3; i: 0 CGRA node: 10; link: 2 duration 1
[DEBUG] done reg allocation
[DEBUG] occupy link[9]-->[10] (bypass:0) dfgNode: 52 at cycle 3
[DEBUG] skip predecessor routing -- dfgNode: 52
[DEBUG] in shareSameCycle is true: node 0
[DEBUG] tryToRoute -- srcDFGNode: 0, srcCGRANode: 10; dstDFGNode: 33, dstCGRANode: 5; backEdge: 1
[DEBUG] in shareSameCycle is true: node 33
[DEBUG] check route size: 3
[DEBUG] occupy link[10]-->[6] (bypass:1) dfgNode: 0 at cycle 4
[DEBUG] reset duration: 47 t_dstCycle: 0 previous: 5 II: 52
[DEBUG] in allocateReg() t_cycle: 5; i: 0 CGRA node: 5; link: 3 duration 47
[DEBUG] done reg allocation
[DEBUG] occupy link[6]-->[5] (bypass:0) dfgNode: 0 at cycle 5
[DEBUG] in shareSameCycle is true: node 0
[DEBUG] tryToRoute -- srcDFGNode: 0, srcCGRANode: 10; dstDFGNode: 51, dstCGRANode: 10; backEdge: 1
[DEBUG] in shareSameCycle is true: node 51
[DEBUG] check route size: 1
[DEBUG] allocate for local reg maintain... duration=50 last cycle: 4
[DEBUG] in allocateReg() t_cycle: 4; i: 1 CGRA node: 10; link: 4 duration 50
[DEBUG] done reg allocation
[DEBUG] success in schedule()
[DEBUG] schedule dfg node[1] onto fu[14] at cycle 5 within II: 52
[DEBUG] setDFGNode 1 onto CGRANode 14 at cycle: 5
[DEBUG] in allocateReg() t_cycle: 4; i: 0 CGRA node: 14; link: 1 duration 1
[DEBUG] done reg allocation
[DEBUG] occupy link[10]-->[14] (bypass:0) dfgNode: 0 at cycle 4
[DEBUG] skip predecessor routing -- dfgNode: 0
[DEBUG] success in schedule()
[DEBUG] schedule dfg node[4] onto fu[6] at cycle 5 within II: 52
[DEBUG] setDFGNode 4 onto CGRANode 6 at cycle: 5
[DEBUG] in allocateReg() t_cycle: 4; i: 0 CGRA node: 6; link: 0 duration 1
[DEBUG] done reg allocation
[DEBUG] occupy link[10]-->[6] (bypass:0) dfgNode: 0 at cycle 4
[DEBUG] skip predecessor routing -- dfgNode: 0
[DEBUG] success in schedule()
[DEBUG] schedule dfg node[8] onto fu[9] at cycle 5 within II: 52
[DEBUG] setDFGNode 8 onto CGRANode 9 at cycle: 5
[DEBUG] in allocateReg() t_cycle: 4; i: 0 CGRA node: 9; link: 3 duration 1
[DEBUG] done reg allocation
[DEBUG] occupy link[10]-->[9] (bypass:0) dfgNode: 0 at cycle 4
[DEBUG] skip predecessor routing -- dfgNode: 0
[DEBUG] success in schedule()
[DEBUG] schedule dfg node[16] onto fu[5] at cycle 6 within II: 52
[DEBUG] setDFGNode 16 onto CGRANode 5 at cycle: 6
[DEBUG] occupy link[10]-->[6] (bypass:1) dfgNode: 0 at cycle 4
[DEBUG] in allocateReg() t_cycle: 5; i: 1 CGRA node: 5; link: 3 duration 1
[DEBUG] done reg allocation
[DEBUG] occupy link[6]-->[5] (bypass:0) dfgNode: 0 at cycle 5
[DEBUG] skip predecessor routing -- dfgNode: 0
[DEBUG] success in schedule()
[DEBUG] schedule dfg node[24] onto fu[10] at cycle 5 within II: 52
[DEBUG] setDFGNode 24 onto CGRANode 10 at cycle: 5
[DEBUG] tryToRoute -- srcDFGNode: 0, srcCGRANode: 10; dstDFGNode: 24, dstCGRANode: 10; backEdge: 0
[DEBUG] check route size: 1
[DEBUG] allocate for local reg maintain... duration=1 last cycle: 4
[DEBUG] in allocateReg() t_cycle: 4; i: 0 CGRA node: 10; link: 4 duration 1
[DEBUG] done reg allocation
[DEBUG] success in schedule()
[DEBUG] schedule dfg node[32] onto fu[13] at cycle 6 within II: 52
[DEBUG] setDFGNode 32 onto CGRANode 13 at cycle: 6
[DEBUG] occupy link[10]-->[9] (bypass:1) dfgNode: 0 at cycle 4
[DEBUG] in allocateReg() t_cycle: 5; i: 0 CGRA node: 13; link: 1 duration 1
[DEBUG] done reg allocation
[DEBUG] occupy link[9]-->[13] (bypass:0) dfgNode: 0 at cycle 5
[DEBUG] skip predecessor routing -- dfgNode: 0
[DEBUG] success in schedule()
[DEBUG] schedule dfg node[42] onto fu[2] at cycle 6 within II: 52
[DEBUG] setDFGNode 42 onto CGRANode 2 at cycle: 6
[DEBUG] occupy link[10]-->[6] (bypass:1) dfgNode: 0 at cycle 4
[DEBUG] in allocateReg() t_cycle: 5; i: 0 CGRA node: 2; link: 0 duration 1
[DEBUG] done reg allocation
[DEBUG] occupy link[6]-->[2] (bypass:0) dfgNode: 0 at cycle 5
[DEBUG] skip predecessor routing -- dfgNode: 0
[DEBUG] tryToRoute -- srcDFGNode: 34, srcCGRANode: 6; dstDFGNode: 42, dstCGRANode: 2; backEdge: 0
[DEBUG] check route size: 2
[DEBUG] reset duration: 5 t_dstCycle: 6 previous: 1 II: 52
[DEBUG] in allocateReg() t_cycle: 1; i: 1 CGRA node: 2; link: 0 duration 5
[DEBUG] done reg allocation
[DEBUG] occupy link[6]-->[2] (bypass:0) dfgNode: 34 at cycle 1
[DEBUG] success in schedule()
[DEBUG] schedule dfg node[50] onto fu[1] at cycle 7 within II: 52
[DEBUG] setDFGNode 50 onto CGRANode 1 at cycle: 7
[DEBUG] occupy link[10]-->[6] (bypass:1) dfgNode: 0 at cycle 4
[DEBUG] occupy link[6]-->[2] (bypass:1) dfgNode: 0 at cycle 5
[DEBUG] in allocateReg() t_cycle: 6; i: 0 CGRA node: 1; link: 3 duration 1
[DEBUG] done reg allocation
[DEBUG] occupy link[2]-->[1] (bypass:0) dfgNode: 0 at cycle 6
[DEBUG] skip predecessor routing -- dfgNode: 0
[DEBUG] tryToRoute -- srcDFGNode: 34, srcCGRANode: 6; dstDFGNode: 50, dstCGRANode: 1; backEdge: 0
[DEBUG] in shareSameCycle is true: node 50
[DEBUG] cannot route due to II is violated for backward cycle
DEBUG target DFG node: 50 on fu: 1 failed, mapped pred DFG node: 34; return false
[DEBUG] fail1 in schedule() II: 52
[DEBUG] the failed path -- cycle: 7 CGRANode: 1
[DEBUG] the failed path -- cycle: 6 CGRANode: 2
[DEBUG] the failed path -- cycle: 5 CGRANode: 6
[DEBUG] the failed path -- cycle: 4 CGRANode: 10
----------------------------------------
[DEBUG] start heuristic algorithm with II=53
[DEBUG] schedule dfg node[33] onto fu[5] at cycle 0 within II: 53
[DEBUG] setDFGNode 33 onto CGRANode 5 at cycle: 0
[DEBUG] success in schedule()
[DEBUG] schedule dfg node[34] onto fu[6] at cycle 1 within II: 53
[DEBUG] setDFGNode 34 onto CGRANode 6 at cycle: 1
[DEBUG] in allocateReg() t_cycle: 0; i: 0 CGRA node: 6; link: 2 duration 1
[DEBUG] done reg allocation
[DEBUG] occupy link[5]-->[6] (bypass:0) dfgNode: 33 at cycle 0
[DEBUG] skip predecessor routing -- dfgNode: 33
[DEBUG] success in schedule()
[DEBUG] schedule dfg node[51] onto fu[10] at cycle 2 within II: 53
[DEBUG] setDFGNode 51 onto CGRANode 10 at cycle: 2
[DEBUG] in allocateReg() t_cycle: 1; i: 0 CGRA node: 10; link: 1 duration 1
[DEBUG] done reg allocation
[DEBUG] occupy link[6]-->[10] (bypass:0) dfgNode: 34 at cycle 1
[DEBUG] skip predecessor routing -- dfgNode: 34
[DEBUG] success in schedule()
[DEBUG] schedule dfg node[52] onto fu[9] at cycle 3 within II: 53
[DEBUG] setDFGNode 52 onto CGRANode 9 at cycle: 3
[DEBUG] in allocateReg() t_cycle: 2; i: 0 CGRA node: 9; link: 3 duration 1
[DEBUG] done reg allocation
[DEBUG] occupy link[10]-->[9] (bypass:0) dfgNode: 51 at cycle 2
[DEBUG] skip predecessor routing -- dfgNode: 51
[DEBUG] success in schedule()
[DEBUG] schedule dfg node[0] onto fu[10] at cycle 4 within II: 53
[DEBUG] setDFGNode 0 onto CGRANode 10 at cycle: 4
[DEBUG] in allocateReg() t_cycle: 3; i: 0 CGRA node: 10; link: 2 duration 1
[DEBUG] done reg allocation
[DEBUG] occupy link[9]-->[10] (bypass:0) dfgNode: 52 at cycle 3
[DEBUG] skip predecessor routing -- dfgNode: 52
[DEBUG] in shareSameCycle is true: node 0
[DEBUG] tryToRoute -- srcDFGNode: 0, srcCGRANode: 10; dstDFGNode: 33, dstCGRANode: 5; backEdge: 1
[DEBUG] in shareSameCycle is true: node 33
[DEBUG] check route size: 3
[DEBUG] occupy link[10]-->[6] (bypass:1) dfgNode: 0 at cycle 4
[DEBUG] reset duration: 48 t_dstCycle: 0 previous: 5 II: 53
[DEBUG] in allocateReg() t_cycle: 5; i: 0 CGRA node: 5; link: 3 duration 48
[DEBUG] done reg allocation
[DEBUG] occupy link[6]-->[5] (bypass:0) dfgNode: 0 at cycle 5
[DEBUG] in shareSameCycle is true: node 0
[DEBUG] tryToRoute -- srcDFGNode: 0, srcCGRANode: 10; dstDFGNode: 51, dstCGRANode: 10; backEdge: 1
[DEBUG] in shareSameCycle is true: node 51
[DEBUG] check route size: 1
[DEBUG] allocate for local reg maintain... duration=51 last cycle: 4
[DEBUG] in allocateReg() t_cycle: 4; i: 1 CGRA node: 10; link: 4 duration 51
[DEBUG] done reg allocation
[DEBUG] success in schedule()
[DEBUG] schedule dfg node[1] onto fu[14] at cycle 5 within II: 53
[DEBUG] setDFGNode 1 onto CGRANode 14 at cycle: 5
[DEBUG] in allocateReg() t_cycle: 4; i: 0 CGRA node: 14; link: 1 duration 1
[DEBUG] done reg allocation
[DEBUG] occupy link[10]-->[14] (bypass:0) dfgNode: 0 at cycle 4
[DEBUG] skip predecessor routing -- dfgNode: 0
[DEBUG] success in schedule()
[DEBUG] schedule dfg node[4] onto fu[6] at cycle 5 within II: 53
[DEBUG] setDFGNode 4 onto CGRANode 6 at cycle: 5
[DEBUG] in allocateReg() t_cycle: 4; i: 0 CGRA node: 6; link: 0 duration 1
[DEBUG] done reg allocation
[DEBUG] occupy link[10]-->[6] (bypass:0) dfgNode: 0 at cycle 4
[DEBUG] skip predecessor routing -- dfgNode: 0
[DEBUG] success in schedule()
[DEBUG] schedule dfg node[8] onto fu[9] at cycle 5 within II: 53
[DEBUG] setDFGNode 8 onto CGRANode 9 at cycle: 5
[DEBUG] in allocateReg() t_cycle: 4; i: 0 CGRA node: 9; link: 3 duration 1
[DEBUG] done reg allocation
[DEBUG] occupy link[10]-->[9] (bypass:0) dfgNode: 0 at cycle 4
[DEBUG] skip predecessor routing -- dfgNode: 0
[DEBUG] success in schedule()
[DEBUG] schedule dfg node[16] onto fu[5] at cycle 6 within II: 53
[DEBUG] setDFGNode 16 onto CGRANode 5 at cycle: 6
[DEBUG] occupy link[10]-->[6] (bypass:1) dfgNode: 0 at cycle 4
[DEBUG] in allocateReg() t_cycle: 5; i: 1 CGRA node: 5; link: 3 duration 1
[DEBUG] done reg allocation
[DEBUG] occupy link[6]-->[5] (bypass:0) dfgNode: 0 at cycle 5
[DEBUG] skip predecessor routing -- dfgNode: 0
[DEBUG] success in schedule()
[DEBUG] schedule dfg node[24] onto fu[10] at cycle 5 within II: 53
[DEBUG] setDFGNode 24 onto CGRANode 10 at cycle: 5
[DEBUG] tryToRoute -- srcDFGNode: 0, srcCGRANode: 10; dstDFGNode: 24, dstCGRANode: 10; backEdge: 0
[DEBUG] check route size: 1
[DEBUG] allocate for local reg maintain... duration=1 last cycle: 4
[DEBUG] in allocateReg() t_cycle: 4; i: 0 CGRA node: 10; link: 4 duration 1
[DEBUG] done reg allocation
[DEBUG] success in schedule()
[DEBUG] schedule dfg node[32] onto fu[13] at cycle 6 within II: 53
[DEBUG] setDFGNode 32 onto CGRANode 13 at cycle: 6
[DEBUG] occupy link[10]-->[9] (bypass:1) dfgNode: 0 at cycle 4
[DEBUG] in allocateReg() t_cycle: 5; i: 0 CGRA node: 13; link: 1 duration 1
[DEBUG] done reg allocation
[DEBUG] occupy link[9]-->[13] (bypass:0) dfgNode: 0 at cycle 5
[DEBUG] skip predecessor routing -- dfgNode: 0
[DEBUG] success in schedule()
[DEBUG] schedule dfg node[42] onto fu[2] at cycle 6 within II: 53
[DEBUG] setDFGNode 42 onto CGRANode 2 at cycle: 6
[DEBUG] occupy link[10]-->[6] (bypass:1) dfgNode: 0 at cycle 4
[DEBUG] in allocateReg() t_cycle: 5; i: 0 CGRA node: 2; link: 0 duration 1
[DEBUG] done reg allocation
[DEBUG] occupy link[6]-->[2] (bypass:0) dfgNode: 0 at cycle 5
[DEBUG] skip predecessor routing -- dfgNode: 0
[DEBUG] tryToRoute -- srcDFGNode: 34, srcCGRANode: 6; dstDFGNode: 42, dstCGRANode: 2; backEdge: 0
[DEBUG] check route size: 2
[DEBUG] reset duration: 5 t_dstCycle: 6 previous: 1 II: 53
[DEBUG] in allocateReg() t_cycle: 1; i: 1 CGRA node: 2; link: 0 duration 5
[DEBUG] done reg allocation
[DEBUG] occupy link[6]-->[2] (bypass:0) dfgNode: 34 at cycle 1
[DEBUG] success in schedule()
[DEBUG] schedule dfg node[50] onto fu[1] at cycle 7 within II: 53
[DEBUG] setDFGNode 50 onto CGRANode 1 at cycle: 7
[DEBUG] occupy link[10]-->[6] (bypass:1) dfgNode: 0 at cycle 4
[DEBUG] occupy link[6]-->[2] (bypass:1) dfgNode: 0 at cycle 5
[DEBUG] in allocateReg() t_cycle: 6; i: 0 CGRA node: 1; link: 3 duration 1
[DEBUG] done reg allocation
[DEBUG] occupy link[2]-->[1] (bypass:0) dfgNode: 0 at cycle 6
[DEBUG] skip predecessor routing -- dfgNode: 0
[DEBUG] tryToRoute -- srcDFGNode: 34, srcCGRANode: 6; dstDFGNode: 50, dstCGRANode: 1; backEdge: 0
[DEBUG] in shareSameCycle is true: node 50
[DEBUG] cannot route due to II is violated for backward cycle
DEBUG target DFG node: 50 on fu: 1 failed, mapped pred DFG node: 34; return false
[DEBUG] fail1 in schedule() II: 53
[DEBUG] the failed path -- cycle: 7 CGRANode: 1
[DEBUG] the failed path -- cycle: 6 CGRANode: 2
[DEBUG] the failed path -- cycle: 5 CGRANode: 6
[DEBUG] the failed path -- cycle: 4 CGRANode: 10
----------------------------------------
[DEBUG] start heuristic algorithm with II=54
[DEBUG] schedule dfg node[33] onto fu[5] at cycle 0 within II: 54
[DEBUG] setDFGNode 33 onto CGRANode 5 at cycle: 0
[DEBUG] success in schedule()
[DEBUG] schedule dfg node[34] onto fu[6] at cycle 1 within II: 54
[DEBUG] setDFGNode 34 onto CGRANode 6 at cycle: 1
[DEBUG] in allocateReg() t_cycle: 0; i: 0 CGRA node: 6; link: 2 duration 1
[DEBUG] done reg allocation
[DEBUG] occupy link[5]-->[6] (bypass:0) dfgNode: 33 at cycle 0
[DEBUG] skip predecessor routing -- dfgNode: 33
[DEBUG] success in schedule()
[DEBUG] schedule dfg node[51] onto fu[10] at cycle 2 within II: 54
[DEBUG] setDFGNode 51 onto CGRANode 10 at cycle: 2
[DEBUG] in allocateReg() t_cycle: 1; i: 0 CGRA node: 10; link: 1 duration 1
[DEBUG] done reg allocation
[DEBUG] occupy link[6]-->[10] (bypass:0) dfgNode: 34 at cycle 1
[DEBUG] skip predecessor routing -- dfgNode: 34
[DEBUG] success in schedule()
[DEBUG] schedule dfg node[52] onto fu[9] at cycle 3 within II: 54
[DEBUG] setDFGNode 52 onto CGRANode 9 at cycle: 3
[DEBUG] in allocateReg() t_cycle: 2; i: 0 CGRA node: 9; link: 3 duration 1
[DEBUG] done reg allocation
[DEBUG] occupy link[10]-->[9] (bypass:0) dfgNode: 51 at cycle 2
[DEBUG] skip predecessor routing -- dfgNode: 51
[DEBUG] success in schedule()
[DEBUG] schedule dfg node[0] onto fu[10] at cycle 4 within II: 54
[DEBUG] setDFGNode 0 onto CGRANode 10 at cycle: 4
[DEBUG] in allocateReg() t_cycle: 3; i: 0 CGRA node: 10; link: 2 duration 1
[DEBUG] done reg allocation
[DEBUG] occupy link[9]-->[10] (bypass:0) dfgNode: 52 at cycle 3
[DEBUG] skip predecessor routing -- dfgNode: 52
[DEBUG] in shareSameCycle is true: node 0
[DEBUG] tryToRoute -- srcDFGNode: 0, srcCGRANode: 10; dstDFGNode: 33, dstCGRANode: 5; backEdge: 1
[DEBUG] in shareSameCycle is true: node 33
[DEBUG] check route size: 3
[DEBUG] occupy link[10]-->[6] (bypass:1) dfgNode: 0 at cycle 4
[DEBUG] reset duration: 49 t_dstCycle: 0 previous: 5 II: 54
[DEBUG] in allocateReg() t_cycle: 5; i: 0 CGRA node: 5; link: 3 duration 49
[DEBUG] done reg allocation
[DEBUG] occupy link[6]-->[5] (bypass:0) dfgNode: 0 at cycle 5
[DEBUG] in shareSameCycle is true: node 0
[DEBUG] tryToRoute -- srcDFGNode: 0, srcCGRANode: 10; dstDFGNode: 51, dstCGRANode: 10; backEdge: 1
[DEBUG] in shareSameCycle is true: node 51
[DEBUG] check route size: 1
[DEBUG] allocate for local reg maintain... duration=52 last cycle: 4
[DEBUG] in allocateReg() t_cycle: 4; i: 1 CGRA node: 10; link: 4 duration 52
[DEBUG] done reg allocation
[DEBUG] success in schedule()
[DEBUG] schedule dfg node[1] onto fu[14] at cycle 5 within II: 54
[DEBUG] setDFGNode 1 onto CGRANode 14 at cycle: 5
[DEBUG] in allocateReg() t_cycle: 4; i: 0 CGRA node: 14; link: 1 duration 1
[DEBUG] done reg allocation
[DEBUG] occupy link[10]-->[14] (bypass:0) dfgNode: 0 at cycle 4
[DEBUG] skip predecessor routing -- dfgNode: 0
[DEBUG] success in schedule()
[DEBUG] schedule dfg node[4] onto fu[6] at cycle 5 within II: 54
[DEBUG] setDFGNode 4 onto CGRANode 6 at cycle: 5
[DEBUG] in allocateReg() t_cycle: 4; i: 0 CGRA node: 6; link: 0 duration 1
[DEBUG] done reg allocation
[DEBUG] occupy link[10]-->[6] (bypass:0) dfgNode: 0 at cycle 4
[DEBUG] skip predecessor routing -- dfgNode: 0
[DEBUG] success in schedule()
[DEBUG] schedule dfg node[8] onto fu[9] at cycle 5 within II: 54
[DEBUG] setDFGNode 8 onto CGRANode 9 at cycle: 5
[DEBUG] in allocateReg() t_cycle: 4; i: 0 CGRA node: 9; link: 3 duration 1
[DEBUG] done reg allocation
[DEBUG] occupy link[10]-->[9] (bypass:0) dfgNode: 0 at cycle 4
[DEBUG] skip predecessor routing -- dfgNode: 0
[DEBUG] success in schedule()
[DEBUG] schedule dfg node[16] onto fu[5] at cycle 6 within II: 54
[DEBUG] setDFGNode 16 onto CGRANode 5 at cycle: 6
[DEBUG] occupy link[10]-->[6] (bypass:1) dfgNode: 0 at cycle 4
[DEBUG] in allocateReg() t_cycle: 5; i: 1 CGRA node: 5; link: 3 duration 1
[DEBUG] done reg allocation
[DEBUG] occupy link[6]-->[5] (bypass:0) dfgNode: 0 at cycle 5
[DEBUG] skip predecessor routing -- dfgNode: 0
[DEBUG] success in schedule()
[DEBUG] schedule dfg node[24] onto fu[10] at cycle 5 within II: 54
[DEBUG] setDFGNode 24 onto CGRANode 10 at cycle: 5
[DEBUG] tryToRoute -- srcDFGNode: 0, srcCGRANode: 10; dstDFGNode: 24, dstCGRANode: 10; backEdge: 0
[DEBUG] check route size: 1
[DEBUG] allocate for local reg maintain... duration=1 last cycle: 4
[DEBUG] in allocateReg() t_cycle: 4; i: 0 CGRA node: 10; link: 4 duration 1
[DEBUG] done reg allocation
[DEBUG] success in schedule()
[DEBUG] schedule dfg node[32] onto fu[13] at cycle 6 within II: 54
[DEBUG] setDFGNode 32 onto CGRANode 13 at cycle: 6
[DEBUG] occupy link[10]-->[9] (bypass:1) dfgNode: 0 at cycle 4
[DEBUG] in allocateReg() t_cycle: 5; i: 0 CGRA node: 13; link: 1 duration 1
[DEBUG] done reg allocation
[DEBUG] occupy link[9]-->[13] (bypass:0) dfgNode: 0 at cycle 5
[DEBUG] skip predecessor routing -- dfgNode: 0
[DEBUG] success in schedule()
[DEBUG] schedule dfg node[42] onto fu[2] at cycle 6 within II: 54
[DEBUG] setDFGNode 42 onto CGRANode 2 at cycle: 6
[DEBUG] occupy link[10]-->[6] (bypass:1) dfgNode: 0 at cycle 4
[DEBUG] in allocateReg() t_cycle: 5; i: 0 CGRA node: 2; link: 0 duration 1
[DEBUG] done reg allocation
[DEBUG] occupy link[6]-->[2] (bypass:0) dfgNode: 0 at cycle 5
[DEBUG] skip predecessor routing -- dfgNode: 0
[DEBUG] tryToRoute -- srcDFGNode: 34, srcCGRANode: 6; dstDFGNode: 42, dstCGRANode: 2; backEdge: 0
[DEBUG] check route size: 2
[DEBUG] reset duration: 5 t_dstCycle: 6 previous: 1 II: 54
[DEBUG] in allocateReg() t_cycle: 1; i: 1 CGRA node: 2; link: 0 duration 5
[DEBUG] done reg allocation
[DEBUG] occupy link[6]-->[2] (bypass:0) dfgNode: 34 at cycle 1
[DEBUG] success in schedule()
[DEBUG] schedule dfg node[50] onto fu[1] at cycle 7 within II: 54
[DEBUG] setDFGNode 50 onto CGRANode 1 at cycle: 7
[DEBUG] occupy link[10]-->[6] (bypass:1) dfgNode: 0 at cycle 4
[DEBUG] occupy link[6]-->[2] (bypass:1) dfgNode: 0 at cycle 5
[DEBUG] in allocateReg() t_cycle: 6; i: 0 CGRA node: 1; link: 3 duration 1
[DEBUG] done reg allocation
[DEBUG] occupy link[2]-->[1] (bypass:0) dfgNode: 0 at cycle 6
[DEBUG] skip predecessor routing -- dfgNode: 0
[DEBUG] tryToRoute -- srcDFGNode: 34, srcCGRANode: 6; dstDFGNode: 50, dstCGRANode: 1; backEdge: 0
[DEBUG] in shareSameCycle is true: node 50
[DEBUG] cannot route due to II is violated for backward cycle
DEBUG target DFG node: 50 on fu: 1 failed, mapped pred DFG node: 34; return false
[DEBUG] fail1 in schedule() II: 54
[DEBUG] the failed path -- cycle: 7 CGRANode: 1
[DEBUG] the failed path -- cycle: 6 CGRANode: 2
[DEBUG] the failed path -- cycle: 5 CGRANode: 6
[DEBUG] the failed path -- cycle: 4 CGRANode: 10
----------------------------------------
[DEBUG] start heuristic algorithm with II=55
[DEBUG] schedule dfg node[33] onto fu[5] at cycle 0 within II: 55
[DEBUG] setDFGNode 33 onto CGRANode 5 at cycle: 0
[DEBUG] success in schedule()
[DEBUG] schedule dfg node[34] onto fu[6] at cycle 1 within II: 55
[DEBUG] setDFGNode 34 onto CGRANode 6 at cycle: 1
[DEBUG] in allocateReg() t_cycle: 0; i: 0 CGRA node: 6; link: 2 duration 1
[DEBUG] done reg allocation
[DEBUG] occupy link[5]-->[6] (bypass:0) dfgNode: 33 at cycle 0
[DEBUG] skip predecessor routing -- dfgNode: 33
[DEBUG] success in schedule()
[DEBUG] schedule dfg node[51] onto fu[10] at cycle 2 within II: 55
[DEBUG] setDFGNode 51 onto CGRANode 10 at cycle: 2
[DEBUG] in allocateReg() t_cycle: 1; i: 0 CGRA node: 10; link: 1 duration 1
[DEBUG] done reg allocation
[DEBUG] occupy link[6]-->[10] (bypass:0) dfgNode: 34 at cycle 1
[DEBUG] skip predecessor routing -- dfgNode: 34
[DEBUG] success in schedule()
[DEBUG] schedule dfg node[52] onto fu[9] at cycle 3 within II: 55
[DEBUG] setDFGNode 52 onto CGRANode 9 at cycle: 3
[DEBUG] in allocateReg() t_cycle: 2; i: 0 CGRA node: 9; link: 3 duration 1
[DEBUG] done reg allocation
[DEBUG] occupy link[10]-->[9] (bypass:0) dfgNode: 51 at cycle 2
[DEBUG] skip predecessor routing -- dfgNode: 51
[DEBUG] success in schedule()
[DEBUG] schedule dfg node[0] onto fu[10] at cycle 4 within II: 55
[DEBUG] setDFGNode 0 onto CGRANode 10 at cycle: 4
[DEBUG] in allocateReg() t_cycle: 3; i: 0 CGRA node: 10; link: 2 duration 1
[DEBUG] done reg allocation
[DEBUG] occupy link[9]-->[10] (bypass:0) dfgNode: 52 at cycle 3
[DEBUG] skip predecessor routing -- dfgNode: 52
[DEBUG] in shareSameCycle is true: node 0
[DEBUG] tryToRoute -- srcDFGNode: 0, srcCGRANode: 10; dstDFGNode: 33, dstCGRANode: 5; backEdge: 1
[DEBUG] in shareSameCycle is true: node 33
[DEBUG] check route size: 3
[DEBUG] occupy link[10]-->[6] (bypass:1) dfgNode: 0 at cycle 4
[DEBUG] reset duration: 50 t_dstCycle: 0 previous: 5 II: 55
[DEBUG] in allocateReg() t_cycle: 5; i: 0 CGRA node: 5; link: 3 duration 50
[DEBUG] done reg allocation
[DEBUG] occupy link[6]-->[5] (bypass:0) dfgNode: 0 at cycle 5
[DEBUG] in shareSameCycle is true: node 0
[DEBUG] tryToRoute -- srcDFGNode: 0, srcCGRANode: 10; dstDFGNode: 51, dstCGRANode: 10; backEdge: 1
[DEBUG] in shareSameCycle is true: node 51
[DEBUG] check route size: 1
[DEBUG] allocate for local reg maintain... duration=53 last cycle: 4
[DEBUG] in allocateReg() t_cycle: 4; i: 1 CGRA node: 10; link: 4 duration 53
[DEBUG] done reg allocation
[DEBUG] success in schedule()
[DEBUG] schedule dfg node[1] onto fu[14] at cycle 5 within II: 55
[DEBUG] setDFGNode 1 onto CGRANode 14 at cycle: 5
[DEBUG] in allocateReg() t_cycle: 4; i: 0 CGRA node: 14; link: 1 duration 1
[DEBUG] done reg allocation
[DEBUG] occupy link[10]-->[14] (bypass:0) dfgNode: 0 at cycle 4
[DEBUG] skip predecessor routing -- dfgNode: 0
[DEBUG] success in schedule()
[DEBUG] schedule dfg node[4] onto fu[6] at cycle 5 within II: 55
[DEBUG] setDFGNode 4 onto CGRANode 6 at cycle: 5
[DEBUG] in allocateReg() t_cycle: 4; i: 0 CGRA node: 6; link: 0 duration 1
[DEBUG] done reg allocation
[DEBUG] occupy link[10]-->[6] (bypass:0) dfgNode: 0 at cycle 4
[DEBUG] skip predecessor routing -- dfgNode: 0
[DEBUG] success in schedule()
[DEBUG] schedule dfg node[8] onto fu[9] at cycle 5 within II: 55
[DEBUG] setDFGNode 8 onto CGRANode 9 at cycle: 5
[DEBUG] in allocateReg() t_cycle: 4; i: 0 CGRA node: 9; link: 3 duration 1
[DEBUG] done reg allocation
[DEBUG] occupy link[10]-->[9] (bypass:0) dfgNode: 0 at cycle 4
[DEBUG] skip predecessor routing -- dfgNode: 0
[DEBUG] success in schedule()
[DEBUG] schedule dfg node[16] onto fu[5] at cycle 6 within II: 55
[DEBUG] setDFGNode 16 onto CGRANode 5 at cycle: 6
[DEBUG] occupy link[10]-->[6] (bypass:1) dfgNode: 0 at cycle 4
[DEBUG] in allocateReg() t_cycle: 5; i: 1 CGRA node: 5; link: 3 duration 1
[DEBUG] done reg allocation
[DEBUG] occupy link[6]-->[5] (bypass:0) dfgNode: 0 at cycle 5
[DEBUG] skip predecessor routing -- dfgNode: 0
[DEBUG] success in schedule()
[DEBUG] schedule dfg node[24] onto fu[10] at cycle 5 within II: 55
[DEBUG] setDFGNode 24 onto CGRANode 10 at cycle: 5
[DEBUG] tryToRoute -- srcDFGNode: 0, srcCGRANode: 10; dstDFGNode: 24, dstCGRANode: 10; backEdge: 0
[DEBUG] check route size: 1
[DEBUG] allocate for local reg maintain... duration=1 last cycle: 4
[DEBUG] in allocateReg() t_cycle: 4; i: 0 CGRA node: 10; link: 4 duration 1
[DEBUG] done reg allocation
[DEBUG] success in schedule()
[DEBUG] schedule dfg node[32] onto fu[13] at cycle 6 within II: 55
[DEBUG] setDFGNode 32 onto CGRANode 13 at cycle: 6
[DEBUG] occupy link[10]-->[9] (bypass:1) dfgNode: 0 at cycle 4
[DEBUG] in allocateReg() t_cycle: 5; i: 0 CGRA node: 13; link: 1 duration 1
[DEBUG] done reg allocation
[DEBUG] occupy link[9]-->[13] (bypass:0) dfgNode: 0 at cycle 5
[DEBUG] skip predecessor routing -- dfgNode: 0
[DEBUG] success in schedule()
[DEBUG] schedule dfg node[42] onto fu[2] at cycle 6 within II: 55
[DEBUG] setDFGNode 42 onto CGRANode 2 at cycle: 6
[DEBUG] occupy link[10]-->[6] (bypass:1) dfgNode: 0 at cycle 4
[DEBUG] in allocateReg() t_cycle: 5; i: 0 CGRA node: 2; link: 0 duration 1
[DEBUG] done reg allocation
[DEBUG] occupy link[6]-->[2] (bypass:0) dfgNode: 0 at cycle 5
[DEBUG] skip predecessor routing -- dfgNode: 0
[DEBUG] tryToRoute -- srcDFGNode: 34, srcCGRANode: 6; dstDFGNode: 42, dstCGRANode: 2; backEdge: 0
[DEBUG] check route size: 2
[DEBUG] reset duration: 5 t_dstCycle: 6 previous: 1 II: 55
[DEBUG] in allocateReg() t_cycle: 1; i: 1 CGRA node: 2; link: 0 duration 5
[DEBUG] done reg allocation
[DEBUG] occupy link[6]-->[2] (bypass:0) dfgNode: 34 at cycle 1
[DEBUG] success in schedule()
[DEBUG] schedule dfg node[50] onto fu[1] at cycle 7 within II: 55
[DEBUG] setDFGNode 50 onto CGRANode 1 at cycle: 7
[DEBUG] occupy link[10]-->[6] (bypass:1) dfgNode: 0 at cycle 4
[DEBUG] occupy link[6]-->[2] (bypass:1) dfgNode: 0 at cycle 5
[DEBUG] in allocateReg() t_cycle: 6; i: 0 CGRA node: 1; link: 3 duration 1
[DEBUG] done reg allocation
[DEBUG] occupy link[2]-->[1] (bypass:0) dfgNode: 0 at cycle 6
[DEBUG] skip predecessor routing -- dfgNode: 0
[DEBUG] tryToRoute -- srcDFGNode: 34, srcCGRANode: 6; dstDFGNode: 50, dstCGRANode: 1; backEdge: 0
[DEBUG] in shareSameCycle is true: node 50
[DEBUG] cannot route due to II is violated for backward cycle
DEBUG target DFG node: 50 on fu: 1 failed, mapped pred DFG node: 34; return false
[DEBUG] fail1 in schedule() II: 55
[DEBUG] the failed path -- cycle: 7 CGRANode: 1
[DEBUG] the failed path -- cycle: 6 CGRANode: 2
[DEBUG] the failed path -- cycle: 5 CGRANode: 6
[DEBUG] the failed path -- cycle: 4 CGRANode: 10
----------------------------------------
[DEBUG] start heuristic algorithm with II=56
[DEBUG] schedule dfg node[33] onto fu[5] at cycle 0 within II: 56
[DEBUG] setDFGNode 33 onto CGRANode 5 at cycle: 0
[DEBUG] success in schedule()
[DEBUG] schedule dfg node[34] onto fu[6] at cycle 1 within II: 56
[DEBUG] setDFGNode 34 onto CGRANode 6 at cycle: 1
[DEBUG] in allocateReg() t_cycle: 0; i: 0 CGRA node: 6; link: 2 duration 1
[DEBUG] done reg allocation
[DEBUG] occupy link[5]-->[6] (bypass:0) dfgNode: 33 at cycle 0
[DEBUG] skip predecessor routing -- dfgNode: 33
[DEBUG] success in schedule()
[DEBUG] schedule dfg node[51] onto fu[10] at cycle 2 within II: 56
[DEBUG] setDFGNode 51 onto CGRANode 10 at cycle: 2
[DEBUG] in allocateReg() t_cycle: 1; i: 0 CGRA node: 10; link: 1 duration 1
[DEBUG] done reg allocation
[DEBUG] occupy link[6]-->[10] (bypass:0) dfgNode: 34 at cycle 1
[DEBUG] skip predecessor routing -- dfgNode: 34
[DEBUG] success in schedule()
[DEBUG] schedule dfg node[52] onto fu[9] at cycle 3 within II: 56
[DEBUG] setDFGNode 52 onto CGRANode 9 at cycle: 3
[DEBUG] in allocateReg() t_cycle: 2; i: 0 CGRA node: 9; link: 3 duration 1
[DEBUG] done reg allocation
[DEBUG] occupy link[10]-->[9] (bypass:0) dfgNode: 51 at cycle 2
[DEBUG] skip predecessor routing -- dfgNode: 51
[DEBUG] success in schedule()
[DEBUG] schedule dfg node[0] onto fu[10] at cycle 4 within II: 56
[DEBUG] setDFGNode 0 onto CGRANode 10 at cycle: 4
[DEBUG] in allocateReg() t_cycle: 3; i: 0 CGRA node: 10; link: 2 duration 1
[DEBUG] done reg allocation
[DEBUG] occupy link[9]-->[10] (bypass:0) dfgNode: 52 at cycle 3
[DEBUG] skip predecessor routing -- dfgNode: 52
[DEBUG] in shareSameCycle is true: node 0
[DEBUG] tryToRoute -- srcDFGNode: 0, srcCGRANode: 10; dstDFGNode: 33, dstCGRANode: 5; backEdge: 1
[DEBUG] in shareSameCycle is true: node 33
[DEBUG] check route size: 3
[DEBUG] occupy link[10]-->[6] (bypass:1) dfgNode: 0 at cycle 4
[DEBUG] reset duration: 51 t_dstCycle: 0 previous: 5 II: 56
[DEBUG] in allocateReg() t_cycle: 5; i: 0 CGRA node: 5; link: 3 duration 51
[DEBUG] done reg allocation
[DEBUG] occupy link[6]-->[5] (bypass:0) dfgNode: 0 at cycle 5
[DEBUG] in shareSameCycle is true: node 0
[DEBUG] tryToRoute -- srcDFGNode: 0, srcCGRANode: 10; dstDFGNode: 51, dstCGRANode: 10; backEdge: 1
[DEBUG] in shareSameCycle is true: node 51
[DEBUG] check route size: 1
[DEBUG] allocate for local reg maintain... duration=54 last cycle: 4
[DEBUG] in allocateReg() t_cycle: 4; i: 1 CGRA node: 10; link: 4 duration 54
[DEBUG] done reg allocation
[DEBUG] success in schedule()
[DEBUG] schedule dfg node[1] onto fu[14] at cycle 5 within II: 56
[DEBUG] setDFGNode 1 onto CGRANode 14 at cycle: 5
[DEBUG] in allocateReg() t_cycle: 4; i: 0 CGRA node: 14; link: 1 duration 1
[DEBUG] done reg allocation
[DEBUG] occupy link[10]-->[14] (bypass:0) dfgNode: 0 at cycle 4
[DEBUG] skip predecessor routing -- dfgNode: 0
[DEBUG] success in schedule()
[DEBUG] schedule dfg node[4] onto fu[6] at cycle 5 within II: 56
[DEBUG] setDFGNode 4 onto CGRANode 6 at cycle: 5
[DEBUG] in allocateReg() t_cycle: 4; i: 0 CGRA node: 6; link: 0 duration 1
[DEBUG] done reg allocation
[DEBUG] occupy link[10]-->[6] (bypass:0) dfgNode: 0 at cycle 4
[DEBUG] skip predecessor routing -- dfgNode: 0
[DEBUG] success in schedule()
[DEBUG] schedule dfg node[8] onto fu[9] at cycle 5 within II: 56
[DEBUG] setDFGNode 8 onto CGRANode 9 at cycle: 5
[DEBUG] in allocateReg() t_cycle: 4; i: 0 CGRA node: 9; link: 3 duration 1
[DEBUG] done reg allocation
[DEBUG] occupy link[10]-->[9] (bypass:0) dfgNode: 0 at cycle 4
[DEBUG] skip predecessor routing -- dfgNode: 0
[DEBUG] success in schedule()
[DEBUG] schedule dfg node[16] onto fu[5] at cycle 6 within II: 56
[DEBUG] setDFGNode 16 onto CGRANode 5 at cycle: 6
[DEBUG] occupy link[10]-->[6] (bypass:1) dfgNode: 0 at cycle 4
[DEBUG] in allocateReg() t_cycle: 5; i: 1 CGRA node: 5; link: 3 duration 1
[DEBUG] done reg allocation
[DEBUG] occupy link[6]-->[5] (bypass:0) dfgNode: 0 at cycle 5
[DEBUG] skip predecessor routing -- dfgNode: 0
[DEBUG] success in schedule()
[DEBUG] schedule dfg node[24] onto fu[10] at cycle 5 within II: 56
[DEBUG] setDFGNode 24 onto CGRANode 10 at cycle: 5
[DEBUG] tryToRoute -- srcDFGNode: 0, srcCGRANode: 10; dstDFGNode: 24, dstCGRANode: 10; backEdge: 0
[DEBUG] check route size: 1
[DEBUG] allocate for local reg maintain... duration=1 last cycle: 4
[DEBUG] in allocateReg() t_cycle: 4; i: 0 CGRA node: 10; link: 4 duration 1
[DEBUG] done reg allocation
[DEBUG] success in schedule()
[DEBUG] schedule dfg node[32] onto fu[13] at cycle 6 within II: 56
[DEBUG] setDFGNode 32 onto CGRANode 13 at cycle: 6
[DEBUG] occupy link[10]-->[9] (bypass:1) dfgNode: 0 at cycle 4
[DEBUG] in allocateReg() t_cycle: 5; i: 0 CGRA node: 13; link: 1 duration 1
[DEBUG] done reg allocation
[DEBUG] occupy link[9]-->[13] (bypass:0) dfgNode: 0 at cycle 5
[DEBUG] skip predecessor routing -- dfgNode: 0
[DEBUG] success in schedule()
[DEBUG] schedule dfg node[42] onto fu[2] at cycle 6 within II: 56
[DEBUG] setDFGNode 42 onto CGRANode 2 at cycle: 6
[DEBUG] occupy link[10]-->[6] (bypass:1) dfgNode: 0 at cycle 4
[DEBUG] in allocateReg() t_cycle: 5; i: 0 CGRA node: 2; link: 0 duration 1
[DEBUG] done reg allocation
[DEBUG] occupy link[6]-->[2] (bypass:0) dfgNode: 0 at cycle 5
[DEBUG] skip predecessor routing -- dfgNode: 0
[DEBUG] tryToRoute -- srcDFGNode: 34, srcCGRANode: 6; dstDFGNode: 42, dstCGRANode: 2; backEdge: 0
[DEBUG] check route size: 2
[DEBUG] reset duration: 5 t_dstCycle: 6 previous: 1 II: 56
[DEBUG] in allocateReg() t_cycle: 1; i: 1 CGRA node: 2; link: 0 duration 5
[DEBUG] done reg allocation
[DEBUG] occupy link[6]-->[2] (bypass:0) dfgNode: 34 at cycle 1
[DEBUG] success in schedule()
[DEBUG] schedule dfg node[50] onto fu[1] at cycle 7 within II: 56
[DEBUG] setDFGNode 50 onto CGRANode 1 at cycle: 7
[DEBUG] occupy link[10]-->[6] (bypass:1) dfgNode: 0 at cycle 4
[DEBUG] occupy link[6]-->[2] (bypass:1) dfgNode: 0 at cycle 5
[DEBUG] in allocateReg() t_cycle: 6; i: 0 CGRA node: 1; link: 3 duration 1
[DEBUG] done reg allocation
[DEBUG] occupy link[2]-->[1] (bypass:0) dfgNode: 0 at cycle 6
[DEBUG] skip predecessor routing -- dfgNode: 0
[DEBUG] tryToRoute -- srcDFGNode: 34, srcCGRANode: 6; dstDFGNode: 50, dstCGRANode: 1; backEdge: 0
[DEBUG] in shareSameCycle is true: node 50
[DEBUG] cannot route due to II is violated for backward cycle
DEBUG target DFG node: 50 on fu: 1 failed, mapped pred DFG node: 34; return false
[DEBUG] fail1 in schedule() II: 56
[DEBUG] the failed path -- cycle: 7 CGRANode: 1
[DEBUG] the failed path -- cycle: 6 CGRANode: 2
[DEBUG] the failed path -- cycle: 5 CGRANode: 6
[DEBUG] the failed path -- cycle: 4 CGRANode: 10
----------------------------------------
[DEBUG] start heuristic algorithm with II=57
[DEBUG] schedule dfg node[33] onto fu[5] at cycle 0 within II: 57
[DEBUG] setDFGNode 33 onto CGRANode 5 at cycle: 0
[DEBUG] success in schedule()
[DEBUG] schedule dfg node[34] onto fu[6] at cycle 1 within II: 57
[DEBUG] setDFGNode 34 onto CGRANode 6 at cycle: 1
[DEBUG] in allocateReg() t_cycle: 0; i: 0 CGRA node: 6; link: 2 duration 1
[DEBUG] done reg allocation
[DEBUG] occupy link[5]-->[6] (bypass:0) dfgNode: 33 at cycle 0
[DEBUG] skip predecessor routing -- dfgNode: 33
[DEBUG] success in schedule()
[DEBUG] schedule dfg node[51] onto fu[10] at cycle 2 within II: 57
[DEBUG] setDFGNode 51 onto CGRANode 10 at cycle: 2
[DEBUG] in allocateReg() t_cycle: 1; i: 0 CGRA node: 10; link: 1 duration 1
[DEBUG] done reg allocation
[DEBUG] occupy link[6]-->[10] (bypass:0) dfgNode: 34 at cycle 1
[DEBUG] skip predecessor routing -- dfgNode: 34
[DEBUG] success in schedule()
[DEBUG] schedule dfg node[52] onto fu[9] at cycle 3 within II: 57
[DEBUG] setDFGNode 52 onto CGRANode 9 at cycle: 3
[DEBUG] in allocateReg() t_cycle: 2; i: 0 CGRA node: 9; link: 3 duration 1
[DEBUG] done reg allocation
[DEBUG] occupy link[10]-->[9] (bypass:0) dfgNode: 51 at cycle 2
[DEBUG] skip predecessor routing -- dfgNode: 51
[DEBUG] success in schedule()
[DEBUG] schedule dfg node[0] onto fu[10] at cycle 4 within II: 57
[DEBUG] setDFGNode 0 onto CGRANode 10 at cycle: 4
[DEBUG] in allocateReg() t_cycle: 3; i: 0 CGRA node: 10; link: 2 duration 1
[DEBUG] done reg allocation
[DEBUG] occupy link[9]-->[10] (bypass:0) dfgNode: 52 at cycle 3
[DEBUG] skip predecessor routing -- dfgNode: 52
[DEBUG] in shareSameCycle is true: node 0
[DEBUG] tryToRoute -- srcDFGNode: 0, srcCGRANode: 10; dstDFGNode: 33, dstCGRANode: 5; backEdge: 1
[DEBUG] in shareSameCycle is true: node 33
[DEBUG] check route size: 3
[DEBUG] occupy link[10]-->[6] (bypass:1) dfgNode: 0 at cycle 4
[DEBUG] reset duration: 52 t_dstCycle: 0 previous: 5 II: 57
[DEBUG] in allocateReg() t_cycle: 5; i: 0 CGRA node: 5; link: 3 duration 52
[DEBUG] done reg allocation
[DEBUG] occupy link[6]-->[5] (bypass:0) dfgNode: 0 at cycle 5
[DEBUG] in shareSameCycle is true: node 0
[DEBUG] tryToRoute -- srcDFGNode: 0, srcCGRANode: 10; dstDFGNode: 51, dstCGRANode: 10; backEdge: 1
[DEBUG] in shareSameCycle is true: node 51
[DEBUG] check route size: 1
[DEBUG] allocate for local reg maintain... duration=55 last cycle: 4
[DEBUG] in allocateReg() t_cycle: 4; i: 1 CGRA node: 10; link: 4 duration 55
[DEBUG] done reg allocation
[DEBUG] success in schedule()
[DEBUG] schedule dfg node[1] onto fu[14] at cycle 5 within II: 57
[DEBUG] setDFGNode 1 onto CGRANode 14 at cycle: 5
[DEBUG] in allocateReg() t_cycle: 4; i: 0 CGRA node: 14; link: 1 duration 1
[DEBUG] done reg allocation
[DEBUG] occupy link[10]-->[14] (bypass:0) dfgNode: 0 at cycle 4
[DEBUG] skip predecessor routing -- dfgNode: 0
[DEBUG] success in schedule()
[DEBUG] schedule dfg node[4] onto fu[6] at cycle 5 within II: 57
[DEBUG] setDFGNode 4 onto CGRANode 6 at cycle: 5
[DEBUG] in allocateReg() t_cycle: 4; i: 0 CGRA node: 6; link: 0 duration 1
[DEBUG] done reg allocation
[DEBUG] occupy link[10]-->[6] (bypass:0) dfgNode: 0 at cycle 4
[DEBUG] skip predecessor routing -- dfgNode: 0
[DEBUG] success in schedule()
[DEBUG] schedule dfg node[8] onto fu[9] at cycle 5 within II: 57
[DEBUG] setDFGNode 8 onto CGRANode 9 at cycle: 5
[DEBUG] in allocateReg() t_cycle: 4; i: 0 CGRA node: 9; link: 3 duration 1
[DEBUG] done reg allocation
[DEBUG] occupy link[10]-->[9] (bypass:0) dfgNode: 0 at cycle 4
[DEBUG] skip predecessor routing -- dfgNode: 0
[DEBUG] success in schedule()
[DEBUG] schedule dfg node[16] onto fu[5] at cycle 6 within II: 57
[DEBUG] setDFGNode 16 onto CGRANode 5 at cycle: 6
[DEBUG] occupy link[10]-->[6] (bypass:1) dfgNode: 0 at cycle 4
[DEBUG] in allocateReg() t_cycle: 5; i: 1 CGRA node: 5; link: 3 duration 1
[DEBUG] done reg allocation
[DEBUG] occupy link[6]-->[5] (bypass:0) dfgNode: 0 at cycle 5
[DEBUG] skip predecessor routing -- dfgNode: 0
[DEBUG] success in schedule()
[DEBUG] schedule dfg node[24] onto fu[10] at cycle 5 within II: 57
[DEBUG] setDFGNode 24 onto CGRANode 10 at cycle: 5
[DEBUG] tryToRoute -- srcDFGNode: 0, srcCGRANode: 10; dstDFGNode: 24, dstCGRANode: 10; backEdge: 0
[DEBUG] check route size: 1
[DEBUG] allocate for local reg maintain... duration=1 last cycle: 4
[DEBUG] in allocateReg() t_cycle: 4; i: 0 CGRA node: 10; link: 4 duration 1
[DEBUG] done reg allocation
[DEBUG] success in schedule()
[DEBUG] schedule dfg node[32] onto fu[13] at cycle 6 within II: 57
[DEBUG] setDFGNode 32 onto CGRANode 13 at cycle: 6
[DEBUG] occupy link[10]-->[9] (bypass:1) dfgNode: 0 at cycle 4
[DEBUG] in allocateReg() t_cycle: 5; i: 0 CGRA node: 13; link: 1 duration 1
[DEBUG] done reg allocation
[DEBUG] occupy link[9]-->[13] (bypass:0) dfgNode: 0 at cycle 5
[DEBUG] skip predecessor routing -- dfgNode: 0
[DEBUG] success in schedule()
[DEBUG] schedule dfg node[42] onto fu[2] at cycle 6 within II: 57
[DEBUG] setDFGNode 42 onto CGRANode 2 at cycle: 6
[DEBUG] occupy link[10]-->[6] (bypass:1) dfgNode: 0 at cycle 4
[DEBUG] in allocateReg() t_cycle: 5; i: 0 CGRA node: 2; link: 0 duration 1
[DEBUG] done reg allocation
[DEBUG] occupy link[6]-->[2] (bypass:0) dfgNode: 0 at cycle 5
[DEBUG] skip predecessor routing -- dfgNode: 0
[DEBUG] tryToRoute -- srcDFGNode: 34, srcCGRANode: 6; dstDFGNode: 42, dstCGRANode: 2; backEdge: 0
[DEBUG] check route size: 2
[DEBUG] reset duration: 5 t_dstCycle: 6 previous: 1 II: 57
[DEBUG] in allocateReg() t_cycle: 1; i: 1 CGRA node: 2; link: 0 duration 5
[DEBUG] done reg allocation
[DEBUG] occupy link[6]-->[2] (bypass:0) dfgNode: 34 at cycle 1
[DEBUG] success in schedule()
[DEBUG] schedule dfg node[50] onto fu[1] at cycle 7 within II: 57
[DEBUG] setDFGNode 50 onto CGRANode 1 at cycle: 7
[DEBUG] occupy link[10]-->[6] (bypass:1) dfgNode: 0 at cycle 4
[DEBUG] occupy link[6]-->[2] (bypass:1) dfgNode: 0 at cycle 5
[DEBUG] in allocateReg() t_cycle: 6; i: 0 CGRA node: 1; link: 3 duration 1
[DEBUG] done reg allocation
[DEBUG] occupy link[2]-->[1] (bypass:0) dfgNode: 0 at cycle 6
[DEBUG] skip predecessor routing -- dfgNode: 0
[DEBUG] tryToRoute -- srcDFGNode: 34, srcCGRANode: 6; dstDFGNode: 50, dstCGRANode: 1; backEdge: 0
[DEBUG] in shareSameCycle is true: node 50
[DEBUG] cannot route due to II is violated for backward cycle
DEBUG target DFG node: 50 on fu: 1 failed, mapped pred DFG node: 34; return false
[DEBUG] fail1 in schedule() II: 57
[DEBUG] the failed path -- cycle: 7 CGRANode: 1
[DEBUG] the failed path -- cycle: 6 CGRANode: 2
[DEBUG] the failed path -- cycle: 5 CGRANode: 6
[DEBUG] the failed path -- cycle: 4 CGRANode: 10
----------------------------------------
[DEBUG] start heuristic algorithm with II=58
[DEBUG] schedule dfg node[33] onto fu[5] at cycle 0 within II: 58
[DEBUG] setDFGNode 33 onto CGRANode 5 at cycle: 0
[DEBUG] success in schedule()
[DEBUG] schedule dfg node[34] onto fu[6] at cycle 1 within II: 58
[DEBUG] setDFGNode 34 onto CGRANode 6 at cycle: 1
[DEBUG] in allocateReg() t_cycle: 0; i: 0 CGRA node: 6; link: 2 duration 1
[DEBUG] done reg allocation
[DEBUG] occupy link[5]-->[6] (bypass:0) dfgNode: 33 at cycle 0
[DEBUG] skip predecessor routing -- dfgNode: 33
[DEBUG] success in schedule()
[DEBUG] schedule dfg node[51] onto fu[10] at cycle 2 within II: 58
[DEBUG] setDFGNode 51 onto CGRANode 10 at cycle: 2
[DEBUG] in allocateReg() t_cycle: 1; i: 0 CGRA node: 10; link: 1 duration 1
[DEBUG] done reg allocation
[DEBUG] occupy link[6]-->[10] (bypass:0) dfgNode: 34 at cycle 1
[DEBUG] skip predecessor routing -- dfgNode: 34
[DEBUG] success in schedule()
[DEBUG] schedule dfg node[52] onto fu[9] at cycle 3 within II: 58
[DEBUG] setDFGNode 52 onto CGRANode 9 at cycle: 3
[DEBUG] in allocateReg() t_cycle: 2; i: 0 CGRA node: 9; link: 3 duration 1
[DEBUG] done reg allocation
[DEBUG] occupy link[10]-->[9] (bypass:0) dfgNode: 51 at cycle 2
[DEBUG] skip predecessor routing -- dfgNode: 51
[DEBUG] success in schedule()
[DEBUG] schedule dfg node[0] onto fu[10] at cycle 4 within II: 58
[DEBUG] setDFGNode 0 onto CGRANode 10 at cycle: 4
[DEBUG] in allocateReg() t_cycle: 3; i: 0 CGRA node: 10; link: 2 duration 1
[DEBUG] done reg allocation
[DEBUG] occupy link[9]-->[10] (bypass:0) dfgNode: 52 at cycle 3
[DEBUG] skip predecessor routing -- dfgNode: 52
[DEBUG] in shareSameCycle is true: node 0
[DEBUG] tryToRoute -- srcDFGNode: 0, srcCGRANode: 10; dstDFGNode: 33, dstCGRANode: 5; backEdge: 1
[DEBUG] in shareSameCycle is true: node 33
[DEBUG] check route size: 3
[DEBUG] occupy link[10]-->[6] (bypass:1) dfgNode: 0 at cycle 4
[DEBUG] reset duration: 53 t_dstCycle: 0 previous: 5 II: 58
[DEBUG] in allocateReg() t_cycle: 5; i: 0 CGRA node: 5; link: 3 duration 53
[DEBUG] done reg allocation
[DEBUG] occupy link[6]-->[5] (bypass:0) dfgNode: 0 at cycle 5
[DEBUG] in shareSameCycle is true: node 0
[DEBUG] tryToRoute -- srcDFGNode: 0, srcCGRANode: 10; dstDFGNode: 51, dstCGRANode: 10; backEdge: 1
[DEBUG] in shareSameCycle is true: node 51
[DEBUG] check route size: 1
[DEBUG] allocate for local reg maintain... duration=56 last cycle: 4
[DEBUG] in allocateReg() t_cycle: 4; i: 1 CGRA node: 10; link: 4 duration 56
[DEBUG] done reg allocation
[DEBUG] success in schedule()
[DEBUG] schedule dfg node[1] onto fu[14] at cycle 5 within II: 58
[DEBUG] setDFGNode 1 onto CGRANode 14 at cycle: 5
[DEBUG] in allocateReg() t_cycle: 4; i: 0 CGRA node: 14; link: 1 duration 1
[DEBUG] done reg allocation
[DEBUG] occupy link[10]-->[14] (bypass:0) dfgNode: 0 at cycle 4
[DEBUG] skip predecessor routing -- dfgNode: 0
[DEBUG] success in schedule()
[DEBUG] schedule dfg node[4] onto fu[6] at cycle 5 within II: 58
[DEBUG] setDFGNode 4 onto CGRANode 6 at cycle: 5
[DEBUG] in allocateReg() t_cycle: 4; i: 0 CGRA node: 6; link: 0 duration 1
[DEBUG] done reg allocation
[DEBUG] occupy link[10]-->[6] (bypass:0) dfgNode: 0 at cycle 4
[DEBUG] skip predecessor routing -- dfgNode: 0
[DEBUG] success in schedule()
[DEBUG] schedule dfg node[8] onto fu[9] at cycle 5 within II: 58
[DEBUG] setDFGNode 8 onto CGRANode 9 at cycle: 5
[DEBUG] in allocateReg() t_cycle: 4; i: 0 CGRA node: 9; link: 3 duration 1
[DEBUG] done reg allocation
[DEBUG] occupy link[10]-->[9] (bypass:0) dfgNode: 0 at cycle 4
[DEBUG] skip predecessor routing -- dfgNode: 0
[DEBUG] success in schedule()
[DEBUG] schedule dfg node[16] onto fu[5] at cycle 6 within II: 58
[DEBUG] setDFGNode 16 onto CGRANode 5 at cycle: 6
[DEBUG] occupy link[10]-->[6] (bypass:1) dfgNode: 0 at cycle 4
[DEBUG] in allocateReg() t_cycle: 5; i: 1 CGRA node: 5; link: 3 duration 1
[DEBUG] done reg allocation
[DEBUG] occupy link[6]-->[5] (bypass:0) dfgNode: 0 at cycle 5
[DEBUG] skip predecessor routing -- dfgNode: 0
[DEBUG] success in schedule()
[DEBUG] schedule dfg node[24] onto fu[10] at cycle 5 within II: 58
[DEBUG] setDFGNode 24 onto CGRANode 10 at cycle: 5
[DEBUG] tryToRoute -- srcDFGNode: 0, srcCGRANode: 10; dstDFGNode: 24, dstCGRANode: 10; backEdge: 0
[DEBUG] check route size: 1
[DEBUG] allocate for local reg maintain... duration=1 last cycle: 4
[DEBUG] in allocateReg() t_cycle: 4; i: 0 CGRA node: 10; link: 4 duration 1
[DEBUG] done reg allocation
[DEBUG] success in schedule()
[DEBUG] schedule dfg node[32] onto fu[13] at cycle 6 within II: 58
[DEBUG] setDFGNode 32 onto CGRANode 13 at cycle: 6
[DEBUG] occupy link[10]-->[9] (bypass:1) dfgNode: 0 at cycle 4
[DEBUG] in allocateReg() t_cycle: 5; i: 0 CGRA node: 13; link: 1 duration 1
[DEBUG] done reg allocation
[DEBUG] occupy link[9]-->[13] (bypass:0) dfgNode: 0 at cycle 5
[DEBUG] skip predecessor routing -- dfgNode: 0
[DEBUG] success in schedule()
[DEBUG] schedule dfg node[42] onto fu[2] at cycle 6 within II: 58
[DEBUG] setDFGNode 42 onto CGRANode 2 at cycle: 6
[DEBUG] occupy link[10]-->[6] (bypass:1) dfgNode: 0 at cycle 4
[DEBUG] in allocateReg() t_cycle: 5; i: 0 CGRA node: 2; link: 0 duration 1
[DEBUG] done reg allocation
[DEBUG] occupy link[6]-->[2] (bypass:0) dfgNode: 0 at cycle 5
[DEBUG] skip predecessor routing -- dfgNode: 0
[DEBUG] tryToRoute -- srcDFGNode: 34, srcCGRANode: 6; dstDFGNode: 42, dstCGRANode: 2; backEdge: 0
[DEBUG] check route size: 2
[DEBUG] reset duration: 5 t_dstCycle: 6 previous: 1 II: 58
[DEBUG] in allocateReg() t_cycle: 1; i: 1 CGRA node: 2; link: 0 duration 5
[DEBUG] done reg allocation
[DEBUG] occupy link[6]-->[2] (bypass:0) dfgNode: 34 at cycle 1
[DEBUG] success in schedule()
[DEBUG] schedule dfg node[50] onto fu[1] at cycle 7 within II: 58
[DEBUG] setDFGNode 50 onto CGRANode 1 at cycle: 7
[DEBUG] occupy link[10]-->[6] (bypass:1) dfgNode: 0 at cycle 4
[DEBUG] occupy link[6]-->[2] (bypass:1) dfgNode: 0 at cycle 5
[DEBUG] in allocateReg() t_cycle: 6; i: 0 CGRA node: 1; link: 3 duration 1
[DEBUG] done reg allocation
[DEBUG] occupy link[2]-->[1] (bypass:0) dfgNode: 0 at cycle 6
[DEBUG] skip predecessor routing -- dfgNode: 0
[DEBUG] tryToRoute -- srcDFGNode: 34, srcCGRANode: 6; dstDFGNode: 50, dstCGRANode: 1; backEdge: 0
[DEBUG] in shareSameCycle is true: node 50
[DEBUG] cannot route due to II is violated for backward cycle
DEBUG target DFG node: 50 on fu: 1 failed, mapped pred DFG node: 34; return false
[DEBUG] fail1 in schedule() II: 58
[DEBUG] the failed path -- cycle: 7 CGRANode: 1
[DEBUG] the failed path -- cycle: 6 CGRANode: 2
[DEBUG] the failed path -- cycle: 5 CGRANode: 6
[DEBUG] the failed path -- cycle: 4 CGRANode: 10
----------------------------------------
[DEBUG] start heuristic algorithm with II=59
[DEBUG] schedule dfg node[33] onto fu[5] at cycle 0 within II: 59
[DEBUG] setDFGNode 33 onto CGRANode 5 at cycle: 0
[DEBUG] success in schedule()
[DEBUG] schedule dfg node[34] onto fu[6] at cycle 1 within II: 59
[DEBUG] setDFGNode 34 onto CGRANode 6 at cycle: 1
[DEBUG] in allocateReg() t_cycle: 0; i: 0 CGRA node: 6; link: 2 duration 1
[DEBUG] done reg allocation
[DEBUG] occupy link[5]-->[6] (bypass:0) dfgNode: 33 at cycle 0
[DEBUG] skip predecessor routing -- dfgNode: 33
[DEBUG] success in schedule()
[DEBUG] schedule dfg node[51] onto fu[10] at cycle 2 within II: 59
[DEBUG] setDFGNode 51 onto CGRANode 10 at cycle: 2
[DEBUG] in allocateReg() t_cycle: 1; i: 0 CGRA node: 10; link: 1 duration 1
[DEBUG] done reg allocation
[DEBUG] occupy link[6]-->[10] (bypass:0) dfgNode: 34 at cycle 1
[DEBUG] skip predecessor routing -- dfgNode: 34
[DEBUG] success in schedule()
[DEBUG] schedule dfg node[52] onto fu[9] at cycle 3 within II: 59
[DEBUG] setDFGNode 52 onto CGRANode 9 at cycle: 3
[DEBUG] in allocateReg() t_cycle: 2; i: 0 CGRA node: 9; link: 3 duration 1
[DEBUG] done reg allocation
[DEBUG] occupy link[10]-->[9] (bypass:0) dfgNode: 51 at cycle 2
[DEBUG] skip predecessor routing -- dfgNode: 51
[DEBUG] success in schedule()
[DEBUG] schedule dfg node[0] onto fu[10] at cycle 4 within II: 59
[DEBUG] setDFGNode 0 onto CGRANode 10 at cycle: 4
[DEBUG] in allocateReg() t_cycle: 3; i: 0 CGRA node: 10; link: 2 duration 1
[DEBUG] done reg allocation
[DEBUG] occupy link[9]-->[10] (bypass:0) dfgNode: 52 at cycle 3
[DEBUG] skip predecessor routing -- dfgNode: 52
[DEBUG] in shareSameCycle is true: node 0
[DEBUG] tryToRoute -- srcDFGNode: 0, srcCGRANode: 10; dstDFGNode: 33, dstCGRANode: 5; backEdge: 1
[DEBUG] in shareSameCycle is true: node 33
[DEBUG] check route size: 3
[DEBUG] occupy link[10]-->[6] (bypass:1) dfgNode: 0 at cycle 4
[DEBUG] reset duration: 54 t_dstCycle: 0 previous: 5 II: 59
[DEBUG] in allocateReg() t_cycle: 5; i: 0 CGRA node: 5; link: 3 duration 54
[DEBUG] done reg allocation
[DEBUG] occupy link[6]-->[5] (bypass:0) dfgNode: 0 at cycle 5
[DEBUG] in shareSameCycle is true: node 0
[DEBUG] tryToRoute -- srcDFGNode: 0, srcCGRANode: 10; dstDFGNode: 51, dstCGRANode: 10; backEdge: 1
[DEBUG] in shareSameCycle is true: node 51
[DEBUG] check route size: 1
[DEBUG] allocate for local reg maintain... duration=57 last cycle: 4
[DEBUG] in allocateReg() t_cycle: 4; i: 1 CGRA node: 10; link: 4 duration 57
[DEBUG] done reg allocation
[DEBUG] success in schedule()
[DEBUG] schedule dfg node[1] onto fu[14] at cycle 5 within II: 59
[DEBUG] setDFGNode 1 onto CGRANode 14 at cycle: 5
[DEBUG] in allocateReg() t_cycle: 4; i: 0 CGRA node: 14; link: 1 duration 1
[DEBUG] done reg allocation
[DEBUG] occupy link[10]-->[14] (bypass:0) dfgNode: 0 at cycle 4
[DEBUG] skip predecessor routing -- dfgNode: 0
[DEBUG] success in schedule()
[DEBUG] schedule dfg node[4] onto fu[6] at cycle 5 within II: 59
[DEBUG] setDFGNode 4 onto CGRANode 6 at cycle: 5
[DEBUG] in allocateReg() t_cycle: 4; i: 0 CGRA node: 6; link: 0 duration 1
[DEBUG] done reg allocation
[DEBUG] occupy link[10]-->[6] (bypass:0) dfgNode: 0 at cycle 4
[DEBUG] skip predecessor routing -- dfgNode: 0
[DEBUG] success in schedule()
[DEBUG] schedule dfg node[8] onto fu[9] at cycle 5 within II: 59
[DEBUG] setDFGNode 8 onto CGRANode 9 at cycle: 5
[DEBUG] in allocateReg() t_cycle: 4; i: 0 CGRA node: 9; link: 3 duration 1
[DEBUG] done reg allocation
[DEBUG] occupy link[10]-->[9] (bypass:0) dfgNode: 0 at cycle 4
[DEBUG] skip predecessor routing -- dfgNode: 0
[DEBUG] success in schedule()
[DEBUG] schedule dfg node[16] onto fu[5] at cycle 6 within II: 59
[DEBUG] setDFGNode 16 onto CGRANode 5 at cycle: 6
[DEBUG] occupy link[10]-->[6] (bypass:1) dfgNode: 0 at cycle 4
[DEBUG] in allocateReg() t_cycle: 5; i: 1 CGRA node: 5; link: 3 duration 1
[DEBUG] done reg allocation
[DEBUG] occupy link[6]-->[5] (bypass:0) dfgNode: 0 at cycle 5
[DEBUG] skip predecessor routing -- dfgNode: 0
[DEBUG] success in schedule()
[DEBUG] schedule dfg node[24] onto fu[10] at cycle 5 within II: 59
[DEBUG] setDFGNode 24 onto CGRANode 10 at cycle: 5
[DEBUG] tryToRoute -- srcDFGNode: 0, srcCGRANode: 10; dstDFGNode: 24, dstCGRANode: 10; backEdge: 0
[DEBUG] check route size: 1
[DEBUG] allocate for local reg maintain... duration=1 last cycle: 4
[DEBUG] in allocateReg() t_cycle: 4; i: 0 CGRA node: 10; link: 4 duration 1
[DEBUG] done reg allocation
[DEBUG] success in schedule()
[DEBUG] schedule dfg node[32] onto fu[13] at cycle 6 within II: 59
[DEBUG] setDFGNode 32 onto CGRANode 13 at cycle: 6
[DEBUG] occupy link[10]-->[9] (bypass:1) dfgNode: 0 at cycle 4
[DEBUG] in allocateReg() t_cycle: 5; i: 0 CGRA node: 13; link: 1 duration 1
[DEBUG] done reg allocation
[DEBUG] occupy link[9]-->[13] (bypass:0) dfgNode: 0 at cycle 5
[DEBUG] skip predecessor routing -- dfgNode: 0
[DEBUG] success in schedule()
[DEBUG] schedule dfg node[42] onto fu[2] at cycle 6 within II: 59
[DEBUG] setDFGNode 42 onto CGRANode 2 at cycle: 6
[DEBUG] occupy link[10]-->[6] (bypass:1) dfgNode: 0 at cycle 4
[DEBUG] in allocateReg() t_cycle: 5; i: 0 CGRA node: 2; link: 0 duration 1
[DEBUG] done reg allocation
[DEBUG] occupy link[6]-->[2] (bypass:0) dfgNode: 0 at cycle 5
[DEBUG] skip predecessor routing -- dfgNode: 0
[DEBUG] tryToRoute -- srcDFGNode: 34, srcCGRANode: 6; dstDFGNode: 42, dstCGRANode: 2; backEdge: 0
[DEBUG] check route size: 2
[DEBUG] reset duration: 5 t_dstCycle: 6 previous: 1 II: 59
[DEBUG] in allocateReg() t_cycle: 1; i: 1 CGRA node: 2; link: 0 duration 5
[DEBUG] done reg allocation
[DEBUG] occupy link[6]-->[2] (bypass:0) dfgNode: 34 at cycle 1
[DEBUG] success in schedule()
[DEBUG] schedule dfg node[50] onto fu[1] at cycle 7 within II: 59
[DEBUG] setDFGNode 50 onto CGRANode 1 at cycle: 7
[DEBUG] occupy link[10]-->[6] (bypass:1) dfgNode: 0 at cycle 4
[DEBUG] occupy link[6]-->[2] (bypass:1) dfgNode: 0 at cycle 5
[DEBUG] in allocateReg() t_cycle: 6; i: 0 CGRA node: 1; link: 3 duration 1
[DEBUG] done reg allocation
[DEBUG] occupy link[2]-->[1] (bypass:0) dfgNode: 0 at cycle 6
[DEBUG] skip predecessor routing -- dfgNode: 0
[DEBUG] tryToRoute -- srcDFGNode: 34, srcCGRANode: 6; dstDFGNode: 50, dstCGRANode: 1; backEdge: 0
[DEBUG] in shareSameCycle is true: node 50
[DEBUG] cannot route due to II is violated for backward cycle
DEBUG target DFG node: 50 on fu: 1 failed, mapped pred DFG node: 34; return false
[DEBUG] fail1 in schedule() II: 59
[DEBUG] the failed path -- cycle: 7 CGRANode: 1
[DEBUG] the failed path -- cycle: 6 CGRANode: 2
[DEBUG] the failed path -- cycle: 5 CGRANode: 6
[DEBUG] the failed path -- cycle: 4 CGRANode: 10
----------------------------------------
[DEBUG] start heuristic algorithm with II=60
[DEBUG] schedule dfg node[33] onto fu[5] at cycle 0 within II: 60
[DEBUG] setDFGNode 33 onto CGRANode 5 at cycle: 0
[DEBUG] success in schedule()
[DEBUG] schedule dfg node[34] onto fu[6] at cycle 1 within II: 60
[DEBUG] setDFGNode 34 onto CGRANode 6 at cycle: 1
[DEBUG] in allocateReg() t_cycle: 0; i: 0 CGRA node: 6; link: 2 duration 1
[DEBUG] done reg allocation
[DEBUG] occupy link[5]-->[6] (bypass:0) dfgNode: 33 at cycle 0
[DEBUG] skip predecessor routing -- dfgNode: 33
[DEBUG] success in schedule()
[DEBUG] schedule dfg node[51] onto fu[10] at cycle 2 within II: 60
[DEBUG] setDFGNode 51 onto CGRANode 10 at cycle: 2
[DEBUG] in allocateReg() t_cycle: 1; i: 0 CGRA node: 10; link: 1 duration 1
[DEBUG] done reg allocation
[DEBUG] occupy link[6]-->[10] (bypass:0) dfgNode: 34 at cycle 1
[DEBUG] skip predecessor routing -- dfgNode: 34
[DEBUG] success in schedule()
[DEBUG] schedule dfg node[52] onto fu[9] at cycle 3 within II: 60
[DEBUG] setDFGNode 52 onto CGRANode 9 at cycle: 3
[DEBUG] in allocateReg() t_cycle: 2; i: 0 CGRA node: 9; link: 3 duration 1
[DEBUG] done reg allocation
[DEBUG] occupy link[10]-->[9] (bypass:0) dfgNode: 51 at cycle 2
[DEBUG] skip predecessor routing -- dfgNode: 51
[DEBUG] success in schedule()
[DEBUG] schedule dfg node[0] onto fu[10] at cycle 4 within II: 60
[DEBUG] setDFGNode 0 onto CGRANode 10 at cycle: 4
[DEBUG] in allocateReg() t_cycle: 3; i: 0 CGRA node: 10; link: 2 duration 1
[DEBUG] done reg allocation
[DEBUG] occupy link[9]-->[10] (bypass:0) dfgNode: 52 at cycle 3
[DEBUG] skip predecessor routing -- dfgNode: 52
[DEBUG] in shareSameCycle is true: node 0
[DEBUG] tryToRoute -- srcDFGNode: 0, srcCGRANode: 10; dstDFGNode: 33, dstCGRANode: 5; backEdge: 1
[DEBUG] in shareSameCycle is true: node 33
[DEBUG] check route size: 3
[DEBUG] occupy link[10]-->[6] (bypass:1) dfgNode: 0 at cycle 4
[DEBUG] reset duration: 55 t_dstCycle: 0 previous: 5 II: 60
[DEBUG] in allocateReg() t_cycle: 5; i: 0 CGRA node: 5; link: 3 duration 55
[DEBUG] done reg allocation
[DEBUG] occupy link[6]-->[5] (bypass:0) dfgNode: 0 at cycle 5
[DEBUG] in shareSameCycle is true: node 0
[DEBUG] tryToRoute -- srcDFGNode: 0, srcCGRANode: 10; dstDFGNode: 51, dstCGRANode: 10; backEdge: 1
[DEBUG] in shareSameCycle is true: node 51
[DEBUG] check route size: 1
[DEBUG] allocate for local reg maintain... duration=58 last cycle: 4
[DEBUG] in allocateReg() t_cycle: 4; i: 1 CGRA node: 10; link: 4 duration 58
[DEBUG] done reg allocation
[DEBUG] success in schedule()
[DEBUG] schedule dfg node[1] onto fu[14] at cycle 5 within II: 60
[DEBUG] setDFGNode 1 onto CGRANode 14 at cycle: 5
[DEBUG] in allocateReg() t_cycle: 4; i: 0 CGRA node: 14; link: 1 duration 1
[DEBUG] done reg allocation
[DEBUG] occupy link[10]-->[14] (bypass:0) dfgNode: 0 at cycle 4
[DEBUG] skip predecessor routing -- dfgNode: 0
[DEBUG] success in schedule()
[DEBUG] schedule dfg node[4] onto fu[6] at cycle 5 within II: 60
[DEBUG] setDFGNode 4 onto CGRANode 6 at cycle: 5
[DEBUG] in allocateReg() t_cycle: 4; i: 0 CGRA node: 6; link: 0 duration 1
[DEBUG] done reg allocation
[DEBUG] occupy link[10]-->[6] (bypass:0) dfgNode: 0 at cycle 4
[DEBUG] skip predecessor routing -- dfgNode: 0
[DEBUG] success in schedule()
[DEBUG] schedule dfg node[8] onto fu[9] at cycle 5 within II: 60
[DEBUG] setDFGNode 8 onto CGRANode 9 at cycle: 5
[DEBUG] in allocateReg() t_cycle: 4; i: 0 CGRA node: 9; link: 3 duration 1
[DEBUG] done reg allocation
[DEBUG] occupy link[10]-->[9] (bypass:0) dfgNode: 0 at cycle 4
[DEBUG] skip predecessor routing -- dfgNode: 0
[DEBUG] success in schedule()
[DEBUG] schedule dfg node[16] onto fu[5] at cycle 6 within II: 60
[DEBUG] setDFGNode 16 onto CGRANode 5 at cycle: 6
[DEBUG] occupy link[10]-->[6] (bypass:1) dfgNode: 0 at cycle 4
[DEBUG] in allocateReg() t_cycle: 5; i: 1 CGRA node: 5; link: 3 duration 1
[DEBUG] done reg allocation
[DEBUG] occupy link[6]-->[5] (bypass:0) dfgNode: 0 at cycle 5
[DEBUG] skip predecessor routing -- dfgNode: 0
[DEBUG] success in schedule()
[DEBUG] schedule dfg node[24] onto fu[10] at cycle 5 within II: 60
[DEBUG] setDFGNode 24 onto CGRANode 10 at cycle: 5
[DEBUG] tryToRoute -- srcDFGNode: 0, srcCGRANode: 10; dstDFGNode: 24, dstCGRANode: 10; backEdge: 0
[DEBUG] check route size: 1
[DEBUG] allocate for local reg maintain... duration=1 last cycle: 4
[DEBUG] in allocateReg() t_cycle: 4; i: 0 CGRA node: 10; link: 4 duration 1
[DEBUG] done reg allocation
[DEBUG] success in schedule()
[DEBUG] schedule dfg node[32] onto fu[13] at cycle 6 within II: 60
[DEBUG] setDFGNode 32 onto CGRANode 13 at cycle: 6
[DEBUG] occupy link[10]-->[9] (bypass:1) dfgNode: 0 at cycle 4
[DEBUG] in allocateReg() t_cycle: 5; i: 0 CGRA node: 13; link: 1 duration 1
[DEBUG] done reg allocation
[DEBUG] occupy link[9]-->[13] (bypass:0) dfgNode: 0 at cycle 5
[DEBUG] skip predecessor routing -- dfgNode: 0
[DEBUG] success in schedule()
[DEBUG] schedule dfg node[42] onto fu[2] at cycle 6 within II: 60
[DEBUG] setDFGNode 42 onto CGRANode 2 at cycle: 6
[DEBUG] occupy link[10]-->[6] (bypass:1) dfgNode: 0 at cycle 4
[DEBUG] in allocateReg() t_cycle: 5; i: 0 CGRA node: 2; link: 0 duration 1
[DEBUG] done reg allocation
[DEBUG] occupy link[6]-->[2] (bypass:0) dfgNode: 0 at cycle 5
[DEBUG] skip predecessor routing -- dfgNode: 0
[DEBUG] tryToRoute -- srcDFGNode: 34, srcCGRANode: 6; dstDFGNode: 42, dstCGRANode: 2; backEdge: 0
[DEBUG] check route size: 2
[DEBUG] reset duration: 5 t_dstCycle: 6 previous: 1 II: 60
[DEBUG] in allocateReg() t_cycle: 1; i: 1 CGRA node: 2; link: 0 duration 5
[DEBUG] done reg allocation
[DEBUG] occupy link[6]-->[2] (bypass:0) dfgNode: 34 at cycle 1
[DEBUG] success in schedule()
[DEBUG] schedule dfg node[50] onto fu[1] at cycle 7 within II: 60
[DEBUG] setDFGNode 50 onto CGRANode 1 at cycle: 7
[DEBUG] occupy link[10]-->[6] (bypass:1) dfgNode: 0 at cycle 4
[DEBUG] occupy link[6]-->[2] (bypass:1) dfgNode: 0 at cycle 5
[DEBUG] in allocateReg() t_cycle: 6; i: 0 CGRA node: 1; link: 3 duration 1
[DEBUG] done reg allocation
[DEBUG] occupy link[2]-->[1] (bypass:0) dfgNode: 0 at cycle 6
[DEBUG] skip predecessor routing -- dfgNode: 0
[DEBUG] tryToRoute -- srcDFGNode: 34, srcCGRANode: 6; dstDFGNode: 50, dstCGRANode: 1; backEdge: 0
[DEBUG] in shareSameCycle is true: node 50
[DEBUG] cannot route due to II is violated for backward cycle
DEBUG target DFG node: 50 on fu: 1 failed, mapped pred DFG node: 34; return false
[DEBUG] fail1 in schedule() II: 60
[DEBUG] the failed path -- cycle: 7 CGRANode: 1
[DEBUG] the failed path -- cycle: 6 CGRANode: 2
[DEBUG] the failed path -- cycle: 5 CGRANode: 6
[DEBUG] the failed path -- cycle: 4 CGRANode: 10
----------------------------------------
[DEBUG] start heuristic algorithm with II=61
[DEBUG] schedule dfg node[33] onto fu[5] at cycle 0 within II: 61
[DEBUG] setDFGNode 33 onto CGRANode 5 at cycle: 0
[DEBUG] success in schedule()
[DEBUG] schedule dfg node[34] onto fu[6] at cycle 1 within II: 61
[DEBUG] setDFGNode 34 onto CGRANode 6 at cycle: 1
[DEBUG] in allocateReg() t_cycle: 0; i: 0 CGRA node: 6; link: 2 duration 1
[DEBUG] done reg allocation
[DEBUG] occupy link[5]-->[6] (bypass:0) dfgNode: 33 at cycle 0
[DEBUG] skip predecessor routing -- dfgNode: 33
[DEBUG] success in schedule()
[DEBUG] schedule dfg node[51] onto fu[10] at cycle 2 within II: 61
[DEBUG] setDFGNode 51 onto CGRANode 10 at cycle: 2
[DEBUG] in allocateReg() t_cycle: 1; i: 0 CGRA node: 10; link: 1 duration 1
[DEBUG] done reg allocation
[DEBUG] occupy link[6]-->[10] (bypass:0) dfgNode: 34 at cycle 1
[DEBUG] skip predecessor routing -- dfgNode: 34
[DEBUG] success in schedule()
[DEBUG] schedule dfg node[52] onto fu[9] at cycle 3 within II: 61
[DEBUG] setDFGNode 52 onto CGRANode 9 at cycle: 3
[DEBUG] in allocateReg() t_cycle: 2; i: 0 CGRA node: 9; link: 3 duration 1
[DEBUG] done reg allocation
[DEBUG] occupy link[10]-->[9] (bypass:0) dfgNode: 51 at cycle 2
[DEBUG] skip predecessor routing -- dfgNode: 51
[DEBUG] success in schedule()
[DEBUG] schedule dfg node[0] onto fu[10] at cycle 4 within II: 61
[DEBUG] setDFGNode 0 onto CGRANode 10 at cycle: 4
[DEBUG] in allocateReg() t_cycle: 3; i: 0 CGRA node: 10; link: 2 duration 1
[DEBUG] done reg allocation
[DEBUG] occupy link[9]-->[10] (bypass:0) dfgNode: 52 at cycle 3
[DEBUG] skip predecessor routing -- dfgNode: 52
[DEBUG] in shareSameCycle is true: node 0
[DEBUG] tryToRoute -- srcDFGNode: 0, srcCGRANode: 10; dstDFGNode: 33, dstCGRANode: 5; backEdge: 1
[DEBUG] in shareSameCycle is true: node 33
[DEBUG] check route size: 3
[DEBUG] occupy link[10]-->[6] (bypass:1) dfgNode: 0 at cycle 4
[DEBUG] reset duration: 56 t_dstCycle: 0 previous: 5 II: 61
[DEBUG] in allocateReg() t_cycle: 5; i: 0 CGRA node: 5; link: 3 duration 56
[DEBUG] done reg allocation
[DEBUG] occupy link[6]-->[5] (bypass:0) dfgNode: 0 at cycle 5
[DEBUG] in shareSameCycle is true: node 0
[DEBUG] tryToRoute -- srcDFGNode: 0, srcCGRANode: 10; dstDFGNode: 51, dstCGRANode: 10; backEdge: 1
[DEBUG] in shareSameCycle is true: node 51
[DEBUG] check route size: 1
[DEBUG] allocate for local reg maintain... duration=59 last cycle: 4
[DEBUG] in allocateReg() t_cycle: 4; i: 1 CGRA node: 10; link: 4 duration 59
[DEBUG] done reg allocation
[DEBUG] success in schedule()
[DEBUG] schedule dfg node[1] onto fu[14] at cycle 5 within II: 61
[DEBUG] setDFGNode 1 onto CGRANode 14 at cycle: 5
[DEBUG] in allocateReg() t_cycle: 4; i: 0 CGRA node: 14; link: 1 duration 1
[DEBUG] done reg allocation
[DEBUG] occupy link[10]-->[14] (bypass:0) dfgNode: 0 at cycle 4
[DEBUG] skip predecessor routing -- dfgNode: 0
[DEBUG] success in schedule()
[DEBUG] schedule dfg node[4] onto fu[6] at cycle 5 within II: 61
[DEBUG] setDFGNode 4 onto CGRANode 6 at cycle: 5
[DEBUG] in allocateReg() t_cycle: 4; i: 0 CGRA node: 6; link: 0 duration 1
[DEBUG] done reg allocation
[DEBUG] occupy link[10]-->[6] (bypass:0) dfgNode: 0 at cycle 4
[DEBUG] skip predecessor routing -- dfgNode: 0
[DEBUG] success in schedule()
[DEBUG] schedule dfg node[8] onto fu[9] at cycle 5 within II: 61
[DEBUG] setDFGNode 8 onto CGRANode 9 at cycle: 5
[DEBUG] in allocateReg() t_cycle: 4; i: 0 CGRA node: 9; link: 3 duration 1
[DEBUG] done reg allocation
[DEBUG] occupy link[10]-->[9] (bypass:0) dfgNode: 0 at cycle 4
[DEBUG] skip predecessor routing -- dfgNode: 0
[DEBUG] success in schedule()
[DEBUG] schedule dfg node[16] onto fu[5] at cycle 6 within II: 61
[DEBUG] setDFGNode 16 onto CGRANode 5 at cycle: 6
[DEBUG] occupy link[10]-->[6] (bypass:1) dfgNode: 0 at cycle 4
[DEBUG] in allocateReg() t_cycle: 5; i: 1 CGRA node: 5; link: 3 duration 1
[DEBUG] done reg allocation
[DEBUG] occupy link[6]-->[5] (bypass:0) dfgNode: 0 at cycle 5
[DEBUG] skip predecessor routing -- dfgNode: 0
[DEBUG] success in schedule()
[DEBUG] schedule dfg node[24] onto fu[10] at cycle 5 within II: 61
[DEBUG] setDFGNode 24 onto CGRANode 10 at cycle: 5
[DEBUG] tryToRoute -- srcDFGNode: 0, srcCGRANode: 10; dstDFGNode: 24, dstCGRANode: 10; backEdge: 0
[DEBUG] check route size: 1
[DEBUG] allocate for local reg maintain... duration=1 last cycle: 4
[DEBUG] in allocateReg() t_cycle: 4; i: 0 CGRA node: 10; link: 4 duration 1
[DEBUG] done reg allocation
[DEBUG] success in schedule()
[DEBUG] schedule dfg node[32] onto fu[13] at cycle 6 within II: 61
[DEBUG] setDFGNode 32 onto CGRANode 13 at cycle: 6
[DEBUG] occupy link[10]-->[9] (bypass:1) dfgNode: 0 at cycle 4
[DEBUG] in allocateReg() t_cycle: 5; i: 0 CGRA node: 13; link: 1 duration 1
[DEBUG] done reg allocation
[DEBUG] occupy link[9]-->[13] (bypass:0) dfgNode: 0 at cycle 5
[DEBUG] skip predecessor routing -- dfgNode: 0
[DEBUG] success in schedule()
[DEBUG] schedule dfg node[42] onto fu[2] at cycle 6 within II: 61
[DEBUG] setDFGNode 42 onto CGRANode 2 at cycle: 6
[DEBUG] occupy link[10]-->[6] (bypass:1) dfgNode: 0 at cycle 4
[DEBUG] in allocateReg() t_cycle: 5; i: 0 CGRA node: 2; link: 0 duration 1
[DEBUG] done reg allocation
[DEBUG] occupy link[6]-->[2] (bypass:0) dfgNode: 0 at cycle 5
[DEBUG] skip predecessor routing -- dfgNode: 0
[DEBUG] tryToRoute -- srcDFGNode: 34, srcCGRANode: 6; dstDFGNode: 42, dstCGRANode: 2; backEdge: 0
[DEBUG] check route size: 2
[DEBUG] reset duration: 5 t_dstCycle: 6 previous: 1 II: 61
[DEBUG] in allocateReg() t_cycle: 1; i: 1 CGRA node: 2; link: 0 duration 5
[DEBUG] done reg allocation
[DEBUG] occupy link[6]-->[2] (bypass:0) dfgNode: 34 at cycle 1
[DEBUG] success in schedule()
[DEBUG] schedule dfg node[50] onto fu[1] at cycle 7 within II: 61
[DEBUG] setDFGNode 50 onto CGRANode 1 at cycle: 7
[DEBUG] occupy link[10]-->[6] (bypass:1) dfgNode: 0 at cycle 4
[DEBUG] occupy link[6]-->[2] (bypass:1) dfgNode: 0 at cycle 5
[DEBUG] in allocateReg() t_cycle: 6; i: 0 CGRA node: 1; link: 3 duration 1
[DEBUG] done reg allocation
[DEBUG] occupy link[2]-->[1] (bypass:0) dfgNode: 0 at cycle 6
[DEBUG] skip predecessor routing -- dfgNode: 0
[DEBUG] tryToRoute -- srcDFGNode: 34, srcCGRANode: 6; dstDFGNode: 50, dstCGRANode: 1; backEdge: 0
[DEBUG] in shareSameCycle is true: node 50
[DEBUG] cannot route due to II is violated for backward cycle
DEBUG target DFG node: 50 on fu: 1 failed, mapped pred DFG node: 34; return false
[DEBUG] fail1 in schedule() II: 61
[DEBUG] the failed path -- cycle: 7 CGRANode: 1
[DEBUG] the failed path -- cycle: 6 CGRANode: 2
[DEBUG] the failed path -- cycle: 5 CGRANode: 6
[DEBUG] the failed path -- cycle: 4 CGRANode: 10
----------------------------------------
[DEBUG] start heuristic algorithm with II=62
[DEBUG] schedule dfg node[33] onto fu[5] at cycle 0 within II: 62
[DEBUG] setDFGNode 33 onto CGRANode 5 at cycle: 0
[DEBUG] success in schedule()
[DEBUG] schedule dfg node[34] onto fu[6] at cycle 1 within II: 62
[DEBUG] setDFGNode 34 onto CGRANode 6 at cycle: 1
[DEBUG] in allocateReg() t_cycle: 0; i: 0 CGRA node: 6; link: 2 duration 1
[DEBUG] done reg allocation
[DEBUG] occupy link[5]-->[6] (bypass:0) dfgNode: 33 at cycle 0
[DEBUG] skip predecessor routing -- dfgNode: 33
[DEBUG] success in schedule()
[DEBUG] schedule dfg node[51] onto fu[10] at cycle 2 within II: 62
[DEBUG] setDFGNode 51 onto CGRANode 10 at cycle: 2
[DEBUG] in allocateReg() t_cycle: 1; i: 0 CGRA node: 10; link: 1 duration 1
[DEBUG] done reg allocation
[DEBUG] occupy link[6]-->[10] (bypass:0) dfgNode: 34 at cycle 1
[DEBUG] skip predecessor routing -- dfgNode: 34
[DEBUG] success in schedule()
[DEBUG] schedule dfg node[52] onto fu[9] at cycle 3 within II: 62
[DEBUG] setDFGNode 52 onto CGRANode 9 at cycle: 3
[DEBUG] in allocateReg() t_cycle: 2; i: 0 CGRA node: 9; link: 3 duration 1
[DEBUG] done reg allocation
[DEBUG] occupy link[10]-->[9] (bypass:0) dfgNode: 51 at cycle 2
[DEBUG] skip predecessor routing -- dfgNode: 51
[DEBUG] success in schedule()
[DEBUG] schedule dfg node[0] onto fu[10] at cycle 4 within II: 62
[DEBUG] setDFGNode 0 onto CGRANode 10 at cycle: 4
[DEBUG] in allocateReg() t_cycle: 3; i: 0 CGRA node: 10; link: 2 duration 1
[DEBUG] done reg allocation
[DEBUG] occupy link[9]-->[10] (bypass:0) dfgNode: 52 at cycle 3
[DEBUG] skip predecessor routing -- dfgNode: 52
[DEBUG] in shareSameCycle is true: node 0
[DEBUG] tryToRoute -- srcDFGNode: 0, srcCGRANode: 10; dstDFGNode: 33, dstCGRANode: 5; backEdge: 1
[DEBUG] in shareSameCycle is true: node 33
[DEBUG] check route size: 3
[DEBUG] occupy link[10]-->[6] (bypass:1) dfgNode: 0 at cycle 4
[DEBUG] reset duration: 57 t_dstCycle: 0 previous: 5 II: 62
[DEBUG] in allocateReg() t_cycle: 5; i: 0 CGRA node: 5; link: 3 duration 57
[DEBUG] done reg allocation
[DEBUG] occupy link[6]-->[5] (bypass:0) dfgNode: 0 at cycle 5
[DEBUG] in shareSameCycle is true: node 0
[DEBUG] tryToRoute -- srcDFGNode: 0, srcCGRANode: 10; dstDFGNode: 51, dstCGRANode: 10; backEdge: 1
[DEBUG] in shareSameCycle is true: node 51
[DEBUG] check route size: 1
[DEBUG] allocate for local reg maintain... duration=60 last cycle: 4
[DEBUG] in allocateReg() t_cycle: 4; i: 1 CGRA node: 10; link: 4 duration 60
[DEBUG] done reg allocation
[DEBUG] success in schedule()
[DEBUG] schedule dfg node[1] onto fu[14] at cycle 5 within II: 62
[DEBUG] setDFGNode 1 onto CGRANode 14 at cycle: 5
[DEBUG] in allocateReg() t_cycle: 4; i: 0 CGRA node: 14; link: 1 duration 1
[DEBUG] done reg allocation
[DEBUG] occupy link[10]-->[14] (bypass:0) dfgNode: 0 at cycle 4
[DEBUG] skip predecessor routing -- dfgNode: 0
[DEBUG] success in schedule()
[DEBUG] schedule dfg node[4] onto fu[6] at cycle 5 within II: 62
[DEBUG] setDFGNode 4 onto CGRANode 6 at cycle: 5
[DEBUG] in allocateReg() t_cycle: 4; i: 0 CGRA node: 6; link: 0 duration 1
[DEBUG] done reg allocation
[DEBUG] occupy link[10]-->[6] (bypass:0) dfgNode: 0 at cycle 4
[DEBUG] skip predecessor routing -- dfgNode: 0
[DEBUG] success in schedule()
[DEBUG] schedule dfg node[8] onto fu[9] at cycle 5 within II: 62
[DEBUG] setDFGNode 8 onto CGRANode 9 at cycle: 5
[DEBUG] in allocateReg() t_cycle: 4; i: 0 CGRA node: 9; link: 3 duration 1
[DEBUG] done reg allocation
[DEBUG] occupy link[10]-->[9] (bypass:0) dfgNode: 0 at cycle 4
[DEBUG] skip predecessor routing -- dfgNode: 0
[DEBUG] success in schedule()
[DEBUG] schedule dfg node[16] onto fu[5] at cycle 6 within II: 62
[DEBUG] setDFGNode 16 onto CGRANode 5 at cycle: 6
[DEBUG] occupy link[10]-->[6] (bypass:1) dfgNode: 0 at cycle 4
[DEBUG] in allocateReg() t_cycle: 5; i: 1 CGRA node: 5; link: 3 duration 1
[DEBUG] done reg allocation
[DEBUG] occupy link[6]-->[5] (bypass:0) dfgNode: 0 at cycle 5
[DEBUG] skip predecessor routing -- dfgNode: 0
[DEBUG] success in schedule()
[DEBUG] schedule dfg node[24] onto fu[10] at cycle 5 within II: 62
[DEBUG] setDFGNode 24 onto CGRANode 10 at cycle: 5
[DEBUG] tryToRoute -- srcDFGNode: 0, srcCGRANode: 10; dstDFGNode: 24, dstCGRANode: 10; backEdge: 0
[DEBUG] check route size: 1
[DEBUG] allocate for local reg maintain... duration=1 last cycle: 4
[DEBUG] in allocateReg() t_cycle: 4; i: 0 CGRA node: 10; link: 4 duration 1
[DEBUG] done reg allocation
[DEBUG] success in schedule()
[DEBUG] schedule dfg node[32] onto fu[13] at cycle 6 within II: 62
[DEBUG] setDFGNode 32 onto CGRANode 13 at cycle: 6
[DEBUG] occupy link[10]-->[9] (bypass:1) dfgNode: 0 at cycle 4
[DEBUG] in allocateReg() t_cycle: 5; i: 0 CGRA node: 13; link: 1 duration 1
[DEBUG] done reg allocation
[DEBUG] occupy link[9]-->[13] (bypass:0) dfgNode: 0 at cycle 5
[DEBUG] skip predecessor routing -- dfgNode: 0
[DEBUG] success in schedule()
[DEBUG] schedule dfg node[42] onto fu[2] at cycle 6 within II: 62
[DEBUG] setDFGNode 42 onto CGRANode 2 at cycle: 6
[DEBUG] occupy link[10]-->[6] (bypass:1) dfgNode: 0 at cycle 4
[DEBUG] in allocateReg() t_cycle: 5; i: 0 CGRA node: 2; link: 0 duration 1
[DEBUG] done reg allocation
[DEBUG] occupy link[6]-->[2] (bypass:0) dfgNode: 0 at cycle 5
[DEBUG] skip predecessor routing -- dfgNode: 0
[DEBUG] tryToRoute -- srcDFGNode: 34, srcCGRANode: 6; dstDFGNode: 42, dstCGRANode: 2; backEdge: 0
[DEBUG] check route size: 2
[DEBUG] reset duration: 5 t_dstCycle: 6 previous: 1 II: 62
[DEBUG] in allocateReg() t_cycle: 1; i: 1 CGRA node: 2; link: 0 duration 5
[DEBUG] done reg allocation
[DEBUG] occupy link[6]-->[2] (bypass:0) dfgNode: 34 at cycle 1
[DEBUG] success in schedule()
[DEBUG] schedule dfg node[50] onto fu[1] at cycle 7 within II: 62
[DEBUG] setDFGNode 50 onto CGRANode 1 at cycle: 7
[DEBUG] occupy link[10]-->[6] (bypass:1) dfgNode: 0 at cycle 4
[DEBUG] occupy link[6]-->[2] (bypass:1) dfgNode: 0 at cycle 5
[DEBUG] in allocateReg() t_cycle: 6; i: 0 CGRA node: 1; link: 3 duration 1
[DEBUG] done reg allocation
[DEBUG] occupy link[2]-->[1] (bypass:0) dfgNode: 0 at cycle 6
[DEBUG] skip predecessor routing -- dfgNode: 0
[DEBUG] tryToRoute -- srcDFGNode: 34, srcCGRANode: 6; dstDFGNode: 50, dstCGRANode: 1; backEdge: 0
[DEBUG] in shareSameCycle is true: node 50
[DEBUG] cannot route due to II is violated for backward cycle
DEBUG target DFG node: 50 on fu: 1 failed, mapped pred DFG node: 34; return false
[DEBUG] fail1 in schedule() II: 62
[DEBUG] the failed path -- cycle: 7 CGRANode: 1
[DEBUG] the failed path -- cycle: 6 CGRANode: 2
[DEBUG] the failed path -- cycle: 5 CGRANode: 6
[DEBUG] the failed path -- cycle: 4 CGRANode: 10
----------------------------------------
[DEBUG] start heuristic algorithm with II=63
[DEBUG] schedule dfg node[33] onto fu[5] at cycle 0 within II: 63
[DEBUG] setDFGNode 33 onto CGRANode 5 at cycle: 0
[DEBUG] success in schedule()
[DEBUG] schedule dfg node[34] onto fu[6] at cycle 1 within II: 63
[DEBUG] setDFGNode 34 onto CGRANode 6 at cycle: 1
[DEBUG] in allocateReg() t_cycle: 0; i: 0 CGRA node: 6; link: 2 duration 1
[DEBUG] done reg allocation
[DEBUG] occupy link[5]-->[6] (bypass:0) dfgNode: 33 at cycle 0
[DEBUG] skip predecessor routing -- dfgNode: 33
[DEBUG] success in schedule()
[DEBUG] schedule dfg node[51] onto fu[10] at cycle 2 within II: 63
[DEBUG] setDFGNode 51 onto CGRANode 10 at cycle: 2
[DEBUG] in allocateReg() t_cycle: 1; i: 0 CGRA node: 10; link: 1 duration 1
[DEBUG] done reg allocation
[DEBUG] occupy link[6]-->[10] (bypass:0) dfgNode: 34 at cycle 1
[DEBUG] skip predecessor routing -- dfgNode: 34
[DEBUG] success in schedule()
[DEBUG] schedule dfg node[52] onto fu[9] at cycle 3 within II: 63
[DEBUG] setDFGNode 52 onto CGRANode 9 at cycle: 3
[DEBUG] in allocateReg() t_cycle: 2; i: 0 CGRA node: 9; link: 3 duration 1
[DEBUG] done reg allocation
[DEBUG] occupy link[10]-->[9] (bypass:0) dfgNode: 51 at cycle 2
[DEBUG] skip predecessor routing -- dfgNode: 51
[DEBUG] success in schedule()
[DEBUG] schedule dfg node[0] onto fu[10] at cycle 4 within II: 63
[DEBUG] setDFGNode 0 onto CGRANode 10 at cycle: 4
[DEBUG] in allocateReg() t_cycle: 3; i: 0 CGRA node: 10; link: 2 duration 1
[DEBUG] done reg allocation
[DEBUG] occupy link[9]-->[10] (bypass:0) dfgNode: 52 at cycle 3
[DEBUG] skip predecessor routing -- dfgNode: 52
[DEBUG] in shareSameCycle is true: node 0
[DEBUG] tryToRoute -- srcDFGNode: 0, srcCGRANode: 10; dstDFGNode: 33, dstCGRANode: 5; backEdge: 1
[DEBUG] in shareSameCycle is true: node 33
[DEBUG] check route size: 3
[DEBUG] occupy link[10]-->[6] (bypass:1) dfgNode: 0 at cycle 4
[DEBUG] reset duration: 58 t_dstCycle: 0 previous: 5 II: 63
[DEBUG] in allocateReg() t_cycle: 5; i: 0 CGRA node: 5; link: 3 duration 58
[DEBUG] done reg allocation
[DEBUG] occupy link[6]-->[5] (bypass:0) dfgNode: 0 at cycle 5
[DEBUG] in shareSameCycle is true: node 0
[DEBUG] tryToRoute -- srcDFGNode: 0, srcCGRANode: 10; dstDFGNode: 51, dstCGRANode: 10; backEdge: 1
[DEBUG] in shareSameCycle is true: node 51
[DEBUG] check route size: 1
[DEBUG] allocate for local reg maintain... duration=61 last cycle: 4
[DEBUG] in allocateReg() t_cycle: 4; i: 1 CGRA node: 10; link: 4 duration 61
[DEBUG] done reg allocation
[DEBUG] success in schedule()
[DEBUG] schedule dfg node[1] onto fu[14] at cycle 5 within II: 63
[DEBUG] setDFGNode 1 onto CGRANode 14 at cycle: 5
[DEBUG] in allocateReg() t_cycle: 4; i: 0 CGRA node: 14; link: 1 duration 1
[DEBUG] done reg allocation
[DEBUG] occupy link[10]-->[14] (bypass:0) dfgNode: 0 at cycle 4
[DEBUG] skip predecessor routing -- dfgNode: 0
[DEBUG] success in schedule()
[DEBUG] schedule dfg node[4] onto fu[6] at cycle 5 within II: 63
[DEBUG] setDFGNode 4 onto CGRANode 6 at cycle: 5
[DEBUG] in allocateReg() t_cycle: 4; i: 0 CGRA node: 6; link: 0 duration 1
[DEBUG] done reg allocation
[DEBUG] occupy link[10]-->[6] (bypass:0) dfgNode: 0 at cycle 4
[DEBUG] skip predecessor routing -- dfgNode: 0
[DEBUG] success in schedule()
[DEBUG] schedule dfg node[8] onto fu[9] at cycle 5 within II: 63
[DEBUG] setDFGNode 8 onto CGRANode 9 at cycle: 5
[DEBUG] in allocateReg() t_cycle: 4; i: 0 CGRA node: 9; link: 3 duration 1
[DEBUG] done reg allocation
[DEBUG] occupy link[10]-->[9] (bypass:0) dfgNode: 0 at cycle 4
[DEBUG] skip predecessor routing -- dfgNode: 0
[DEBUG] success in schedule()
[DEBUG] schedule dfg node[16] onto fu[5] at cycle 6 within II: 63
[DEBUG] setDFGNode 16 onto CGRANode 5 at cycle: 6
[DEBUG] occupy link[10]-->[6] (bypass:1) dfgNode: 0 at cycle 4
[DEBUG] in allocateReg() t_cycle: 5; i: 1 CGRA node: 5; link: 3 duration 1
[DEBUG] done reg allocation
[DEBUG] occupy link[6]-->[5] (bypass:0) dfgNode: 0 at cycle 5
[DEBUG] skip predecessor routing -- dfgNode: 0
[DEBUG] success in schedule()
[DEBUG] schedule dfg node[24] onto fu[10] at cycle 5 within II: 63
[DEBUG] setDFGNode 24 onto CGRANode 10 at cycle: 5
[DEBUG] tryToRoute -- srcDFGNode: 0, srcCGRANode: 10; dstDFGNode: 24, dstCGRANode: 10; backEdge: 0
[DEBUG] check route size: 1
[DEBUG] allocate for local reg maintain... duration=1 last cycle: 4
[DEBUG] in allocateReg() t_cycle: 4; i: 0 CGRA node: 10; link: 4 duration 1
[DEBUG] done reg allocation
[DEBUG] success in schedule()
[DEBUG] schedule dfg node[32] onto fu[13] at cycle 6 within II: 63
[DEBUG] setDFGNode 32 onto CGRANode 13 at cycle: 6
[DEBUG] occupy link[10]-->[9] (bypass:1) dfgNode: 0 at cycle 4
[DEBUG] in allocateReg() t_cycle: 5; i: 0 CGRA node: 13; link: 1 duration 1
[DEBUG] done reg allocation
[DEBUG] occupy link[9]-->[13] (bypass:0) dfgNode: 0 at cycle 5
[DEBUG] skip predecessor routing -- dfgNode: 0
[DEBUG] success in schedule()
[DEBUG] schedule dfg node[42] onto fu[2] at cycle 6 within II: 63
[DEBUG] setDFGNode 42 onto CGRANode 2 at cycle: 6
[DEBUG] occupy link[10]-->[6] (bypass:1) dfgNode: 0 at cycle 4
[DEBUG] in allocateReg() t_cycle: 5; i: 0 CGRA node: 2; link: 0 duration 1
[DEBUG] done reg allocation
[DEBUG] occupy link[6]-->[2] (bypass:0) dfgNode: 0 at cycle 5
[DEBUG] skip predecessor routing -- dfgNode: 0
[DEBUG] tryToRoute -- srcDFGNode: 34, srcCGRANode: 6; dstDFGNode: 42, dstCGRANode: 2; backEdge: 0
[DEBUG] check route size: 2
[DEBUG] reset duration: 5 t_dstCycle: 6 previous: 1 II: 63
[DEBUG] in allocateReg() t_cycle: 1; i: 1 CGRA node: 2; link: 0 duration 5
[DEBUG] done reg allocation
[DEBUG] occupy link[6]-->[2] (bypass:0) dfgNode: 34 at cycle 1
[DEBUG] success in schedule()
[DEBUG] schedule dfg node[50] onto fu[1] at cycle 7 within II: 63
[DEBUG] setDFGNode 50 onto CGRANode 1 at cycle: 7
[DEBUG] occupy link[10]-->[6] (bypass:1) dfgNode: 0 at cycle 4
[DEBUG] occupy link[6]-->[2] (bypass:1) dfgNode: 0 at cycle 5
[DEBUG] in allocateReg() t_cycle: 6; i: 0 CGRA node: 1; link: 3 duration 1
[DEBUG] done reg allocation
[DEBUG] occupy link[2]-->[1] (bypass:0) dfgNode: 0 at cycle 6
[DEBUG] skip predecessor routing -- dfgNode: 0
[DEBUG] tryToRoute -- srcDFGNode: 34, srcCGRANode: 6; dstDFGNode: 50, dstCGRANode: 1; backEdge: 0
[DEBUG] in shareSameCycle is true: node 50
[DEBUG] cannot route due to II is violated for backward cycle
DEBUG target DFG node: 50 on fu: 1 failed, mapped pred DFG node: 34; return false
[DEBUG] fail1 in schedule() II: 63
[DEBUG] the failed path -- cycle: 7 CGRANode: 1
[DEBUG] the failed path -- cycle: 6 CGRANode: 2
[DEBUG] the failed path -- cycle: 5 CGRANode: 6
[DEBUG] the failed path -- cycle: 4 CGRANode: 10
----------------------------------------
[DEBUG] start heuristic algorithm with II=64
[DEBUG] schedule dfg node[33] onto fu[5] at cycle 0 within II: 64
[DEBUG] setDFGNode 33 onto CGRANode 5 at cycle: 0
[DEBUG] success in schedule()
[DEBUG] schedule dfg node[34] onto fu[6] at cycle 1 within II: 64
[DEBUG] setDFGNode 34 onto CGRANode 6 at cycle: 1
[DEBUG] in allocateReg() t_cycle: 0; i: 0 CGRA node: 6; link: 2 duration 1
[DEBUG] done reg allocation
[DEBUG] occupy link[5]-->[6] (bypass:0) dfgNode: 33 at cycle 0
[DEBUG] skip predecessor routing -- dfgNode: 33
[DEBUG] success in schedule()
[DEBUG] schedule dfg node[51] onto fu[10] at cycle 2 within II: 64
[DEBUG] setDFGNode 51 onto CGRANode 10 at cycle: 2
[DEBUG] in allocateReg() t_cycle: 1; i: 0 CGRA node: 10; link: 1 duration 1
[DEBUG] done reg allocation
[DEBUG] occupy link[6]-->[10] (bypass:0) dfgNode: 34 at cycle 1
[DEBUG] skip predecessor routing -- dfgNode: 34
[DEBUG] success in schedule()
[DEBUG] schedule dfg node[52] onto fu[9] at cycle 3 within II: 64
[DEBUG] setDFGNode 52 onto CGRANode 9 at cycle: 3
[DEBUG] in allocateReg() t_cycle: 2; i: 0 CGRA node: 9; link: 3 duration 1
[DEBUG] done reg allocation
[DEBUG] occupy link[10]-->[9] (bypass:0) dfgNode: 51 at cycle 2
[DEBUG] skip predecessor routing -- dfgNode: 51
[DEBUG] success in schedule()
[DEBUG] schedule dfg node[0] onto fu[10] at cycle 4 within II: 64
[DEBUG] setDFGNode 0 onto CGRANode 10 at cycle: 4
[DEBUG] in allocateReg() t_cycle: 3; i: 0 CGRA node: 10; link: 2 duration 1
[DEBUG] done reg allocation
[DEBUG] occupy link[9]-->[10] (bypass:0) dfgNode: 52 at cycle 3
[DEBUG] skip predecessor routing -- dfgNode: 52
[DEBUG] in shareSameCycle is true: node 0
[DEBUG] tryToRoute -- srcDFGNode: 0, srcCGRANode: 10; dstDFGNode: 33, dstCGRANode: 5; backEdge: 1
[DEBUG] in shareSameCycle is true: node 33
[DEBUG] check route size: 3
[DEBUG] occupy link[10]-->[6] (bypass:1) dfgNode: 0 at cycle 4
[DEBUG] reset duration: 59 t_dstCycle: 0 previous: 5 II: 64
[DEBUG] in allocateReg() t_cycle: 5; i: 0 CGRA node: 5; link: 3 duration 59
[DEBUG] done reg allocation
[DEBUG] occupy link[6]-->[5] (bypass:0) dfgNode: 0 at cycle 5
[DEBUG] in shareSameCycle is true: node 0
[DEBUG] tryToRoute -- srcDFGNode: 0, srcCGRANode: 10; dstDFGNode: 51, dstCGRANode: 10; backEdge: 1
[DEBUG] in shareSameCycle is true: node 51
[DEBUG] check route size: 1
[DEBUG] allocate for local reg maintain... duration=62 last cycle: 4
[DEBUG] in allocateReg() t_cycle: 4; i: 1 CGRA node: 10; link: 4 duration 62
[DEBUG] done reg allocation
[DEBUG] success in schedule()
[DEBUG] schedule dfg node[1] onto fu[14] at cycle 5 within II: 64
[DEBUG] setDFGNode 1 onto CGRANode 14 at cycle: 5
[DEBUG] in allocateReg() t_cycle: 4; i: 0 CGRA node: 14; link: 1 duration 1
[DEBUG] done reg allocation
[DEBUG] occupy link[10]-->[14] (bypass:0) dfgNode: 0 at cycle 4
[DEBUG] skip predecessor routing -- dfgNode: 0
[DEBUG] success in schedule()
[DEBUG] schedule dfg node[4] onto fu[6] at cycle 5 within II: 64
[DEBUG] setDFGNode 4 onto CGRANode 6 at cycle: 5
[DEBUG] in allocateReg() t_cycle: 4; i: 0 CGRA node: 6; link: 0 duration 1
[DEBUG] done reg allocation
[DEBUG] occupy link[10]-->[6] (bypass:0) dfgNode: 0 at cycle 4
[DEBUG] skip predecessor routing -- dfgNode: 0
[DEBUG] success in schedule()
[DEBUG] schedule dfg node[8] onto fu[9] at cycle 5 within II: 64
[DEBUG] setDFGNode 8 onto CGRANode 9 at cycle: 5
[DEBUG] in allocateReg() t_cycle: 4; i: 0 CGRA node: 9; link: 3 duration 1
[DEBUG] done reg allocation
[DEBUG] occupy link[10]-->[9] (bypass:0) dfgNode: 0 at cycle 4
[DEBUG] skip predecessor routing -- dfgNode: 0
[DEBUG] success in schedule()
[DEBUG] schedule dfg node[16] onto fu[5] at cycle 6 within II: 64
[DEBUG] setDFGNode 16 onto CGRANode 5 at cycle: 6
[DEBUG] occupy link[10]-->[6] (bypass:1) dfgNode: 0 at cycle 4
[DEBUG] in allocateReg() t_cycle: 5; i: 1 CGRA node: 5; link: 3 duration 1
[DEBUG] done reg allocation
[DEBUG] occupy link[6]-->[5] (bypass:0) dfgNode: 0 at cycle 5
[DEBUG] skip predecessor routing -- dfgNode: 0
[DEBUG] success in schedule()
[DEBUG] schedule dfg node[24] onto fu[10] at cycle 5 within II: 64
[DEBUG] setDFGNode 24 onto CGRANode 10 at cycle: 5
[DEBUG] tryToRoute -- srcDFGNode: 0, srcCGRANode: 10; dstDFGNode: 24, dstCGRANode: 10; backEdge: 0
[DEBUG] check route size: 1
[DEBUG] allocate for local reg maintain... duration=1 last cycle: 4
[DEBUG] in allocateReg() t_cycle: 4; i: 0 CGRA node: 10; link: 4 duration 1
[DEBUG] done reg allocation
[DEBUG] success in schedule()
[DEBUG] schedule dfg node[32] onto fu[13] at cycle 6 within II: 64
[DEBUG] setDFGNode 32 onto CGRANode 13 at cycle: 6
[DEBUG] occupy link[10]-->[9] (bypass:1) dfgNode: 0 at cycle 4
[DEBUG] in allocateReg() t_cycle: 5; i: 0 CGRA node: 13; link: 1 duration 1
[DEBUG] done reg allocation
[DEBUG] occupy link[9]-->[13] (bypass:0) dfgNode: 0 at cycle 5
[DEBUG] skip predecessor routing -- dfgNode: 0
[DEBUG] success in schedule()
[DEBUG] schedule dfg node[42] onto fu[2] at cycle 6 within II: 64
[DEBUG] setDFGNode 42 onto CGRANode 2 at cycle: 6
[DEBUG] occupy link[10]-->[6] (bypass:1) dfgNode: 0 at cycle 4
[DEBUG] in allocateReg() t_cycle: 5; i: 0 CGRA node: 2; link: 0 duration 1
[DEBUG] done reg allocation
[DEBUG] occupy link[6]-->[2] (bypass:0) dfgNode: 0 at cycle 5
[DEBUG] skip predecessor routing -- dfgNode: 0
[DEBUG] tryToRoute -- srcDFGNode: 34, srcCGRANode: 6; dstDFGNode: 42, dstCGRANode: 2; backEdge: 0
[DEBUG] check route size: 2
[DEBUG] reset duration: 5 t_dstCycle: 6 previous: 1 II: 64
[DEBUG] in allocateReg() t_cycle: 1; i: 1 CGRA node: 2; link: 0 duration 5
[DEBUG] done reg allocation
[DEBUG] occupy link[6]-->[2] (bypass:0) dfgNode: 34 at cycle 1
[DEBUG] success in schedule()
[DEBUG] schedule dfg node[50] onto fu[1] at cycle 7 within II: 64
[DEBUG] setDFGNode 50 onto CGRANode 1 at cycle: 7
[DEBUG] occupy link[10]-->[6] (bypass:1) dfgNode: 0 at cycle 4
[DEBUG] occupy link[6]-->[2] (bypass:1) dfgNode: 0 at cycle 5
[DEBUG] in allocateReg() t_cycle: 6; i: 0 CGRA node: 1; link: 3 duration 1
[DEBUG] done reg allocation
[DEBUG] occupy link[2]-->[1] (bypass:0) dfgNode: 0 at cycle 6
[DEBUG] skip predecessor routing -- dfgNode: 0
[DEBUG] tryToRoute -- srcDFGNode: 34, srcCGRANode: 6; dstDFGNode: 50, dstCGRANode: 1; backEdge: 0
[DEBUG] in shareSameCycle is true: node 50
[DEBUG] cannot route due to II is violated for backward cycle
DEBUG target DFG node: 50 on fu: 1 failed, mapped pred DFG node: 34; return false
[DEBUG] fail1 in schedule() II: 64
[DEBUG] the failed path -- cycle: 7 CGRANode: 1
[DEBUG] the failed path -- cycle: 6 CGRANode: 2
[DEBUG] the failed path -- cycle: 5 CGRANode: 6
[DEBUG] the failed path -- cycle: 4 CGRANode: 10
----------------------------------------
[DEBUG] start heuristic algorithm with II=65
[DEBUG] schedule dfg node[33] onto fu[5] at cycle 0 within II: 65
[DEBUG] setDFGNode 33 onto CGRANode 5 at cycle: 0
[DEBUG] success in schedule()
[DEBUG] schedule dfg node[34] onto fu[6] at cycle 1 within II: 65
[DEBUG] setDFGNode 34 onto CGRANode 6 at cycle: 1
[DEBUG] in allocateReg() t_cycle: 0; i: 0 CGRA node: 6; link: 2 duration 1
[DEBUG] done reg allocation
[DEBUG] occupy link[5]-->[6] (bypass:0) dfgNode: 33 at cycle 0
[DEBUG] skip predecessor routing -- dfgNode: 33
[DEBUG] success in schedule()
[DEBUG] schedule dfg node[51] onto fu[10] at cycle 2 within II: 65
[DEBUG] setDFGNode 51 onto CGRANode 10 at cycle: 2
[DEBUG] in allocateReg() t_cycle: 1; i: 0 CGRA node: 10; link: 1 duration 1
[DEBUG] done reg allocation
[DEBUG] occupy link[6]-->[10] (bypass:0) dfgNode: 34 at cycle 1
[DEBUG] skip predecessor routing -- dfgNode: 34
[DEBUG] success in schedule()
[DEBUG] schedule dfg node[52] onto fu[9] at cycle 3 within II: 65
[DEBUG] setDFGNode 52 onto CGRANode 9 at cycle: 3
[DEBUG] in allocateReg() t_cycle: 2; i: 0 CGRA node: 9; link: 3 duration 1
[DEBUG] done reg allocation
[DEBUG] occupy link[10]-->[9] (bypass:0) dfgNode: 51 at cycle 2
[DEBUG] skip predecessor routing -- dfgNode: 51
[DEBUG] success in schedule()
[DEBUG] schedule dfg node[0] onto fu[10] at cycle 4 within II: 65
[DEBUG] setDFGNode 0 onto CGRANode 10 at cycle: 4
[DEBUG] in allocateReg() t_cycle: 3; i: 0 CGRA node: 10; link: 2 duration 1
[DEBUG] done reg allocation
[DEBUG] occupy link[9]-->[10] (bypass:0) dfgNode: 52 at cycle 3
[DEBUG] skip predecessor routing -- dfgNode: 52
[DEBUG] in shareSameCycle is true: node 0
[DEBUG] tryToRoute -- srcDFGNode: 0, srcCGRANode: 10; dstDFGNode: 33, dstCGRANode: 5; backEdge: 1
[DEBUG] in shareSameCycle is true: node 33
[DEBUG] check route size: 3
[DEBUG] occupy link[10]-->[6] (bypass:1) dfgNode: 0 at cycle 4
[DEBUG] reset duration: 60 t_dstCycle: 0 previous: 5 II: 65
[DEBUG] in allocateReg() t_cycle: 5; i: 0 CGRA node: 5; link: 3 duration 60
[DEBUG] done reg allocation
[DEBUG] occupy link[6]-->[5] (bypass:0) dfgNode: 0 at cycle 5
[DEBUG] in shareSameCycle is true: node 0
[DEBUG] tryToRoute -- srcDFGNode: 0, srcCGRANode: 10; dstDFGNode: 51, dstCGRANode: 10; backEdge: 1
[DEBUG] in shareSameCycle is true: node 51
[DEBUG] check route size: 1
[DEBUG] allocate for local reg maintain... duration=63 last cycle: 4
[DEBUG] in allocateReg() t_cycle: 4; i: 1 CGRA node: 10; link: 4 duration 63
[DEBUG] done reg allocation
[DEBUG] success in schedule()
[DEBUG] schedule dfg node[1] onto fu[14] at cycle 5 within II: 65
[DEBUG] setDFGNode 1 onto CGRANode 14 at cycle: 5
[DEBUG] in allocateReg() t_cycle: 4; i: 0 CGRA node: 14; link: 1 duration 1
[DEBUG] done reg allocation
[DEBUG] occupy link[10]-->[14] (bypass:0) dfgNode: 0 at cycle 4
[DEBUG] skip predecessor routing -- dfgNode: 0
[DEBUG] success in schedule()
[DEBUG] schedule dfg node[4] onto fu[6] at cycle 5 within II: 65
[DEBUG] setDFGNode 4 onto CGRANode 6 at cycle: 5
[DEBUG] in allocateReg() t_cycle: 4; i: 0 CGRA node: 6; link: 0 duration 1
[DEBUG] done reg allocation
[DEBUG] occupy link[10]-->[6] (bypass:0) dfgNode: 0 at cycle 4
[DEBUG] skip predecessor routing -- dfgNode: 0
[DEBUG] success in schedule()
[DEBUG] schedule dfg node[8] onto fu[9] at cycle 5 within II: 65
[DEBUG] setDFGNode 8 onto CGRANode 9 at cycle: 5
[DEBUG] in allocateReg() t_cycle: 4; i: 0 CGRA node: 9; link: 3 duration 1
[DEBUG] done reg allocation
[DEBUG] occupy link[10]-->[9] (bypass:0) dfgNode: 0 at cycle 4
[DEBUG] skip predecessor routing -- dfgNode: 0
[DEBUG] success in schedule()
[DEBUG] schedule dfg node[16] onto fu[5] at cycle 6 within II: 65
[DEBUG] setDFGNode 16 onto CGRANode 5 at cycle: 6
[DEBUG] occupy link[10]-->[6] (bypass:1) dfgNode: 0 at cycle 4
[DEBUG] in allocateReg() t_cycle: 5; i: 1 CGRA node: 5; link: 3 duration 1
[DEBUG] done reg allocation
[DEBUG] occupy link[6]-->[5] (bypass:0) dfgNode: 0 at cycle 5
[DEBUG] skip predecessor routing -- dfgNode: 0
[DEBUG] success in schedule()
[DEBUG] schedule dfg node[24] onto fu[10] at cycle 5 within II: 65
[DEBUG] setDFGNode 24 onto CGRANode 10 at cycle: 5
[DEBUG] tryToRoute -- srcDFGNode: 0, srcCGRANode: 10; dstDFGNode: 24, dstCGRANode: 10; backEdge: 0
[DEBUG] check route size: 1
[DEBUG] allocate for local reg maintain... duration=1 last cycle: 4
[DEBUG] in allocateReg() t_cycle: 4; i: 0 CGRA node: 10; link: 4 duration 1
[DEBUG] done reg allocation
[DEBUG] success in schedule()
[DEBUG] schedule dfg node[32] onto fu[13] at cycle 6 within II: 65
[DEBUG] setDFGNode 32 onto CGRANode 13 at cycle: 6
[DEBUG] occupy link[10]-->[9] (bypass:1) dfgNode: 0 at cycle 4
[DEBUG] in allocateReg() t_cycle: 5; i: 0 CGRA node: 13; link: 1 duration 1
[DEBUG] done reg allocation
[DEBUG] occupy link[9]-->[13] (bypass:0) dfgNode: 0 at cycle 5
[DEBUG] skip predecessor routing -- dfgNode: 0
[DEBUG] success in schedule()
[DEBUG] schedule dfg node[42] onto fu[2] at cycle 6 within II: 65
[DEBUG] setDFGNode 42 onto CGRANode 2 at cycle: 6
[DEBUG] occupy link[10]-->[6] (bypass:1) dfgNode: 0 at cycle 4
[DEBUG] in allocateReg() t_cycle: 5; i: 0 CGRA node: 2; link: 0 duration 1
[DEBUG] done reg allocation
[DEBUG] occupy link[6]-->[2] (bypass:0) dfgNode: 0 at cycle 5
[DEBUG] skip predecessor routing -- dfgNode: 0
[DEBUG] tryToRoute -- srcDFGNode: 34, srcCGRANode: 6; dstDFGNode: 42, dstCGRANode: 2; backEdge: 0
[DEBUG] check route size: 2
[DEBUG] reset duration: 5 t_dstCycle: 6 previous: 1 II: 65
[DEBUG] in allocateReg() t_cycle: 1; i: 1 CGRA node: 2; link: 0 duration 5
[DEBUG] done reg allocation
[DEBUG] occupy link[6]-->[2] (bypass:0) dfgNode: 34 at cycle 1
[DEBUG] success in schedule()
[DEBUG] schedule dfg node[50] onto fu[1] at cycle 7 within II: 65
[DEBUG] setDFGNode 50 onto CGRANode 1 at cycle: 7
[DEBUG] occupy link[10]-->[6] (bypass:1) dfgNode: 0 at cycle 4
[DEBUG] occupy link[6]-->[2] (bypass:1) dfgNode: 0 at cycle 5
[DEBUG] in allocateReg() t_cycle: 6; i: 0 CGRA node: 1; link: 3 duration 1
[DEBUG] done reg allocation
[DEBUG] occupy link[2]-->[1] (bypass:0) dfgNode: 0 at cycle 6
[DEBUG] skip predecessor routing -- dfgNode: 0
[DEBUG] tryToRoute -- srcDFGNode: 34, srcCGRANode: 6; dstDFGNode: 50, dstCGRANode: 1; backEdge: 0
[DEBUG] in shareSameCycle is true: node 50
[DEBUG] cannot route due to II is violated for backward cycle
DEBUG target DFG node: 50 on fu: 1 failed, mapped pred DFG node: 34; return false
[DEBUG] fail1 in schedule() II: 65
[DEBUG] the failed path -- cycle: 7 CGRANode: 1
[DEBUG] the failed path -- cycle: 6 CGRANode: 2
[DEBUG] the failed path -- cycle: 5 CGRANode: 6
[DEBUG] the failed path -- cycle: 4 CGRANode: 10
----------------------------------------
[DEBUG] start heuristic algorithm with II=66
[DEBUG] schedule dfg node[33] onto fu[5] at cycle 0 within II: 66
[DEBUG] setDFGNode 33 onto CGRANode 5 at cycle: 0
[DEBUG] success in schedule()
[DEBUG] schedule dfg node[34] onto fu[6] at cycle 1 within II: 66
[DEBUG] setDFGNode 34 onto CGRANode 6 at cycle: 1
[DEBUG] in allocateReg() t_cycle: 0; i: 0 CGRA node: 6; link: 2 duration 1
[DEBUG] done reg allocation
[DEBUG] occupy link[5]-->[6] (bypass:0) dfgNode: 33 at cycle 0
[DEBUG] skip predecessor routing -- dfgNode: 33
[DEBUG] success in schedule()
[DEBUG] schedule dfg node[51] onto fu[10] at cycle 2 within II: 66
[DEBUG] setDFGNode 51 onto CGRANode 10 at cycle: 2
[DEBUG] in allocateReg() t_cycle: 1; i: 0 CGRA node: 10; link: 1 duration 1
[DEBUG] done reg allocation
[DEBUG] occupy link[6]-->[10] (bypass:0) dfgNode: 34 at cycle 1
[DEBUG] skip predecessor routing -- dfgNode: 34
[DEBUG] success in schedule()
[DEBUG] schedule dfg node[52] onto fu[9] at cycle 3 within II: 66
[DEBUG] setDFGNode 52 onto CGRANode 9 at cycle: 3
[DEBUG] in allocateReg() t_cycle: 2; i: 0 CGRA node: 9; link: 3 duration 1
[DEBUG] done reg allocation
[DEBUG] occupy link[10]-->[9] (bypass:0) dfgNode: 51 at cycle 2
[DEBUG] skip predecessor routing -- dfgNode: 51
[DEBUG] success in schedule()
[DEBUG] schedule dfg node[0] onto fu[10] at cycle 4 within II: 66
[DEBUG] setDFGNode 0 onto CGRANode 10 at cycle: 4
[DEBUG] in allocateReg() t_cycle: 3; i: 0 CGRA node: 10; link: 2 duration 1
[DEBUG] done reg allocation
[DEBUG] occupy link[9]-->[10] (bypass:0) dfgNode: 52 at cycle 3
[DEBUG] skip predecessor routing -- dfgNode: 52
[DEBUG] in shareSameCycle is true: node 0
[DEBUG] tryToRoute -- srcDFGNode: 0, srcCGRANode: 10; dstDFGNode: 33, dstCGRANode: 5; backEdge: 1
[DEBUG] in shareSameCycle is true: node 33
[DEBUG] check route size: 3
[DEBUG] occupy link[10]-->[6] (bypass:1) dfgNode: 0 at cycle 4
[DEBUG] reset duration: 61 t_dstCycle: 0 previous: 5 II: 66
[DEBUG] in allocateReg() t_cycle: 5; i: 0 CGRA node: 5; link: 3 duration 61
[DEBUG] done reg allocation
[DEBUG] occupy link[6]-->[5] (bypass:0) dfgNode: 0 at cycle 5
[DEBUG] in shareSameCycle is true: node 0
[DEBUG] tryToRoute -- srcDFGNode: 0, srcCGRANode: 10; dstDFGNode: 51, dstCGRANode: 10; backEdge: 1
[DEBUG] in shareSameCycle is true: node 51
[DEBUG] check route size: 1
[DEBUG] allocate for local reg maintain... duration=64 last cycle: 4
[DEBUG] in allocateReg() t_cycle: 4; i: 1 CGRA node: 10; link: 4 duration 64
[DEBUG] done reg allocation
[DEBUG] success in schedule()
[DEBUG] schedule dfg node[1] onto fu[14] at cycle 5 within II: 66
[DEBUG] setDFGNode 1 onto CGRANode 14 at cycle: 5
[DEBUG] in allocateReg() t_cycle: 4; i: 0 CGRA node: 14; link: 1 duration 1
[DEBUG] done reg allocation
[DEBUG] occupy link[10]-->[14] (bypass:0) dfgNode: 0 at cycle 4
[DEBUG] skip predecessor routing -- dfgNode: 0
[DEBUG] success in schedule()
[DEBUG] schedule dfg node[4] onto fu[6] at cycle 5 within II: 66
[DEBUG] setDFGNode 4 onto CGRANode 6 at cycle: 5
[DEBUG] in allocateReg() t_cycle: 4; i: 0 CGRA node: 6; link: 0 duration 1
[DEBUG] done reg allocation
[DEBUG] occupy link[10]-->[6] (bypass:0) dfgNode: 0 at cycle 4
[DEBUG] skip predecessor routing -- dfgNode: 0
[DEBUG] success in schedule()
[DEBUG] schedule dfg node[8] onto fu[9] at cycle 5 within II: 66
[DEBUG] setDFGNode 8 onto CGRANode 9 at cycle: 5
[DEBUG] in allocateReg() t_cycle: 4; i: 0 CGRA node: 9; link: 3 duration 1
[DEBUG] done reg allocation
[DEBUG] occupy link[10]-->[9] (bypass:0) dfgNode: 0 at cycle 4
[DEBUG] skip predecessor routing -- dfgNode: 0
[DEBUG] success in schedule()
[DEBUG] schedule dfg node[16] onto fu[5] at cycle 6 within II: 66
[DEBUG] setDFGNode 16 onto CGRANode 5 at cycle: 6
[DEBUG] occupy link[10]-->[6] (bypass:1) dfgNode: 0 at cycle 4
[DEBUG] in allocateReg() t_cycle: 5; i: 1 CGRA node: 5; link: 3 duration 1
[DEBUG] done reg allocation
[DEBUG] occupy link[6]-->[5] (bypass:0) dfgNode: 0 at cycle 5
[DEBUG] skip predecessor routing -- dfgNode: 0
[DEBUG] success in schedule()
[DEBUG] schedule dfg node[24] onto fu[10] at cycle 5 within II: 66
[DEBUG] setDFGNode 24 onto CGRANode 10 at cycle: 5
[DEBUG] tryToRoute -- srcDFGNode: 0, srcCGRANode: 10; dstDFGNode: 24, dstCGRANode: 10; backEdge: 0
[DEBUG] check route size: 1
[DEBUG] allocate for local reg maintain... duration=1 last cycle: 4
[DEBUG] in allocateReg() t_cycle: 4; i: 0 CGRA node: 10; link: 4 duration 1
[DEBUG] done reg allocation
[DEBUG] success in schedule()
[DEBUG] schedule dfg node[32] onto fu[13] at cycle 6 within II: 66
[DEBUG] setDFGNode 32 onto CGRANode 13 at cycle: 6
[DEBUG] occupy link[10]-->[9] (bypass:1) dfgNode: 0 at cycle 4
[DEBUG] in allocateReg() t_cycle: 5; i: 0 CGRA node: 13; link: 1 duration 1
[DEBUG] done reg allocation
[DEBUG] occupy link[9]-->[13] (bypass:0) dfgNode: 0 at cycle 5
[DEBUG] skip predecessor routing -- dfgNode: 0
[DEBUG] success in schedule()
[DEBUG] schedule dfg node[42] onto fu[2] at cycle 6 within II: 66
[DEBUG] setDFGNode 42 onto CGRANode 2 at cycle: 6
[DEBUG] occupy link[10]-->[6] (bypass:1) dfgNode: 0 at cycle 4
[DEBUG] in allocateReg() t_cycle: 5; i: 0 CGRA node: 2; link: 0 duration 1
[DEBUG] done reg allocation
[DEBUG] occupy link[6]-->[2] (bypass:0) dfgNode: 0 at cycle 5
[DEBUG] skip predecessor routing -- dfgNode: 0
[DEBUG] tryToRoute -- srcDFGNode: 34, srcCGRANode: 6; dstDFGNode: 42, dstCGRANode: 2; backEdge: 0
[DEBUG] check route size: 2
[DEBUG] reset duration: 5 t_dstCycle: 6 previous: 1 II: 66
[DEBUG] in allocateReg() t_cycle: 1; i: 1 CGRA node: 2; link: 0 duration 5
[DEBUG] done reg allocation
[DEBUG] occupy link[6]-->[2] (bypass:0) dfgNode: 34 at cycle 1
[DEBUG] success in schedule()
[DEBUG] schedule dfg node[50] onto fu[1] at cycle 7 within II: 66
[DEBUG] setDFGNode 50 onto CGRANode 1 at cycle: 7
[DEBUG] occupy link[10]-->[6] (bypass:1) dfgNode: 0 at cycle 4
[DEBUG] occupy link[6]-->[2] (bypass:1) dfgNode: 0 at cycle 5
[DEBUG] in allocateReg() t_cycle: 6; i: 0 CGRA node: 1; link: 3 duration 1
[DEBUG] done reg allocation
[DEBUG] occupy link[2]-->[1] (bypass:0) dfgNode: 0 at cycle 6
[DEBUG] skip predecessor routing -- dfgNode: 0
[DEBUG] tryToRoute -- srcDFGNode: 34, srcCGRANode: 6; dstDFGNode: 50, dstCGRANode: 1; backEdge: 0
[DEBUG] in shareSameCycle is true: node 50
[DEBUG] cannot route due to II is violated for backward cycle
DEBUG target DFG node: 50 on fu: 1 failed, mapped pred DFG node: 34; return false
[DEBUG] fail1 in schedule() II: 66
[DEBUG] the failed path -- cycle: 7 CGRANode: 1
[DEBUG] the failed path -- cycle: 6 CGRANode: 2
[DEBUG] the failed path -- cycle: 5 CGRANode: 6
[DEBUG] the failed path -- cycle: 4 CGRANode: 10
----------------------------------------
[DEBUG] start heuristic algorithm with II=67
[DEBUG] schedule dfg node[33] onto fu[5] at cycle 0 within II: 67
[DEBUG] setDFGNode 33 onto CGRANode 5 at cycle: 0
[DEBUG] success in schedule()
[DEBUG] schedule dfg node[34] onto fu[6] at cycle 1 within II: 67
[DEBUG] setDFGNode 34 onto CGRANode 6 at cycle: 1
[DEBUG] in allocateReg() t_cycle: 0; i: 0 CGRA node: 6; link: 2 duration 1
[DEBUG] done reg allocation
[DEBUG] occupy link[5]-->[6] (bypass:0) dfgNode: 33 at cycle 0
[DEBUG] skip predecessor routing -- dfgNode: 33
[DEBUG] success in schedule()
[DEBUG] schedule dfg node[51] onto fu[10] at cycle 2 within II: 67
[DEBUG] setDFGNode 51 onto CGRANode 10 at cycle: 2
[DEBUG] in allocateReg() t_cycle: 1; i: 0 CGRA node: 10; link: 1 duration 1
[DEBUG] done reg allocation
[DEBUG] occupy link[6]-->[10] (bypass:0) dfgNode: 34 at cycle 1
[DEBUG] skip predecessor routing -- dfgNode: 34
[DEBUG] success in schedule()
[DEBUG] schedule dfg node[52] onto fu[9] at cycle 3 within II: 67
[DEBUG] setDFGNode 52 onto CGRANode 9 at cycle: 3
[DEBUG] in allocateReg() t_cycle: 2; i: 0 CGRA node: 9; link: 3 duration 1
[DEBUG] done reg allocation
[DEBUG] occupy link[10]-->[9] (bypass:0) dfgNode: 51 at cycle 2
[DEBUG] skip predecessor routing -- dfgNode: 51
[DEBUG] success in schedule()
[DEBUG] schedule dfg node[0] onto fu[10] at cycle 4 within II: 67
[DEBUG] setDFGNode 0 onto CGRANode 10 at cycle: 4
[DEBUG] in allocateReg() t_cycle: 3; i: 0 CGRA node: 10; link: 2 duration 1
[DEBUG] done reg allocation
[DEBUG] occupy link[9]-->[10] (bypass:0) dfgNode: 52 at cycle 3
[DEBUG] skip predecessor routing -- dfgNode: 52
[DEBUG] in shareSameCycle is true: node 0
[DEBUG] tryToRoute -- srcDFGNode: 0, srcCGRANode: 10; dstDFGNode: 33, dstCGRANode: 5; backEdge: 1
[DEBUG] in shareSameCycle is true: node 33
[DEBUG] check route size: 3
[DEBUG] occupy link[10]-->[6] (bypass:1) dfgNode: 0 at cycle 4
[DEBUG] reset duration: 62 t_dstCycle: 0 previous: 5 II: 67
[DEBUG] in allocateReg() t_cycle: 5; i: 0 CGRA node: 5; link: 3 duration 62
[DEBUG] done reg allocation
[DEBUG] occupy link[6]-->[5] (bypass:0) dfgNode: 0 at cycle 5
[DEBUG] in shareSameCycle is true: node 0
[DEBUG] tryToRoute -- srcDFGNode: 0, srcCGRANode: 10; dstDFGNode: 51, dstCGRANode: 10; backEdge: 1
[DEBUG] in shareSameCycle is true: node 51
[DEBUG] check route size: 1
[DEBUG] allocate for local reg maintain... duration=65 last cycle: 4
[DEBUG] in allocateReg() t_cycle: 4; i: 1 CGRA node: 10; link: 4 duration 65
[DEBUG] done reg allocation
[DEBUG] success in schedule()
[DEBUG] schedule dfg node[1] onto fu[14] at cycle 5 within II: 67
[DEBUG] setDFGNode 1 onto CGRANode 14 at cycle: 5
[DEBUG] in allocateReg() t_cycle: 4; i: 0 CGRA node: 14; link: 1 duration 1
[DEBUG] done reg allocation
[DEBUG] occupy link[10]-->[14] (bypass:0) dfgNode: 0 at cycle 4
[DEBUG] skip predecessor routing -- dfgNode: 0
[DEBUG] success in schedule()
[DEBUG] schedule dfg node[4] onto fu[6] at cycle 5 within II: 67
[DEBUG] setDFGNode 4 onto CGRANode 6 at cycle: 5
[DEBUG] in allocateReg() t_cycle: 4; i: 0 CGRA node: 6; link: 0 duration 1
[DEBUG] done reg allocation
[DEBUG] occupy link[10]-->[6] (bypass:0) dfgNode: 0 at cycle 4
[DEBUG] skip predecessor routing -- dfgNode: 0
[DEBUG] success in schedule()
[DEBUG] schedule dfg node[8] onto fu[9] at cycle 5 within II: 67
[DEBUG] setDFGNode 8 onto CGRANode 9 at cycle: 5
[DEBUG] in allocateReg() t_cycle: 4; i: 0 CGRA node: 9; link: 3 duration 1
[DEBUG] done reg allocation
[DEBUG] occupy link[10]-->[9] (bypass:0) dfgNode: 0 at cycle 4
[DEBUG] skip predecessor routing -- dfgNode: 0
[DEBUG] success in schedule()
[DEBUG] schedule dfg node[16] onto fu[5] at cycle 6 within II: 67
[DEBUG] setDFGNode 16 onto CGRANode 5 at cycle: 6
[DEBUG] occupy link[10]-->[6] (bypass:1) dfgNode: 0 at cycle 4
[DEBUG] in allocateReg() t_cycle: 5; i: 1 CGRA node: 5; link: 3 duration 1
[DEBUG] done reg allocation
[DEBUG] occupy link[6]-->[5] (bypass:0) dfgNode: 0 at cycle 5
[DEBUG] skip predecessor routing -- dfgNode: 0
[DEBUG] success in schedule()
[DEBUG] schedule dfg node[24] onto fu[10] at cycle 5 within II: 67
[DEBUG] setDFGNode 24 onto CGRANode 10 at cycle: 5
[DEBUG] tryToRoute -- srcDFGNode: 0, srcCGRANode: 10; dstDFGNode: 24, dstCGRANode: 10; backEdge: 0
[DEBUG] check route size: 1
[DEBUG] allocate for local reg maintain... duration=1 last cycle: 4
[DEBUG] in allocateReg() t_cycle: 4; i: 0 CGRA node: 10; link: 4 duration 1
[DEBUG] done reg allocation
[DEBUG] success in schedule()
[DEBUG] schedule dfg node[32] onto fu[13] at cycle 6 within II: 67
[DEBUG] setDFGNode 32 onto CGRANode 13 at cycle: 6
[DEBUG] occupy link[10]-->[9] (bypass:1) dfgNode: 0 at cycle 4
[DEBUG] in allocateReg() t_cycle: 5; i: 0 CGRA node: 13; link: 1 duration 1
[DEBUG] done reg allocation
[DEBUG] occupy link[9]-->[13] (bypass:0) dfgNode: 0 at cycle 5
[DEBUG] skip predecessor routing -- dfgNode: 0
[DEBUG] success in schedule()
[DEBUG] schedule dfg node[42] onto fu[2] at cycle 6 within II: 67
[DEBUG] setDFGNode 42 onto CGRANode 2 at cycle: 6
[DEBUG] occupy link[10]-->[6] (bypass:1) dfgNode: 0 at cycle 4
[DEBUG] in allocateReg() t_cycle: 5; i: 0 CGRA node: 2; link: 0 duration 1
[DEBUG] done reg allocation
[DEBUG] occupy link[6]-->[2] (bypass:0) dfgNode: 0 at cycle 5
[DEBUG] skip predecessor routing -- dfgNode: 0
[DEBUG] tryToRoute -- srcDFGNode: 34, srcCGRANode: 6; dstDFGNode: 42, dstCGRANode: 2; backEdge: 0
[DEBUG] check route size: 2
[DEBUG] reset duration: 5 t_dstCycle: 6 previous: 1 II: 67
[DEBUG] in allocateReg() t_cycle: 1; i: 1 CGRA node: 2; link: 0 duration 5
[DEBUG] done reg allocation
[DEBUG] occupy link[6]-->[2] (bypass:0) dfgNode: 34 at cycle 1
[DEBUG] success in schedule()
[DEBUG] schedule dfg node[50] onto fu[1] at cycle 7 within II: 67
[DEBUG] setDFGNode 50 onto CGRANode 1 at cycle: 7
[DEBUG] occupy link[10]-->[6] (bypass:1) dfgNode: 0 at cycle 4
[DEBUG] occupy link[6]-->[2] (bypass:1) dfgNode: 0 at cycle 5
[DEBUG] in allocateReg() t_cycle: 6; i: 0 CGRA node: 1; link: 3 duration 1
[DEBUG] done reg allocation
[DEBUG] occupy link[2]-->[1] (bypass:0) dfgNode: 0 at cycle 6
[DEBUG] skip predecessor routing -- dfgNode: 0
[DEBUG] tryToRoute -- srcDFGNode: 34, srcCGRANode: 6; dstDFGNode: 50, dstCGRANode: 1; backEdge: 0
[DEBUG] in shareSameCycle is true: node 50
[DEBUG] cannot route due to II is violated for backward cycle
DEBUG target DFG node: 50 on fu: 1 failed, mapped pred DFG node: 34; return false
[DEBUG] fail1 in schedule() II: 67
[DEBUG] the failed path -- cycle: 7 CGRANode: 1
[DEBUG] the failed path -- cycle: 6 CGRANode: 2
[DEBUG] the failed path -- cycle: 5 CGRANode: 6
[DEBUG] the failed path -- cycle: 4 CGRANode: 10
----------------------------------------
[DEBUG] start heuristic algorithm with II=68
[DEBUG] schedule dfg node[33] onto fu[5] at cycle 0 within II: 68
[DEBUG] setDFGNode 33 onto CGRANode 5 at cycle: 0
[DEBUG] success in schedule()
[DEBUG] schedule dfg node[34] onto fu[6] at cycle 1 within II: 68
[DEBUG] setDFGNode 34 onto CGRANode 6 at cycle: 1
[DEBUG] in allocateReg() t_cycle: 0; i: 0 CGRA node: 6; link: 2 duration 1
[DEBUG] done reg allocation
[DEBUG] occupy link[5]-->[6] (bypass:0) dfgNode: 33 at cycle 0
[DEBUG] skip predecessor routing -- dfgNode: 33
[DEBUG] success in schedule()
[DEBUG] schedule dfg node[51] onto fu[10] at cycle 2 within II: 68
[DEBUG] setDFGNode 51 onto CGRANode 10 at cycle: 2
[DEBUG] in allocateReg() t_cycle: 1; i: 0 CGRA node: 10; link: 1 duration 1
[DEBUG] done reg allocation
[DEBUG] occupy link[6]-->[10] (bypass:0) dfgNode: 34 at cycle 1
[DEBUG] skip predecessor routing -- dfgNode: 34
[DEBUG] success in schedule()
[DEBUG] schedule dfg node[52] onto fu[9] at cycle 3 within II: 68
[DEBUG] setDFGNode 52 onto CGRANode 9 at cycle: 3
[DEBUG] in allocateReg() t_cycle: 2; i: 0 CGRA node: 9; link: 3 duration 1
[DEBUG] done reg allocation
[DEBUG] occupy link[10]-->[9] (bypass:0) dfgNode: 51 at cycle 2
[DEBUG] skip predecessor routing -- dfgNode: 51
[DEBUG] success in schedule()
[DEBUG] schedule dfg node[0] onto fu[10] at cycle 4 within II: 68
[DEBUG] setDFGNode 0 onto CGRANode 10 at cycle: 4
[DEBUG] in allocateReg() t_cycle: 3; i: 0 CGRA node: 10; link: 2 duration 1
[DEBUG] done reg allocation
[DEBUG] occupy link[9]-->[10] (bypass:0) dfgNode: 52 at cycle 3
[DEBUG] skip predecessor routing -- dfgNode: 52
[DEBUG] in shareSameCycle is true: node 0
[DEBUG] tryToRoute -- srcDFGNode: 0, srcCGRANode: 10; dstDFGNode: 33, dstCGRANode: 5; backEdge: 1
[DEBUG] in shareSameCycle is true: node 33
[DEBUG] check route size: 3
[DEBUG] occupy link[10]-->[6] (bypass:1) dfgNode: 0 at cycle 4
[DEBUG] reset duration: 63 t_dstCycle: 0 previous: 5 II: 68
[DEBUG] in allocateReg() t_cycle: 5; i: 0 CGRA node: 5; link: 3 duration 63
[DEBUG] done reg allocation
[DEBUG] occupy link[6]-->[5] (bypass:0) dfgNode: 0 at cycle 5
[DEBUG] in shareSameCycle is true: node 0
[DEBUG] tryToRoute -- srcDFGNode: 0, srcCGRANode: 10; dstDFGNode: 51, dstCGRANode: 10; backEdge: 1
[DEBUG] in shareSameCycle is true: node 51
[DEBUG] check route size: 1
[DEBUG] allocate for local reg maintain... duration=66 last cycle: 4
[DEBUG] in allocateReg() t_cycle: 4; i: 1 CGRA node: 10; link: 4 duration 66
[DEBUG] done reg allocation
[DEBUG] success in schedule()
[DEBUG] schedule dfg node[1] onto fu[14] at cycle 5 within II: 68
[DEBUG] setDFGNode 1 onto CGRANode 14 at cycle: 5
[DEBUG] in allocateReg() t_cycle: 4; i: 0 CGRA node: 14; link: 1 duration 1
[DEBUG] done reg allocation
[DEBUG] occupy link[10]-->[14] (bypass:0) dfgNode: 0 at cycle 4
[DEBUG] skip predecessor routing -- dfgNode: 0
[DEBUG] success in schedule()
[DEBUG] schedule dfg node[4] onto fu[6] at cycle 5 within II: 68
[DEBUG] setDFGNode 4 onto CGRANode 6 at cycle: 5
[DEBUG] in allocateReg() t_cycle: 4; i: 0 CGRA node: 6; link: 0 duration 1
[DEBUG] done reg allocation
[DEBUG] occupy link[10]-->[6] (bypass:0) dfgNode: 0 at cycle 4
[DEBUG] skip predecessor routing -- dfgNode: 0
[DEBUG] success in schedule()
[DEBUG] schedule dfg node[8] onto fu[9] at cycle 5 within II: 68
[DEBUG] setDFGNode 8 onto CGRANode 9 at cycle: 5
[DEBUG] in allocateReg() t_cycle: 4; i: 0 CGRA node: 9; link: 3 duration 1
[DEBUG] done reg allocation
[DEBUG] occupy link[10]-->[9] (bypass:0) dfgNode: 0 at cycle 4
[DEBUG] skip predecessor routing -- dfgNode: 0
[DEBUG] success in schedule()
[DEBUG] schedule dfg node[16] onto fu[5] at cycle 6 within II: 68
[DEBUG] setDFGNode 16 onto CGRANode 5 at cycle: 6
[DEBUG] occupy link[10]-->[6] (bypass:1) dfgNode: 0 at cycle 4
[DEBUG] in allocateReg() t_cycle: 5; i: 1 CGRA node: 5; link: 3 duration 1
[DEBUG] done reg allocation
[DEBUG] occupy link[6]-->[5] (bypass:0) dfgNode: 0 at cycle 5
[DEBUG] skip predecessor routing -- dfgNode: 0
[DEBUG] success in schedule()
[DEBUG] schedule dfg node[24] onto fu[10] at cycle 5 within II: 68
[DEBUG] setDFGNode 24 onto CGRANode 10 at cycle: 5
[DEBUG] tryToRoute -- srcDFGNode: 0, srcCGRANode: 10; dstDFGNode: 24, dstCGRANode: 10; backEdge: 0
[DEBUG] check route size: 1
[DEBUG] allocate for local reg maintain... duration=1 last cycle: 4
[DEBUG] in allocateReg() t_cycle: 4; i: 0 CGRA node: 10; link: 4 duration 1
[DEBUG] done reg allocation
[DEBUG] success in schedule()
[DEBUG] schedule dfg node[32] onto fu[13] at cycle 6 within II: 68
[DEBUG] setDFGNode 32 onto CGRANode 13 at cycle: 6
[DEBUG] occupy link[10]-->[9] (bypass:1) dfgNode: 0 at cycle 4
[DEBUG] in allocateReg() t_cycle: 5; i: 0 CGRA node: 13; link: 1 duration 1
[DEBUG] done reg allocation
[DEBUG] occupy link[9]-->[13] (bypass:0) dfgNode: 0 at cycle 5
[DEBUG] skip predecessor routing -- dfgNode: 0
[DEBUG] success in schedule()
[DEBUG] schedule dfg node[42] onto fu[2] at cycle 6 within II: 68
[DEBUG] setDFGNode 42 onto CGRANode 2 at cycle: 6
[DEBUG] occupy link[10]-->[6] (bypass:1) dfgNode: 0 at cycle 4
[DEBUG] in allocateReg() t_cycle: 5; i: 0 CGRA node: 2; link: 0 duration 1
[DEBUG] done reg allocation
[DEBUG] occupy link[6]-->[2] (bypass:0) dfgNode: 0 at cycle 5
[DEBUG] skip predecessor routing -- dfgNode: 0
[DEBUG] tryToRoute -- srcDFGNode: 34, srcCGRANode: 6; dstDFGNode: 42, dstCGRANode: 2; backEdge: 0
[DEBUG] check route size: 2
[DEBUG] reset duration: 5 t_dstCycle: 6 previous: 1 II: 68
[DEBUG] in allocateReg() t_cycle: 1; i: 1 CGRA node: 2; link: 0 duration 5
[DEBUG] done reg allocation
[DEBUG] occupy link[6]-->[2] (bypass:0) dfgNode: 34 at cycle 1
[DEBUG] success in schedule()
[DEBUG] schedule dfg node[50] onto fu[1] at cycle 7 within II: 68
[DEBUG] setDFGNode 50 onto CGRANode 1 at cycle: 7
[DEBUG] occupy link[10]-->[6] (bypass:1) dfgNode: 0 at cycle 4
[DEBUG] occupy link[6]-->[2] (bypass:1) dfgNode: 0 at cycle 5
[DEBUG] in allocateReg() t_cycle: 6; i: 0 CGRA node: 1; link: 3 duration 1
[DEBUG] done reg allocation
[DEBUG] occupy link[2]-->[1] (bypass:0) dfgNode: 0 at cycle 6
[DEBUG] skip predecessor routing -- dfgNode: 0
[DEBUG] tryToRoute -- srcDFGNode: 34, srcCGRANode: 6; dstDFGNode: 50, dstCGRANode: 1; backEdge: 0
[DEBUG] in shareSameCycle is true: node 50
[DEBUG] cannot route due to II is violated for backward cycle
DEBUG target DFG node: 50 on fu: 1 failed, mapped pred DFG node: 34; return false
[DEBUG] fail1 in schedule() II: 68
[DEBUG] the failed path -- cycle: 7 CGRANode: 1
[DEBUG] the failed path -- cycle: 6 CGRANode: 2
[DEBUG] the failed path -- cycle: 5 CGRANode: 6
[DEBUG] the failed path -- cycle: 4 CGRANode: 10
----------------------------------------
[DEBUG] start heuristic algorithm with II=69
[DEBUG] schedule dfg node[33] onto fu[5] at cycle 0 within II: 69
[DEBUG] setDFGNode 33 onto CGRANode 5 at cycle: 0
[DEBUG] success in schedule()
[DEBUG] schedule dfg node[34] onto fu[6] at cycle 1 within II: 69
[DEBUG] setDFGNode 34 onto CGRANode 6 at cycle: 1
[DEBUG] in allocateReg() t_cycle: 0; i: 0 CGRA node: 6; link: 2 duration 1
[DEBUG] done reg allocation
[DEBUG] occupy link[5]-->[6] (bypass:0) dfgNode: 33 at cycle 0
[DEBUG] skip predecessor routing -- dfgNode: 33
[DEBUG] success in schedule()
[DEBUG] schedule dfg node[51] onto fu[10] at cycle 2 within II: 69
[DEBUG] setDFGNode 51 onto CGRANode 10 at cycle: 2
[DEBUG] in allocateReg() t_cycle: 1; i: 0 CGRA node: 10; link: 1 duration 1
[DEBUG] done reg allocation
[DEBUG] occupy link[6]-->[10] (bypass:0) dfgNode: 34 at cycle 1
[DEBUG] skip predecessor routing -- dfgNode: 34
[DEBUG] success in schedule()
[DEBUG] schedule dfg node[52] onto fu[9] at cycle 3 within II: 69
[DEBUG] setDFGNode 52 onto CGRANode 9 at cycle: 3
[DEBUG] in allocateReg() t_cycle: 2; i: 0 CGRA node: 9; link: 3 duration 1
[DEBUG] done reg allocation
[DEBUG] occupy link[10]-->[9] (bypass:0) dfgNode: 51 at cycle 2
[DEBUG] skip predecessor routing -- dfgNode: 51
[DEBUG] success in schedule()
[DEBUG] schedule dfg node[0] onto fu[10] at cycle 4 within II: 69
[DEBUG] setDFGNode 0 onto CGRANode 10 at cycle: 4
[DEBUG] in allocateReg() t_cycle: 3; i: 0 CGRA node: 10; link: 2 duration 1
[DEBUG] done reg allocation
[DEBUG] occupy link[9]-->[10] (bypass:0) dfgNode: 52 at cycle 3
[DEBUG] skip predecessor routing -- dfgNode: 52
[DEBUG] in shareSameCycle is true: node 0
[DEBUG] tryToRoute -- srcDFGNode: 0, srcCGRANode: 10; dstDFGNode: 33, dstCGRANode: 5; backEdge: 1
[DEBUG] in shareSameCycle is true: node 33
[DEBUG] check route size: 3
[DEBUG] occupy link[10]-->[6] (bypass:1) dfgNode: 0 at cycle 4
[DEBUG] reset duration: 64 t_dstCycle: 0 previous: 5 II: 69
[DEBUG] in allocateReg() t_cycle: 5; i: 0 CGRA node: 5; link: 3 duration 64
[DEBUG] done reg allocation
[DEBUG] occupy link[6]-->[5] (bypass:0) dfgNode: 0 at cycle 5
[DEBUG] in shareSameCycle is true: node 0
[DEBUG] tryToRoute -- srcDFGNode: 0, srcCGRANode: 10; dstDFGNode: 51, dstCGRANode: 10; backEdge: 1
[DEBUG] in shareSameCycle is true: node 51
[DEBUG] check route size: 1
[DEBUG] allocate for local reg maintain... duration=67 last cycle: 4
[DEBUG] in allocateReg() t_cycle: 4; i: 1 CGRA node: 10; link: 4 duration 67
[DEBUG] done reg allocation
[DEBUG] success in schedule()
[DEBUG] schedule dfg node[1] onto fu[14] at cycle 5 within II: 69
[DEBUG] setDFGNode 1 onto CGRANode 14 at cycle: 5
[DEBUG] in allocateReg() t_cycle: 4; i: 0 CGRA node: 14; link: 1 duration 1
[DEBUG] done reg allocation
[DEBUG] occupy link[10]-->[14] (bypass:0) dfgNode: 0 at cycle 4
[DEBUG] skip predecessor routing -- dfgNode: 0
[DEBUG] success in schedule()
[DEBUG] schedule dfg node[4] onto fu[6] at cycle 5 within II: 69
[DEBUG] setDFGNode 4 onto CGRANode 6 at cycle: 5
[DEBUG] in allocateReg() t_cycle: 4; i: 0 CGRA node: 6; link: 0 duration 1
[DEBUG] done reg allocation
[DEBUG] occupy link[10]-->[6] (bypass:0) dfgNode: 0 at cycle 4
[DEBUG] skip predecessor routing -- dfgNode: 0
[DEBUG] success in schedule()
[DEBUG] schedule dfg node[8] onto fu[9] at cycle 5 within II: 69
[DEBUG] setDFGNode 8 onto CGRANode 9 at cycle: 5
[DEBUG] in allocateReg() t_cycle: 4; i: 0 CGRA node: 9; link: 3 duration 1
[DEBUG] done reg allocation
[DEBUG] occupy link[10]-->[9] (bypass:0) dfgNode: 0 at cycle 4
[DEBUG] skip predecessor routing -- dfgNode: 0
[DEBUG] success in schedule()
[DEBUG] schedule dfg node[16] onto fu[5] at cycle 6 within II: 69
[DEBUG] setDFGNode 16 onto CGRANode 5 at cycle: 6
[DEBUG] occupy link[10]-->[6] (bypass:1) dfgNode: 0 at cycle 4
[DEBUG] in allocateReg() t_cycle: 5; i: 1 CGRA node: 5; link: 3 duration 1
[DEBUG] done reg allocation
[DEBUG] occupy link[6]-->[5] (bypass:0) dfgNode: 0 at cycle 5
[DEBUG] skip predecessor routing -- dfgNode: 0
[DEBUG] success in schedule()
[DEBUG] schedule dfg node[24] onto fu[10] at cycle 5 within II: 69
[DEBUG] setDFGNode 24 onto CGRANode 10 at cycle: 5
[DEBUG] tryToRoute -- srcDFGNode: 0, srcCGRANode: 10; dstDFGNode: 24, dstCGRANode: 10; backEdge: 0
[DEBUG] check route size: 1
[DEBUG] allocate for local reg maintain... duration=1 last cycle: 4
[DEBUG] in allocateReg() t_cycle: 4; i: 0 CGRA node: 10; link: 4 duration 1
[DEBUG] done reg allocation
[DEBUG] success in schedule()
[DEBUG] schedule dfg node[32] onto fu[13] at cycle 6 within II: 69
[DEBUG] setDFGNode 32 onto CGRANode 13 at cycle: 6
[DEBUG] occupy link[10]-->[9] (bypass:1) dfgNode: 0 at cycle 4
[DEBUG] in allocateReg() t_cycle: 5; i: 0 CGRA node: 13; link: 1 duration 1
[DEBUG] done reg allocation
[DEBUG] occupy link[9]-->[13] (bypass:0) dfgNode: 0 at cycle 5
[DEBUG] skip predecessor routing -- dfgNode: 0
[DEBUG] success in schedule()
[DEBUG] schedule dfg node[42] onto fu[2] at cycle 6 within II: 69
[DEBUG] setDFGNode 42 onto CGRANode 2 at cycle: 6
[DEBUG] occupy link[10]-->[6] (bypass:1) dfgNode: 0 at cycle 4
[DEBUG] in allocateReg() t_cycle: 5; i: 0 CGRA node: 2; link: 0 duration 1
[DEBUG] done reg allocation
[DEBUG] occupy link[6]-->[2] (bypass:0) dfgNode: 0 at cycle 5
[DEBUG] skip predecessor routing -- dfgNode: 0
[DEBUG] tryToRoute -- srcDFGNode: 34, srcCGRANode: 6; dstDFGNode: 42, dstCGRANode: 2; backEdge: 0
[DEBUG] check route size: 2
[DEBUG] reset duration: 5 t_dstCycle: 6 previous: 1 II: 69
[DEBUG] in allocateReg() t_cycle: 1; i: 1 CGRA node: 2; link: 0 duration 5
[DEBUG] done reg allocation
[DEBUG] occupy link[6]-->[2] (bypass:0) dfgNode: 34 at cycle 1
[DEBUG] success in schedule()
[DEBUG] schedule dfg node[50] onto fu[1] at cycle 7 within II: 69
[DEBUG] setDFGNode 50 onto CGRANode 1 at cycle: 7
[DEBUG] occupy link[10]-->[6] (bypass:1) dfgNode: 0 at cycle 4
[DEBUG] occupy link[6]-->[2] (bypass:1) dfgNode: 0 at cycle 5
[DEBUG] in allocateReg() t_cycle: 6; i: 0 CGRA node: 1; link: 3 duration 1
[DEBUG] done reg allocation
[DEBUG] occupy link[2]-->[1] (bypass:0) dfgNode: 0 at cycle 6
[DEBUG] skip predecessor routing -- dfgNode: 0
[DEBUG] tryToRoute -- srcDFGNode: 34, srcCGRANode: 6; dstDFGNode: 50, dstCGRANode: 1; backEdge: 0
[DEBUG] in shareSameCycle is true: node 50
[DEBUG] cannot route due to II is violated for backward cycle
DEBUG target DFG node: 50 on fu: 1 failed, mapped pred DFG node: 34; return false
[DEBUG] fail1 in schedule() II: 69
[DEBUG] the failed path -- cycle: 7 CGRANode: 1
[DEBUG] the failed path -- cycle: 6 CGRANode: 2
[DEBUG] the failed path -- cycle: 5 CGRANode: 6
[DEBUG] the failed path -- cycle: 4 CGRANode: 10
----------------------------------------
[DEBUG] start heuristic algorithm with II=70
[DEBUG] schedule dfg node[33] onto fu[5] at cycle 0 within II: 70
[DEBUG] setDFGNode 33 onto CGRANode 5 at cycle: 0
[DEBUG] success in schedule()
[DEBUG] schedule dfg node[34] onto fu[6] at cycle 1 within II: 70
[DEBUG] setDFGNode 34 onto CGRANode 6 at cycle: 1
[DEBUG] in allocateReg() t_cycle: 0; i: 0 CGRA node: 6; link: 2 duration 1
[DEBUG] done reg allocation
[DEBUG] occupy link[5]-->[6] (bypass:0) dfgNode: 33 at cycle 0
[DEBUG] skip predecessor routing -- dfgNode: 33
[DEBUG] success in schedule()
[DEBUG] schedule dfg node[51] onto fu[10] at cycle 2 within II: 70
[DEBUG] setDFGNode 51 onto CGRANode 10 at cycle: 2
[DEBUG] in allocateReg() t_cycle: 1; i: 0 CGRA node: 10; link: 1 duration 1
[DEBUG] done reg allocation
[DEBUG] occupy link[6]-->[10] (bypass:0) dfgNode: 34 at cycle 1
[DEBUG] skip predecessor routing -- dfgNode: 34
[DEBUG] success in schedule()
[DEBUG] schedule dfg node[52] onto fu[9] at cycle 3 within II: 70
[DEBUG] setDFGNode 52 onto CGRANode 9 at cycle: 3
[DEBUG] in allocateReg() t_cycle: 2; i: 0 CGRA node: 9; link: 3 duration 1
[DEBUG] done reg allocation
[DEBUG] occupy link[10]-->[9] (bypass:0) dfgNode: 51 at cycle 2
[DEBUG] skip predecessor routing -- dfgNode: 51
[DEBUG] success in schedule()
[DEBUG] schedule dfg node[0] onto fu[10] at cycle 4 within II: 70
[DEBUG] setDFGNode 0 onto CGRANode 10 at cycle: 4
[DEBUG] in allocateReg() t_cycle: 3; i: 0 CGRA node: 10; link: 2 duration 1
[DEBUG] done reg allocation
[DEBUG] occupy link[9]-->[10] (bypass:0) dfgNode: 52 at cycle 3
[DEBUG] skip predecessor routing -- dfgNode: 52
[DEBUG] in shareSameCycle is true: node 0
[DEBUG] tryToRoute -- srcDFGNode: 0, srcCGRANode: 10; dstDFGNode: 33, dstCGRANode: 5; backEdge: 1
[DEBUG] in shareSameCycle is true: node 33
[DEBUG] check route size: 3
[DEBUG] occupy link[10]-->[6] (bypass:1) dfgNode: 0 at cycle 4
[DEBUG] reset duration: 65 t_dstCycle: 0 previous: 5 II: 70
[DEBUG] in allocateReg() t_cycle: 5; i: 0 CGRA node: 5; link: 3 duration 65
[DEBUG] done reg allocation
[DEBUG] occupy link[6]-->[5] (bypass:0) dfgNode: 0 at cycle 5
[DEBUG] in shareSameCycle is true: node 0
[DEBUG] tryToRoute -- srcDFGNode: 0, srcCGRANode: 10; dstDFGNode: 51, dstCGRANode: 10; backEdge: 1
[DEBUG] in shareSameCycle is true: node 51
[DEBUG] check route size: 1
[DEBUG] allocate for local reg maintain... duration=68 last cycle: 4
[DEBUG] in allocateReg() t_cycle: 4; i: 1 CGRA node: 10; link: 4 duration 68
[DEBUG] done reg allocation
[DEBUG] success in schedule()
[DEBUG] schedule dfg node[1] onto fu[14] at cycle 5 within II: 70
[DEBUG] setDFGNode 1 onto CGRANode 14 at cycle: 5
[DEBUG] in allocateReg() t_cycle: 4; i: 0 CGRA node: 14; link: 1 duration 1
[DEBUG] done reg allocation
[DEBUG] occupy link[10]-->[14] (bypass:0) dfgNode: 0 at cycle 4
[DEBUG] skip predecessor routing -- dfgNode: 0
[DEBUG] success in schedule()
[DEBUG] schedule dfg node[4] onto fu[6] at cycle 5 within II: 70
[DEBUG] setDFGNode 4 onto CGRANode 6 at cycle: 5
[DEBUG] in allocateReg() t_cycle: 4; i: 0 CGRA node: 6; link: 0 duration 1
[DEBUG] done reg allocation
[DEBUG] occupy link[10]-->[6] (bypass:0) dfgNode: 0 at cycle 4
[DEBUG] skip predecessor routing -- dfgNode: 0
[DEBUG] success in schedule()
[DEBUG] schedule dfg node[8] onto fu[9] at cycle 5 within II: 70
[DEBUG] setDFGNode 8 onto CGRANode 9 at cycle: 5
[DEBUG] in allocateReg() t_cycle: 4; i: 0 CGRA node: 9; link: 3 duration 1
[DEBUG] done reg allocation
[DEBUG] occupy link[10]-->[9] (bypass:0) dfgNode: 0 at cycle 4
[DEBUG] skip predecessor routing -- dfgNode: 0
[DEBUG] success in schedule()
[DEBUG] schedule dfg node[16] onto fu[5] at cycle 6 within II: 70
[DEBUG] setDFGNode 16 onto CGRANode 5 at cycle: 6
[DEBUG] occupy link[10]-->[6] (bypass:1) dfgNode: 0 at cycle 4
[DEBUG] in allocateReg() t_cycle: 5; i: 1 CGRA node: 5; link: 3 duration 1
[DEBUG] done reg allocation
[DEBUG] occupy link[6]-->[5] (bypass:0) dfgNode: 0 at cycle 5
[DEBUG] skip predecessor routing -- dfgNode: 0
[DEBUG] success in schedule()
[DEBUG] schedule dfg node[24] onto fu[10] at cycle 5 within II: 70
[DEBUG] setDFGNode 24 onto CGRANode 10 at cycle: 5
[DEBUG] tryToRoute -- srcDFGNode: 0, srcCGRANode: 10; dstDFGNode: 24, dstCGRANode: 10; backEdge: 0
[DEBUG] check route size: 1
[DEBUG] allocate for local reg maintain... duration=1 last cycle: 4
[DEBUG] in allocateReg() t_cycle: 4; i: 0 CGRA node: 10; link: 4 duration 1
[DEBUG] done reg allocation
[DEBUG] success in schedule()
[DEBUG] schedule dfg node[32] onto fu[13] at cycle 6 within II: 70
[DEBUG] setDFGNode 32 onto CGRANode 13 at cycle: 6
[DEBUG] occupy link[10]-->[9] (bypass:1) dfgNode: 0 at cycle 4
[DEBUG] in allocateReg() t_cycle: 5; i: 0 CGRA node: 13; link: 1 duration 1
[DEBUG] done reg allocation
[DEBUG] occupy link[9]-->[13] (bypass:0) dfgNode: 0 at cycle 5
[DEBUG] skip predecessor routing -- dfgNode: 0
[DEBUG] success in schedule()
[DEBUG] schedule dfg node[42] onto fu[2] at cycle 6 within II: 70
[DEBUG] setDFGNode 42 onto CGRANode 2 at cycle: 6
[DEBUG] occupy link[10]-->[6] (bypass:1) dfgNode: 0 at cycle 4
[DEBUG] in allocateReg() t_cycle: 5; i: 0 CGRA node: 2; link: 0 duration 1
[DEBUG] done reg allocation
[DEBUG] occupy link[6]-->[2] (bypass:0) dfgNode: 0 at cycle 5
[DEBUG] skip predecessor routing -- dfgNode: 0
[DEBUG] tryToRoute -- srcDFGNode: 34, srcCGRANode: 6; dstDFGNode: 42, dstCGRANode: 2; backEdge: 0
[DEBUG] check route size: 2
[DEBUG] reset duration: 5 t_dstCycle: 6 previous: 1 II: 70
[DEBUG] in allocateReg() t_cycle: 1; i: 1 CGRA node: 2; link: 0 duration 5
[DEBUG] done reg allocation
[DEBUG] occupy link[6]-->[2] (bypass:0) dfgNode: 34 at cycle 1
[DEBUG] success in schedule()
[DEBUG] schedule dfg node[50] onto fu[1] at cycle 7 within II: 70
[DEBUG] setDFGNode 50 onto CGRANode 1 at cycle: 7
[DEBUG] occupy link[10]-->[6] (bypass:1) dfgNode: 0 at cycle 4
[DEBUG] occupy link[6]-->[2] (bypass:1) dfgNode: 0 at cycle 5
[DEBUG] in allocateReg() t_cycle: 6; i: 0 CGRA node: 1; link: 3 duration 1
[DEBUG] done reg allocation
[DEBUG] occupy link[2]-->[1] (bypass:0) dfgNode: 0 at cycle 6
[DEBUG] skip predecessor routing -- dfgNode: 0
[DEBUG] tryToRoute -- srcDFGNode: 34, srcCGRANode: 6; dstDFGNode: 50, dstCGRANode: 1; backEdge: 0
[DEBUG] in shareSameCycle is true: node 50
[DEBUG] cannot route due to II is violated for backward cycle
DEBUG target DFG node: 50 on fu: 1 failed, mapped pred DFG node: 34; return false
[DEBUG] fail1 in schedule() II: 70
[DEBUG] the failed path -- cycle: 7 CGRANode: 1
[DEBUG] the failed path -- cycle: 6 CGRANode: 2
[DEBUG] the failed path -- cycle: 5 CGRANode: 6
[DEBUG] the failed path -- cycle: 4 CGRANode: 10
----------------------------------------
[DEBUG] start heuristic algorithm with II=71
[DEBUG] schedule dfg node[33] onto fu[5] at cycle 0 within II: 71
[DEBUG] setDFGNode 33 onto CGRANode 5 at cycle: 0
[DEBUG] success in schedule()
[DEBUG] schedule dfg node[34] onto fu[6] at cycle 1 within II: 71
[DEBUG] setDFGNode 34 onto CGRANode 6 at cycle: 1
[DEBUG] in allocateReg() t_cycle: 0; i: 0 CGRA node: 6; link: 2 duration 1
[DEBUG] done reg allocation
[DEBUG] occupy link[5]-->[6] (bypass:0) dfgNode: 33 at cycle 0
[DEBUG] skip predecessor routing -- dfgNode: 33
[DEBUG] success in schedule()
[DEBUG] schedule dfg node[51] onto fu[10] at cycle 2 within II: 71
[DEBUG] setDFGNode 51 onto CGRANode 10 at cycle: 2
[DEBUG] in allocateReg() t_cycle: 1; i: 0 CGRA node: 10; link: 1 duration 1
[DEBUG] done reg allocation
[DEBUG] occupy link[6]-->[10] (bypass:0) dfgNode: 34 at cycle 1
[DEBUG] skip predecessor routing -- dfgNode: 34
[DEBUG] success in schedule()
[DEBUG] schedule dfg node[52] onto fu[9] at cycle 3 within II: 71
[DEBUG] setDFGNode 52 onto CGRANode 9 at cycle: 3
[DEBUG] in allocateReg() t_cycle: 2; i: 0 CGRA node: 9; link: 3 duration 1
[DEBUG] done reg allocation
[DEBUG] occupy link[10]-->[9] (bypass:0) dfgNode: 51 at cycle 2
[DEBUG] skip predecessor routing -- dfgNode: 51
[DEBUG] success in schedule()
[DEBUG] schedule dfg node[0] onto fu[10] at cycle 4 within II: 71
[DEBUG] setDFGNode 0 onto CGRANode 10 at cycle: 4
[DEBUG] in allocateReg() t_cycle: 3; i: 0 CGRA node: 10; link: 2 duration 1
[DEBUG] done reg allocation
[DEBUG] occupy link[9]-->[10] (bypass:0) dfgNode: 52 at cycle 3
[DEBUG] skip predecessor routing -- dfgNode: 52
[DEBUG] in shareSameCycle is true: node 0
[DEBUG] tryToRoute -- srcDFGNode: 0, srcCGRANode: 10; dstDFGNode: 33, dstCGRANode: 5; backEdge: 1
[DEBUG] in shareSameCycle is true: node 33
[DEBUG] check route size: 3
[DEBUG] occupy link[10]-->[6] (bypass:1) dfgNode: 0 at cycle 4
[DEBUG] reset duration: 66 t_dstCycle: 0 previous: 5 II: 71
[DEBUG] in allocateReg() t_cycle: 5; i: 0 CGRA node: 5; link: 3 duration 66
[DEBUG] done reg allocation
[DEBUG] occupy link[6]-->[5] (bypass:0) dfgNode: 0 at cycle 5
[DEBUG] in shareSameCycle is true: node 0
[DEBUG] tryToRoute -- srcDFGNode: 0, srcCGRANode: 10; dstDFGNode: 51, dstCGRANode: 10; backEdge: 1
[DEBUG] in shareSameCycle is true: node 51
[DEBUG] check route size: 1
[DEBUG] allocate for local reg maintain... duration=69 last cycle: 4
[DEBUG] in allocateReg() t_cycle: 4; i: 1 CGRA node: 10; link: 4 duration 69
[DEBUG] done reg allocation
[DEBUG] success in schedule()
[DEBUG] schedule dfg node[1] onto fu[14] at cycle 5 within II: 71
[DEBUG] setDFGNode 1 onto CGRANode 14 at cycle: 5
[DEBUG] in allocateReg() t_cycle: 4; i: 0 CGRA node: 14; link: 1 duration 1
[DEBUG] done reg allocation
[DEBUG] occupy link[10]-->[14] (bypass:0) dfgNode: 0 at cycle 4
[DEBUG] skip predecessor routing -- dfgNode: 0
[DEBUG] success in schedule()
[DEBUG] schedule dfg node[4] onto fu[6] at cycle 5 within II: 71
[DEBUG] setDFGNode 4 onto CGRANode 6 at cycle: 5
[DEBUG] in allocateReg() t_cycle: 4; i: 0 CGRA node: 6; link: 0 duration 1
[DEBUG] done reg allocation
[DEBUG] occupy link[10]-->[6] (bypass:0) dfgNode: 0 at cycle 4
[DEBUG] skip predecessor routing -- dfgNode: 0
[DEBUG] success in schedule()
[DEBUG] schedule dfg node[8] onto fu[9] at cycle 5 within II: 71
[DEBUG] setDFGNode 8 onto CGRANode 9 at cycle: 5
[DEBUG] in allocateReg() t_cycle: 4; i: 0 CGRA node: 9; link: 3 duration 1
[DEBUG] done reg allocation
[DEBUG] occupy link[10]-->[9] (bypass:0) dfgNode: 0 at cycle 4
[DEBUG] skip predecessor routing -- dfgNode: 0
[DEBUG] success in schedule()
[DEBUG] schedule dfg node[16] onto fu[5] at cycle 6 within II: 71
[DEBUG] setDFGNode 16 onto CGRANode 5 at cycle: 6
[DEBUG] occupy link[10]-->[6] (bypass:1) dfgNode: 0 at cycle 4
[DEBUG] in allocateReg() t_cycle: 5; i: 1 CGRA node: 5; link: 3 duration 1
[DEBUG] done reg allocation
[DEBUG] occupy link[6]-->[5] (bypass:0) dfgNode: 0 at cycle 5
[DEBUG] skip predecessor routing -- dfgNode: 0
[DEBUG] success in schedule()
[DEBUG] schedule dfg node[24] onto fu[10] at cycle 5 within II: 71
[DEBUG] setDFGNode 24 onto CGRANode 10 at cycle: 5
[DEBUG] tryToRoute -- srcDFGNode: 0, srcCGRANode: 10; dstDFGNode: 24, dstCGRANode: 10; backEdge: 0
[DEBUG] check route size: 1
[DEBUG] allocate for local reg maintain... duration=1 last cycle: 4
[DEBUG] in allocateReg() t_cycle: 4; i: 0 CGRA node: 10; link: 4 duration 1
[DEBUG] done reg allocation
[DEBUG] success in schedule()
[DEBUG] schedule dfg node[32] onto fu[13] at cycle 6 within II: 71
[DEBUG] setDFGNode 32 onto CGRANode 13 at cycle: 6
[DEBUG] occupy link[10]-->[9] (bypass:1) dfgNode: 0 at cycle 4
[DEBUG] in allocateReg() t_cycle: 5; i: 0 CGRA node: 13; link: 1 duration 1
[DEBUG] done reg allocation
[DEBUG] occupy link[9]-->[13] (bypass:0) dfgNode: 0 at cycle 5
[DEBUG] skip predecessor routing -- dfgNode: 0
[DEBUG] success in schedule()
[DEBUG] schedule dfg node[42] onto fu[2] at cycle 6 within II: 71
[DEBUG] setDFGNode 42 onto CGRANode 2 at cycle: 6
[DEBUG] occupy link[10]-->[6] (bypass:1) dfgNode: 0 at cycle 4
[DEBUG] in allocateReg() t_cycle: 5; i: 0 CGRA node: 2; link: 0 duration 1
[DEBUG] done reg allocation
[DEBUG] occupy link[6]-->[2] (bypass:0) dfgNode: 0 at cycle 5
[DEBUG] skip predecessor routing -- dfgNode: 0
[DEBUG] tryToRoute -- srcDFGNode: 34, srcCGRANode: 6; dstDFGNode: 42, dstCGRANode: 2; backEdge: 0
[DEBUG] check route size: 2
[DEBUG] reset duration: 5 t_dstCycle: 6 previous: 1 II: 71
[DEBUG] in allocateReg() t_cycle: 1; i: 1 CGRA node: 2; link: 0 duration 5
[DEBUG] done reg allocation
[DEBUG] occupy link[6]-->[2] (bypass:0) dfgNode: 34 at cycle 1
[DEBUG] success in schedule()
[DEBUG] schedule dfg node[50] onto fu[1] at cycle 7 within II: 71
[DEBUG] setDFGNode 50 onto CGRANode 1 at cycle: 7
[DEBUG] occupy link[10]-->[6] (bypass:1) dfgNode: 0 at cycle 4
[DEBUG] occupy link[6]-->[2] (bypass:1) dfgNode: 0 at cycle 5
[DEBUG] in allocateReg() t_cycle: 6; i: 0 CGRA node: 1; link: 3 duration 1
[DEBUG] done reg allocation
[DEBUG] occupy link[2]-->[1] (bypass:0) dfgNode: 0 at cycle 6
[DEBUG] skip predecessor routing -- dfgNode: 0
[DEBUG] tryToRoute -- srcDFGNode: 34, srcCGRANode: 6; dstDFGNode: 50, dstCGRANode: 1; backEdge: 0
[DEBUG] in shareSameCycle is true: node 50
[DEBUG] cannot route due to II is violated for backward cycle
DEBUG target DFG node: 50 on fu: 1 failed, mapped pred DFG node: 34; return false
[DEBUG] fail1 in schedule() II: 71
[DEBUG] the failed path -- cycle: 7 CGRANode: 1
[DEBUG] the failed path -- cycle: 6 CGRANode: 2
[DEBUG] the failed path -- cycle: 5 CGRANode: 6
[DEBUG] the failed path -- cycle: 4 CGRANode: 10
----------------------------------------
[DEBUG] start heuristic algorithm with II=72
[DEBUG] schedule dfg node[33] onto fu[5] at cycle 0 within II: 72
[DEBUG] setDFGNode 33 onto CGRANode 5 at cycle: 0
[DEBUG] success in schedule()
[DEBUG] schedule dfg node[34] onto fu[6] at cycle 1 within II: 72
[DEBUG] setDFGNode 34 onto CGRANode 6 at cycle: 1
[DEBUG] in allocateReg() t_cycle: 0; i: 0 CGRA node: 6; link: 2 duration 1
[DEBUG] done reg allocation
[DEBUG] occupy link[5]-->[6] (bypass:0) dfgNode: 33 at cycle 0
[DEBUG] skip predecessor routing -- dfgNode: 33
[DEBUG] success in schedule()
[DEBUG] schedule dfg node[51] onto fu[10] at cycle 2 within II: 72
[DEBUG] setDFGNode 51 onto CGRANode 10 at cycle: 2
[DEBUG] in allocateReg() t_cycle: 1; i: 0 CGRA node: 10; link: 1 duration 1
[DEBUG] done reg allocation
[DEBUG] occupy link[6]-->[10] (bypass:0) dfgNode: 34 at cycle 1
[DEBUG] skip predecessor routing -- dfgNode: 34
[DEBUG] success in schedule()
[DEBUG] schedule dfg node[52] onto fu[9] at cycle 3 within II: 72
[DEBUG] setDFGNode 52 onto CGRANode 9 at cycle: 3
[DEBUG] in allocateReg() t_cycle: 2; i: 0 CGRA node: 9; link: 3 duration 1
[DEBUG] done reg allocation
[DEBUG] occupy link[10]-->[9] (bypass:0) dfgNode: 51 at cycle 2
[DEBUG] skip predecessor routing -- dfgNode: 51
[DEBUG] success in schedule()
[DEBUG] schedule dfg node[0] onto fu[10] at cycle 4 within II: 72
[DEBUG] setDFGNode 0 onto CGRANode 10 at cycle: 4
[DEBUG] in allocateReg() t_cycle: 3; i: 0 CGRA node: 10; link: 2 duration 1
[DEBUG] done reg allocation
[DEBUG] occupy link[9]-->[10] (bypass:0) dfgNode: 52 at cycle 3
[DEBUG] skip predecessor routing -- dfgNode: 52
[DEBUG] in shareSameCycle is true: node 0
[DEBUG] tryToRoute -- srcDFGNode: 0, srcCGRANode: 10; dstDFGNode: 33, dstCGRANode: 5; backEdge: 1
[DEBUG] in shareSameCycle is true: node 33
[DEBUG] check route size: 3
[DEBUG] occupy link[10]-->[6] (bypass:1) dfgNode: 0 at cycle 4
[DEBUG] reset duration: 67 t_dstCycle: 0 previous: 5 II: 72
[DEBUG] in allocateReg() t_cycle: 5; i: 0 CGRA node: 5; link: 3 duration 67
[DEBUG] done reg allocation
[DEBUG] occupy link[6]-->[5] (bypass:0) dfgNode: 0 at cycle 5
[DEBUG] in shareSameCycle is true: node 0
[DEBUG] tryToRoute -- srcDFGNode: 0, srcCGRANode: 10; dstDFGNode: 51, dstCGRANode: 10; backEdge: 1
[DEBUG] in shareSameCycle is true: node 51
[DEBUG] check route size: 1
[DEBUG] allocate for local reg maintain... duration=70 last cycle: 4
[DEBUG] in allocateReg() t_cycle: 4; i: 1 CGRA node: 10; link: 4 duration 70
[DEBUG] done reg allocation
[DEBUG] success in schedule()
[DEBUG] schedule dfg node[1] onto fu[14] at cycle 5 within II: 72
[DEBUG] setDFGNode 1 onto CGRANode 14 at cycle: 5
[DEBUG] in allocateReg() t_cycle: 4; i: 0 CGRA node: 14; link: 1 duration 1
[DEBUG] done reg allocation
[DEBUG] occupy link[10]-->[14] (bypass:0) dfgNode: 0 at cycle 4
[DEBUG] skip predecessor routing -- dfgNode: 0
[DEBUG] success in schedule()
[DEBUG] schedule dfg node[4] onto fu[6] at cycle 5 within II: 72
[DEBUG] setDFGNode 4 onto CGRANode 6 at cycle: 5
[DEBUG] in allocateReg() t_cycle: 4; i: 0 CGRA node: 6; link: 0 duration 1
[DEBUG] done reg allocation
[DEBUG] occupy link[10]-->[6] (bypass:0) dfgNode: 0 at cycle 4
[DEBUG] skip predecessor routing -- dfgNode: 0
[DEBUG] success in schedule()
[DEBUG] schedule dfg node[8] onto fu[9] at cycle 5 within II: 72
[DEBUG] setDFGNode 8 onto CGRANode 9 at cycle: 5
[DEBUG] in allocateReg() t_cycle: 4; i: 0 CGRA node: 9; link: 3 duration 1
[DEBUG] done reg allocation
[DEBUG] occupy link[10]-->[9] (bypass:0) dfgNode: 0 at cycle 4
[DEBUG] skip predecessor routing -- dfgNode: 0
[DEBUG] success in schedule()
[DEBUG] schedule dfg node[16] onto fu[5] at cycle 6 within II: 72
[DEBUG] setDFGNode 16 onto CGRANode 5 at cycle: 6
[DEBUG] occupy link[10]-->[6] (bypass:1) dfgNode: 0 at cycle 4
[DEBUG] in allocateReg() t_cycle: 5; i: 1 CGRA node: 5; link: 3 duration 1
[DEBUG] done reg allocation
[DEBUG] occupy link[6]-->[5] (bypass:0) dfgNode: 0 at cycle 5
[DEBUG] skip predecessor routing -- dfgNode: 0
[DEBUG] success in schedule()
[DEBUG] schedule dfg node[24] onto fu[10] at cycle 5 within II: 72
[DEBUG] setDFGNode 24 onto CGRANode 10 at cycle: 5
[DEBUG] tryToRoute -- srcDFGNode: 0, srcCGRANode: 10; dstDFGNode: 24, dstCGRANode: 10; backEdge: 0
[DEBUG] check route size: 1
[DEBUG] allocate for local reg maintain... duration=1 last cycle: 4
[DEBUG] in allocateReg() t_cycle: 4; i: 0 CGRA node: 10; link: 4 duration 1
[DEBUG] done reg allocation
[DEBUG] success in schedule()
[DEBUG] schedule dfg node[32] onto fu[13] at cycle 6 within II: 72
[DEBUG] setDFGNode 32 onto CGRANode 13 at cycle: 6
[DEBUG] occupy link[10]-->[9] (bypass:1) dfgNode: 0 at cycle 4
[DEBUG] in allocateReg() t_cycle: 5; i: 0 CGRA node: 13; link: 1 duration 1
[DEBUG] done reg allocation
[DEBUG] occupy link[9]-->[13] (bypass:0) dfgNode: 0 at cycle 5
[DEBUG] skip predecessor routing -- dfgNode: 0
[DEBUG] success in schedule()
[DEBUG] schedule dfg node[42] onto fu[2] at cycle 6 within II: 72
[DEBUG] setDFGNode 42 onto CGRANode 2 at cycle: 6
[DEBUG] occupy link[10]-->[6] (bypass:1) dfgNode: 0 at cycle 4
[DEBUG] in allocateReg() t_cycle: 5; i: 0 CGRA node: 2; link: 0 duration 1
[DEBUG] done reg allocation
[DEBUG] occupy link[6]-->[2] (bypass:0) dfgNode: 0 at cycle 5
[DEBUG] skip predecessor routing -- dfgNode: 0
[DEBUG] tryToRoute -- srcDFGNode: 34, srcCGRANode: 6; dstDFGNode: 42, dstCGRANode: 2; backEdge: 0
[DEBUG] check route size: 2
[DEBUG] reset duration: 5 t_dstCycle: 6 previous: 1 II: 72
[DEBUG] in allocateReg() t_cycle: 1; i: 1 CGRA node: 2; link: 0 duration 5
[DEBUG] done reg allocation
[DEBUG] occupy link[6]-->[2] (bypass:0) dfgNode: 34 at cycle 1
[DEBUG] success in schedule()
[DEBUG] schedule dfg node[50] onto fu[1] at cycle 7 within II: 72
[DEBUG] setDFGNode 50 onto CGRANode 1 at cycle: 7
[DEBUG] occupy link[10]-->[6] (bypass:1) dfgNode: 0 at cycle 4
[DEBUG] occupy link[6]-->[2] (bypass:1) dfgNode: 0 at cycle 5
[DEBUG] in allocateReg() t_cycle: 6; i: 0 CGRA node: 1; link: 3 duration 1
[DEBUG] done reg allocation
[DEBUG] occupy link[2]-->[1] (bypass:0) dfgNode: 0 at cycle 6
[DEBUG] skip predecessor routing -- dfgNode: 0
[DEBUG] tryToRoute -- srcDFGNode: 34, srcCGRANode: 6; dstDFGNode: 50, dstCGRANode: 1; backEdge: 0
[DEBUG] in shareSameCycle is true: node 50
[DEBUG] cannot route due to II is violated for backward cycle
DEBUG target DFG node: 50 on fu: 1 failed, mapped pred DFG node: 34; return false
[DEBUG] fail1 in schedule() II: 72
[DEBUG] the failed path -- cycle: 7 CGRANode: 1
[DEBUG] the failed path -- cycle: 6 CGRANode: 2
[DEBUG] the failed path -- cycle: 5 CGRANode: 6
[DEBUG] the failed path -- cycle: 4 CGRANode: 10
----------------------------------------
[DEBUG] start heuristic algorithm with II=73
[DEBUG] schedule dfg node[33] onto fu[5] at cycle 0 within II: 73
[DEBUG] setDFGNode 33 onto CGRANode 5 at cycle: 0
[DEBUG] success in schedule()
[DEBUG] schedule dfg node[34] onto fu[6] at cycle 1 within II: 73
[DEBUG] setDFGNode 34 onto CGRANode 6 at cycle: 1
[DEBUG] in allocateReg() t_cycle: 0; i: 0 CGRA node: 6; link: 2 duration 1
[DEBUG] done reg allocation
[DEBUG] occupy link[5]-->[6] (bypass:0) dfgNode: 33 at cycle 0
[DEBUG] skip predecessor routing -- dfgNode: 33
[DEBUG] success in schedule()
[DEBUG] schedule dfg node[51] onto fu[10] at cycle 2 within II: 73
[DEBUG] setDFGNode 51 onto CGRANode 10 at cycle: 2
[DEBUG] in allocateReg() t_cycle: 1; i: 0 CGRA node: 10; link: 1 duration 1
[DEBUG] done reg allocation
[DEBUG] occupy link[6]-->[10] (bypass:0) dfgNode: 34 at cycle 1
[DEBUG] skip predecessor routing -- dfgNode: 34
[DEBUG] success in schedule()
[DEBUG] schedule dfg node[52] onto fu[9] at cycle 3 within II: 73
[DEBUG] setDFGNode 52 onto CGRANode 9 at cycle: 3
[DEBUG] in allocateReg() t_cycle: 2; i: 0 CGRA node: 9; link: 3 duration 1
[DEBUG] done reg allocation
[DEBUG] occupy link[10]-->[9] (bypass:0) dfgNode: 51 at cycle 2
[DEBUG] skip predecessor routing -- dfgNode: 51
[DEBUG] success in schedule()
[DEBUG] schedule dfg node[0] onto fu[10] at cycle 4 within II: 73
[DEBUG] setDFGNode 0 onto CGRANode 10 at cycle: 4
[DEBUG] in allocateReg() t_cycle: 3; i: 0 CGRA node: 10; link: 2 duration 1
[DEBUG] done reg allocation
[DEBUG] occupy link[9]-->[10] (bypass:0) dfgNode: 52 at cycle 3
[DEBUG] skip predecessor routing -- dfgNode: 52
[DEBUG] in shareSameCycle is true: node 0
[DEBUG] tryToRoute -- srcDFGNode: 0, srcCGRANode: 10; dstDFGNode: 33, dstCGRANode: 5; backEdge: 1
[DEBUG] in shareSameCycle is true: node 33
[DEBUG] check route size: 3
[DEBUG] occupy link[10]-->[6] (bypass:1) dfgNode: 0 at cycle 4
[DEBUG] reset duration: 68 t_dstCycle: 0 previous: 5 II: 73
[DEBUG] in allocateReg() t_cycle: 5; i: 0 CGRA node: 5; link: 3 duration 68
[DEBUG] done reg allocation
[DEBUG] occupy link[6]-->[5] (bypass:0) dfgNode: 0 at cycle 5
[DEBUG] in shareSameCycle is true: node 0
[DEBUG] tryToRoute -- srcDFGNode: 0, srcCGRANode: 10; dstDFGNode: 51, dstCGRANode: 10; backEdge: 1
[DEBUG] in shareSameCycle is true: node 51
[DEBUG] check route size: 1
[DEBUG] allocate for local reg maintain... duration=71 last cycle: 4
[DEBUG] in allocateReg() t_cycle: 4; i: 1 CGRA node: 10; link: 4 duration 71
[DEBUG] done reg allocation
[DEBUG] success in schedule()
[DEBUG] schedule dfg node[1] onto fu[14] at cycle 5 within II: 73
[DEBUG] setDFGNode 1 onto CGRANode 14 at cycle: 5
[DEBUG] in allocateReg() t_cycle: 4; i: 0 CGRA node: 14; link: 1 duration 1
[DEBUG] done reg allocation
[DEBUG] occupy link[10]-->[14] (bypass:0) dfgNode: 0 at cycle 4
[DEBUG] skip predecessor routing -- dfgNode: 0
[DEBUG] success in schedule()
[DEBUG] schedule dfg node[4] onto fu[6] at cycle 5 within II: 73
[DEBUG] setDFGNode 4 onto CGRANode 6 at cycle: 5
[DEBUG] in allocateReg() t_cycle: 4; i: 0 CGRA node: 6; link: 0 duration 1
[DEBUG] done reg allocation
[DEBUG] occupy link[10]-->[6] (bypass:0) dfgNode: 0 at cycle 4
[DEBUG] skip predecessor routing -- dfgNode: 0
[DEBUG] success in schedule()
[DEBUG] schedule dfg node[8] onto fu[9] at cycle 5 within II: 73
[DEBUG] setDFGNode 8 onto CGRANode 9 at cycle: 5
[DEBUG] in allocateReg() t_cycle: 4; i: 0 CGRA node: 9; link: 3 duration 1
[DEBUG] done reg allocation
[DEBUG] occupy link[10]-->[9] (bypass:0) dfgNode: 0 at cycle 4
[DEBUG] skip predecessor routing -- dfgNode: 0
[DEBUG] success in schedule()
[DEBUG] schedule dfg node[16] onto fu[5] at cycle 6 within II: 73
[DEBUG] setDFGNode 16 onto CGRANode 5 at cycle: 6
[DEBUG] occupy link[10]-->[6] (bypass:1) dfgNode: 0 at cycle 4
[DEBUG] in allocateReg() t_cycle: 5; i: 1 CGRA node: 5; link: 3 duration 1
[DEBUG] done reg allocation
[DEBUG] occupy link[6]-->[5] (bypass:0) dfgNode: 0 at cycle 5
[DEBUG] skip predecessor routing -- dfgNode: 0
[DEBUG] success in schedule()
[DEBUG] schedule dfg node[24] onto fu[10] at cycle 5 within II: 73
[DEBUG] setDFGNode 24 onto CGRANode 10 at cycle: 5
[DEBUG] tryToRoute -- srcDFGNode: 0, srcCGRANode: 10; dstDFGNode: 24, dstCGRANode: 10; backEdge: 0
[DEBUG] check route size: 1
[DEBUG] allocate for local reg maintain... duration=1 last cycle: 4
[DEBUG] in allocateReg() t_cycle: 4; i: 0 CGRA node: 10; link: 4 duration 1
[DEBUG] done reg allocation
[DEBUG] success in schedule()
[DEBUG] schedule dfg node[32] onto fu[13] at cycle 6 within II: 73
[DEBUG] setDFGNode 32 onto CGRANode 13 at cycle: 6
[DEBUG] occupy link[10]-->[9] (bypass:1) dfgNode: 0 at cycle 4
[DEBUG] in allocateReg() t_cycle: 5; i: 0 CGRA node: 13; link: 1 duration 1
[DEBUG] done reg allocation
[DEBUG] occupy link[9]-->[13] (bypass:0) dfgNode: 0 at cycle 5
[DEBUG] skip predecessor routing -- dfgNode: 0
[DEBUG] success in schedule()
[DEBUG] schedule dfg node[42] onto fu[2] at cycle 6 within II: 73
[DEBUG] setDFGNode 42 onto CGRANode 2 at cycle: 6
[DEBUG] occupy link[10]-->[6] (bypass:1) dfgNode: 0 at cycle 4
[DEBUG] in allocateReg() t_cycle: 5; i: 0 CGRA node: 2; link: 0 duration 1
[DEBUG] done reg allocation
[DEBUG] occupy link[6]-->[2] (bypass:0) dfgNode: 0 at cycle 5
[DEBUG] skip predecessor routing -- dfgNode: 0
[DEBUG] tryToRoute -- srcDFGNode: 34, srcCGRANode: 6; dstDFGNode: 42, dstCGRANode: 2; backEdge: 0
[DEBUG] check route size: 2
[DEBUG] reset duration: 5 t_dstCycle: 6 previous: 1 II: 73
[DEBUG] in allocateReg() t_cycle: 1; i: 1 CGRA node: 2; link: 0 duration 5
[DEBUG] done reg allocation
[DEBUG] occupy link[6]-->[2] (bypass:0) dfgNode: 34 at cycle 1
[DEBUG] success in schedule()
[DEBUG] schedule dfg node[50] onto fu[1] at cycle 7 within II: 73
[DEBUG] setDFGNode 50 onto CGRANode 1 at cycle: 7
[DEBUG] occupy link[10]-->[6] (bypass:1) dfgNode: 0 at cycle 4
[DEBUG] occupy link[6]-->[2] (bypass:1) dfgNode: 0 at cycle 5
[DEBUG] in allocateReg() t_cycle: 6; i: 0 CGRA node: 1; link: 3 duration 1
[DEBUG] done reg allocation
[DEBUG] occupy link[2]-->[1] (bypass:0) dfgNode: 0 at cycle 6
[DEBUG] skip predecessor routing -- dfgNode: 0
[DEBUG] tryToRoute -- srcDFGNode: 34, srcCGRANode: 6; dstDFGNode: 50, dstCGRANode: 1; backEdge: 0
[DEBUG] in shareSameCycle is true: node 50
[DEBUG] cannot route due to II is violated for backward cycle
DEBUG target DFG node: 50 on fu: 1 failed, mapped pred DFG node: 34; return false
[DEBUG] fail1 in schedule() II: 73
[DEBUG] the failed path -- cycle: 7 CGRANode: 1
[DEBUG] the failed path -- cycle: 6 CGRANode: 2
[DEBUG] the failed path -- cycle: 5 CGRANode: 6
[DEBUG] the failed path -- cycle: 4 CGRANode: 10
----------------------------------------
[DEBUG] start heuristic algorithm with II=74
[DEBUG] schedule dfg node[33] onto fu[5] at cycle 0 within II: 74
[DEBUG] setDFGNode 33 onto CGRANode 5 at cycle: 0
[DEBUG] success in schedule()
[DEBUG] schedule dfg node[34] onto fu[6] at cycle 1 within II: 74
[DEBUG] setDFGNode 34 onto CGRANode 6 at cycle: 1
[DEBUG] in allocateReg() t_cycle: 0; i: 0 CGRA node: 6; link: 2 duration 1
[DEBUG] done reg allocation
[DEBUG] occupy link[5]-->[6] (bypass:0) dfgNode: 33 at cycle 0
[DEBUG] skip predecessor routing -- dfgNode: 33
[DEBUG] success in schedule()
[DEBUG] schedule dfg node[51] onto fu[10] at cycle 2 within II: 74
[DEBUG] setDFGNode 51 onto CGRANode 10 at cycle: 2
[DEBUG] in allocateReg() t_cycle: 1; i: 0 CGRA node: 10; link: 1 duration 1
[DEBUG] done reg allocation
[DEBUG] occupy link[6]-->[10] (bypass:0) dfgNode: 34 at cycle 1
[DEBUG] skip predecessor routing -- dfgNode: 34
[DEBUG] success in schedule()
[DEBUG] schedule dfg node[52] onto fu[9] at cycle 3 within II: 74
[DEBUG] setDFGNode 52 onto CGRANode 9 at cycle: 3
[DEBUG] in allocateReg() t_cycle: 2; i: 0 CGRA node: 9; link: 3 duration 1
[DEBUG] done reg allocation
[DEBUG] occupy link[10]-->[9] (bypass:0) dfgNode: 51 at cycle 2
[DEBUG] skip predecessor routing -- dfgNode: 51
[DEBUG] success in schedule()
[DEBUG] schedule dfg node[0] onto fu[10] at cycle 4 within II: 74
[DEBUG] setDFGNode 0 onto CGRANode 10 at cycle: 4
[DEBUG] in allocateReg() t_cycle: 3; i: 0 CGRA node: 10; link: 2 duration 1
[DEBUG] done reg allocation
[DEBUG] occupy link[9]-->[10] (bypass:0) dfgNode: 52 at cycle 3
[DEBUG] skip predecessor routing -- dfgNode: 52
[DEBUG] in shareSameCycle is true: node 0
[DEBUG] tryToRoute -- srcDFGNode: 0, srcCGRANode: 10; dstDFGNode: 33, dstCGRANode: 5; backEdge: 1
[DEBUG] in shareSameCycle is true: node 33
[DEBUG] check route size: 3
[DEBUG] occupy link[10]-->[6] (bypass:1) dfgNode: 0 at cycle 4
[DEBUG] reset duration: 69 t_dstCycle: 0 previous: 5 II: 74
[DEBUG] in allocateReg() t_cycle: 5; i: 0 CGRA node: 5; link: 3 duration 69
[DEBUG] done reg allocation
[DEBUG] occupy link[6]-->[5] (bypass:0) dfgNode: 0 at cycle 5
[DEBUG] in shareSameCycle is true: node 0
[DEBUG] tryToRoute -- srcDFGNode: 0, srcCGRANode: 10; dstDFGNode: 51, dstCGRANode: 10; backEdge: 1
[DEBUG] in shareSameCycle is true: node 51
[DEBUG] check route size: 1
[DEBUG] allocate for local reg maintain... duration=72 last cycle: 4
[DEBUG] in allocateReg() t_cycle: 4; i: 1 CGRA node: 10; link: 4 duration 72
[DEBUG] done reg allocation
[DEBUG] success in schedule()
[DEBUG] schedule dfg node[1] onto fu[14] at cycle 5 within II: 74
[DEBUG] setDFGNode 1 onto CGRANode 14 at cycle: 5
[DEBUG] in allocateReg() t_cycle: 4; i: 0 CGRA node: 14; link: 1 duration 1
[DEBUG] done reg allocation
[DEBUG] occupy link[10]-->[14] (bypass:0) dfgNode: 0 at cycle 4
[DEBUG] skip predecessor routing -- dfgNode: 0
[DEBUG] success in schedule()
[DEBUG] schedule dfg node[4] onto fu[6] at cycle 5 within II: 74
[DEBUG] setDFGNode 4 onto CGRANode 6 at cycle: 5
[DEBUG] in allocateReg() t_cycle: 4; i: 0 CGRA node: 6; link: 0 duration 1
[DEBUG] done reg allocation
[DEBUG] occupy link[10]-->[6] (bypass:0) dfgNode: 0 at cycle 4
[DEBUG] skip predecessor routing -- dfgNode: 0
[DEBUG] success in schedule()
[DEBUG] schedule dfg node[8] onto fu[9] at cycle 5 within II: 74
[DEBUG] setDFGNode 8 onto CGRANode 9 at cycle: 5
[DEBUG] in allocateReg() t_cycle: 4; i: 0 CGRA node: 9; link: 3 duration 1
[DEBUG] done reg allocation
[DEBUG] occupy link[10]-->[9] (bypass:0) dfgNode: 0 at cycle 4
[DEBUG] skip predecessor routing -- dfgNode: 0
[DEBUG] success in schedule()
[DEBUG] schedule dfg node[16] onto fu[5] at cycle 6 within II: 74
[DEBUG] setDFGNode 16 onto CGRANode 5 at cycle: 6
[DEBUG] occupy link[10]-->[6] (bypass:1) dfgNode: 0 at cycle 4
[DEBUG] in allocateReg() t_cycle: 5; i: 1 CGRA node: 5; link: 3 duration 1
[DEBUG] done reg allocation
[DEBUG] occupy link[6]-->[5] (bypass:0) dfgNode: 0 at cycle 5
[DEBUG] skip predecessor routing -- dfgNode: 0
[DEBUG] success in schedule()
[DEBUG] schedule dfg node[24] onto fu[10] at cycle 5 within II: 74
[DEBUG] setDFGNode 24 onto CGRANode 10 at cycle: 5
[DEBUG] tryToRoute -- srcDFGNode: 0, srcCGRANode: 10; dstDFGNode: 24, dstCGRANode: 10; backEdge: 0
[DEBUG] check route size: 1
[DEBUG] allocate for local reg maintain... duration=1 last cycle: 4
[DEBUG] in allocateReg() t_cycle: 4; i: 0 CGRA node: 10; link: 4 duration 1
[DEBUG] done reg allocation
[DEBUG] success in schedule()
[DEBUG] schedule dfg node[32] onto fu[13] at cycle 6 within II: 74
[DEBUG] setDFGNode 32 onto CGRANode 13 at cycle: 6
[DEBUG] occupy link[10]-->[9] (bypass:1) dfgNode: 0 at cycle 4
[DEBUG] in allocateReg() t_cycle: 5; i: 0 CGRA node: 13; link: 1 duration 1
[DEBUG] done reg allocation
[DEBUG] occupy link[9]-->[13] (bypass:0) dfgNode: 0 at cycle 5
[DEBUG] skip predecessor routing -- dfgNode: 0
[DEBUG] success in schedule()
[DEBUG] schedule dfg node[42] onto fu[2] at cycle 6 within II: 74
[DEBUG] setDFGNode 42 onto CGRANode 2 at cycle: 6
[DEBUG] occupy link[10]-->[6] (bypass:1) dfgNode: 0 at cycle 4
[DEBUG] in allocateReg() t_cycle: 5; i: 0 CGRA node: 2; link: 0 duration 1
[DEBUG] done reg allocation
[DEBUG] occupy link[6]-->[2] (bypass:0) dfgNode: 0 at cycle 5
[DEBUG] skip predecessor routing -- dfgNode: 0
[DEBUG] tryToRoute -- srcDFGNode: 34, srcCGRANode: 6; dstDFGNode: 42, dstCGRANode: 2; backEdge: 0
[DEBUG] check route size: 2
[DEBUG] reset duration: 5 t_dstCycle: 6 previous: 1 II: 74
[DEBUG] in allocateReg() t_cycle: 1; i: 1 CGRA node: 2; link: 0 duration 5
[DEBUG] done reg allocation
[DEBUG] occupy link[6]-->[2] (bypass:0) dfgNode: 34 at cycle 1
[DEBUG] success in schedule()
[DEBUG] schedule dfg node[50] onto fu[1] at cycle 7 within II: 74
[DEBUG] setDFGNode 50 onto CGRANode 1 at cycle: 7
[DEBUG] occupy link[10]-->[6] (bypass:1) dfgNode: 0 at cycle 4
[DEBUG] occupy link[6]-->[2] (bypass:1) dfgNode: 0 at cycle 5
[DEBUG] in allocateReg() t_cycle: 6; i: 0 CGRA node: 1; link: 3 duration 1
[DEBUG] done reg allocation
[DEBUG] occupy link[2]-->[1] (bypass:0) dfgNode: 0 at cycle 6
[DEBUG] skip predecessor routing -- dfgNode: 0
[DEBUG] tryToRoute -- srcDFGNode: 34, srcCGRANode: 6; dstDFGNode: 50, dstCGRANode: 1; backEdge: 0
[DEBUG] in shareSameCycle is true: node 50
[DEBUG] cannot route due to II is violated for backward cycle
DEBUG target DFG node: 50 on fu: 1 failed, mapped pred DFG node: 34; return false
[DEBUG] fail1 in schedule() II: 74
[DEBUG] the failed path -- cycle: 7 CGRANode: 1
[DEBUG] the failed path -- cycle: 6 CGRANode: 2
[DEBUG] the failed path -- cycle: 5 CGRANode: 6
[DEBUG] the failed path -- cycle: 4 CGRANode: 10
----------------------------------------
[DEBUG] start heuristic algorithm with II=75
[DEBUG] schedule dfg node[33] onto fu[5] at cycle 0 within II: 75
[DEBUG] setDFGNode 33 onto CGRANode 5 at cycle: 0
[DEBUG] success in schedule()
[DEBUG] schedule dfg node[34] onto fu[6] at cycle 1 within II: 75
[DEBUG] setDFGNode 34 onto CGRANode 6 at cycle: 1
[DEBUG] in allocateReg() t_cycle: 0; i: 0 CGRA node: 6; link: 2 duration 1
[DEBUG] done reg allocation
[DEBUG] occupy link[5]-->[6] (bypass:0) dfgNode: 33 at cycle 0
[DEBUG] skip predecessor routing -- dfgNode: 33
[DEBUG] success in schedule()
[DEBUG] schedule dfg node[51] onto fu[10] at cycle 2 within II: 75
[DEBUG] setDFGNode 51 onto CGRANode 10 at cycle: 2
[DEBUG] in allocateReg() t_cycle: 1; i: 0 CGRA node: 10; link: 1 duration 1
[DEBUG] done reg allocation
[DEBUG] occupy link[6]-->[10] (bypass:0) dfgNode: 34 at cycle 1
[DEBUG] skip predecessor routing -- dfgNode: 34
[DEBUG] success in schedule()
[DEBUG] schedule dfg node[52] onto fu[9] at cycle 3 within II: 75
[DEBUG] setDFGNode 52 onto CGRANode 9 at cycle: 3
[DEBUG] in allocateReg() t_cycle: 2; i: 0 CGRA node: 9; link: 3 duration 1
[DEBUG] done reg allocation
[DEBUG] occupy link[10]-->[9] (bypass:0) dfgNode: 51 at cycle 2
[DEBUG] skip predecessor routing -- dfgNode: 51
[DEBUG] success in schedule()
[DEBUG] schedule dfg node[0] onto fu[10] at cycle 4 within II: 75
[DEBUG] setDFGNode 0 onto CGRANode 10 at cycle: 4
[DEBUG] in allocateReg() t_cycle: 3; i: 0 CGRA node: 10; link: 2 duration 1
[DEBUG] done reg allocation
[DEBUG] occupy link[9]-->[10] (bypass:0) dfgNode: 52 at cycle 3
[DEBUG] skip predecessor routing -- dfgNode: 52
[DEBUG] in shareSameCycle is true: node 0
[DEBUG] tryToRoute -- srcDFGNode: 0, srcCGRANode: 10; dstDFGNode: 33, dstCGRANode: 5; backEdge: 1
[DEBUG] in shareSameCycle is true: node 33
[DEBUG] check route size: 3
[DEBUG] occupy link[10]-->[6] (bypass:1) dfgNode: 0 at cycle 4
[DEBUG] reset duration: 70 t_dstCycle: 0 previous: 5 II: 75
[DEBUG] in allocateReg() t_cycle: 5; i: 0 CGRA node: 5; link: 3 duration 70
[DEBUG] done reg allocation
[DEBUG] occupy link[6]-->[5] (bypass:0) dfgNode: 0 at cycle 5
[DEBUG] in shareSameCycle is true: node 0
[DEBUG] tryToRoute -- srcDFGNode: 0, srcCGRANode: 10; dstDFGNode: 51, dstCGRANode: 10; backEdge: 1
[DEBUG] in shareSameCycle is true: node 51
[DEBUG] check route size: 1
[DEBUG] allocate for local reg maintain... duration=73 last cycle: 4
[DEBUG] in allocateReg() t_cycle: 4; i: 1 CGRA node: 10; link: 4 duration 73
[DEBUG] done reg allocation
[DEBUG] success in schedule()
[DEBUG] schedule dfg node[1] onto fu[14] at cycle 5 within II: 75
[DEBUG] setDFGNode 1 onto CGRANode 14 at cycle: 5
[DEBUG] in allocateReg() t_cycle: 4; i: 0 CGRA node: 14; link: 1 duration 1
[DEBUG] done reg allocation
[DEBUG] occupy link[10]-->[14] (bypass:0) dfgNode: 0 at cycle 4
[DEBUG] skip predecessor routing -- dfgNode: 0
[DEBUG] success in schedule()
[DEBUG] schedule dfg node[4] onto fu[6] at cycle 5 within II: 75
[DEBUG] setDFGNode 4 onto CGRANode 6 at cycle: 5
[DEBUG] in allocateReg() t_cycle: 4; i: 0 CGRA node: 6; link: 0 duration 1
[DEBUG] done reg allocation
[DEBUG] occupy link[10]-->[6] (bypass:0) dfgNode: 0 at cycle 4
[DEBUG] skip predecessor routing -- dfgNode: 0
[DEBUG] success in schedule()
[DEBUG] schedule dfg node[8] onto fu[9] at cycle 5 within II: 75
[DEBUG] setDFGNode 8 onto CGRANode 9 at cycle: 5
[DEBUG] in allocateReg() t_cycle: 4; i: 0 CGRA node: 9; link: 3 duration 1
[DEBUG] done reg allocation
[DEBUG] occupy link[10]-->[9] (bypass:0) dfgNode: 0 at cycle 4
[DEBUG] skip predecessor routing -- dfgNode: 0
[DEBUG] success in schedule()
[DEBUG] schedule dfg node[16] onto fu[5] at cycle 6 within II: 75
[DEBUG] setDFGNode 16 onto CGRANode 5 at cycle: 6
[DEBUG] occupy link[10]-->[6] (bypass:1) dfgNode: 0 at cycle 4
[DEBUG] in allocateReg() t_cycle: 5; i: 1 CGRA node: 5; link: 3 duration 1
[DEBUG] done reg allocation
[DEBUG] occupy link[6]-->[5] (bypass:0) dfgNode: 0 at cycle 5
[DEBUG] skip predecessor routing -- dfgNode: 0
[DEBUG] success in schedule()
[DEBUG] schedule dfg node[24] onto fu[10] at cycle 5 within II: 75
[DEBUG] setDFGNode 24 onto CGRANode 10 at cycle: 5
[DEBUG] tryToRoute -- srcDFGNode: 0, srcCGRANode: 10; dstDFGNode: 24, dstCGRANode: 10; backEdge: 0
[DEBUG] check route size: 1
[DEBUG] allocate for local reg maintain... duration=1 last cycle: 4
[DEBUG] in allocateReg() t_cycle: 4; i: 0 CGRA node: 10; link: 4 duration 1
[DEBUG] done reg allocation
[DEBUG] success in schedule()
[DEBUG] schedule dfg node[32] onto fu[13] at cycle 6 within II: 75
[DEBUG] setDFGNode 32 onto CGRANode 13 at cycle: 6
[DEBUG] occupy link[10]-->[9] (bypass:1) dfgNode: 0 at cycle 4
[DEBUG] in allocateReg() t_cycle: 5; i: 0 CGRA node: 13; link: 1 duration 1
[DEBUG] done reg allocation
[DEBUG] occupy link[9]-->[13] (bypass:0) dfgNode: 0 at cycle 5
[DEBUG] skip predecessor routing -- dfgNode: 0
[DEBUG] success in schedule()
[DEBUG] schedule dfg node[42] onto fu[2] at cycle 6 within II: 75
[DEBUG] setDFGNode 42 onto CGRANode 2 at cycle: 6
[DEBUG] occupy link[10]-->[6] (bypass:1) dfgNode: 0 at cycle 4
[DEBUG] in allocateReg() t_cycle: 5; i: 0 CGRA node: 2; link: 0 duration 1
[DEBUG] done reg allocation
[DEBUG] occupy link[6]-->[2] (bypass:0) dfgNode: 0 at cycle 5
[DEBUG] skip predecessor routing -- dfgNode: 0
[DEBUG] tryToRoute -- srcDFGNode: 34, srcCGRANode: 6; dstDFGNode: 42, dstCGRANode: 2; backEdge: 0
[DEBUG] check route size: 2
[DEBUG] reset duration: 5 t_dstCycle: 6 previous: 1 II: 75
[DEBUG] in allocateReg() t_cycle: 1; i: 1 CGRA node: 2; link: 0 duration 5
[DEBUG] done reg allocation
[DEBUG] occupy link[6]-->[2] (bypass:0) dfgNode: 34 at cycle 1
[DEBUG] success in schedule()
[DEBUG] schedule dfg node[50] onto fu[1] at cycle 7 within II: 75
[DEBUG] setDFGNode 50 onto CGRANode 1 at cycle: 7
[DEBUG] occupy link[10]-->[6] (bypass:1) dfgNode: 0 at cycle 4
[DEBUG] occupy link[6]-->[2] (bypass:1) dfgNode: 0 at cycle 5
[DEBUG] in allocateReg() t_cycle: 6; i: 0 CGRA node: 1; link: 3 duration 1
[DEBUG] done reg allocation
[DEBUG] occupy link[2]-->[1] (bypass:0) dfgNode: 0 at cycle 6
[DEBUG] skip predecessor routing -- dfgNode: 0
[DEBUG] tryToRoute -- srcDFGNode: 34, srcCGRANode: 6; dstDFGNode: 50, dstCGRANode: 1; backEdge: 0
[DEBUG] in shareSameCycle is true: node 50
[DEBUG] cannot route due to II is violated for backward cycle
DEBUG target DFG node: 50 on fu: 1 failed, mapped pred DFG node: 34; return false
[DEBUG] fail1 in schedule() II: 75
[DEBUG] the failed path -- cycle: 7 CGRANode: 1
[DEBUG] the failed path -- cycle: 6 CGRANode: 2
[DEBUG] the failed path -- cycle: 5 CGRANode: 6
[DEBUG] the failed path -- cycle: 4 CGRANode: 10
----------------------------------------
[DEBUG] start heuristic algorithm with II=76
[DEBUG] schedule dfg node[33] onto fu[5] at cycle 0 within II: 76
[DEBUG] setDFGNode 33 onto CGRANode 5 at cycle: 0
[DEBUG] success in schedule()
[DEBUG] schedule dfg node[34] onto fu[6] at cycle 1 within II: 76
[DEBUG] setDFGNode 34 onto CGRANode 6 at cycle: 1
[DEBUG] in allocateReg() t_cycle: 0; i: 0 CGRA node: 6; link: 2 duration 1
[DEBUG] done reg allocation
[DEBUG] occupy link[5]-->[6] (bypass:0) dfgNode: 33 at cycle 0
[DEBUG] skip predecessor routing -- dfgNode: 33
[DEBUG] success in schedule()
[DEBUG] schedule dfg node[51] onto fu[10] at cycle 2 within II: 76
[DEBUG] setDFGNode 51 onto CGRANode 10 at cycle: 2
[DEBUG] in allocateReg() t_cycle: 1; i: 0 CGRA node: 10; link: 1 duration 1
[DEBUG] done reg allocation
[DEBUG] occupy link[6]-->[10] (bypass:0) dfgNode: 34 at cycle 1
[DEBUG] skip predecessor routing -- dfgNode: 34
[DEBUG] success in schedule()
[DEBUG] schedule dfg node[52] onto fu[9] at cycle 3 within II: 76
[DEBUG] setDFGNode 52 onto CGRANode 9 at cycle: 3
[DEBUG] in allocateReg() t_cycle: 2; i: 0 CGRA node: 9; link: 3 duration 1
[DEBUG] done reg allocation
[DEBUG] occupy link[10]-->[9] (bypass:0) dfgNode: 51 at cycle 2
[DEBUG] skip predecessor routing -- dfgNode: 51
[DEBUG] success in schedule()
[DEBUG] schedule dfg node[0] onto fu[10] at cycle 4 within II: 76
[DEBUG] setDFGNode 0 onto CGRANode 10 at cycle: 4
[DEBUG] in allocateReg() t_cycle: 3; i: 0 CGRA node: 10; link: 2 duration 1
[DEBUG] done reg allocation
[DEBUG] occupy link[9]-->[10] (bypass:0) dfgNode: 52 at cycle 3
[DEBUG] skip predecessor routing -- dfgNode: 52
[DEBUG] in shareSameCycle is true: node 0
[DEBUG] tryToRoute -- srcDFGNode: 0, srcCGRANode: 10; dstDFGNode: 33, dstCGRANode: 5; backEdge: 1
[DEBUG] in shareSameCycle is true: node 33
[DEBUG] check route size: 3
[DEBUG] occupy link[10]-->[6] (bypass:1) dfgNode: 0 at cycle 4
[DEBUG] reset duration: 71 t_dstCycle: 0 previous: 5 II: 76
[DEBUG] in allocateReg() t_cycle: 5; i: 0 CGRA node: 5; link: 3 duration 71
[DEBUG] done reg allocation
[DEBUG] occupy link[6]-->[5] (bypass:0) dfgNode: 0 at cycle 5
[DEBUG] in shareSameCycle is true: node 0
[DEBUG] tryToRoute -- srcDFGNode: 0, srcCGRANode: 10; dstDFGNode: 51, dstCGRANode: 10; backEdge: 1
[DEBUG] in shareSameCycle is true: node 51
[DEBUG] check route size: 1
[DEBUG] allocate for local reg maintain... duration=74 last cycle: 4
[DEBUG] in allocateReg() t_cycle: 4; i: 1 CGRA node: 10; link: 4 duration 74
[DEBUG] done reg allocation
[DEBUG] success in schedule()
[DEBUG] schedule dfg node[1] onto fu[14] at cycle 5 within II: 76
[DEBUG] setDFGNode 1 onto CGRANode 14 at cycle: 5
[DEBUG] in allocateReg() t_cycle: 4; i: 0 CGRA node: 14; link: 1 duration 1
[DEBUG] done reg allocation
[DEBUG] occupy link[10]-->[14] (bypass:0) dfgNode: 0 at cycle 4
[DEBUG] skip predecessor routing -- dfgNode: 0
[DEBUG] success in schedule()
[DEBUG] schedule dfg node[4] onto fu[6] at cycle 5 within II: 76
[DEBUG] setDFGNode 4 onto CGRANode 6 at cycle: 5
[DEBUG] in allocateReg() t_cycle: 4; i: 0 CGRA node: 6; link: 0 duration 1
[DEBUG] done reg allocation
[DEBUG] occupy link[10]-->[6] (bypass:0) dfgNode: 0 at cycle 4
[DEBUG] skip predecessor routing -- dfgNode: 0
[DEBUG] success in schedule()
[DEBUG] schedule dfg node[8] onto fu[9] at cycle 5 within II: 76
[DEBUG] setDFGNode 8 onto CGRANode 9 at cycle: 5
[DEBUG] in allocateReg() t_cycle: 4; i: 0 CGRA node: 9; link: 3 duration 1
[DEBUG] done reg allocation
[DEBUG] occupy link[10]-->[9] (bypass:0) dfgNode: 0 at cycle 4
[DEBUG] skip predecessor routing -- dfgNode: 0
[DEBUG] success in schedule()
[DEBUG] schedule dfg node[16] onto fu[5] at cycle 6 within II: 76
[DEBUG] setDFGNode 16 onto CGRANode 5 at cycle: 6
[DEBUG] occupy link[10]-->[6] (bypass:1) dfgNode: 0 at cycle 4
[DEBUG] in allocateReg() t_cycle: 5; i: 1 CGRA node: 5; link: 3 duration 1
[DEBUG] done reg allocation
[DEBUG] occupy link[6]-->[5] (bypass:0) dfgNode: 0 at cycle 5
[DEBUG] skip predecessor routing -- dfgNode: 0
[DEBUG] success in schedule()
[DEBUG] schedule dfg node[24] onto fu[10] at cycle 5 within II: 76
[DEBUG] setDFGNode 24 onto CGRANode 10 at cycle: 5
[DEBUG] tryToRoute -- srcDFGNode: 0, srcCGRANode: 10; dstDFGNode: 24, dstCGRANode: 10; backEdge: 0
[DEBUG] check route size: 1
[DEBUG] allocate for local reg maintain... duration=1 last cycle: 4
[DEBUG] in allocateReg() t_cycle: 4; i: 0 CGRA node: 10; link: 4 duration 1
[DEBUG] done reg allocation
[DEBUG] success in schedule()
[DEBUG] schedule dfg node[32] onto fu[13] at cycle 6 within II: 76
[DEBUG] setDFGNode 32 onto CGRANode 13 at cycle: 6
[DEBUG] occupy link[10]-->[9] (bypass:1) dfgNode: 0 at cycle 4
[DEBUG] in allocateReg() t_cycle: 5; i: 0 CGRA node: 13; link: 1 duration 1
[DEBUG] done reg allocation
[DEBUG] occupy link[9]-->[13] (bypass:0) dfgNode: 0 at cycle 5
[DEBUG] skip predecessor routing -- dfgNode: 0
[DEBUG] success in schedule()
[DEBUG] schedule dfg node[42] onto fu[2] at cycle 6 within II: 76
[DEBUG] setDFGNode 42 onto CGRANode 2 at cycle: 6
[DEBUG] occupy link[10]-->[6] (bypass:1) dfgNode: 0 at cycle 4
[DEBUG] in allocateReg() t_cycle: 5; i: 0 CGRA node: 2; link: 0 duration 1
[DEBUG] done reg allocation
[DEBUG] occupy link[6]-->[2] (bypass:0) dfgNode: 0 at cycle 5
[DEBUG] skip predecessor routing -- dfgNode: 0
[DEBUG] tryToRoute -- srcDFGNode: 34, srcCGRANode: 6; dstDFGNode: 42, dstCGRANode: 2; backEdge: 0
[DEBUG] check route size: 2
[DEBUG] reset duration: 5 t_dstCycle: 6 previous: 1 II: 76
[DEBUG] in allocateReg() t_cycle: 1; i: 1 CGRA node: 2; link: 0 duration 5
[DEBUG] done reg allocation
[DEBUG] occupy link[6]-->[2] (bypass:0) dfgNode: 34 at cycle 1
[DEBUG] success in schedule()
[DEBUG] schedule dfg node[50] onto fu[1] at cycle 7 within II: 76
[DEBUG] setDFGNode 50 onto CGRANode 1 at cycle: 7
[DEBUG] occupy link[10]-->[6] (bypass:1) dfgNode: 0 at cycle 4
[DEBUG] occupy link[6]-->[2] (bypass:1) dfgNode: 0 at cycle 5
[DEBUG] in allocateReg() t_cycle: 6; i: 0 CGRA node: 1; link: 3 duration 1
[DEBUG] done reg allocation
[DEBUG] occupy link[2]-->[1] (bypass:0) dfgNode: 0 at cycle 6
[DEBUG] skip predecessor routing -- dfgNode: 0
[DEBUG] tryToRoute -- srcDFGNode: 34, srcCGRANode: 6; dstDFGNode: 50, dstCGRANode: 1; backEdge: 0
[DEBUG] in shareSameCycle is true: node 50
[DEBUG] cannot route due to II is violated for backward cycle
DEBUG target DFG node: 50 on fu: 1 failed, mapped pred DFG node: 34; return false
[DEBUG] fail1 in schedule() II: 76
[DEBUG] the failed path -- cycle: 7 CGRANode: 1
[DEBUG] the failed path -- cycle: 6 CGRANode: 2
[DEBUG] the failed path -- cycle: 5 CGRANode: 6
[DEBUG] the failed path -- cycle: 4 CGRANode: 10
----------------------------------------
[DEBUG] start heuristic algorithm with II=77
[DEBUG] schedule dfg node[33] onto fu[5] at cycle 0 within II: 77
[DEBUG] setDFGNode 33 onto CGRANode 5 at cycle: 0
[DEBUG] success in schedule()
[DEBUG] schedule dfg node[34] onto fu[6] at cycle 1 within II: 77
[DEBUG] setDFGNode 34 onto CGRANode 6 at cycle: 1
[DEBUG] in allocateReg() t_cycle: 0; i: 0 CGRA node: 6; link: 2 duration 1
[DEBUG] done reg allocation
[DEBUG] occupy link[5]-->[6] (bypass:0) dfgNode: 33 at cycle 0
[DEBUG] skip predecessor routing -- dfgNode: 33
[DEBUG] success in schedule()
[DEBUG] schedule dfg node[51] onto fu[10] at cycle 2 within II: 77
[DEBUG] setDFGNode 51 onto CGRANode 10 at cycle: 2
[DEBUG] in allocateReg() t_cycle: 1; i: 0 CGRA node: 10; link: 1 duration 1
[DEBUG] done reg allocation
[DEBUG] occupy link[6]-->[10] (bypass:0) dfgNode: 34 at cycle 1
[DEBUG] skip predecessor routing -- dfgNode: 34
[DEBUG] success in schedule()
[DEBUG] schedule dfg node[52] onto fu[9] at cycle 3 within II: 77
[DEBUG] setDFGNode 52 onto CGRANode 9 at cycle: 3
[DEBUG] in allocateReg() t_cycle: 2; i: 0 CGRA node: 9; link: 3 duration 1
[DEBUG] done reg allocation
[DEBUG] occupy link[10]-->[9] (bypass:0) dfgNode: 51 at cycle 2
[DEBUG] skip predecessor routing -- dfgNode: 51
[DEBUG] success in schedule()
[DEBUG] schedule dfg node[0] onto fu[10] at cycle 4 within II: 77
[DEBUG] setDFGNode 0 onto CGRANode 10 at cycle: 4
[DEBUG] in allocateReg() t_cycle: 3; i: 0 CGRA node: 10; link: 2 duration 1
[DEBUG] done reg allocation
[DEBUG] occupy link[9]-->[10] (bypass:0) dfgNode: 52 at cycle 3
[DEBUG] skip predecessor routing -- dfgNode: 52
[DEBUG] in shareSameCycle is true: node 0
[DEBUG] tryToRoute -- srcDFGNode: 0, srcCGRANode: 10; dstDFGNode: 33, dstCGRANode: 5; backEdge: 1
[DEBUG] in shareSameCycle is true: node 33
[DEBUG] check route size: 3
[DEBUG] occupy link[10]-->[6] (bypass:1) dfgNode: 0 at cycle 4
[DEBUG] reset duration: 72 t_dstCycle: 0 previous: 5 II: 77
[DEBUG] in allocateReg() t_cycle: 5; i: 0 CGRA node: 5; link: 3 duration 72
[DEBUG] done reg allocation
[DEBUG] occupy link[6]-->[5] (bypass:0) dfgNode: 0 at cycle 5
[DEBUG] in shareSameCycle is true: node 0
[DEBUG] tryToRoute -- srcDFGNode: 0, srcCGRANode: 10; dstDFGNode: 51, dstCGRANode: 10; backEdge: 1
[DEBUG] in shareSameCycle is true: node 51
[DEBUG] check route size: 1
[DEBUG] allocate for local reg maintain... duration=75 last cycle: 4
[DEBUG] in allocateReg() t_cycle: 4; i: 1 CGRA node: 10; link: 4 duration 75
[DEBUG] done reg allocation
[DEBUG] success in schedule()
[DEBUG] schedule dfg node[1] onto fu[14] at cycle 5 within II: 77
[DEBUG] setDFGNode 1 onto CGRANode 14 at cycle: 5
[DEBUG] in allocateReg() t_cycle: 4; i: 0 CGRA node: 14; link: 1 duration 1
[DEBUG] done reg allocation
[DEBUG] occupy link[10]-->[14] (bypass:0) dfgNode: 0 at cycle 4
[DEBUG] skip predecessor routing -- dfgNode: 0
[DEBUG] success in schedule()
[DEBUG] schedule dfg node[4] onto fu[6] at cycle 5 within II: 77
[DEBUG] setDFGNode 4 onto CGRANode 6 at cycle: 5
[DEBUG] in allocateReg() t_cycle: 4; i: 0 CGRA node: 6; link: 0 duration 1
[DEBUG] done reg allocation
[DEBUG] occupy link[10]-->[6] (bypass:0) dfgNode: 0 at cycle 4
[DEBUG] skip predecessor routing -- dfgNode: 0
[DEBUG] success in schedule()
[DEBUG] schedule dfg node[8] onto fu[9] at cycle 5 within II: 77
[DEBUG] setDFGNode 8 onto CGRANode 9 at cycle: 5
[DEBUG] in allocateReg() t_cycle: 4; i: 0 CGRA node: 9; link: 3 duration 1
[DEBUG] done reg allocation
[DEBUG] occupy link[10]-->[9] (bypass:0) dfgNode: 0 at cycle 4
[DEBUG] skip predecessor routing -- dfgNode: 0
[DEBUG] success in schedule()
[DEBUG] schedule dfg node[16] onto fu[5] at cycle 6 within II: 77
[DEBUG] setDFGNode 16 onto CGRANode 5 at cycle: 6
[DEBUG] occupy link[10]-->[6] (bypass:1) dfgNode: 0 at cycle 4
[DEBUG] in allocateReg() t_cycle: 5; i: 1 CGRA node: 5; link: 3 duration 1
[DEBUG] done reg allocation
[DEBUG] occupy link[6]-->[5] (bypass:0) dfgNode: 0 at cycle 5
[DEBUG] skip predecessor routing -- dfgNode: 0
[DEBUG] success in schedule()
[DEBUG] schedule dfg node[24] onto fu[10] at cycle 5 within II: 77
[DEBUG] setDFGNode 24 onto CGRANode 10 at cycle: 5
[DEBUG] tryToRoute -- srcDFGNode: 0, srcCGRANode: 10; dstDFGNode: 24, dstCGRANode: 10; backEdge: 0
[DEBUG] check route size: 1
[DEBUG] allocate for local reg maintain... duration=1 last cycle: 4
[DEBUG] in allocateReg() t_cycle: 4; i: 0 CGRA node: 10; link: 4 duration 1
[DEBUG] done reg allocation
[DEBUG] success in schedule()
[DEBUG] schedule dfg node[32] onto fu[13] at cycle 6 within II: 77
[DEBUG] setDFGNode 32 onto CGRANode 13 at cycle: 6
[DEBUG] occupy link[10]-->[9] (bypass:1) dfgNode: 0 at cycle 4
[DEBUG] in allocateReg() t_cycle: 5; i: 0 CGRA node: 13; link: 1 duration 1
[DEBUG] done reg allocation
[DEBUG] occupy link[9]-->[13] (bypass:0) dfgNode: 0 at cycle 5
[DEBUG] skip predecessor routing -- dfgNode: 0
[DEBUG] success in schedule()
[DEBUG] schedule dfg node[42] onto fu[2] at cycle 6 within II: 77
[DEBUG] setDFGNode 42 onto CGRANode 2 at cycle: 6
[DEBUG] occupy link[10]-->[6] (bypass:1) dfgNode: 0 at cycle 4
[DEBUG] in allocateReg() t_cycle: 5; i: 0 CGRA node: 2; link: 0 duration 1
[DEBUG] done reg allocation
[DEBUG] occupy link[6]-->[2] (bypass:0) dfgNode: 0 at cycle 5
[DEBUG] skip predecessor routing -- dfgNode: 0
[DEBUG] tryToRoute -- srcDFGNode: 34, srcCGRANode: 6; dstDFGNode: 42, dstCGRANode: 2; backEdge: 0
[DEBUG] check route size: 2
[DEBUG] reset duration: 5 t_dstCycle: 6 previous: 1 II: 77
[DEBUG] in allocateReg() t_cycle: 1; i: 1 CGRA node: 2; link: 0 duration 5
[DEBUG] done reg allocation
[DEBUG] occupy link[6]-->[2] (bypass:0) dfgNode: 34 at cycle 1
[DEBUG] success in schedule()
[DEBUG] schedule dfg node[50] onto fu[1] at cycle 7 within II: 77
[DEBUG] setDFGNode 50 onto CGRANode 1 at cycle: 7
[DEBUG] occupy link[10]-->[6] (bypass:1) dfgNode: 0 at cycle 4
[DEBUG] occupy link[6]-->[2] (bypass:1) dfgNode: 0 at cycle 5
[DEBUG] in allocateReg() t_cycle: 6; i: 0 CGRA node: 1; link: 3 duration 1
[DEBUG] done reg allocation
[DEBUG] occupy link[2]-->[1] (bypass:0) dfgNode: 0 at cycle 6
[DEBUG] skip predecessor routing -- dfgNode: 0
[DEBUG] tryToRoute -- srcDFGNode: 34, srcCGRANode: 6; dstDFGNode: 50, dstCGRANode: 1; backEdge: 0
[DEBUG] in shareSameCycle is true: node 50
[DEBUG] cannot route due to II is violated for backward cycle
DEBUG target DFG node: 50 on fu: 1 failed, mapped pred DFG node: 34; return false
[DEBUG] fail1 in schedule() II: 77
[DEBUG] the failed path -- cycle: 7 CGRANode: 1
[DEBUG] the failed path -- cycle: 6 CGRANode: 2
[DEBUG] the failed path -- cycle: 5 CGRANode: 6
[DEBUG] the failed path -- cycle: 4 CGRANode: 10
----------------------------------------
[DEBUG] start heuristic algorithm with II=78
[DEBUG] schedule dfg node[33] onto fu[5] at cycle 0 within II: 78
[DEBUG] setDFGNode 33 onto CGRANode 5 at cycle: 0
[DEBUG] success in schedule()
[DEBUG] schedule dfg node[34] onto fu[6] at cycle 1 within II: 78
[DEBUG] setDFGNode 34 onto CGRANode 6 at cycle: 1
[DEBUG] in allocateReg() t_cycle: 0; i: 0 CGRA node: 6; link: 2 duration 1
[DEBUG] done reg allocation
[DEBUG] occupy link[5]-->[6] (bypass:0) dfgNode: 33 at cycle 0
[DEBUG] skip predecessor routing -- dfgNode: 33
[DEBUG] success in schedule()
[DEBUG] schedule dfg node[51] onto fu[10] at cycle 2 within II: 78
[DEBUG] setDFGNode 51 onto CGRANode 10 at cycle: 2
[DEBUG] in allocateReg() t_cycle: 1; i: 0 CGRA node: 10; link: 1 duration 1
[DEBUG] done reg allocation
[DEBUG] occupy link[6]-->[10] (bypass:0) dfgNode: 34 at cycle 1
[DEBUG] skip predecessor routing -- dfgNode: 34
[DEBUG] success in schedule()
[DEBUG] schedule dfg node[52] onto fu[9] at cycle 3 within II: 78
[DEBUG] setDFGNode 52 onto CGRANode 9 at cycle: 3
[DEBUG] in allocateReg() t_cycle: 2; i: 0 CGRA node: 9; link: 3 duration 1
[DEBUG] done reg allocation
[DEBUG] occupy link[10]-->[9] (bypass:0) dfgNode: 51 at cycle 2
[DEBUG] skip predecessor routing -- dfgNode: 51
[DEBUG] success in schedule()
[DEBUG] schedule dfg node[0] onto fu[10] at cycle 4 within II: 78
[DEBUG] setDFGNode 0 onto CGRANode 10 at cycle: 4
[DEBUG] in allocateReg() t_cycle: 3; i: 0 CGRA node: 10; link: 2 duration 1
[DEBUG] done reg allocation
[DEBUG] occupy link[9]-->[10] (bypass:0) dfgNode: 52 at cycle 3
[DEBUG] skip predecessor routing -- dfgNode: 52
[DEBUG] in shareSameCycle is true: node 0
[DEBUG] tryToRoute -- srcDFGNode: 0, srcCGRANode: 10; dstDFGNode: 33, dstCGRANode: 5; backEdge: 1
[DEBUG] in shareSameCycle is true: node 33
[DEBUG] check route size: 3
[DEBUG] occupy link[10]-->[6] (bypass:1) dfgNode: 0 at cycle 4
[DEBUG] reset duration: 73 t_dstCycle: 0 previous: 5 II: 78
[DEBUG] in allocateReg() t_cycle: 5; i: 0 CGRA node: 5; link: 3 duration 73
[DEBUG] done reg allocation
[DEBUG] occupy link[6]-->[5] (bypass:0) dfgNode: 0 at cycle 5
[DEBUG] in shareSameCycle is true: node 0
[DEBUG] tryToRoute -- srcDFGNode: 0, srcCGRANode: 10; dstDFGNode: 51, dstCGRANode: 10; backEdge: 1
[DEBUG] in shareSameCycle is true: node 51
[DEBUG] check route size: 1
[DEBUG] allocate for local reg maintain... duration=76 last cycle: 4
[DEBUG] in allocateReg() t_cycle: 4; i: 1 CGRA node: 10; link: 4 duration 76
[DEBUG] done reg allocation
[DEBUG] success in schedule()
[DEBUG] schedule dfg node[1] onto fu[14] at cycle 5 within II: 78
[DEBUG] setDFGNode 1 onto CGRANode 14 at cycle: 5
[DEBUG] in allocateReg() t_cycle: 4; i: 0 CGRA node: 14; link: 1 duration 1
[DEBUG] done reg allocation
[DEBUG] occupy link[10]-->[14] (bypass:0) dfgNode: 0 at cycle 4
[DEBUG] skip predecessor routing -- dfgNode: 0
[DEBUG] success in schedule()
[DEBUG] schedule dfg node[4] onto fu[6] at cycle 5 within II: 78
[DEBUG] setDFGNode 4 onto CGRANode 6 at cycle: 5
[DEBUG] in allocateReg() t_cycle: 4; i: 0 CGRA node: 6; link: 0 duration 1
[DEBUG] done reg allocation
[DEBUG] occupy link[10]-->[6] (bypass:0) dfgNode: 0 at cycle 4
[DEBUG] skip predecessor routing -- dfgNode: 0
[DEBUG] success in schedule()
[DEBUG] schedule dfg node[8] onto fu[9] at cycle 5 within II: 78
[DEBUG] setDFGNode 8 onto CGRANode 9 at cycle: 5
[DEBUG] in allocateReg() t_cycle: 4; i: 0 CGRA node: 9; link: 3 duration 1
[DEBUG] done reg allocation
[DEBUG] occupy link[10]-->[9] (bypass:0) dfgNode: 0 at cycle 4
[DEBUG] skip predecessor routing -- dfgNode: 0
[DEBUG] success in schedule()
[DEBUG] schedule dfg node[16] onto fu[5] at cycle 6 within II: 78
[DEBUG] setDFGNode 16 onto CGRANode 5 at cycle: 6
[DEBUG] occupy link[10]-->[6] (bypass:1) dfgNode: 0 at cycle 4
[DEBUG] in allocateReg() t_cycle: 5; i: 1 CGRA node: 5; link: 3 duration 1
[DEBUG] done reg allocation
[DEBUG] occupy link[6]-->[5] (bypass:0) dfgNode: 0 at cycle 5
[DEBUG] skip predecessor routing -- dfgNode: 0
[DEBUG] success in schedule()
[DEBUG] schedule dfg node[24] onto fu[10] at cycle 5 within II: 78
[DEBUG] setDFGNode 24 onto CGRANode 10 at cycle: 5
[DEBUG] tryToRoute -- srcDFGNode: 0, srcCGRANode: 10; dstDFGNode: 24, dstCGRANode: 10; backEdge: 0
[DEBUG] check route size: 1
[DEBUG] allocate for local reg maintain... duration=1 last cycle: 4
[DEBUG] in allocateReg() t_cycle: 4; i: 0 CGRA node: 10; link: 4 duration 1
[DEBUG] done reg allocation
[DEBUG] success in schedule()
[DEBUG] schedule dfg node[32] onto fu[13] at cycle 6 within II: 78
[DEBUG] setDFGNode 32 onto CGRANode 13 at cycle: 6
[DEBUG] occupy link[10]-->[9] (bypass:1) dfgNode: 0 at cycle 4
[DEBUG] in allocateReg() t_cycle: 5; i: 0 CGRA node: 13; link: 1 duration 1
[DEBUG] done reg allocation
[DEBUG] occupy link[9]-->[13] (bypass:0) dfgNode: 0 at cycle 5
[DEBUG] skip predecessor routing -- dfgNode: 0
[DEBUG] success in schedule()
[DEBUG] schedule dfg node[42] onto fu[2] at cycle 6 within II: 78
[DEBUG] setDFGNode 42 onto CGRANode 2 at cycle: 6
[DEBUG] occupy link[10]-->[6] (bypass:1) dfgNode: 0 at cycle 4
[DEBUG] in allocateReg() t_cycle: 5; i: 0 CGRA node: 2; link: 0 duration 1
[DEBUG] done reg allocation
[DEBUG] occupy link[6]-->[2] (bypass:0) dfgNode: 0 at cycle 5
[DEBUG] skip predecessor routing -- dfgNode: 0
[DEBUG] tryToRoute -- srcDFGNode: 34, srcCGRANode: 6; dstDFGNode: 42, dstCGRANode: 2; backEdge: 0
[DEBUG] check route size: 2
[DEBUG] reset duration: 5 t_dstCycle: 6 previous: 1 II: 78
[DEBUG] in allocateReg() t_cycle: 1; i: 1 CGRA node: 2; link: 0 duration 5
[DEBUG] done reg allocation
[DEBUG] occupy link[6]-->[2] (bypass:0) dfgNode: 34 at cycle 1
[DEBUG] success in schedule()
[DEBUG] schedule dfg node[50] onto fu[1] at cycle 7 within II: 78
[DEBUG] setDFGNode 50 onto CGRANode 1 at cycle: 7
[DEBUG] occupy link[10]-->[6] (bypass:1) dfgNode: 0 at cycle 4
[DEBUG] occupy link[6]-->[2] (bypass:1) dfgNode: 0 at cycle 5
[DEBUG] in allocateReg() t_cycle: 6; i: 0 CGRA node: 1; link: 3 duration 1
[DEBUG] done reg allocation
[DEBUG] occupy link[2]-->[1] (bypass:0) dfgNode: 0 at cycle 6
[DEBUG] skip predecessor routing -- dfgNode: 0
[DEBUG] tryToRoute -- srcDFGNode: 34, srcCGRANode: 6; dstDFGNode: 50, dstCGRANode: 1; backEdge: 0
[DEBUG] in shareSameCycle is true: node 50
[DEBUG] cannot route due to II is violated for backward cycle
DEBUG target DFG node: 50 on fu: 1 failed, mapped pred DFG node: 34; return false
[DEBUG] fail1 in schedule() II: 78
[DEBUG] the failed path -- cycle: 7 CGRANode: 1
[DEBUG] the failed path -- cycle: 6 CGRANode: 2
[DEBUG] the failed path -- cycle: 5 CGRANode: 6
[DEBUG] the failed path -- cycle: 4 CGRANode: 10
----------------------------------------
[DEBUG] start heuristic algorithm with II=79
[DEBUG] schedule dfg node[33] onto fu[5] at cycle 0 within II: 79
[DEBUG] setDFGNode 33 onto CGRANode 5 at cycle: 0
[DEBUG] success in schedule()
[DEBUG] schedule dfg node[34] onto fu[6] at cycle 1 within II: 79
[DEBUG] setDFGNode 34 onto CGRANode 6 at cycle: 1
[DEBUG] in allocateReg() t_cycle: 0; i: 0 CGRA node: 6; link: 2 duration 1
[DEBUG] done reg allocation
[DEBUG] occupy link[5]-->[6] (bypass:0) dfgNode: 33 at cycle 0
[DEBUG] skip predecessor routing -- dfgNode: 33
[DEBUG] success in schedule()
[DEBUG] schedule dfg node[51] onto fu[10] at cycle 2 within II: 79
[DEBUG] setDFGNode 51 onto CGRANode 10 at cycle: 2
[DEBUG] in allocateReg() t_cycle: 1; i: 0 CGRA node: 10; link: 1 duration 1
[DEBUG] done reg allocation
[DEBUG] occupy link[6]-->[10] (bypass:0) dfgNode: 34 at cycle 1
[DEBUG] skip predecessor routing -- dfgNode: 34
[DEBUG] success in schedule()
[DEBUG] schedule dfg node[52] onto fu[9] at cycle 3 within II: 79
[DEBUG] setDFGNode 52 onto CGRANode 9 at cycle: 3
[DEBUG] in allocateReg() t_cycle: 2; i: 0 CGRA node: 9; link: 3 duration 1
[DEBUG] done reg allocation
[DEBUG] occupy link[10]-->[9] (bypass:0) dfgNode: 51 at cycle 2
[DEBUG] skip predecessor routing -- dfgNode: 51
[DEBUG] success in schedule()
[DEBUG] schedule dfg node[0] onto fu[10] at cycle 4 within II: 79
[DEBUG] setDFGNode 0 onto CGRANode 10 at cycle: 4
[DEBUG] in allocateReg() t_cycle: 3; i: 0 CGRA node: 10; link: 2 duration 1
[DEBUG] done reg allocation
[DEBUG] occupy link[9]-->[10] (bypass:0) dfgNode: 52 at cycle 3
[DEBUG] skip predecessor routing -- dfgNode: 52
[DEBUG] in shareSameCycle is true: node 0
[DEBUG] tryToRoute -- srcDFGNode: 0, srcCGRANode: 10; dstDFGNode: 33, dstCGRANode: 5; backEdge: 1
[DEBUG] in shareSameCycle is true: node 33
[DEBUG] check route size: 3
[DEBUG] occupy link[10]-->[6] (bypass:1) dfgNode: 0 at cycle 4
[DEBUG] reset duration: 74 t_dstCycle: 0 previous: 5 II: 79
[DEBUG] in allocateReg() t_cycle: 5; i: 0 CGRA node: 5; link: 3 duration 74
[DEBUG] done reg allocation
[DEBUG] occupy link[6]-->[5] (bypass:0) dfgNode: 0 at cycle 5
[DEBUG] in shareSameCycle is true: node 0
[DEBUG] tryToRoute -- srcDFGNode: 0, srcCGRANode: 10; dstDFGNode: 51, dstCGRANode: 10; backEdge: 1
[DEBUG] in shareSameCycle is true: node 51
[DEBUG] check route size: 1
[DEBUG] allocate for local reg maintain... duration=77 last cycle: 4
[DEBUG] in allocateReg() t_cycle: 4; i: 1 CGRA node: 10; link: 4 duration 77
[DEBUG] done reg allocation
[DEBUG] success in schedule()
[DEBUG] schedule dfg node[1] onto fu[14] at cycle 5 within II: 79
[DEBUG] setDFGNode 1 onto CGRANode 14 at cycle: 5
[DEBUG] in allocateReg() t_cycle: 4; i: 0 CGRA node: 14; link: 1 duration 1
[DEBUG] done reg allocation
[DEBUG] occupy link[10]-->[14] (bypass:0) dfgNode: 0 at cycle 4
[DEBUG] skip predecessor routing -- dfgNode: 0
[DEBUG] success in schedule()
[DEBUG] schedule dfg node[4] onto fu[6] at cycle 5 within II: 79
[DEBUG] setDFGNode 4 onto CGRANode 6 at cycle: 5
[DEBUG] in allocateReg() t_cycle: 4; i: 0 CGRA node: 6; link: 0 duration 1
[DEBUG] done reg allocation
[DEBUG] occupy link[10]-->[6] (bypass:0) dfgNode: 0 at cycle 4
[DEBUG] skip predecessor routing -- dfgNode: 0
[DEBUG] success in schedule()
[DEBUG] schedule dfg node[8] onto fu[9] at cycle 5 within II: 79
[DEBUG] setDFGNode 8 onto CGRANode 9 at cycle: 5
[DEBUG] in allocateReg() t_cycle: 4; i: 0 CGRA node: 9; link: 3 duration 1
[DEBUG] done reg allocation
[DEBUG] occupy link[10]-->[9] (bypass:0) dfgNode: 0 at cycle 4
[DEBUG] skip predecessor routing -- dfgNode: 0
[DEBUG] success in schedule()
[DEBUG] schedule dfg node[16] onto fu[5] at cycle 6 within II: 79
[DEBUG] setDFGNode 16 onto CGRANode 5 at cycle: 6
[DEBUG] occupy link[10]-->[6] (bypass:1) dfgNode: 0 at cycle 4
[DEBUG] in allocateReg() t_cycle: 5; i: 1 CGRA node: 5; link: 3 duration 1
[DEBUG] done reg allocation
[DEBUG] occupy link[6]-->[5] (bypass:0) dfgNode: 0 at cycle 5
[DEBUG] skip predecessor routing -- dfgNode: 0
[DEBUG] success in schedule()
[DEBUG] schedule dfg node[24] onto fu[10] at cycle 5 within II: 79
[DEBUG] setDFGNode 24 onto CGRANode 10 at cycle: 5
[DEBUG] tryToRoute -- srcDFGNode: 0, srcCGRANode: 10; dstDFGNode: 24, dstCGRANode: 10; backEdge: 0
[DEBUG] check route size: 1
[DEBUG] allocate for local reg maintain... duration=1 last cycle: 4
[DEBUG] in allocateReg() t_cycle: 4; i: 0 CGRA node: 10; link: 4 duration 1
[DEBUG] done reg allocation
[DEBUG] success in schedule()
[DEBUG] schedule dfg node[32] onto fu[13] at cycle 6 within II: 79
[DEBUG] setDFGNode 32 onto CGRANode 13 at cycle: 6
[DEBUG] occupy link[10]-->[9] (bypass:1) dfgNode: 0 at cycle 4
[DEBUG] in allocateReg() t_cycle: 5; i: 0 CGRA node: 13; link: 1 duration 1
[DEBUG] done reg allocation
[DEBUG] occupy link[9]-->[13] (bypass:0) dfgNode: 0 at cycle 5
[DEBUG] skip predecessor routing -- dfgNode: 0
[DEBUG] success in schedule()
[DEBUG] schedule dfg node[42] onto fu[2] at cycle 6 within II: 79
[DEBUG] setDFGNode 42 onto CGRANode 2 at cycle: 6
[DEBUG] occupy link[10]-->[6] (bypass:1) dfgNode: 0 at cycle 4
[DEBUG] in allocateReg() t_cycle: 5; i: 0 CGRA node: 2; link: 0 duration 1
[DEBUG] done reg allocation
[DEBUG] occupy link[6]-->[2] (bypass:0) dfgNode: 0 at cycle 5
[DEBUG] skip predecessor routing -- dfgNode: 0
[DEBUG] tryToRoute -- srcDFGNode: 34, srcCGRANode: 6; dstDFGNode: 42, dstCGRANode: 2; backEdge: 0
[DEBUG] check route size: 2
[DEBUG] reset duration: 5 t_dstCycle: 6 previous: 1 II: 79
[DEBUG] in allocateReg() t_cycle: 1; i: 1 CGRA node: 2; link: 0 duration 5
[DEBUG] done reg allocation
[DEBUG] occupy link[6]-->[2] (bypass:0) dfgNode: 34 at cycle 1
[DEBUG] success in schedule()
[DEBUG] schedule dfg node[50] onto fu[1] at cycle 7 within II: 79
[DEBUG] setDFGNode 50 onto CGRANode 1 at cycle: 7
[DEBUG] occupy link[10]-->[6] (bypass:1) dfgNode: 0 at cycle 4
[DEBUG] occupy link[6]-->[2] (bypass:1) dfgNode: 0 at cycle 5
[DEBUG] in allocateReg() t_cycle: 6; i: 0 CGRA node: 1; link: 3 duration 1
[DEBUG] done reg allocation
[DEBUG] occupy link[2]-->[1] (bypass:0) dfgNode: 0 at cycle 6
[DEBUG] skip predecessor routing -- dfgNode: 0
[DEBUG] tryToRoute -- srcDFGNode: 34, srcCGRANode: 6; dstDFGNode: 50, dstCGRANode: 1; backEdge: 0
[DEBUG] in shareSameCycle is true: node 50
[DEBUG] cannot route due to II is violated for backward cycle
DEBUG target DFG node: 50 on fu: 1 failed, mapped pred DFG node: 34; return false
[DEBUG] fail1 in schedule() II: 79
[DEBUG] the failed path -- cycle: 7 CGRANode: 1
[DEBUG] the failed path -- cycle: 6 CGRANode: 2
[DEBUG] the failed path -- cycle: 5 CGRANode: 6
[DEBUG] the failed path -- cycle: 4 CGRANode: 10
----------------------------------------
[DEBUG] start heuristic algorithm with II=80
[DEBUG] schedule dfg node[33] onto fu[5] at cycle 0 within II: 80
[DEBUG] setDFGNode 33 onto CGRANode 5 at cycle: 0
[DEBUG] success in schedule()
[DEBUG] schedule dfg node[34] onto fu[6] at cycle 1 within II: 80
[DEBUG] setDFGNode 34 onto CGRANode 6 at cycle: 1
[DEBUG] in allocateReg() t_cycle: 0; i: 0 CGRA node: 6; link: 2 duration 1
[DEBUG] done reg allocation
[DEBUG] occupy link[5]-->[6] (bypass:0) dfgNode: 33 at cycle 0
[DEBUG] skip predecessor routing -- dfgNode: 33
[DEBUG] success in schedule()
[DEBUG] schedule dfg node[51] onto fu[10] at cycle 2 within II: 80
[DEBUG] setDFGNode 51 onto CGRANode 10 at cycle: 2
[DEBUG] in allocateReg() t_cycle: 1; i: 0 CGRA node: 10; link: 1 duration 1
[DEBUG] done reg allocation
[DEBUG] occupy link[6]-->[10] (bypass:0) dfgNode: 34 at cycle 1
[DEBUG] skip predecessor routing -- dfgNode: 34
[DEBUG] success in schedule()
[DEBUG] schedule dfg node[52] onto fu[9] at cycle 3 within II: 80
[DEBUG] setDFGNode 52 onto CGRANode 9 at cycle: 3
[DEBUG] in allocateReg() t_cycle: 2; i: 0 CGRA node: 9; link: 3 duration 1
[DEBUG] done reg allocation
[DEBUG] occupy link[10]-->[9] (bypass:0) dfgNode: 51 at cycle 2
[DEBUG] skip predecessor routing -- dfgNode: 51
[DEBUG] success in schedule()
[DEBUG] schedule dfg node[0] onto fu[10] at cycle 4 within II: 80
[DEBUG] setDFGNode 0 onto CGRANode 10 at cycle: 4
[DEBUG] in allocateReg() t_cycle: 3; i: 0 CGRA node: 10; link: 2 duration 1
[DEBUG] done reg allocation
[DEBUG] occupy link[9]-->[10] (bypass:0) dfgNode: 52 at cycle 3
[DEBUG] skip predecessor routing -- dfgNode: 52
[DEBUG] in shareSameCycle is true: node 0
[DEBUG] tryToRoute -- srcDFGNode: 0, srcCGRANode: 10; dstDFGNode: 33, dstCGRANode: 5; backEdge: 1
[DEBUG] in shareSameCycle is true: node 33
[DEBUG] check route size: 3
[DEBUG] occupy link[10]-->[6] (bypass:1) dfgNode: 0 at cycle 4
[DEBUG] reset duration: 75 t_dstCycle: 0 previous: 5 II: 80
[DEBUG] in allocateReg() t_cycle: 5; i: 0 CGRA node: 5; link: 3 duration 75
[DEBUG] done reg allocation
[DEBUG] occupy link[6]-->[5] (bypass:0) dfgNode: 0 at cycle 5
[DEBUG] in shareSameCycle is true: node 0
[DEBUG] tryToRoute -- srcDFGNode: 0, srcCGRANode: 10; dstDFGNode: 51, dstCGRANode: 10; backEdge: 1
[DEBUG] in shareSameCycle is true: node 51
[DEBUG] check route size: 1
[DEBUG] allocate for local reg maintain... duration=78 last cycle: 4
[DEBUG] in allocateReg() t_cycle: 4; i: 1 CGRA node: 10; link: 4 duration 78
[DEBUG] done reg allocation
[DEBUG] success in schedule()
[DEBUG] schedule dfg node[1] onto fu[14] at cycle 5 within II: 80
[DEBUG] setDFGNode 1 onto CGRANode 14 at cycle: 5
[DEBUG] in allocateReg() t_cycle: 4; i: 0 CGRA node: 14; link: 1 duration 1
[DEBUG] done reg allocation
[DEBUG] occupy link[10]-->[14] (bypass:0) dfgNode: 0 at cycle 4
[DEBUG] skip predecessor routing -- dfgNode: 0
[DEBUG] success in schedule()
[DEBUG] schedule dfg node[4] onto fu[6] at cycle 5 within II: 80
[DEBUG] setDFGNode 4 onto CGRANode 6 at cycle: 5
[DEBUG] in allocateReg() t_cycle: 4; i: 0 CGRA node: 6; link: 0 duration 1
[DEBUG] done reg allocation
[DEBUG] occupy link[10]-->[6] (bypass:0) dfgNode: 0 at cycle 4
[DEBUG] skip predecessor routing -- dfgNode: 0
[DEBUG] success in schedule()
[DEBUG] schedule dfg node[8] onto fu[9] at cycle 5 within II: 80
[DEBUG] setDFGNode 8 onto CGRANode 9 at cycle: 5
[DEBUG] in allocateReg() t_cycle: 4; i: 0 CGRA node: 9; link: 3 duration 1
[DEBUG] done reg allocation
[DEBUG] occupy link[10]-->[9] (bypass:0) dfgNode: 0 at cycle 4
[DEBUG] skip predecessor routing -- dfgNode: 0
[DEBUG] success in schedule()
[DEBUG] schedule dfg node[16] onto fu[5] at cycle 6 within II: 80
[DEBUG] setDFGNode 16 onto CGRANode 5 at cycle: 6
[DEBUG] occupy link[10]-->[6] (bypass:1) dfgNode: 0 at cycle 4
[DEBUG] in allocateReg() t_cycle: 5; i: 1 CGRA node: 5; link: 3 duration 1
[DEBUG] done reg allocation
[DEBUG] occupy link[6]-->[5] (bypass:0) dfgNode: 0 at cycle 5
[DEBUG] skip predecessor routing -- dfgNode: 0
[DEBUG] success in schedule()
[DEBUG] schedule dfg node[24] onto fu[10] at cycle 5 within II: 80
[DEBUG] setDFGNode 24 onto CGRANode 10 at cycle: 5
[DEBUG] tryToRoute -- srcDFGNode: 0, srcCGRANode: 10; dstDFGNode: 24, dstCGRANode: 10; backEdge: 0
[DEBUG] check route size: 1
[DEBUG] allocate for local reg maintain... duration=1 last cycle: 4
[DEBUG] in allocateReg() t_cycle: 4; i: 0 CGRA node: 10; link: 4 duration 1
[DEBUG] done reg allocation
[DEBUG] success in schedule()
[DEBUG] schedule dfg node[32] onto fu[13] at cycle 6 within II: 80
[DEBUG] setDFGNode 32 onto CGRANode 13 at cycle: 6
[DEBUG] occupy link[10]-->[9] (bypass:1) dfgNode: 0 at cycle 4
[DEBUG] in allocateReg() t_cycle: 5; i: 0 CGRA node: 13; link: 1 duration 1
[DEBUG] done reg allocation
[DEBUG] occupy link[9]-->[13] (bypass:0) dfgNode: 0 at cycle 5
[DEBUG] skip predecessor routing -- dfgNode: 0
[DEBUG] success in schedule()
[DEBUG] schedule dfg node[42] onto fu[2] at cycle 6 within II: 80
[DEBUG] setDFGNode 42 onto CGRANode 2 at cycle: 6
[DEBUG] occupy link[10]-->[6] (bypass:1) dfgNode: 0 at cycle 4
[DEBUG] in allocateReg() t_cycle: 5; i: 0 CGRA node: 2; link: 0 duration 1
[DEBUG] done reg allocation
[DEBUG] occupy link[6]-->[2] (bypass:0) dfgNode: 0 at cycle 5
[DEBUG] skip predecessor routing -- dfgNode: 0
[DEBUG] tryToRoute -- srcDFGNode: 34, srcCGRANode: 6; dstDFGNode: 42, dstCGRANode: 2; backEdge: 0
[DEBUG] check route size: 2
[DEBUG] reset duration: 5 t_dstCycle: 6 previous: 1 II: 80
[DEBUG] in allocateReg() t_cycle: 1; i: 1 CGRA node: 2; link: 0 duration 5
[DEBUG] done reg allocation
[DEBUG] occupy link[6]-->[2] (bypass:0) dfgNode: 34 at cycle 1
[DEBUG] success in schedule()
[DEBUG] schedule dfg node[50] onto fu[1] at cycle 7 within II: 80
[DEBUG] setDFGNode 50 onto CGRANode 1 at cycle: 7
[DEBUG] occupy link[10]-->[6] (bypass:1) dfgNode: 0 at cycle 4
[DEBUG] occupy link[6]-->[2] (bypass:1) dfgNode: 0 at cycle 5
[DEBUG] in allocateReg() t_cycle: 6; i: 0 CGRA node: 1; link: 3 duration 1
[DEBUG] done reg allocation
[DEBUG] occupy link[2]-->[1] (bypass:0) dfgNode: 0 at cycle 6
[DEBUG] skip predecessor routing -- dfgNode: 0
[DEBUG] tryToRoute -- srcDFGNode: 34, srcCGRANode: 6; dstDFGNode: 50, dstCGRANode: 1; backEdge: 0
[DEBUG] in shareSameCycle is true: node 50
[DEBUG] cannot route due to II is violated for backward cycle
DEBUG target DFG node: 50 on fu: 1 failed, mapped pred DFG node: 34; return false
[DEBUG] fail1 in schedule() II: 80
[DEBUG] the failed path -- cycle: 7 CGRANode: 1
[DEBUG] the failed path -- cycle: 6 CGRANode: 2
[DEBUG] the failed path -- cycle: 5 CGRANode: 6
[DEBUG] the failed path -- cycle: 4 CGRANode: 10
----------------------------------------
[DEBUG] start heuristic algorithm with II=81
[DEBUG] schedule dfg node[33] onto fu[5] at cycle 0 within II: 81
[DEBUG] setDFGNode 33 onto CGRANode 5 at cycle: 0
[DEBUG] success in schedule()
[DEBUG] schedule dfg node[34] onto fu[6] at cycle 1 within II: 81
[DEBUG] setDFGNode 34 onto CGRANode 6 at cycle: 1
[DEBUG] in allocateReg() t_cycle: 0; i: 0 CGRA node: 6; link: 2 duration 1
[DEBUG] done reg allocation
[DEBUG] occupy link[5]-->[6] (bypass:0) dfgNode: 33 at cycle 0
[DEBUG] skip predecessor routing -- dfgNode: 33
[DEBUG] success in schedule()
[DEBUG] schedule dfg node[51] onto fu[10] at cycle 2 within II: 81
[DEBUG] setDFGNode 51 onto CGRANode 10 at cycle: 2
[DEBUG] in allocateReg() t_cycle: 1; i: 0 CGRA node: 10; link: 1 duration 1
[DEBUG] done reg allocation
[DEBUG] occupy link[6]-->[10] (bypass:0) dfgNode: 34 at cycle 1
[DEBUG] skip predecessor routing -- dfgNode: 34
[DEBUG] success in schedule()
[DEBUG] schedule dfg node[52] onto fu[9] at cycle 3 within II: 81
[DEBUG] setDFGNode 52 onto CGRANode 9 at cycle: 3
[DEBUG] in allocateReg() t_cycle: 2; i: 0 CGRA node: 9; link: 3 duration 1
[DEBUG] done reg allocation
[DEBUG] occupy link[10]-->[9] (bypass:0) dfgNode: 51 at cycle 2
[DEBUG] skip predecessor routing -- dfgNode: 51
[DEBUG] success in schedule()
[DEBUG] schedule dfg node[0] onto fu[10] at cycle 4 within II: 81
[DEBUG] setDFGNode 0 onto CGRANode 10 at cycle: 4
[DEBUG] in allocateReg() t_cycle: 3; i: 0 CGRA node: 10; link: 2 duration 1
[DEBUG] done reg allocation
[DEBUG] occupy link[9]-->[10] (bypass:0) dfgNode: 52 at cycle 3
[DEBUG] skip predecessor routing -- dfgNode: 52
[DEBUG] in shareSameCycle is true: node 0
[DEBUG] tryToRoute -- srcDFGNode: 0, srcCGRANode: 10; dstDFGNode: 33, dstCGRANode: 5; backEdge: 1
[DEBUG] in shareSameCycle is true: node 33
[DEBUG] check route size: 3
[DEBUG] occupy link[10]-->[6] (bypass:1) dfgNode: 0 at cycle 4
[DEBUG] reset duration: 76 t_dstCycle: 0 previous: 5 II: 81
[DEBUG] in allocateReg() t_cycle: 5; i: 0 CGRA node: 5; link: 3 duration 76
[DEBUG] done reg allocation
[DEBUG] occupy link[6]-->[5] (bypass:0) dfgNode: 0 at cycle 5
[DEBUG] in shareSameCycle is true: node 0
[DEBUG] tryToRoute -- srcDFGNode: 0, srcCGRANode: 10; dstDFGNode: 51, dstCGRANode: 10; backEdge: 1
[DEBUG] in shareSameCycle is true: node 51
[DEBUG] check route size: 1
[DEBUG] allocate for local reg maintain... duration=79 last cycle: 4
[DEBUG] in allocateReg() t_cycle: 4; i: 1 CGRA node: 10; link: 4 duration 79
[DEBUG] done reg allocation
[DEBUG] success in schedule()
[DEBUG] schedule dfg node[1] onto fu[14] at cycle 5 within II: 81
[DEBUG] setDFGNode 1 onto CGRANode 14 at cycle: 5
[DEBUG] in allocateReg() t_cycle: 4; i: 0 CGRA node: 14; link: 1 duration 1
[DEBUG] done reg allocation
[DEBUG] occupy link[10]-->[14] (bypass:0) dfgNode: 0 at cycle 4
[DEBUG] skip predecessor routing -- dfgNode: 0
[DEBUG] success in schedule()
[DEBUG] schedule dfg node[4] onto fu[6] at cycle 5 within II: 81
[DEBUG] setDFGNode 4 onto CGRANode 6 at cycle: 5
[DEBUG] in allocateReg() t_cycle: 4; i: 0 CGRA node: 6; link: 0 duration 1
[DEBUG] done reg allocation
[DEBUG] occupy link[10]-->[6] (bypass:0) dfgNode: 0 at cycle 4
[DEBUG] skip predecessor routing -- dfgNode: 0
[DEBUG] success in schedule()
[DEBUG] schedule dfg node[8] onto fu[9] at cycle 5 within II: 81
[DEBUG] setDFGNode 8 onto CGRANode 9 at cycle: 5
[DEBUG] in allocateReg() t_cycle: 4; i: 0 CGRA node: 9; link: 3 duration 1
[DEBUG] done reg allocation
[DEBUG] occupy link[10]-->[9] (bypass:0) dfgNode: 0 at cycle 4
[DEBUG] skip predecessor routing -- dfgNode: 0
[DEBUG] success in schedule()
[DEBUG] schedule dfg node[16] onto fu[5] at cycle 6 within II: 81
[DEBUG] setDFGNode 16 onto CGRANode 5 at cycle: 6
[DEBUG] occupy link[10]-->[6] (bypass:1) dfgNode: 0 at cycle 4
[DEBUG] in allocateReg() t_cycle: 5; i: 1 CGRA node: 5; link: 3 duration 1
[DEBUG] done reg allocation
[DEBUG] occupy link[6]-->[5] (bypass:0) dfgNode: 0 at cycle 5
[DEBUG] skip predecessor routing -- dfgNode: 0
[DEBUG] success in schedule()
[DEBUG] schedule dfg node[24] onto fu[10] at cycle 5 within II: 81
[DEBUG] setDFGNode 24 onto CGRANode 10 at cycle: 5
[DEBUG] tryToRoute -- srcDFGNode: 0, srcCGRANode: 10; dstDFGNode: 24, dstCGRANode: 10; backEdge: 0
[DEBUG] check route size: 1
[DEBUG] allocate for local reg maintain... duration=1 last cycle: 4
[DEBUG] in allocateReg() t_cycle: 4; i: 0 CGRA node: 10; link: 4 duration 1
[DEBUG] done reg allocation
[DEBUG] success in schedule()
[DEBUG] schedule dfg node[32] onto fu[13] at cycle 6 within II: 81
[DEBUG] setDFGNode 32 onto CGRANode 13 at cycle: 6
[DEBUG] occupy link[10]-->[9] (bypass:1) dfgNode: 0 at cycle 4
[DEBUG] in allocateReg() t_cycle: 5; i: 0 CGRA node: 13; link: 1 duration 1
[DEBUG] done reg allocation
[DEBUG] occupy link[9]-->[13] (bypass:0) dfgNode: 0 at cycle 5
[DEBUG] skip predecessor routing -- dfgNode: 0
[DEBUG] success in schedule()
[DEBUG] schedule dfg node[42] onto fu[2] at cycle 6 within II: 81
[DEBUG] setDFGNode 42 onto CGRANode 2 at cycle: 6
[DEBUG] occupy link[10]-->[6] (bypass:1) dfgNode: 0 at cycle 4
[DEBUG] in allocateReg() t_cycle: 5; i: 0 CGRA node: 2; link: 0 duration 1
[DEBUG] done reg allocation
[DEBUG] occupy link[6]-->[2] (bypass:0) dfgNode: 0 at cycle 5
[DEBUG] skip predecessor routing -- dfgNode: 0
[DEBUG] tryToRoute -- srcDFGNode: 34, srcCGRANode: 6; dstDFGNode: 42, dstCGRANode: 2; backEdge: 0
[DEBUG] check route size: 2
[DEBUG] reset duration: 5 t_dstCycle: 6 previous: 1 II: 81
[DEBUG] in allocateReg() t_cycle: 1; i: 1 CGRA node: 2; link: 0 duration 5
[DEBUG] done reg allocation
[DEBUG] occupy link[6]-->[2] (bypass:0) dfgNode: 34 at cycle 1
[DEBUG] success in schedule()
[DEBUG] schedule dfg node[50] onto fu[1] at cycle 7 within II: 81
[DEBUG] setDFGNode 50 onto CGRANode 1 at cycle: 7
[DEBUG] occupy link[10]-->[6] (bypass:1) dfgNode: 0 at cycle 4
[DEBUG] occupy link[6]-->[2] (bypass:1) dfgNode: 0 at cycle 5
[DEBUG] in allocateReg() t_cycle: 6; i: 0 CGRA node: 1; link: 3 duration 1
[DEBUG] done reg allocation
[DEBUG] occupy link[2]-->[1] (bypass:0) dfgNode: 0 at cycle 6
[DEBUG] skip predecessor routing -- dfgNode: 0
[DEBUG] tryToRoute -- srcDFGNode: 34, srcCGRANode: 6; dstDFGNode: 50, dstCGRANode: 1; backEdge: 0
[DEBUG] in shareSameCycle is true: node 50
[DEBUG] cannot route due to II is violated for backward cycle
DEBUG target DFG node: 50 on fu: 1 failed, mapped pred DFG node: 34; return false
[DEBUG] fail1 in schedule() II: 81
[DEBUG] the failed path -- cycle: 7 CGRANode: 1
[DEBUG] the failed path -- cycle: 6 CGRANode: 2
[DEBUG] the failed path -- cycle: 5 CGRANode: 6
[DEBUG] the failed path -- cycle: 4 CGRANode: 10
----------------------------------------
[DEBUG] start heuristic algorithm with II=82
[DEBUG] schedule dfg node[33] onto fu[5] at cycle 0 within II: 82
[DEBUG] setDFGNode 33 onto CGRANode 5 at cycle: 0
[DEBUG] success in schedule()
[DEBUG] schedule dfg node[34] onto fu[6] at cycle 1 within II: 82
[DEBUG] setDFGNode 34 onto CGRANode 6 at cycle: 1
[DEBUG] in allocateReg() t_cycle: 0; i: 0 CGRA node: 6; link: 2 duration 1
[DEBUG] done reg allocation
[DEBUG] occupy link[5]-->[6] (bypass:0) dfgNode: 33 at cycle 0
[DEBUG] skip predecessor routing -- dfgNode: 33
[DEBUG] success in schedule()
[DEBUG] schedule dfg node[51] onto fu[10] at cycle 2 within II: 82
[DEBUG] setDFGNode 51 onto CGRANode 10 at cycle: 2
[DEBUG] in allocateReg() t_cycle: 1; i: 0 CGRA node: 10; link: 1 duration 1
[DEBUG] done reg allocation
[DEBUG] occupy link[6]-->[10] (bypass:0) dfgNode: 34 at cycle 1
[DEBUG] skip predecessor routing -- dfgNode: 34
[DEBUG] success in schedule()
[DEBUG] schedule dfg node[52] onto fu[9] at cycle 3 within II: 82
[DEBUG] setDFGNode 52 onto CGRANode 9 at cycle: 3
[DEBUG] in allocateReg() t_cycle: 2; i: 0 CGRA node: 9; link: 3 duration 1
[DEBUG] done reg allocation
[DEBUG] occupy link[10]-->[9] (bypass:0) dfgNode: 51 at cycle 2
[DEBUG] skip predecessor routing -- dfgNode: 51
[DEBUG] success in schedule()
[DEBUG] schedule dfg node[0] onto fu[10] at cycle 4 within II: 82
[DEBUG] setDFGNode 0 onto CGRANode 10 at cycle: 4
[DEBUG] in allocateReg() t_cycle: 3; i: 0 CGRA node: 10; link: 2 duration 1
[DEBUG] done reg allocation
[DEBUG] occupy link[9]-->[10] (bypass:0) dfgNode: 52 at cycle 3
[DEBUG] skip predecessor routing -- dfgNode: 52
[DEBUG] in shareSameCycle is true: node 0
[DEBUG] tryToRoute -- srcDFGNode: 0, srcCGRANode: 10; dstDFGNode: 33, dstCGRANode: 5; backEdge: 1
[DEBUG] in shareSameCycle is true: node 33
[DEBUG] check route size: 3
[DEBUG] occupy link[10]-->[6] (bypass:1) dfgNode: 0 at cycle 4
[DEBUG] reset duration: 77 t_dstCycle: 0 previous: 5 II: 82
[DEBUG] in allocateReg() t_cycle: 5; i: 0 CGRA node: 5; link: 3 duration 77
[DEBUG] done reg allocation
[DEBUG] occupy link[6]-->[5] (bypass:0) dfgNode: 0 at cycle 5
[DEBUG] in shareSameCycle is true: node 0
[DEBUG] tryToRoute -- srcDFGNode: 0, srcCGRANode: 10; dstDFGNode: 51, dstCGRANode: 10; backEdge: 1
[DEBUG] in shareSameCycle is true: node 51
[DEBUG] check route size: 1
[DEBUG] allocate for local reg maintain... duration=80 last cycle: 4
[DEBUG] in allocateReg() t_cycle: 4; i: 1 CGRA node: 10; link: 4 duration 80
[DEBUG] done reg allocation
[DEBUG] success in schedule()
[DEBUG] schedule dfg node[1] onto fu[14] at cycle 5 within II: 82
[DEBUG] setDFGNode 1 onto CGRANode 14 at cycle: 5
[DEBUG] in allocateReg() t_cycle: 4; i: 0 CGRA node: 14; link: 1 duration 1
[DEBUG] done reg allocation
[DEBUG] occupy link[10]-->[14] (bypass:0) dfgNode: 0 at cycle 4
[DEBUG] skip predecessor routing -- dfgNode: 0
[DEBUG] success in schedule()
[DEBUG] schedule dfg node[4] onto fu[6] at cycle 5 within II: 82
[DEBUG] setDFGNode 4 onto CGRANode 6 at cycle: 5
[DEBUG] in allocateReg() t_cycle: 4; i: 0 CGRA node: 6; link: 0 duration 1
[DEBUG] done reg allocation
[DEBUG] occupy link[10]-->[6] (bypass:0) dfgNode: 0 at cycle 4
[DEBUG] skip predecessor routing -- dfgNode: 0
[DEBUG] success in schedule()
[DEBUG] schedule dfg node[8] onto fu[9] at cycle 5 within II: 82
[DEBUG] setDFGNode 8 onto CGRANode 9 at cycle: 5
[DEBUG] in allocateReg() t_cycle: 4; i: 0 CGRA node: 9; link: 3 duration 1
[DEBUG] done reg allocation
[DEBUG] occupy link[10]-->[9] (bypass:0) dfgNode: 0 at cycle 4
[DEBUG] skip predecessor routing -- dfgNode: 0
[DEBUG] success in schedule()
[DEBUG] schedule dfg node[16] onto fu[5] at cycle 6 within II: 82
[DEBUG] setDFGNode 16 onto CGRANode 5 at cycle: 6
[DEBUG] occupy link[10]-->[6] (bypass:1) dfgNode: 0 at cycle 4
[DEBUG] in allocateReg() t_cycle: 5; i: 1 CGRA node: 5; link: 3 duration 1
[DEBUG] done reg allocation
[DEBUG] occupy link[6]-->[5] (bypass:0) dfgNode: 0 at cycle 5
[DEBUG] skip predecessor routing -- dfgNode: 0
[DEBUG] success in schedule()
[DEBUG] schedule dfg node[24] onto fu[10] at cycle 5 within II: 82
[DEBUG] setDFGNode 24 onto CGRANode 10 at cycle: 5
[DEBUG] tryToRoute -- srcDFGNode: 0, srcCGRANode: 10; dstDFGNode: 24, dstCGRANode: 10; backEdge: 0
[DEBUG] check route size: 1
[DEBUG] allocate for local reg maintain... duration=1 last cycle: 4
[DEBUG] in allocateReg() t_cycle: 4; i: 0 CGRA node: 10; link: 4 duration 1
[DEBUG] done reg allocation
[DEBUG] success in schedule()
[DEBUG] schedule dfg node[32] onto fu[13] at cycle 6 within II: 82
[DEBUG] setDFGNode 32 onto CGRANode 13 at cycle: 6
[DEBUG] occupy link[10]-->[9] (bypass:1) dfgNode: 0 at cycle 4
[DEBUG] in allocateReg() t_cycle: 5; i: 0 CGRA node: 13; link: 1 duration 1
[DEBUG] done reg allocation
[DEBUG] occupy link[9]-->[13] (bypass:0) dfgNode: 0 at cycle 5
[DEBUG] skip predecessor routing -- dfgNode: 0
[DEBUG] success in schedule()
[DEBUG] schedule dfg node[42] onto fu[2] at cycle 6 within II: 82
[DEBUG] setDFGNode 42 onto CGRANode 2 at cycle: 6
[DEBUG] occupy link[10]-->[6] (bypass:1) dfgNode: 0 at cycle 4
[DEBUG] in allocateReg() t_cycle: 5; i: 0 CGRA node: 2; link: 0 duration 1
[DEBUG] done reg allocation
[DEBUG] occupy link[6]-->[2] (bypass:0) dfgNode: 0 at cycle 5
[DEBUG] skip predecessor routing -- dfgNode: 0
[DEBUG] tryToRoute -- srcDFGNode: 34, srcCGRANode: 6; dstDFGNode: 42, dstCGRANode: 2; backEdge: 0
[DEBUG] check route size: 2
[DEBUG] reset duration: 5 t_dstCycle: 6 previous: 1 II: 82
[DEBUG] in allocateReg() t_cycle: 1; i: 1 CGRA node: 2; link: 0 duration 5
[DEBUG] done reg allocation
[DEBUG] occupy link[6]-->[2] (bypass:0) dfgNode: 34 at cycle 1
[DEBUG] success in schedule()
[DEBUG] schedule dfg node[50] onto fu[1] at cycle 7 within II: 82
[DEBUG] setDFGNode 50 onto CGRANode 1 at cycle: 7
[DEBUG] occupy link[10]-->[6] (bypass:1) dfgNode: 0 at cycle 4
[DEBUG] occupy link[6]-->[2] (bypass:1) dfgNode: 0 at cycle 5
[DEBUG] in allocateReg() t_cycle: 6; i: 0 CGRA node: 1; link: 3 duration 1
[DEBUG] done reg allocation
[DEBUG] occupy link[2]-->[1] (bypass:0) dfgNode: 0 at cycle 6
[DEBUG] skip predecessor routing -- dfgNode: 0
[DEBUG] tryToRoute -- srcDFGNode: 34, srcCGRANode: 6; dstDFGNode: 50, dstCGRANode: 1; backEdge: 0
[DEBUG] in shareSameCycle is true: node 50
[DEBUG] cannot route due to II is violated for backward cycle
DEBUG target DFG node: 50 on fu: 1 failed, mapped pred DFG node: 34; return false
[DEBUG] fail1 in schedule() II: 82
[DEBUG] the failed path -- cycle: 7 CGRANode: 1
[DEBUG] the failed path -- cycle: 6 CGRANode: 2
[DEBUG] the failed path -- cycle: 5 CGRANode: 6
[DEBUG] the failed path -- cycle: 4 CGRANode: 10
----------------------------------------
[DEBUG] start heuristic algorithm with II=83
[DEBUG] schedule dfg node[33] onto fu[5] at cycle 0 within II: 83
[DEBUG] setDFGNode 33 onto CGRANode 5 at cycle: 0
[DEBUG] success in schedule()
[DEBUG] schedule dfg node[34] onto fu[6] at cycle 1 within II: 83
[DEBUG] setDFGNode 34 onto CGRANode 6 at cycle: 1
[DEBUG] in allocateReg() t_cycle: 0; i: 0 CGRA node: 6; link: 2 duration 1
[DEBUG] done reg allocation
[DEBUG] occupy link[5]-->[6] (bypass:0) dfgNode: 33 at cycle 0
[DEBUG] skip predecessor routing -- dfgNode: 33
[DEBUG] success in schedule()
[DEBUG] schedule dfg node[51] onto fu[10] at cycle 2 within II: 83
[DEBUG] setDFGNode 51 onto CGRANode 10 at cycle: 2
[DEBUG] in allocateReg() t_cycle: 1; i: 0 CGRA node: 10; link: 1 duration 1
[DEBUG] done reg allocation
[DEBUG] occupy link[6]-->[10] (bypass:0) dfgNode: 34 at cycle 1
[DEBUG] skip predecessor routing -- dfgNode: 34
[DEBUG] success in schedule()
[DEBUG] schedule dfg node[52] onto fu[9] at cycle 3 within II: 83
[DEBUG] setDFGNode 52 onto CGRANode 9 at cycle: 3
[DEBUG] in allocateReg() t_cycle: 2; i: 0 CGRA node: 9; link: 3 duration 1
[DEBUG] done reg allocation
[DEBUG] occupy link[10]-->[9] (bypass:0) dfgNode: 51 at cycle 2
[DEBUG] skip predecessor routing -- dfgNode: 51
[DEBUG] success in schedule()
[DEBUG] schedule dfg node[0] onto fu[10] at cycle 4 within II: 83
[DEBUG] setDFGNode 0 onto CGRANode 10 at cycle: 4
[DEBUG] in allocateReg() t_cycle: 3; i: 0 CGRA node: 10; link: 2 duration 1
[DEBUG] done reg allocation
[DEBUG] occupy link[9]-->[10] (bypass:0) dfgNode: 52 at cycle 3
[DEBUG] skip predecessor routing -- dfgNode: 52
[DEBUG] in shareSameCycle is true: node 0
[DEBUG] tryToRoute -- srcDFGNode: 0, srcCGRANode: 10; dstDFGNode: 33, dstCGRANode: 5; backEdge: 1
[DEBUG] in shareSameCycle is true: node 33
[DEBUG] check route size: 3
[DEBUG] occupy link[10]-->[6] (bypass:1) dfgNode: 0 at cycle 4
[DEBUG] reset duration: 78 t_dstCycle: 0 previous: 5 II: 83
[DEBUG] in allocateReg() t_cycle: 5; i: 0 CGRA node: 5; link: 3 duration 78
[DEBUG] done reg allocation
[DEBUG] occupy link[6]-->[5] (bypass:0) dfgNode: 0 at cycle 5
[DEBUG] in shareSameCycle is true: node 0
[DEBUG] tryToRoute -- srcDFGNode: 0, srcCGRANode: 10; dstDFGNode: 51, dstCGRANode: 10; backEdge: 1
[DEBUG] in shareSameCycle is true: node 51
[DEBUG] check route size: 1
[DEBUG] allocate for local reg maintain... duration=81 last cycle: 4
[DEBUG] in allocateReg() t_cycle: 4; i: 1 CGRA node: 10; link: 4 duration 81
[DEBUG] done reg allocation
[DEBUG] success in schedule()
[DEBUG] schedule dfg node[1] onto fu[14] at cycle 5 within II: 83
[DEBUG] setDFGNode 1 onto CGRANode 14 at cycle: 5
[DEBUG] in allocateReg() t_cycle: 4; i: 0 CGRA node: 14; link: 1 duration 1
[DEBUG] done reg allocation
[DEBUG] occupy link[10]-->[14] (bypass:0) dfgNode: 0 at cycle 4
[DEBUG] skip predecessor routing -- dfgNode: 0
[DEBUG] success in schedule()
[DEBUG] schedule dfg node[4] onto fu[6] at cycle 5 within II: 83
[DEBUG] setDFGNode 4 onto CGRANode 6 at cycle: 5
[DEBUG] in allocateReg() t_cycle: 4; i: 0 CGRA node: 6; link: 0 duration 1
[DEBUG] done reg allocation
[DEBUG] occupy link[10]-->[6] (bypass:0) dfgNode: 0 at cycle 4
[DEBUG] skip predecessor routing -- dfgNode: 0
[DEBUG] success in schedule()
[DEBUG] schedule dfg node[8] onto fu[9] at cycle 5 within II: 83
[DEBUG] setDFGNode 8 onto CGRANode 9 at cycle: 5
[DEBUG] in allocateReg() t_cycle: 4; i: 0 CGRA node: 9; link: 3 duration 1
[DEBUG] done reg allocation
[DEBUG] occupy link[10]-->[9] (bypass:0) dfgNode: 0 at cycle 4
[DEBUG] skip predecessor routing -- dfgNode: 0
[DEBUG] success in schedule()
[DEBUG] schedule dfg node[16] onto fu[5] at cycle 6 within II: 83
[DEBUG] setDFGNode 16 onto CGRANode 5 at cycle: 6
[DEBUG] occupy link[10]-->[6] (bypass:1) dfgNode: 0 at cycle 4
[DEBUG] in allocateReg() t_cycle: 5; i: 1 CGRA node: 5; link: 3 duration 1
[DEBUG] done reg allocation
[DEBUG] occupy link[6]-->[5] (bypass:0) dfgNode: 0 at cycle 5
[DEBUG] skip predecessor routing -- dfgNode: 0
[DEBUG] success in schedule()
[DEBUG] schedule dfg node[24] onto fu[10] at cycle 5 within II: 83
[DEBUG] setDFGNode 24 onto CGRANode 10 at cycle: 5
[DEBUG] tryToRoute -- srcDFGNode: 0, srcCGRANode: 10; dstDFGNode: 24, dstCGRANode: 10; backEdge: 0
[DEBUG] check route size: 1
[DEBUG] allocate for local reg maintain... duration=1 last cycle: 4
[DEBUG] in allocateReg() t_cycle: 4; i: 0 CGRA node: 10; link: 4 duration 1
[DEBUG] done reg allocation
[DEBUG] success in schedule()
[DEBUG] schedule dfg node[32] onto fu[13] at cycle 6 within II: 83
[DEBUG] setDFGNode 32 onto CGRANode 13 at cycle: 6
[DEBUG] occupy link[10]-->[9] (bypass:1) dfgNode: 0 at cycle 4
[DEBUG] in allocateReg() t_cycle: 5; i: 0 CGRA node: 13; link: 1 duration 1
[DEBUG] done reg allocation
[DEBUG] occupy link[9]-->[13] (bypass:0) dfgNode: 0 at cycle 5
[DEBUG] skip predecessor routing -- dfgNode: 0
[DEBUG] success in schedule()
[DEBUG] schedule dfg node[42] onto fu[2] at cycle 6 within II: 83
[DEBUG] setDFGNode 42 onto CGRANode 2 at cycle: 6
[DEBUG] occupy link[10]-->[6] (bypass:1) dfgNode: 0 at cycle 4
[DEBUG] in allocateReg() t_cycle: 5; i: 0 CGRA node: 2; link: 0 duration 1
[DEBUG] done reg allocation
[DEBUG] occupy link[6]-->[2] (bypass:0) dfgNode: 0 at cycle 5
[DEBUG] skip predecessor routing -- dfgNode: 0
[DEBUG] tryToRoute -- srcDFGNode: 34, srcCGRANode: 6; dstDFGNode: 42, dstCGRANode: 2; backEdge: 0
[DEBUG] check route size: 2
[DEBUG] reset duration: 5 t_dstCycle: 6 previous: 1 II: 83
[DEBUG] in allocateReg() t_cycle: 1; i: 1 CGRA node: 2; link: 0 duration 5
[DEBUG] done reg allocation
[DEBUG] occupy link[6]-->[2] (bypass:0) dfgNode: 34 at cycle 1
[DEBUG] success in schedule()
[DEBUG] schedule dfg node[50] onto fu[1] at cycle 7 within II: 83
[DEBUG] setDFGNode 50 onto CGRANode 1 at cycle: 7
[DEBUG] occupy link[10]-->[6] (bypass:1) dfgNode: 0 at cycle 4
[DEBUG] occupy link[6]-->[2] (bypass:1) dfgNode: 0 at cycle 5
[DEBUG] in allocateReg() t_cycle: 6; i: 0 CGRA node: 1; link: 3 duration 1
[DEBUG] done reg allocation
[DEBUG] occupy link[2]-->[1] (bypass:0) dfgNode: 0 at cycle 6
[DEBUG] skip predecessor routing -- dfgNode: 0
[DEBUG] tryToRoute -- srcDFGNode: 34, srcCGRANode: 6; dstDFGNode: 50, dstCGRANode: 1; backEdge: 0
[DEBUG] in shareSameCycle is true: node 50
[DEBUG] cannot route due to II is violated for backward cycle
DEBUG target DFG node: 50 on fu: 1 failed, mapped pred DFG node: 34; return false
[DEBUG] fail1 in schedule() II: 83
[DEBUG] the failed path -- cycle: 7 CGRANode: 1
[DEBUG] the failed path -- cycle: 6 CGRANode: 2
[DEBUG] the failed path -- cycle: 5 CGRANode: 6
[DEBUG] the failed path -- cycle: 4 CGRANode: 10
----------------------------------------
[DEBUG] start heuristic algorithm with II=84
[DEBUG] schedule dfg node[33] onto fu[5] at cycle 0 within II: 84
[DEBUG] setDFGNode 33 onto CGRANode 5 at cycle: 0
[DEBUG] success in schedule()
[DEBUG] schedule dfg node[34] onto fu[6] at cycle 1 within II: 84
[DEBUG] setDFGNode 34 onto CGRANode 6 at cycle: 1
[DEBUG] in allocateReg() t_cycle: 0; i: 0 CGRA node: 6; link: 2 duration 1
[DEBUG] done reg allocation
[DEBUG] occupy link[5]-->[6] (bypass:0) dfgNode: 33 at cycle 0
[DEBUG] skip predecessor routing -- dfgNode: 33
[DEBUG] success in schedule()
[DEBUG] schedule dfg node[51] onto fu[10] at cycle 2 within II: 84
[DEBUG] setDFGNode 51 onto CGRANode 10 at cycle: 2
[DEBUG] in allocateReg() t_cycle: 1; i: 0 CGRA node: 10; link: 1 duration 1
[DEBUG] done reg allocation
[DEBUG] occupy link[6]-->[10] (bypass:0) dfgNode: 34 at cycle 1
[DEBUG] skip predecessor routing -- dfgNode: 34
[DEBUG] success in schedule()
[DEBUG] schedule dfg node[52] onto fu[9] at cycle 3 within II: 84
[DEBUG] setDFGNode 52 onto CGRANode 9 at cycle: 3
[DEBUG] in allocateReg() t_cycle: 2; i: 0 CGRA node: 9; link: 3 duration 1
[DEBUG] done reg allocation
[DEBUG] occupy link[10]-->[9] (bypass:0) dfgNode: 51 at cycle 2
[DEBUG] skip predecessor routing -- dfgNode: 51
[DEBUG] success in schedule()
[DEBUG] schedule dfg node[0] onto fu[10] at cycle 4 within II: 84
[DEBUG] setDFGNode 0 onto CGRANode 10 at cycle: 4
[DEBUG] in allocateReg() t_cycle: 3; i: 0 CGRA node: 10; link: 2 duration 1
[DEBUG] done reg allocation
[DEBUG] occupy link[9]-->[10] (bypass:0) dfgNode: 52 at cycle 3
[DEBUG] skip predecessor routing -- dfgNode: 52
[DEBUG] in shareSameCycle is true: node 0
[DEBUG] tryToRoute -- srcDFGNode: 0, srcCGRANode: 10; dstDFGNode: 33, dstCGRANode: 5; backEdge: 1
[DEBUG] in shareSameCycle is true: node 33
[DEBUG] check route size: 3
[DEBUG] occupy link[10]-->[6] (bypass:1) dfgNode: 0 at cycle 4
[DEBUG] reset duration: 79 t_dstCycle: 0 previous: 5 II: 84
[DEBUG] in allocateReg() t_cycle: 5; i: 0 CGRA node: 5; link: 3 duration 79
[DEBUG] done reg allocation
[DEBUG] occupy link[6]-->[5] (bypass:0) dfgNode: 0 at cycle 5
[DEBUG] in shareSameCycle is true: node 0
[DEBUG] tryToRoute -- srcDFGNode: 0, srcCGRANode: 10; dstDFGNode: 51, dstCGRANode: 10; backEdge: 1
[DEBUG] in shareSameCycle is true: node 51
[DEBUG] check route size: 1
[DEBUG] allocate for local reg maintain... duration=82 last cycle: 4
[DEBUG] in allocateReg() t_cycle: 4; i: 1 CGRA node: 10; link: 4 duration 82
[DEBUG] done reg allocation
[DEBUG] success in schedule()
[DEBUG] schedule dfg node[1] onto fu[14] at cycle 5 within II: 84
[DEBUG] setDFGNode 1 onto CGRANode 14 at cycle: 5
[DEBUG] in allocateReg() t_cycle: 4; i: 0 CGRA node: 14; link: 1 duration 1
[DEBUG] done reg allocation
[DEBUG] occupy link[10]-->[14] (bypass:0) dfgNode: 0 at cycle 4
[DEBUG] skip predecessor routing -- dfgNode: 0
[DEBUG] success in schedule()
[DEBUG] schedule dfg node[4] onto fu[6] at cycle 5 within II: 84
[DEBUG] setDFGNode 4 onto CGRANode 6 at cycle: 5
[DEBUG] in allocateReg() t_cycle: 4; i: 0 CGRA node: 6; link: 0 duration 1
[DEBUG] done reg allocation
[DEBUG] occupy link[10]-->[6] (bypass:0) dfgNode: 0 at cycle 4
[DEBUG] skip predecessor routing -- dfgNode: 0
[DEBUG] success in schedule()
[DEBUG] schedule dfg node[8] onto fu[9] at cycle 5 within II: 84
[DEBUG] setDFGNode 8 onto CGRANode 9 at cycle: 5
[DEBUG] in allocateReg() t_cycle: 4; i: 0 CGRA node: 9; link: 3 duration 1
[DEBUG] done reg allocation
[DEBUG] occupy link[10]-->[9] (bypass:0) dfgNode: 0 at cycle 4
[DEBUG] skip predecessor routing -- dfgNode: 0
[DEBUG] success in schedule()
[DEBUG] schedule dfg node[16] onto fu[5] at cycle 6 within II: 84
[DEBUG] setDFGNode 16 onto CGRANode 5 at cycle: 6
[DEBUG] occupy link[10]-->[6] (bypass:1) dfgNode: 0 at cycle 4
[DEBUG] in allocateReg() t_cycle: 5; i: 1 CGRA node: 5; link: 3 duration 1
[DEBUG] done reg allocation
[DEBUG] occupy link[6]-->[5] (bypass:0) dfgNode: 0 at cycle 5
[DEBUG] skip predecessor routing -- dfgNode: 0
[DEBUG] success in schedule()
[DEBUG] schedule dfg node[24] onto fu[10] at cycle 5 within II: 84
[DEBUG] setDFGNode 24 onto CGRANode 10 at cycle: 5
[DEBUG] tryToRoute -- srcDFGNode: 0, srcCGRANode: 10; dstDFGNode: 24, dstCGRANode: 10; backEdge: 0
[DEBUG] check route size: 1
[DEBUG] allocate for local reg maintain... duration=1 last cycle: 4
[DEBUG] in allocateReg() t_cycle: 4; i: 0 CGRA node: 10; link: 4 duration 1
[DEBUG] done reg allocation
[DEBUG] success in schedule()
[DEBUG] schedule dfg node[32] onto fu[13] at cycle 6 within II: 84
[DEBUG] setDFGNode 32 onto CGRANode 13 at cycle: 6
[DEBUG] occupy link[10]-->[9] (bypass:1) dfgNode: 0 at cycle 4
[DEBUG] in allocateReg() t_cycle: 5; i: 0 CGRA node: 13; link: 1 duration 1
[DEBUG] done reg allocation
[DEBUG] occupy link[9]-->[13] (bypass:0) dfgNode: 0 at cycle 5
[DEBUG] skip predecessor routing -- dfgNode: 0
[DEBUG] success in schedule()
[DEBUG] schedule dfg node[42] onto fu[2] at cycle 6 within II: 84
[DEBUG] setDFGNode 42 onto CGRANode 2 at cycle: 6
[DEBUG] occupy link[10]-->[6] (bypass:1) dfgNode: 0 at cycle 4
[DEBUG] in allocateReg() t_cycle: 5; i: 0 CGRA node: 2; link: 0 duration 1
[DEBUG] done reg allocation
[DEBUG] occupy link[6]-->[2] (bypass:0) dfgNode: 0 at cycle 5
[DEBUG] skip predecessor routing -- dfgNode: 0
[DEBUG] tryToRoute -- srcDFGNode: 34, srcCGRANode: 6; dstDFGNode: 42, dstCGRANode: 2; backEdge: 0
[DEBUG] check route size: 2
[DEBUG] reset duration: 5 t_dstCycle: 6 previous: 1 II: 84
[DEBUG] in allocateReg() t_cycle: 1; i: 1 CGRA node: 2; link: 0 duration 5
[DEBUG] done reg allocation
[DEBUG] occupy link[6]-->[2] (bypass:0) dfgNode: 34 at cycle 1
[DEBUG] success in schedule()
[DEBUG] schedule dfg node[50] onto fu[1] at cycle 7 within II: 84
[DEBUG] setDFGNode 50 onto CGRANode 1 at cycle: 7
[DEBUG] occupy link[10]-->[6] (bypass:1) dfgNode: 0 at cycle 4
[DEBUG] occupy link[6]-->[2] (bypass:1) dfgNode: 0 at cycle 5
[DEBUG] in allocateReg() t_cycle: 6; i: 0 CGRA node: 1; link: 3 duration 1
[DEBUG] done reg allocation
[DEBUG] occupy link[2]-->[1] (bypass:0) dfgNode: 0 at cycle 6
[DEBUG] skip predecessor routing -- dfgNode: 0
[DEBUG] tryToRoute -- srcDFGNode: 34, srcCGRANode: 6; dstDFGNode: 50, dstCGRANode: 1; backEdge: 0
[DEBUG] in shareSameCycle is true: node 50
[DEBUG] cannot route due to II is violated for backward cycle
DEBUG target DFG node: 50 on fu: 1 failed, mapped pred DFG node: 34; return false
[DEBUG] fail1 in schedule() II: 84
[DEBUG] the failed path -- cycle: 7 CGRANode: 1
[DEBUG] the failed path -- cycle: 6 CGRANode: 2
[DEBUG] the failed path -- cycle: 5 CGRANode: 6
[DEBUG] the failed path -- cycle: 4 CGRANode: 10
----------------------------------------
[DEBUG] start heuristic algorithm with II=85
[DEBUG] schedule dfg node[33] onto fu[5] at cycle 0 within II: 85
[DEBUG] setDFGNode 33 onto CGRANode 5 at cycle: 0
[DEBUG] success in schedule()
[DEBUG] schedule dfg node[34] onto fu[6] at cycle 1 within II: 85
[DEBUG] setDFGNode 34 onto CGRANode 6 at cycle: 1
[DEBUG] in allocateReg() t_cycle: 0; i: 0 CGRA node: 6; link: 2 duration 1
[DEBUG] done reg allocation
[DEBUG] occupy link[5]-->[6] (bypass:0) dfgNode: 33 at cycle 0
[DEBUG] skip predecessor routing -- dfgNode: 33
[DEBUG] success in schedule()
[DEBUG] schedule dfg node[51] onto fu[10] at cycle 2 within II: 85
[DEBUG] setDFGNode 51 onto CGRANode 10 at cycle: 2
[DEBUG] in allocateReg() t_cycle: 1; i: 0 CGRA node: 10; link: 1 duration 1
[DEBUG] done reg allocation
[DEBUG] occupy link[6]-->[10] (bypass:0) dfgNode: 34 at cycle 1
[DEBUG] skip predecessor routing -- dfgNode: 34
[DEBUG] success in schedule()
[DEBUG] schedule dfg node[52] onto fu[9] at cycle 3 within II: 85
[DEBUG] setDFGNode 52 onto CGRANode 9 at cycle: 3
[DEBUG] in allocateReg() t_cycle: 2; i: 0 CGRA node: 9; link: 3 duration 1
[DEBUG] done reg allocation
[DEBUG] occupy link[10]-->[9] (bypass:0) dfgNode: 51 at cycle 2
[DEBUG] skip predecessor routing -- dfgNode: 51
[DEBUG] success in schedule()
[DEBUG] schedule dfg node[0] onto fu[10] at cycle 4 within II: 85
[DEBUG] setDFGNode 0 onto CGRANode 10 at cycle: 4
[DEBUG] in allocateReg() t_cycle: 3; i: 0 CGRA node: 10; link: 2 duration 1
[DEBUG] done reg allocation
[DEBUG] occupy link[9]-->[10] (bypass:0) dfgNode: 52 at cycle 3
[DEBUG] skip predecessor routing -- dfgNode: 52
[DEBUG] in shareSameCycle is true: node 0
[DEBUG] tryToRoute -- srcDFGNode: 0, srcCGRANode: 10; dstDFGNode: 33, dstCGRANode: 5; backEdge: 1
[DEBUG] in shareSameCycle is true: node 33
[DEBUG] check route size: 3
[DEBUG] occupy link[10]-->[6] (bypass:1) dfgNode: 0 at cycle 4
[DEBUG] reset duration: 80 t_dstCycle: 0 previous: 5 II: 85
[DEBUG] in allocateReg() t_cycle: 5; i: 0 CGRA node: 5; link: 3 duration 80
[DEBUG] done reg allocation
[DEBUG] occupy link[6]-->[5] (bypass:0) dfgNode: 0 at cycle 5
[DEBUG] in shareSameCycle is true: node 0
[DEBUG] tryToRoute -- srcDFGNode: 0, srcCGRANode: 10; dstDFGNode: 51, dstCGRANode: 10; backEdge: 1
[DEBUG] in shareSameCycle is true: node 51
[DEBUG] check route size: 1
[DEBUG] allocate for local reg maintain... duration=83 last cycle: 4
[DEBUG] in allocateReg() t_cycle: 4; i: 1 CGRA node: 10; link: 4 duration 83
[DEBUG] done reg allocation
[DEBUG] success in schedule()
[DEBUG] schedule dfg node[1] onto fu[14] at cycle 5 within II: 85
[DEBUG] setDFGNode 1 onto CGRANode 14 at cycle: 5
[DEBUG] in allocateReg() t_cycle: 4; i: 0 CGRA node: 14; link: 1 duration 1
[DEBUG] done reg allocation
[DEBUG] occupy link[10]-->[14] (bypass:0) dfgNode: 0 at cycle 4
[DEBUG] skip predecessor routing -- dfgNode: 0
[DEBUG] success in schedule()
[DEBUG] schedule dfg node[4] onto fu[6] at cycle 5 within II: 85
[DEBUG] setDFGNode 4 onto CGRANode 6 at cycle: 5
[DEBUG] in allocateReg() t_cycle: 4; i: 0 CGRA node: 6; link: 0 duration 1
[DEBUG] done reg allocation
[DEBUG] occupy link[10]-->[6] (bypass:0) dfgNode: 0 at cycle 4
[DEBUG] skip predecessor routing -- dfgNode: 0
[DEBUG] success in schedule()
[DEBUG] schedule dfg node[8] onto fu[9] at cycle 5 within II: 85
[DEBUG] setDFGNode 8 onto CGRANode 9 at cycle: 5
[DEBUG] in allocateReg() t_cycle: 4; i: 0 CGRA node: 9; link: 3 duration 1
[DEBUG] done reg allocation
[DEBUG] occupy link[10]-->[9] (bypass:0) dfgNode: 0 at cycle 4
[DEBUG] skip predecessor routing -- dfgNode: 0
[DEBUG] success in schedule()
[DEBUG] schedule dfg node[16] onto fu[5] at cycle 6 within II: 85
[DEBUG] setDFGNode 16 onto CGRANode 5 at cycle: 6
[DEBUG] occupy link[10]-->[6] (bypass:1) dfgNode: 0 at cycle 4
[DEBUG] in allocateReg() t_cycle: 5; i: 1 CGRA node: 5; link: 3 duration 1
[DEBUG] done reg allocation
[DEBUG] occupy link[6]-->[5] (bypass:0) dfgNode: 0 at cycle 5
[DEBUG] skip predecessor routing -- dfgNode: 0
[DEBUG] success in schedule()
[DEBUG] schedule dfg node[24] onto fu[10] at cycle 5 within II: 85
[DEBUG] setDFGNode 24 onto CGRANode 10 at cycle: 5
[DEBUG] tryToRoute -- srcDFGNode: 0, srcCGRANode: 10; dstDFGNode: 24, dstCGRANode: 10; backEdge: 0
[DEBUG] check route size: 1
[DEBUG] allocate for local reg maintain... duration=1 last cycle: 4
[DEBUG] in allocateReg() t_cycle: 4; i: 0 CGRA node: 10; link: 4 duration 1
[DEBUG] done reg allocation
[DEBUG] success in schedule()
[DEBUG] schedule dfg node[32] onto fu[13] at cycle 6 within II: 85
[DEBUG] setDFGNode 32 onto CGRANode 13 at cycle: 6
[DEBUG] occupy link[10]-->[9] (bypass:1) dfgNode: 0 at cycle 4
[DEBUG] in allocateReg() t_cycle: 5; i: 0 CGRA node: 13; link: 1 duration 1
[DEBUG] done reg allocation
[DEBUG] occupy link[9]-->[13] (bypass:0) dfgNode: 0 at cycle 5
[DEBUG] skip predecessor routing -- dfgNode: 0
[DEBUG] success in schedule()
[DEBUG] schedule dfg node[42] onto fu[2] at cycle 6 within II: 85
[DEBUG] setDFGNode 42 onto CGRANode 2 at cycle: 6
[DEBUG] occupy link[10]-->[6] (bypass:1) dfgNode: 0 at cycle 4
[DEBUG] in allocateReg() t_cycle: 5; i: 0 CGRA node: 2; link: 0 duration 1
[DEBUG] done reg allocation
[DEBUG] occupy link[6]-->[2] (bypass:0) dfgNode: 0 at cycle 5
[DEBUG] skip predecessor routing -- dfgNode: 0
[DEBUG] tryToRoute -- srcDFGNode: 34, srcCGRANode: 6; dstDFGNode: 42, dstCGRANode: 2; backEdge: 0
[DEBUG] check route size: 2
[DEBUG] reset duration: 5 t_dstCycle: 6 previous: 1 II: 85
[DEBUG] in allocateReg() t_cycle: 1; i: 1 CGRA node: 2; link: 0 duration 5
[DEBUG] done reg allocation
[DEBUG] occupy link[6]-->[2] (bypass:0) dfgNode: 34 at cycle 1
[DEBUG] success in schedule()
[DEBUG] schedule dfg node[50] onto fu[1] at cycle 7 within II: 85
[DEBUG] setDFGNode 50 onto CGRANode 1 at cycle: 7
[DEBUG] occupy link[10]-->[6] (bypass:1) dfgNode: 0 at cycle 4
[DEBUG] occupy link[6]-->[2] (bypass:1) dfgNode: 0 at cycle 5
[DEBUG] in allocateReg() t_cycle: 6; i: 0 CGRA node: 1; link: 3 duration 1
[DEBUG] done reg allocation
[DEBUG] occupy link[2]-->[1] (bypass:0) dfgNode: 0 at cycle 6
[DEBUG] skip predecessor routing -- dfgNode: 0
[DEBUG] tryToRoute -- srcDFGNode: 34, srcCGRANode: 6; dstDFGNode: 50, dstCGRANode: 1; backEdge: 0
[DEBUG] in shareSameCycle is true: node 50
[DEBUG] cannot route due to II is violated for backward cycle
DEBUG target DFG node: 50 on fu: 1 failed, mapped pred DFG node: 34; return false
[DEBUG] fail1 in schedule() II: 85
[DEBUG] the failed path -- cycle: 7 CGRANode: 1
[DEBUG] the failed path -- cycle: 6 CGRANode: 2
[DEBUG] the failed path -- cycle: 5 CGRANode: 6
[DEBUG] the failed path -- cycle: 4 CGRANode: 10
----------------------------------------
[DEBUG] start heuristic algorithm with II=86
[DEBUG] schedule dfg node[33] onto fu[5] at cycle 0 within II: 86
[DEBUG] setDFGNode 33 onto CGRANode 5 at cycle: 0
[DEBUG] success in schedule()
[DEBUG] schedule dfg node[34] onto fu[6] at cycle 1 within II: 86
[DEBUG] setDFGNode 34 onto CGRANode 6 at cycle: 1
[DEBUG] in allocateReg() t_cycle: 0; i: 0 CGRA node: 6; link: 2 duration 1
[DEBUG] done reg allocation
[DEBUG] occupy link[5]-->[6] (bypass:0) dfgNode: 33 at cycle 0
[DEBUG] skip predecessor routing -- dfgNode: 33
[DEBUG] success in schedule()
[DEBUG] schedule dfg node[51] onto fu[10] at cycle 2 within II: 86
[DEBUG] setDFGNode 51 onto CGRANode 10 at cycle: 2
[DEBUG] in allocateReg() t_cycle: 1; i: 0 CGRA node: 10; link: 1 duration 1
[DEBUG] done reg allocation
[DEBUG] occupy link[6]-->[10] (bypass:0) dfgNode: 34 at cycle 1
[DEBUG] skip predecessor routing -- dfgNode: 34
[DEBUG] success in schedule()
[DEBUG] schedule dfg node[52] onto fu[9] at cycle 3 within II: 86
[DEBUG] setDFGNode 52 onto CGRANode 9 at cycle: 3
[DEBUG] in allocateReg() t_cycle: 2; i: 0 CGRA node: 9; link: 3 duration 1
[DEBUG] done reg allocation
[DEBUG] occupy link[10]-->[9] (bypass:0) dfgNode: 51 at cycle 2
[DEBUG] skip predecessor routing -- dfgNode: 51
[DEBUG] success in schedule()
[DEBUG] schedule dfg node[0] onto fu[10] at cycle 4 within II: 86
[DEBUG] setDFGNode 0 onto CGRANode 10 at cycle: 4
[DEBUG] in allocateReg() t_cycle: 3; i: 0 CGRA node: 10; link: 2 duration 1
[DEBUG] done reg allocation
[DEBUG] occupy link[9]-->[10] (bypass:0) dfgNode: 52 at cycle 3
[DEBUG] skip predecessor routing -- dfgNode: 52
[DEBUG] in shareSameCycle is true: node 0
[DEBUG] tryToRoute -- srcDFGNode: 0, srcCGRANode: 10; dstDFGNode: 33, dstCGRANode: 5; backEdge: 1
[DEBUG] in shareSameCycle is true: node 33
[DEBUG] check route size: 3
[DEBUG] occupy link[10]-->[6] (bypass:1) dfgNode: 0 at cycle 4
[DEBUG] reset duration: 81 t_dstCycle: 0 previous: 5 II: 86
[DEBUG] in allocateReg() t_cycle: 5; i: 0 CGRA node: 5; link: 3 duration 81
[DEBUG] done reg allocation
[DEBUG] occupy link[6]-->[5] (bypass:0) dfgNode: 0 at cycle 5
[DEBUG] in shareSameCycle is true: node 0
[DEBUG] tryToRoute -- srcDFGNode: 0, srcCGRANode: 10; dstDFGNode: 51, dstCGRANode: 10; backEdge: 1
[DEBUG] in shareSameCycle is true: node 51
[DEBUG] check route size: 1
[DEBUG] allocate for local reg maintain... duration=84 last cycle: 4
[DEBUG] in allocateReg() t_cycle: 4; i: 1 CGRA node: 10; link: 4 duration 84
[DEBUG] done reg allocation
[DEBUG] success in schedule()
[DEBUG] schedule dfg node[1] onto fu[14] at cycle 5 within II: 86
[DEBUG] setDFGNode 1 onto CGRANode 14 at cycle: 5
[DEBUG] in allocateReg() t_cycle: 4; i: 0 CGRA node: 14; link: 1 duration 1
[DEBUG] done reg allocation
[DEBUG] occupy link[10]-->[14] (bypass:0) dfgNode: 0 at cycle 4
[DEBUG] skip predecessor routing -- dfgNode: 0
[DEBUG] success in schedule()
[DEBUG] schedule dfg node[4] onto fu[6] at cycle 5 within II: 86
[DEBUG] setDFGNode 4 onto CGRANode 6 at cycle: 5
[DEBUG] in allocateReg() t_cycle: 4; i: 0 CGRA node: 6; link: 0 duration 1
[DEBUG] done reg allocation
[DEBUG] occupy link[10]-->[6] (bypass:0) dfgNode: 0 at cycle 4
[DEBUG] skip predecessor routing -- dfgNode: 0
[DEBUG] success in schedule()
[DEBUG] schedule dfg node[8] onto fu[9] at cycle 5 within II: 86
[DEBUG] setDFGNode 8 onto CGRANode 9 at cycle: 5
[DEBUG] in allocateReg() t_cycle: 4; i: 0 CGRA node: 9; link: 3 duration 1
[DEBUG] done reg allocation
[DEBUG] occupy link[10]-->[9] (bypass:0) dfgNode: 0 at cycle 4
[DEBUG] skip predecessor routing -- dfgNode: 0
[DEBUG] success in schedule()
[DEBUG] schedule dfg node[16] onto fu[5] at cycle 6 within II: 86
[DEBUG] setDFGNode 16 onto CGRANode 5 at cycle: 6
[DEBUG] occupy link[10]-->[6] (bypass:1) dfgNode: 0 at cycle 4
[DEBUG] in allocateReg() t_cycle: 5; i: 1 CGRA node: 5; link: 3 duration 1
[DEBUG] done reg allocation
[DEBUG] occupy link[6]-->[5] (bypass:0) dfgNode: 0 at cycle 5
[DEBUG] skip predecessor routing -- dfgNode: 0
[DEBUG] success in schedule()
[DEBUG] schedule dfg node[24] onto fu[10] at cycle 5 within II: 86
[DEBUG] setDFGNode 24 onto CGRANode 10 at cycle: 5
[DEBUG] tryToRoute -- srcDFGNode: 0, srcCGRANode: 10; dstDFGNode: 24, dstCGRANode: 10; backEdge: 0
[DEBUG] check route size: 1
[DEBUG] allocate for local reg maintain... duration=1 last cycle: 4
[DEBUG] in allocateReg() t_cycle: 4; i: 0 CGRA node: 10; link: 4 duration 1
[DEBUG] done reg allocation
[DEBUG] success in schedule()
[DEBUG] schedule dfg node[32] onto fu[13] at cycle 6 within II: 86
[DEBUG] setDFGNode 32 onto CGRANode 13 at cycle: 6
[DEBUG] occupy link[10]-->[9] (bypass:1) dfgNode: 0 at cycle 4
[DEBUG] in allocateReg() t_cycle: 5; i: 0 CGRA node: 13; link: 1 duration 1
[DEBUG] done reg allocation
[DEBUG] occupy link[9]-->[13] (bypass:0) dfgNode: 0 at cycle 5
[DEBUG] skip predecessor routing -- dfgNode: 0
[DEBUG] success in schedule()
[DEBUG] schedule dfg node[42] onto fu[2] at cycle 6 within II: 86
[DEBUG] setDFGNode 42 onto CGRANode 2 at cycle: 6
[DEBUG] occupy link[10]-->[6] (bypass:1) dfgNode: 0 at cycle 4
[DEBUG] in allocateReg() t_cycle: 5; i: 0 CGRA node: 2; link: 0 duration 1
[DEBUG] done reg allocation
[DEBUG] occupy link[6]-->[2] (bypass:0) dfgNode: 0 at cycle 5
[DEBUG] skip predecessor routing -- dfgNode: 0
[DEBUG] tryToRoute -- srcDFGNode: 34, srcCGRANode: 6; dstDFGNode: 42, dstCGRANode: 2; backEdge: 0
[DEBUG] check route size: 2
[DEBUG] reset duration: 5 t_dstCycle: 6 previous: 1 II: 86
[DEBUG] in allocateReg() t_cycle: 1; i: 1 CGRA node: 2; link: 0 duration 5
[DEBUG] done reg allocation
[DEBUG] occupy link[6]-->[2] (bypass:0) dfgNode: 34 at cycle 1
[DEBUG] success in schedule()
[DEBUG] schedule dfg node[50] onto fu[1] at cycle 7 within II: 86
[DEBUG] setDFGNode 50 onto CGRANode 1 at cycle: 7
[DEBUG] occupy link[10]-->[6] (bypass:1) dfgNode: 0 at cycle 4
[DEBUG] occupy link[6]-->[2] (bypass:1) dfgNode: 0 at cycle 5
[DEBUG] in allocateReg() t_cycle: 6; i: 0 CGRA node: 1; link: 3 duration 1
[DEBUG] done reg allocation
[DEBUG] occupy link[2]-->[1] (bypass:0) dfgNode: 0 at cycle 6
[DEBUG] skip predecessor routing -- dfgNode: 0
[DEBUG] tryToRoute -- srcDFGNode: 34, srcCGRANode: 6; dstDFGNode: 50, dstCGRANode: 1; backEdge: 0
[DEBUG] in shareSameCycle is true: node 50
[DEBUG] cannot route due to II is violated for backward cycle
DEBUG target DFG node: 50 on fu: 1 failed, mapped pred DFG node: 34; return false
[DEBUG] fail1 in schedule() II: 86
[DEBUG] the failed path -- cycle: 7 CGRANode: 1
[DEBUG] the failed path -- cycle: 6 CGRANode: 2
[DEBUG] the failed path -- cycle: 5 CGRANode: 6
[DEBUG] the failed path -- cycle: 4 CGRANode: 10
----------------------------------------
[DEBUG] start heuristic algorithm with II=87
[DEBUG] schedule dfg node[33] onto fu[5] at cycle 0 within II: 87
[DEBUG] setDFGNode 33 onto CGRANode 5 at cycle: 0
[DEBUG] success in schedule()
[DEBUG] schedule dfg node[34] onto fu[6] at cycle 1 within II: 87
[DEBUG] setDFGNode 34 onto CGRANode 6 at cycle: 1
[DEBUG] in allocateReg() t_cycle: 0; i: 0 CGRA node: 6; link: 2 duration 1
[DEBUG] done reg allocation
[DEBUG] occupy link[5]-->[6] (bypass:0) dfgNode: 33 at cycle 0
[DEBUG] skip predecessor routing -- dfgNode: 33
[DEBUG] success in schedule()
[DEBUG] schedule dfg node[51] onto fu[10] at cycle 2 within II: 87
[DEBUG] setDFGNode 51 onto CGRANode 10 at cycle: 2
[DEBUG] in allocateReg() t_cycle: 1; i: 0 CGRA node: 10; link: 1 duration 1
[DEBUG] done reg allocation
[DEBUG] occupy link[6]-->[10] (bypass:0) dfgNode: 34 at cycle 1
[DEBUG] skip predecessor routing -- dfgNode: 34
[DEBUG] success in schedule()
[DEBUG] schedule dfg node[52] onto fu[9] at cycle 3 within II: 87
[DEBUG] setDFGNode 52 onto CGRANode 9 at cycle: 3
[DEBUG] in allocateReg() t_cycle: 2; i: 0 CGRA node: 9; link: 3 duration 1
[DEBUG] done reg allocation
[DEBUG] occupy link[10]-->[9] (bypass:0) dfgNode: 51 at cycle 2
[DEBUG] skip predecessor routing -- dfgNode: 51
[DEBUG] success in schedule()
[DEBUG] schedule dfg node[0] onto fu[10] at cycle 4 within II: 87
[DEBUG] setDFGNode 0 onto CGRANode 10 at cycle: 4
[DEBUG] in allocateReg() t_cycle: 3; i: 0 CGRA node: 10; link: 2 duration 1
[DEBUG] done reg allocation
[DEBUG] occupy link[9]-->[10] (bypass:0) dfgNode: 52 at cycle 3
[DEBUG] skip predecessor routing -- dfgNode: 52
[DEBUG] in shareSameCycle is true: node 0
[DEBUG] tryToRoute -- srcDFGNode: 0, srcCGRANode: 10; dstDFGNode: 33, dstCGRANode: 5; backEdge: 1
[DEBUG] in shareSameCycle is true: node 33
[DEBUG] check route size: 3
[DEBUG] occupy link[10]-->[6] (bypass:1) dfgNode: 0 at cycle 4
[DEBUG] reset duration: 82 t_dstCycle: 0 previous: 5 II: 87
[DEBUG] in allocateReg() t_cycle: 5; i: 0 CGRA node: 5; link: 3 duration 82
[DEBUG] done reg allocation
[DEBUG] occupy link[6]-->[5] (bypass:0) dfgNode: 0 at cycle 5
[DEBUG] in shareSameCycle is true: node 0
[DEBUG] tryToRoute -- srcDFGNode: 0, srcCGRANode: 10; dstDFGNode: 51, dstCGRANode: 10; backEdge: 1
[DEBUG] in shareSameCycle is true: node 51
[DEBUG] check route size: 1
[DEBUG] allocate for local reg maintain... duration=85 last cycle: 4
[DEBUG] in allocateReg() t_cycle: 4; i: 1 CGRA node: 10; link: 4 duration 85
[DEBUG] done reg allocation
[DEBUG] success in schedule()
[DEBUG] schedule dfg node[1] onto fu[14] at cycle 5 within II: 87
[DEBUG] setDFGNode 1 onto CGRANode 14 at cycle: 5
[DEBUG] in allocateReg() t_cycle: 4; i: 0 CGRA node: 14; link: 1 duration 1
[DEBUG] done reg allocation
[DEBUG] occupy link[10]-->[14] (bypass:0) dfgNode: 0 at cycle 4
[DEBUG] skip predecessor routing -- dfgNode: 0
[DEBUG] success in schedule()
[DEBUG] schedule dfg node[4] onto fu[6] at cycle 5 within II: 87
[DEBUG] setDFGNode 4 onto CGRANode 6 at cycle: 5
[DEBUG] in allocateReg() t_cycle: 4; i: 0 CGRA node: 6; link: 0 duration 1
[DEBUG] done reg allocation
[DEBUG] occupy link[10]-->[6] (bypass:0) dfgNode: 0 at cycle 4
[DEBUG] skip predecessor routing -- dfgNode: 0
[DEBUG] success in schedule()
[DEBUG] schedule dfg node[8] onto fu[9] at cycle 5 within II: 87
[DEBUG] setDFGNode 8 onto CGRANode 9 at cycle: 5
[DEBUG] in allocateReg() t_cycle: 4; i: 0 CGRA node: 9; link: 3 duration 1
[DEBUG] done reg allocation
[DEBUG] occupy link[10]-->[9] (bypass:0) dfgNode: 0 at cycle 4
[DEBUG] skip predecessor routing -- dfgNode: 0
[DEBUG] success in schedule()
[DEBUG] schedule dfg node[16] onto fu[5] at cycle 6 within II: 87
[DEBUG] setDFGNode 16 onto CGRANode 5 at cycle: 6
[DEBUG] occupy link[10]-->[6] (bypass:1) dfgNode: 0 at cycle 4
[DEBUG] in allocateReg() t_cycle: 5; i: 1 CGRA node: 5; link: 3 duration 1
[DEBUG] done reg allocation
[DEBUG] occupy link[6]-->[5] (bypass:0) dfgNode: 0 at cycle 5
[DEBUG] skip predecessor routing -- dfgNode: 0
[DEBUG] success in schedule()
[DEBUG] schedule dfg node[24] onto fu[10] at cycle 5 within II: 87
[DEBUG] setDFGNode 24 onto CGRANode 10 at cycle: 5
[DEBUG] tryToRoute -- srcDFGNode: 0, srcCGRANode: 10; dstDFGNode: 24, dstCGRANode: 10; backEdge: 0
[DEBUG] check route size: 1
[DEBUG] allocate for local reg maintain... duration=1 last cycle: 4
[DEBUG] in allocateReg() t_cycle: 4; i: 0 CGRA node: 10; link: 4 duration 1
[DEBUG] done reg allocation
[DEBUG] success in schedule()
[DEBUG] schedule dfg node[32] onto fu[13] at cycle 6 within II: 87
[DEBUG] setDFGNode 32 onto CGRANode 13 at cycle: 6
[DEBUG] occupy link[10]-->[9] (bypass:1) dfgNode: 0 at cycle 4
[DEBUG] in allocateReg() t_cycle: 5; i: 0 CGRA node: 13; link: 1 duration 1
[DEBUG] done reg allocation
[DEBUG] occupy link[9]-->[13] (bypass:0) dfgNode: 0 at cycle 5
[DEBUG] skip predecessor routing -- dfgNode: 0
[DEBUG] success in schedule()
[DEBUG] schedule dfg node[42] onto fu[2] at cycle 6 within II: 87
[DEBUG] setDFGNode 42 onto CGRANode 2 at cycle: 6
[DEBUG] occupy link[10]-->[6] (bypass:1) dfgNode: 0 at cycle 4
[DEBUG] in allocateReg() t_cycle: 5; i: 0 CGRA node: 2; link: 0 duration 1
[DEBUG] done reg allocation
[DEBUG] occupy link[6]-->[2] (bypass:0) dfgNode: 0 at cycle 5
[DEBUG] skip predecessor routing -- dfgNode: 0
[DEBUG] tryToRoute -- srcDFGNode: 34, srcCGRANode: 6; dstDFGNode: 42, dstCGRANode: 2; backEdge: 0
[DEBUG] check route size: 2
[DEBUG] reset duration: 5 t_dstCycle: 6 previous: 1 II: 87
[DEBUG] in allocateReg() t_cycle: 1; i: 1 CGRA node: 2; link: 0 duration 5
[DEBUG] done reg allocation
[DEBUG] occupy link[6]-->[2] (bypass:0) dfgNode: 34 at cycle 1
[DEBUG] success in schedule()
[DEBUG] schedule dfg node[50] onto fu[1] at cycle 7 within II: 87
[DEBUG] setDFGNode 50 onto CGRANode 1 at cycle: 7
[DEBUG] occupy link[10]-->[6] (bypass:1) dfgNode: 0 at cycle 4
[DEBUG] occupy link[6]-->[2] (bypass:1) dfgNode: 0 at cycle 5
[DEBUG] in allocateReg() t_cycle: 6; i: 0 CGRA node: 1; link: 3 duration 1
[DEBUG] done reg allocation
[DEBUG] occupy link[2]-->[1] (bypass:0) dfgNode: 0 at cycle 6
[DEBUG] skip predecessor routing -- dfgNode: 0
[DEBUG] tryToRoute -- srcDFGNode: 34, srcCGRANode: 6; dstDFGNode: 50, dstCGRANode: 1; backEdge: 0
[DEBUG] in shareSameCycle is true: node 50
[DEBUG] cannot route due to II is violated for backward cycle
DEBUG target DFG node: 50 on fu: 1 failed, mapped pred DFG node: 34; return false
[DEBUG] fail1 in schedule() II: 87
[DEBUG] the failed path -- cycle: 7 CGRANode: 1
[DEBUG] the failed path -- cycle: 6 CGRANode: 2
[DEBUG] the failed path -- cycle: 5 CGRANode: 6
[DEBUG] the failed path -- cycle: 4 CGRANode: 10
----------------------------------------
[DEBUG] start heuristic algorithm with II=88
[DEBUG] schedule dfg node[33] onto fu[5] at cycle 0 within II: 88
[DEBUG] setDFGNode 33 onto CGRANode 5 at cycle: 0
[DEBUG] success in schedule()
[DEBUG] schedule dfg node[34] onto fu[6] at cycle 1 within II: 88
[DEBUG] setDFGNode 34 onto CGRANode 6 at cycle: 1
[DEBUG] in allocateReg() t_cycle: 0; i: 0 CGRA node: 6; link: 2 duration 1
[DEBUG] done reg allocation
[DEBUG] occupy link[5]-->[6] (bypass:0) dfgNode: 33 at cycle 0
[DEBUG] skip predecessor routing -- dfgNode: 33
[DEBUG] success in schedule()
[DEBUG] schedule dfg node[51] onto fu[10] at cycle 2 within II: 88
[DEBUG] setDFGNode 51 onto CGRANode 10 at cycle: 2
[DEBUG] in allocateReg() t_cycle: 1; i: 0 CGRA node: 10; link: 1 duration 1
[DEBUG] done reg allocation
[DEBUG] occupy link[6]-->[10] (bypass:0) dfgNode: 34 at cycle 1
[DEBUG] skip predecessor routing -- dfgNode: 34
[DEBUG] success in schedule()
[DEBUG] schedule dfg node[52] onto fu[9] at cycle 3 within II: 88
[DEBUG] setDFGNode 52 onto CGRANode 9 at cycle: 3
[DEBUG] in allocateReg() t_cycle: 2; i: 0 CGRA node: 9; link: 3 duration 1
[DEBUG] done reg allocation
[DEBUG] occupy link[10]-->[9] (bypass:0) dfgNode: 51 at cycle 2
[DEBUG] skip predecessor routing -- dfgNode: 51
[DEBUG] success in schedule()
[DEBUG] schedule dfg node[0] onto fu[10] at cycle 4 within II: 88
[DEBUG] setDFGNode 0 onto CGRANode 10 at cycle: 4
[DEBUG] in allocateReg() t_cycle: 3; i: 0 CGRA node: 10; link: 2 duration 1
[DEBUG] done reg allocation
[DEBUG] occupy link[9]-->[10] (bypass:0) dfgNode: 52 at cycle 3
[DEBUG] skip predecessor routing -- dfgNode: 52
[DEBUG] in shareSameCycle is true: node 0
[DEBUG] tryToRoute -- srcDFGNode: 0, srcCGRANode: 10; dstDFGNode: 33, dstCGRANode: 5; backEdge: 1
[DEBUG] in shareSameCycle is true: node 33
[DEBUG] check route size: 3
[DEBUG] occupy link[10]-->[6] (bypass:1) dfgNode: 0 at cycle 4
[DEBUG] reset duration: 83 t_dstCycle: 0 previous: 5 II: 88
[DEBUG] in allocateReg() t_cycle: 5; i: 0 CGRA node: 5; link: 3 duration 83
[DEBUG] done reg allocation
[DEBUG] occupy link[6]-->[5] (bypass:0) dfgNode: 0 at cycle 5
[DEBUG] in shareSameCycle is true: node 0
[DEBUG] tryToRoute -- srcDFGNode: 0, srcCGRANode: 10; dstDFGNode: 51, dstCGRANode: 10; backEdge: 1
[DEBUG] in shareSameCycle is true: node 51
[DEBUG] check route size: 1
[DEBUG] allocate for local reg maintain... duration=86 last cycle: 4
[DEBUG] in allocateReg() t_cycle: 4; i: 1 CGRA node: 10; link: 4 duration 86
[DEBUG] done reg allocation
[DEBUG] success in schedule()
[DEBUG] schedule dfg node[1] onto fu[14] at cycle 5 within II: 88
[DEBUG] setDFGNode 1 onto CGRANode 14 at cycle: 5
[DEBUG] in allocateReg() t_cycle: 4; i: 0 CGRA node: 14; link: 1 duration 1
[DEBUG] done reg allocation
[DEBUG] occupy link[10]-->[14] (bypass:0) dfgNode: 0 at cycle 4
[DEBUG] skip predecessor routing -- dfgNode: 0
[DEBUG] success in schedule()
[DEBUG] schedule dfg node[4] onto fu[6] at cycle 5 within II: 88
[DEBUG] setDFGNode 4 onto CGRANode 6 at cycle: 5
[DEBUG] in allocateReg() t_cycle: 4; i: 0 CGRA node: 6; link: 0 duration 1
[DEBUG] done reg allocation
[DEBUG] occupy link[10]-->[6] (bypass:0) dfgNode: 0 at cycle 4
[DEBUG] skip predecessor routing -- dfgNode: 0
[DEBUG] success in schedule()
[DEBUG] schedule dfg node[8] onto fu[9] at cycle 5 within II: 88
[DEBUG] setDFGNode 8 onto CGRANode 9 at cycle: 5
[DEBUG] in allocateReg() t_cycle: 4; i: 0 CGRA node: 9; link: 3 duration 1
[DEBUG] done reg allocation
[DEBUG] occupy link[10]-->[9] (bypass:0) dfgNode: 0 at cycle 4
[DEBUG] skip predecessor routing -- dfgNode: 0
[DEBUG] success in schedule()
[DEBUG] schedule dfg node[16] onto fu[5] at cycle 6 within II: 88
[DEBUG] setDFGNode 16 onto CGRANode 5 at cycle: 6
[DEBUG] occupy link[10]-->[6] (bypass:1) dfgNode: 0 at cycle 4
[DEBUG] in allocateReg() t_cycle: 5; i: 1 CGRA node: 5; link: 3 duration 1
[DEBUG] done reg allocation
[DEBUG] occupy link[6]-->[5] (bypass:0) dfgNode: 0 at cycle 5
[DEBUG] skip predecessor routing -- dfgNode: 0
[DEBUG] success in schedule()
[DEBUG] schedule dfg node[24] onto fu[10] at cycle 5 within II: 88
[DEBUG] setDFGNode 24 onto CGRANode 10 at cycle: 5
[DEBUG] tryToRoute -- srcDFGNode: 0, srcCGRANode: 10; dstDFGNode: 24, dstCGRANode: 10; backEdge: 0
[DEBUG] check route size: 1
[DEBUG] allocate for local reg maintain... duration=1 last cycle: 4
[DEBUG] in allocateReg() t_cycle: 4; i: 0 CGRA node: 10; link: 4 duration 1
[DEBUG] done reg allocation
[DEBUG] success in schedule()
[DEBUG] schedule dfg node[32] onto fu[13] at cycle 6 within II: 88
[DEBUG] setDFGNode 32 onto CGRANode 13 at cycle: 6
[DEBUG] occupy link[10]-->[9] (bypass:1) dfgNode: 0 at cycle 4
[DEBUG] in allocateReg() t_cycle: 5; i: 0 CGRA node: 13; link: 1 duration 1
[DEBUG] done reg allocation
[DEBUG] occupy link[9]-->[13] (bypass:0) dfgNode: 0 at cycle 5
[DEBUG] skip predecessor routing -- dfgNode: 0
[DEBUG] success in schedule()
[DEBUG] schedule dfg node[42] onto fu[2] at cycle 6 within II: 88
[DEBUG] setDFGNode 42 onto CGRANode 2 at cycle: 6
[DEBUG] occupy link[10]-->[6] (bypass:1) dfgNode: 0 at cycle 4
[DEBUG] in allocateReg() t_cycle: 5; i: 0 CGRA node: 2; link: 0 duration 1
[DEBUG] done reg allocation
[DEBUG] occupy link[6]-->[2] (bypass:0) dfgNode: 0 at cycle 5
[DEBUG] skip predecessor routing -- dfgNode: 0
[DEBUG] tryToRoute -- srcDFGNode: 34, srcCGRANode: 6; dstDFGNode: 42, dstCGRANode: 2; backEdge: 0
[DEBUG] check route size: 2
[DEBUG] reset duration: 5 t_dstCycle: 6 previous: 1 II: 88
[DEBUG] in allocateReg() t_cycle: 1; i: 1 CGRA node: 2; link: 0 duration 5
[DEBUG] done reg allocation
[DEBUG] occupy link[6]-->[2] (bypass:0) dfgNode: 34 at cycle 1
[DEBUG] success in schedule()
[DEBUG] schedule dfg node[50] onto fu[1] at cycle 7 within II: 88
[DEBUG] setDFGNode 50 onto CGRANode 1 at cycle: 7
[DEBUG] occupy link[10]-->[6] (bypass:1) dfgNode: 0 at cycle 4
[DEBUG] occupy link[6]-->[2] (bypass:1) dfgNode: 0 at cycle 5
[DEBUG] in allocateReg() t_cycle: 6; i: 0 CGRA node: 1; link: 3 duration 1
[DEBUG] done reg allocation
[DEBUG] occupy link[2]-->[1] (bypass:0) dfgNode: 0 at cycle 6
[DEBUG] skip predecessor routing -- dfgNode: 0
[DEBUG] tryToRoute -- srcDFGNode: 34, srcCGRANode: 6; dstDFGNode: 50, dstCGRANode: 1; backEdge: 0
[DEBUG] in shareSameCycle is true: node 50
[DEBUG] cannot route due to II is violated for backward cycle
DEBUG target DFG node: 50 on fu: 1 failed, mapped pred DFG node: 34; return false
[DEBUG] fail1 in schedule() II: 88
[DEBUG] the failed path -- cycle: 7 CGRANode: 1
[DEBUG] the failed path -- cycle: 6 CGRANode: 2
[DEBUG] the failed path -- cycle: 5 CGRANode: 6
[DEBUG] the failed path -- cycle: 4 CGRANode: 10
----------------------------------------
[DEBUG] start heuristic algorithm with II=89
[DEBUG] schedule dfg node[33] onto fu[5] at cycle 0 within II: 89
[DEBUG] setDFGNode 33 onto CGRANode 5 at cycle: 0
[DEBUG] success in schedule()
[DEBUG] schedule dfg node[34] onto fu[6] at cycle 1 within II: 89
[DEBUG] setDFGNode 34 onto CGRANode 6 at cycle: 1
[DEBUG] in allocateReg() t_cycle: 0; i: 0 CGRA node: 6; link: 2 duration 1
[DEBUG] done reg allocation
[DEBUG] occupy link[5]-->[6] (bypass:0) dfgNode: 33 at cycle 0
[DEBUG] skip predecessor routing -- dfgNode: 33
[DEBUG] success in schedule()
[DEBUG] schedule dfg node[51] onto fu[10] at cycle 2 within II: 89
[DEBUG] setDFGNode 51 onto CGRANode 10 at cycle: 2
[DEBUG] in allocateReg() t_cycle: 1; i: 0 CGRA node: 10; link: 1 duration 1
[DEBUG] done reg allocation
[DEBUG] occupy link[6]-->[10] (bypass:0) dfgNode: 34 at cycle 1
[DEBUG] skip predecessor routing -- dfgNode: 34
[DEBUG] success in schedule()
[DEBUG] schedule dfg node[52] onto fu[9] at cycle 3 within II: 89
[DEBUG] setDFGNode 52 onto CGRANode 9 at cycle: 3
[DEBUG] in allocateReg() t_cycle: 2; i: 0 CGRA node: 9; link: 3 duration 1
[DEBUG] done reg allocation
[DEBUG] occupy link[10]-->[9] (bypass:0) dfgNode: 51 at cycle 2
[DEBUG] skip predecessor routing -- dfgNode: 51
[DEBUG] success in schedule()
[DEBUG] schedule dfg node[0] onto fu[10] at cycle 4 within II: 89
[DEBUG] setDFGNode 0 onto CGRANode 10 at cycle: 4
[DEBUG] in allocateReg() t_cycle: 3; i: 0 CGRA node: 10; link: 2 duration 1
[DEBUG] done reg allocation
[DEBUG] occupy link[9]-->[10] (bypass:0) dfgNode: 52 at cycle 3
[DEBUG] skip predecessor routing -- dfgNode: 52
[DEBUG] in shareSameCycle is true: node 0
[DEBUG] tryToRoute -- srcDFGNode: 0, srcCGRANode: 10; dstDFGNode: 33, dstCGRANode: 5; backEdge: 1
[DEBUG] in shareSameCycle is true: node 33
[DEBUG] check route size: 3
[DEBUG] occupy link[10]-->[6] (bypass:1) dfgNode: 0 at cycle 4
[DEBUG] reset duration: 84 t_dstCycle: 0 previous: 5 II: 89
[DEBUG] in allocateReg() t_cycle: 5; i: 0 CGRA node: 5; link: 3 duration 84
[DEBUG] done reg allocation
[DEBUG] occupy link[6]-->[5] (bypass:0) dfgNode: 0 at cycle 5
[DEBUG] in shareSameCycle is true: node 0
[DEBUG] tryToRoute -- srcDFGNode: 0, srcCGRANode: 10; dstDFGNode: 51, dstCGRANode: 10; backEdge: 1
[DEBUG] in shareSameCycle is true: node 51
[DEBUG] check route size: 1
[DEBUG] allocate for local reg maintain... duration=87 last cycle: 4
[DEBUG] in allocateReg() t_cycle: 4; i: 1 CGRA node: 10; link: 4 duration 87
[DEBUG] done reg allocation
[DEBUG] success in schedule()
[DEBUG] schedule dfg node[1] onto fu[14] at cycle 5 within II: 89
[DEBUG] setDFGNode 1 onto CGRANode 14 at cycle: 5
[DEBUG] in allocateReg() t_cycle: 4; i: 0 CGRA node: 14; link: 1 duration 1
[DEBUG] done reg allocation
[DEBUG] occupy link[10]-->[14] (bypass:0) dfgNode: 0 at cycle 4
[DEBUG] skip predecessor routing -- dfgNode: 0
[DEBUG] success in schedule()
[DEBUG] schedule dfg node[4] onto fu[6] at cycle 5 within II: 89
[DEBUG] setDFGNode 4 onto CGRANode 6 at cycle: 5
[DEBUG] in allocateReg() t_cycle: 4; i: 0 CGRA node: 6; link: 0 duration 1
[DEBUG] done reg allocation
[DEBUG] occupy link[10]-->[6] (bypass:0) dfgNode: 0 at cycle 4
[DEBUG] skip predecessor routing -- dfgNode: 0
[DEBUG] success in schedule()
[DEBUG] schedule dfg node[8] onto fu[9] at cycle 5 within II: 89
[DEBUG] setDFGNode 8 onto CGRANode 9 at cycle: 5
[DEBUG] in allocateReg() t_cycle: 4; i: 0 CGRA node: 9; link: 3 duration 1
[DEBUG] done reg allocation
[DEBUG] occupy link[10]-->[9] (bypass:0) dfgNode: 0 at cycle 4
[DEBUG] skip predecessor routing -- dfgNode: 0
[DEBUG] success in schedule()
[DEBUG] schedule dfg node[16] onto fu[5] at cycle 6 within II: 89
[DEBUG] setDFGNode 16 onto CGRANode 5 at cycle: 6
[DEBUG] occupy link[10]-->[6] (bypass:1) dfgNode: 0 at cycle 4
[DEBUG] in allocateReg() t_cycle: 5; i: 1 CGRA node: 5; link: 3 duration 1
[DEBUG] done reg allocation
[DEBUG] occupy link[6]-->[5] (bypass:0) dfgNode: 0 at cycle 5
[DEBUG] skip predecessor routing -- dfgNode: 0
[DEBUG] success in schedule()
[DEBUG] schedule dfg node[24] onto fu[10] at cycle 5 within II: 89
[DEBUG] setDFGNode 24 onto CGRANode 10 at cycle: 5
[DEBUG] tryToRoute -- srcDFGNode: 0, srcCGRANode: 10; dstDFGNode: 24, dstCGRANode: 10; backEdge: 0
[DEBUG] check route size: 1
[DEBUG] allocate for local reg maintain... duration=1 last cycle: 4
[DEBUG] in allocateReg() t_cycle: 4; i: 0 CGRA node: 10; link: 4 duration 1
[DEBUG] done reg allocation
[DEBUG] success in schedule()
[DEBUG] schedule dfg node[32] onto fu[13] at cycle 6 within II: 89
[DEBUG] setDFGNode 32 onto CGRANode 13 at cycle: 6
[DEBUG] occupy link[10]-->[9] (bypass:1) dfgNode: 0 at cycle 4
[DEBUG] in allocateReg() t_cycle: 5; i: 0 CGRA node: 13; link: 1 duration 1
[DEBUG] done reg allocation
[DEBUG] occupy link[9]-->[13] (bypass:0) dfgNode: 0 at cycle 5
[DEBUG] skip predecessor routing -- dfgNode: 0
[DEBUG] success in schedule()
[DEBUG] schedule dfg node[42] onto fu[2] at cycle 6 within II: 89
[DEBUG] setDFGNode 42 onto CGRANode 2 at cycle: 6
[DEBUG] occupy link[10]-->[6] (bypass:1) dfgNode: 0 at cycle 4
[DEBUG] in allocateReg() t_cycle: 5; i: 0 CGRA node: 2; link: 0 duration 1
[DEBUG] done reg allocation
[DEBUG] occupy link[6]-->[2] (bypass:0) dfgNode: 0 at cycle 5
[DEBUG] skip predecessor routing -- dfgNode: 0
[DEBUG] tryToRoute -- srcDFGNode: 34, srcCGRANode: 6; dstDFGNode: 42, dstCGRANode: 2; backEdge: 0
[DEBUG] check route size: 2
[DEBUG] reset duration: 5 t_dstCycle: 6 previous: 1 II: 89
[DEBUG] in allocateReg() t_cycle: 1; i: 1 CGRA node: 2; link: 0 duration 5
[DEBUG] done reg allocation
[DEBUG] occupy link[6]-->[2] (bypass:0) dfgNode: 34 at cycle 1
[DEBUG] success in schedule()
[DEBUG] schedule dfg node[50] onto fu[1] at cycle 7 within II: 89
[DEBUG] setDFGNode 50 onto CGRANode 1 at cycle: 7
[DEBUG] occupy link[10]-->[6] (bypass:1) dfgNode: 0 at cycle 4
[DEBUG] occupy link[6]-->[2] (bypass:1) dfgNode: 0 at cycle 5
[DEBUG] in allocateReg() t_cycle: 6; i: 0 CGRA node: 1; link: 3 duration 1
[DEBUG] done reg allocation
[DEBUG] occupy link[2]-->[1] (bypass:0) dfgNode: 0 at cycle 6
[DEBUG] skip predecessor routing -- dfgNode: 0
[DEBUG] tryToRoute -- srcDFGNode: 34, srcCGRANode: 6; dstDFGNode: 50, dstCGRANode: 1; backEdge: 0
[DEBUG] in shareSameCycle is true: node 50
[DEBUG] cannot route due to II is violated for backward cycle
DEBUG target DFG node: 50 on fu: 1 failed, mapped pred DFG node: 34; return false
[DEBUG] fail1 in schedule() II: 89
[DEBUG] the failed path -- cycle: 7 CGRANode: 1
[DEBUG] the failed path -- cycle: 6 CGRANode: 2
[DEBUG] the failed path -- cycle: 5 CGRANode: 6
[DEBUG] the failed path -- cycle: 4 CGRANode: 10
----------------------------------------
[DEBUG] start heuristic algorithm with II=90
[DEBUG] schedule dfg node[33] onto fu[5] at cycle 0 within II: 90
[DEBUG] setDFGNode 33 onto CGRANode 5 at cycle: 0
[DEBUG] success in schedule()
[DEBUG] schedule dfg node[34] onto fu[6] at cycle 1 within II: 90
[DEBUG] setDFGNode 34 onto CGRANode 6 at cycle: 1
[DEBUG] in allocateReg() t_cycle: 0; i: 0 CGRA node: 6; link: 2 duration 1
[DEBUG] done reg allocation
[DEBUG] occupy link[5]-->[6] (bypass:0) dfgNode: 33 at cycle 0
[DEBUG] skip predecessor routing -- dfgNode: 33
[DEBUG] success in schedule()
[DEBUG] schedule dfg node[51] onto fu[10] at cycle 2 within II: 90
[DEBUG] setDFGNode 51 onto CGRANode 10 at cycle: 2
[DEBUG] in allocateReg() t_cycle: 1; i: 0 CGRA node: 10; link: 1 duration 1
[DEBUG] done reg allocation
[DEBUG] occupy link[6]-->[10] (bypass:0) dfgNode: 34 at cycle 1
[DEBUG] skip predecessor routing -- dfgNode: 34
[DEBUG] success in schedule()
[DEBUG] schedule dfg node[52] onto fu[9] at cycle 3 within II: 90
[DEBUG] setDFGNode 52 onto CGRANode 9 at cycle: 3
[DEBUG] in allocateReg() t_cycle: 2; i: 0 CGRA node: 9; link: 3 duration 1
[DEBUG] done reg allocation
[DEBUG] occupy link[10]-->[9] (bypass:0) dfgNode: 51 at cycle 2
[DEBUG] skip predecessor routing -- dfgNode: 51
[DEBUG] success in schedule()
[DEBUG] schedule dfg node[0] onto fu[10] at cycle 4 within II: 90
[DEBUG] setDFGNode 0 onto CGRANode 10 at cycle: 4
[DEBUG] in allocateReg() t_cycle: 3; i: 0 CGRA node: 10; link: 2 duration 1
[DEBUG] done reg allocation
[DEBUG] occupy link[9]-->[10] (bypass:0) dfgNode: 52 at cycle 3
[DEBUG] skip predecessor routing -- dfgNode: 52
[DEBUG] in shareSameCycle is true: node 0
[DEBUG] tryToRoute -- srcDFGNode: 0, srcCGRANode: 10; dstDFGNode: 33, dstCGRANode: 5; backEdge: 1
[DEBUG] in shareSameCycle is true: node 33
[DEBUG] check route size: 3
[DEBUG] occupy link[10]-->[6] (bypass:1) dfgNode: 0 at cycle 4
[DEBUG] reset duration: 85 t_dstCycle: 0 previous: 5 II: 90
[DEBUG] in allocateReg() t_cycle: 5; i: 0 CGRA node: 5; link: 3 duration 85
[DEBUG] done reg allocation
[DEBUG] occupy link[6]-->[5] (bypass:0) dfgNode: 0 at cycle 5
[DEBUG] in shareSameCycle is true: node 0
[DEBUG] tryToRoute -- srcDFGNode: 0, srcCGRANode: 10; dstDFGNode: 51, dstCGRANode: 10; backEdge: 1
[DEBUG] in shareSameCycle is true: node 51
[DEBUG] check route size: 1
[DEBUG] allocate for local reg maintain... duration=88 last cycle: 4
[DEBUG] in allocateReg() t_cycle: 4; i: 1 CGRA node: 10; link: 4 duration 88
[DEBUG] done reg allocation
[DEBUG] success in schedule()
[DEBUG] schedule dfg node[1] onto fu[14] at cycle 5 within II: 90
[DEBUG] setDFGNode 1 onto CGRANode 14 at cycle: 5
[DEBUG] in allocateReg() t_cycle: 4; i: 0 CGRA node: 14; link: 1 duration 1
[DEBUG] done reg allocation
[DEBUG] occupy link[10]-->[14] (bypass:0) dfgNode: 0 at cycle 4
[DEBUG] skip predecessor routing -- dfgNode: 0
[DEBUG] success in schedule()
[DEBUG] schedule dfg node[4] onto fu[6] at cycle 5 within II: 90
[DEBUG] setDFGNode 4 onto CGRANode 6 at cycle: 5
[DEBUG] in allocateReg() t_cycle: 4; i: 0 CGRA node: 6; link: 0 duration 1
[DEBUG] done reg allocation
[DEBUG] occupy link[10]-->[6] (bypass:0) dfgNode: 0 at cycle 4
[DEBUG] skip predecessor routing -- dfgNode: 0
[DEBUG] success in schedule()
[DEBUG] schedule dfg node[8] onto fu[9] at cycle 5 within II: 90
[DEBUG] setDFGNode 8 onto CGRANode 9 at cycle: 5
[DEBUG] in allocateReg() t_cycle: 4; i: 0 CGRA node: 9; link: 3 duration 1
[DEBUG] done reg allocation
[DEBUG] occupy link[10]-->[9] (bypass:0) dfgNode: 0 at cycle 4
[DEBUG] skip predecessor routing -- dfgNode: 0
[DEBUG] success in schedule()
[DEBUG] schedule dfg node[16] onto fu[5] at cycle 6 within II: 90
[DEBUG] setDFGNode 16 onto CGRANode 5 at cycle: 6
[DEBUG] occupy link[10]-->[6] (bypass:1) dfgNode: 0 at cycle 4
[DEBUG] in allocateReg() t_cycle: 5; i: 1 CGRA node: 5; link: 3 duration 1
[DEBUG] done reg allocation
[DEBUG] occupy link[6]-->[5] (bypass:0) dfgNode: 0 at cycle 5
[DEBUG] skip predecessor routing -- dfgNode: 0
[DEBUG] success in schedule()
[DEBUG] schedule dfg node[24] onto fu[10] at cycle 5 within II: 90
[DEBUG] setDFGNode 24 onto CGRANode 10 at cycle: 5
[DEBUG] tryToRoute -- srcDFGNode: 0, srcCGRANode: 10; dstDFGNode: 24, dstCGRANode: 10; backEdge: 0
[DEBUG] check route size: 1
[DEBUG] allocate for local reg maintain... duration=1 last cycle: 4
[DEBUG] in allocateReg() t_cycle: 4; i: 0 CGRA node: 10; link: 4 duration 1
[DEBUG] done reg allocation
[DEBUG] success in schedule()
[DEBUG] schedule dfg node[32] onto fu[13] at cycle 6 within II: 90
[DEBUG] setDFGNode 32 onto CGRANode 13 at cycle: 6
[DEBUG] occupy link[10]-->[9] (bypass:1) dfgNode: 0 at cycle 4
[DEBUG] in allocateReg() t_cycle: 5; i: 0 CGRA node: 13; link: 1 duration 1
[DEBUG] done reg allocation
[DEBUG] occupy link[9]-->[13] (bypass:0) dfgNode: 0 at cycle 5
[DEBUG] skip predecessor routing -- dfgNode: 0
[DEBUG] success in schedule()
[DEBUG] schedule dfg node[42] onto fu[2] at cycle 6 within II: 90
[DEBUG] setDFGNode 42 onto CGRANode 2 at cycle: 6
[DEBUG] occupy link[10]-->[6] (bypass:1) dfgNode: 0 at cycle 4
[DEBUG] in allocateReg() t_cycle: 5; i: 0 CGRA node: 2; link: 0 duration 1
[DEBUG] done reg allocation
[DEBUG] occupy link[6]-->[2] (bypass:0) dfgNode: 0 at cycle 5
[DEBUG] skip predecessor routing -- dfgNode: 0
[DEBUG] tryToRoute -- srcDFGNode: 34, srcCGRANode: 6; dstDFGNode: 42, dstCGRANode: 2; backEdge: 0
[DEBUG] check route size: 2
[DEBUG] reset duration: 5 t_dstCycle: 6 previous: 1 II: 90
[DEBUG] in allocateReg() t_cycle: 1; i: 1 CGRA node: 2; link: 0 duration 5
[DEBUG] done reg allocation
[DEBUG] occupy link[6]-->[2] (bypass:0) dfgNode: 34 at cycle 1
[DEBUG] success in schedule()
[DEBUG] schedule dfg node[50] onto fu[1] at cycle 7 within II: 90
[DEBUG] setDFGNode 50 onto CGRANode 1 at cycle: 7
[DEBUG] occupy link[10]-->[6] (bypass:1) dfgNode: 0 at cycle 4
[DEBUG] occupy link[6]-->[2] (bypass:1) dfgNode: 0 at cycle 5
[DEBUG] in allocateReg() t_cycle: 6; i: 0 CGRA node: 1; link: 3 duration 1
[DEBUG] done reg allocation
[DEBUG] occupy link[2]-->[1] (bypass:0) dfgNode: 0 at cycle 6
[DEBUG] skip predecessor routing -- dfgNode: 0
[DEBUG] tryToRoute -- srcDFGNode: 34, srcCGRANode: 6; dstDFGNode: 50, dstCGRANode: 1; backEdge: 0
[DEBUG] in shareSameCycle is true: node 50
[DEBUG] cannot route due to II is violated for backward cycle
DEBUG target DFG node: 50 on fu: 1 failed, mapped pred DFG node: 34; return false
[DEBUG] fail1 in schedule() II: 90
[DEBUG] the failed path -- cycle: 7 CGRANode: 1
[DEBUG] the failed path -- cycle: 6 CGRANode: 2
[DEBUG] the failed path -- cycle: 5 CGRANode: 6
[DEBUG] the failed path -- cycle: 4 CGRANode: 10
----------------------------------------
[DEBUG] start heuristic algorithm with II=91
[DEBUG] schedule dfg node[33] onto fu[5] at cycle 0 within II: 91
[DEBUG] setDFGNode 33 onto CGRANode 5 at cycle: 0
[DEBUG] success in schedule()
[DEBUG] schedule dfg node[34] onto fu[6] at cycle 1 within II: 91
[DEBUG] setDFGNode 34 onto CGRANode 6 at cycle: 1
[DEBUG] in allocateReg() t_cycle: 0; i: 0 CGRA node: 6; link: 2 duration 1
[DEBUG] done reg allocation
[DEBUG] occupy link[5]-->[6] (bypass:0) dfgNode: 33 at cycle 0
[DEBUG] skip predecessor routing -- dfgNode: 33
[DEBUG] success in schedule()
[DEBUG] schedule dfg node[51] onto fu[10] at cycle 2 within II: 91
[DEBUG] setDFGNode 51 onto CGRANode 10 at cycle: 2
[DEBUG] in allocateReg() t_cycle: 1; i: 0 CGRA node: 10; link: 1 duration 1
[DEBUG] done reg allocation
[DEBUG] occupy link[6]-->[10] (bypass:0) dfgNode: 34 at cycle 1
[DEBUG] skip predecessor routing -- dfgNode: 34
[DEBUG] success in schedule()
[DEBUG] schedule dfg node[52] onto fu[9] at cycle 3 within II: 91
[DEBUG] setDFGNode 52 onto CGRANode 9 at cycle: 3
[DEBUG] in allocateReg() t_cycle: 2; i: 0 CGRA node: 9; link: 3 duration 1
[DEBUG] done reg allocation
[DEBUG] occupy link[10]-->[9] (bypass:0) dfgNode: 51 at cycle 2
[DEBUG] skip predecessor routing -- dfgNode: 51
[DEBUG] success in schedule()
[DEBUG] schedule dfg node[0] onto fu[10] at cycle 4 within II: 91
[DEBUG] setDFGNode 0 onto CGRANode 10 at cycle: 4
[DEBUG] in allocateReg() t_cycle: 3; i: 0 CGRA node: 10; link: 2 duration 1
[DEBUG] done reg allocation
[DEBUG] occupy link[9]-->[10] (bypass:0) dfgNode: 52 at cycle 3
[DEBUG] skip predecessor routing -- dfgNode: 52
[DEBUG] in shareSameCycle is true: node 0
[DEBUG] tryToRoute -- srcDFGNode: 0, srcCGRANode: 10; dstDFGNode: 33, dstCGRANode: 5; backEdge: 1
[DEBUG] in shareSameCycle is true: node 33
[DEBUG] check route size: 3
[DEBUG] occupy link[10]-->[6] (bypass:1) dfgNode: 0 at cycle 4
[DEBUG] reset duration: 86 t_dstCycle: 0 previous: 5 II: 91
[DEBUG] in allocateReg() t_cycle: 5; i: 0 CGRA node: 5; link: 3 duration 86
[DEBUG] done reg allocation
[DEBUG] occupy link[6]-->[5] (bypass:0) dfgNode: 0 at cycle 5
[DEBUG] in shareSameCycle is true: node 0
[DEBUG] tryToRoute -- srcDFGNode: 0, srcCGRANode: 10; dstDFGNode: 51, dstCGRANode: 10; backEdge: 1
[DEBUG] in shareSameCycle is true: node 51
[DEBUG] check route size: 1
[DEBUG] allocate for local reg maintain... duration=89 last cycle: 4
[DEBUG] in allocateReg() t_cycle: 4; i: 1 CGRA node: 10; link: 4 duration 89
[DEBUG] done reg allocation
[DEBUG] success in schedule()
[DEBUG] schedule dfg node[1] onto fu[14] at cycle 5 within II: 91
[DEBUG] setDFGNode 1 onto CGRANode 14 at cycle: 5
[DEBUG] in allocateReg() t_cycle: 4; i: 0 CGRA node: 14; link: 1 duration 1
[DEBUG] done reg allocation
[DEBUG] occupy link[10]-->[14] (bypass:0) dfgNode: 0 at cycle 4
[DEBUG] skip predecessor routing -- dfgNode: 0
[DEBUG] success in schedule()
[DEBUG] schedule dfg node[4] onto fu[6] at cycle 5 within II: 91
[DEBUG] setDFGNode 4 onto CGRANode 6 at cycle: 5
[DEBUG] in allocateReg() t_cycle: 4; i: 0 CGRA node: 6; link: 0 duration 1
[DEBUG] done reg allocation
[DEBUG] occupy link[10]-->[6] (bypass:0) dfgNode: 0 at cycle 4
[DEBUG] skip predecessor routing -- dfgNode: 0
[DEBUG] success in schedule()
[DEBUG] schedule dfg node[8] onto fu[9] at cycle 5 within II: 91
[DEBUG] setDFGNode 8 onto CGRANode 9 at cycle: 5
[DEBUG] in allocateReg() t_cycle: 4; i: 0 CGRA node: 9; link: 3 duration 1
[DEBUG] done reg allocation
[DEBUG] occupy link[10]-->[9] (bypass:0) dfgNode: 0 at cycle 4
[DEBUG] skip predecessor routing -- dfgNode: 0
[DEBUG] success in schedule()
[DEBUG] schedule dfg node[16] onto fu[5] at cycle 6 within II: 91
[DEBUG] setDFGNode 16 onto CGRANode 5 at cycle: 6
[DEBUG] occupy link[10]-->[6] (bypass:1) dfgNode: 0 at cycle 4
[DEBUG] in allocateReg() t_cycle: 5; i: 1 CGRA node: 5; link: 3 duration 1
[DEBUG] done reg allocation
[DEBUG] occupy link[6]-->[5] (bypass:0) dfgNode: 0 at cycle 5
[DEBUG] skip predecessor routing -- dfgNode: 0
[DEBUG] success in schedule()
[DEBUG] schedule dfg node[24] onto fu[10] at cycle 5 within II: 91
[DEBUG] setDFGNode 24 onto CGRANode 10 at cycle: 5
[DEBUG] tryToRoute -- srcDFGNode: 0, srcCGRANode: 10; dstDFGNode: 24, dstCGRANode: 10; backEdge: 0
[DEBUG] check route size: 1
[DEBUG] allocate for local reg maintain... duration=1 last cycle: 4
[DEBUG] in allocateReg() t_cycle: 4; i: 0 CGRA node: 10; link: 4 duration 1
[DEBUG] done reg allocation
[DEBUG] success in schedule()
[DEBUG] schedule dfg node[32] onto fu[13] at cycle 6 within II: 91
[DEBUG] setDFGNode 32 onto CGRANode 13 at cycle: 6
[DEBUG] occupy link[10]-->[9] (bypass:1) dfgNode: 0 at cycle 4
[DEBUG] in allocateReg() t_cycle: 5; i: 0 CGRA node: 13; link: 1 duration 1
[DEBUG] done reg allocation
[DEBUG] occupy link[9]-->[13] (bypass:0) dfgNode: 0 at cycle 5
[DEBUG] skip predecessor routing -- dfgNode: 0
[DEBUG] success in schedule()
[DEBUG] schedule dfg node[42] onto fu[2] at cycle 6 within II: 91
[DEBUG] setDFGNode 42 onto CGRANode 2 at cycle: 6
[DEBUG] occupy link[10]-->[6] (bypass:1) dfgNode: 0 at cycle 4
[DEBUG] in allocateReg() t_cycle: 5; i: 0 CGRA node: 2; link: 0 duration 1
[DEBUG] done reg allocation
[DEBUG] occupy link[6]-->[2] (bypass:0) dfgNode: 0 at cycle 5
[DEBUG] skip predecessor routing -- dfgNode: 0
[DEBUG] tryToRoute -- srcDFGNode: 34, srcCGRANode: 6; dstDFGNode: 42, dstCGRANode: 2; backEdge: 0
[DEBUG] check route size: 2
[DEBUG] reset duration: 5 t_dstCycle: 6 previous: 1 II: 91
[DEBUG] in allocateReg() t_cycle: 1; i: 1 CGRA node: 2; link: 0 duration 5
[DEBUG] done reg allocation
[DEBUG] occupy link[6]-->[2] (bypass:0) dfgNode: 34 at cycle 1
[DEBUG] success in schedule()
[DEBUG] schedule dfg node[50] onto fu[1] at cycle 7 within II: 91
[DEBUG] setDFGNode 50 onto CGRANode 1 at cycle: 7
[DEBUG] occupy link[10]-->[6] (bypass:1) dfgNode: 0 at cycle 4
[DEBUG] occupy link[6]-->[2] (bypass:1) dfgNode: 0 at cycle 5
[DEBUG] in allocateReg() t_cycle: 6; i: 0 CGRA node: 1; link: 3 duration 1
[DEBUG] done reg allocation
[DEBUG] occupy link[2]-->[1] (bypass:0) dfgNode: 0 at cycle 6
[DEBUG] skip predecessor routing -- dfgNode: 0
[DEBUG] tryToRoute -- srcDFGNode: 34, srcCGRANode: 6; dstDFGNode: 50, dstCGRANode: 1; backEdge: 0
[DEBUG] in shareSameCycle is true: node 50
[DEBUG] cannot route due to II is violated for backward cycle
DEBUG target DFG node: 50 on fu: 1 failed, mapped pred DFG node: 34; return false
[DEBUG] fail1 in schedule() II: 91
[DEBUG] the failed path -- cycle: 7 CGRANode: 1
[DEBUG] the failed path -- cycle: 6 CGRANode: 2
[DEBUG] the failed path -- cycle: 5 CGRANode: 6
[DEBUG] the failed path -- cycle: 4 CGRANode: 10
----------------------------------------
[DEBUG] start heuristic algorithm with II=92
[DEBUG] schedule dfg node[33] onto fu[5] at cycle 0 within II: 92
[DEBUG] setDFGNode 33 onto CGRANode 5 at cycle: 0
[DEBUG] success in schedule()
[DEBUG] schedule dfg node[34] onto fu[6] at cycle 1 within II: 92
[DEBUG] setDFGNode 34 onto CGRANode 6 at cycle: 1
[DEBUG] in allocateReg() t_cycle: 0; i: 0 CGRA node: 6; link: 2 duration 1
[DEBUG] done reg allocation
[DEBUG] occupy link[5]-->[6] (bypass:0) dfgNode: 33 at cycle 0
[DEBUG] skip predecessor routing -- dfgNode: 33
[DEBUG] success in schedule()
[DEBUG] schedule dfg node[51] onto fu[10] at cycle 2 within II: 92
[DEBUG] setDFGNode 51 onto CGRANode 10 at cycle: 2
[DEBUG] in allocateReg() t_cycle: 1; i: 0 CGRA node: 10; link: 1 duration 1
[DEBUG] done reg allocation
[DEBUG] occupy link[6]-->[10] (bypass:0) dfgNode: 34 at cycle 1
[DEBUG] skip predecessor routing -- dfgNode: 34
[DEBUG] success in schedule()
[DEBUG] schedule dfg node[52] onto fu[9] at cycle 3 within II: 92
[DEBUG] setDFGNode 52 onto CGRANode 9 at cycle: 3
[DEBUG] in allocateReg() t_cycle: 2; i: 0 CGRA node: 9; link: 3 duration 1
[DEBUG] done reg allocation
[DEBUG] occupy link[10]-->[9] (bypass:0) dfgNode: 51 at cycle 2
[DEBUG] skip predecessor routing -- dfgNode: 51
[DEBUG] success in schedule()
[DEBUG] schedule dfg node[0] onto fu[10] at cycle 4 within II: 92
[DEBUG] setDFGNode 0 onto CGRANode 10 at cycle: 4
[DEBUG] in allocateReg() t_cycle: 3; i: 0 CGRA node: 10; link: 2 duration 1
[DEBUG] done reg allocation
[DEBUG] occupy link[9]-->[10] (bypass:0) dfgNode: 52 at cycle 3
[DEBUG] skip predecessor routing -- dfgNode: 52
[DEBUG] in shareSameCycle is true: node 0
[DEBUG] tryToRoute -- srcDFGNode: 0, srcCGRANode: 10; dstDFGNode: 33, dstCGRANode: 5; backEdge: 1
[DEBUG] in shareSameCycle is true: node 33
[DEBUG] check route size: 3
[DEBUG] occupy link[10]-->[6] (bypass:1) dfgNode: 0 at cycle 4
[DEBUG] reset duration: 87 t_dstCycle: 0 previous: 5 II: 92
[DEBUG] in allocateReg() t_cycle: 5; i: 0 CGRA node: 5; link: 3 duration 87
[DEBUG] done reg allocation
[DEBUG] occupy link[6]-->[5] (bypass:0) dfgNode: 0 at cycle 5
[DEBUG] in shareSameCycle is true: node 0
[DEBUG] tryToRoute -- srcDFGNode: 0, srcCGRANode: 10; dstDFGNode: 51, dstCGRANode: 10; backEdge: 1
[DEBUG] in shareSameCycle is true: node 51
[DEBUG] check route size: 1
[DEBUG] allocate for local reg maintain... duration=90 last cycle: 4
[DEBUG] in allocateReg() t_cycle: 4; i: 1 CGRA node: 10; link: 4 duration 90
[DEBUG] done reg allocation
[DEBUG] success in schedule()
[DEBUG] schedule dfg node[1] onto fu[14] at cycle 5 within II: 92
[DEBUG] setDFGNode 1 onto CGRANode 14 at cycle: 5
[DEBUG] in allocateReg() t_cycle: 4; i: 0 CGRA node: 14; link: 1 duration 1
[DEBUG] done reg allocation
[DEBUG] occupy link[10]-->[14] (bypass:0) dfgNode: 0 at cycle 4
[DEBUG] skip predecessor routing -- dfgNode: 0
[DEBUG] success in schedule()
[DEBUG] schedule dfg node[4] onto fu[6] at cycle 5 within II: 92
[DEBUG] setDFGNode 4 onto CGRANode 6 at cycle: 5
[DEBUG] in allocateReg() t_cycle: 4; i: 0 CGRA node: 6; link: 0 duration 1
[DEBUG] done reg allocation
[DEBUG] occupy link[10]-->[6] (bypass:0) dfgNode: 0 at cycle 4
[DEBUG] skip predecessor routing -- dfgNode: 0
[DEBUG] success in schedule()
[DEBUG] schedule dfg node[8] onto fu[9] at cycle 5 within II: 92
[DEBUG] setDFGNode 8 onto CGRANode 9 at cycle: 5
[DEBUG] in allocateReg() t_cycle: 4; i: 0 CGRA node: 9; link: 3 duration 1
[DEBUG] done reg allocation
[DEBUG] occupy link[10]-->[9] (bypass:0) dfgNode: 0 at cycle 4
[DEBUG] skip predecessor routing -- dfgNode: 0
[DEBUG] success in schedule()
[DEBUG] schedule dfg node[16] onto fu[5] at cycle 6 within II: 92
[DEBUG] setDFGNode 16 onto CGRANode 5 at cycle: 6
[DEBUG] occupy link[10]-->[6] (bypass:1) dfgNode: 0 at cycle 4
[DEBUG] in allocateReg() t_cycle: 5; i: 1 CGRA node: 5; link: 3 duration 1
[DEBUG] done reg allocation
[DEBUG] occupy link[6]-->[5] (bypass:0) dfgNode: 0 at cycle 5
[DEBUG] skip predecessor routing -- dfgNode: 0
[DEBUG] success in schedule()
[DEBUG] schedule dfg node[24] onto fu[10] at cycle 5 within II: 92
[DEBUG] setDFGNode 24 onto CGRANode 10 at cycle: 5
[DEBUG] tryToRoute -- srcDFGNode: 0, srcCGRANode: 10; dstDFGNode: 24, dstCGRANode: 10; backEdge: 0
[DEBUG] check route size: 1
[DEBUG] allocate for local reg maintain... duration=1 last cycle: 4
[DEBUG] in allocateReg() t_cycle: 4; i: 0 CGRA node: 10; link: 4 duration 1
[DEBUG] done reg allocation
[DEBUG] success in schedule()
[DEBUG] schedule dfg node[32] onto fu[13] at cycle 6 within II: 92
[DEBUG] setDFGNode 32 onto CGRANode 13 at cycle: 6
[DEBUG] occupy link[10]-->[9] (bypass:1) dfgNode: 0 at cycle 4
[DEBUG] in allocateReg() t_cycle: 5; i: 0 CGRA node: 13; link: 1 duration 1
[DEBUG] done reg allocation
[DEBUG] occupy link[9]-->[13] (bypass:0) dfgNode: 0 at cycle 5
[DEBUG] skip predecessor routing -- dfgNode: 0
[DEBUG] success in schedule()
[DEBUG] schedule dfg node[42] onto fu[2] at cycle 6 within II: 92
[DEBUG] setDFGNode 42 onto CGRANode 2 at cycle: 6
[DEBUG] occupy link[10]-->[6] (bypass:1) dfgNode: 0 at cycle 4
[DEBUG] in allocateReg() t_cycle: 5; i: 0 CGRA node: 2; link: 0 duration 1
[DEBUG] done reg allocation
[DEBUG] occupy link[6]-->[2] (bypass:0) dfgNode: 0 at cycle 5
[DEBUG] skip predecessor routing -- dfgNode: 0
[DEBUG] tryToRoute -- srcDFGNode: 34, srcCGRANode: 6; dstDFGNode: 42, dstCGRANode: 2; backEdge: 0
[DEBUG] check route size: 2
[DEBUG] reset duration: 5 t_dstCycle: 6 previous: 1 II: 92
[DEBUG] in allocateReg() t_cycle: 1; i: 1 CGRA node: 2; link: 0 duration 5
[DEBUG] done reg allocation
[DEBUG] occupy link[6]-->[2] (bypass:0) dfgNode: 34 at cycle 1
[DEBUG] success in schedule()
[DEBUG] schedule dfg node[50] onto fu[1] at cycle 7 within II: 92
[DEBUG] setDFGNode 50 onto CGRANode 1 at cycle: 7
[DEBUG] occupy link[10]-->[6] (bypass:1) dfgNode: 0 at cycle 4
[DEBUG] occupy link[6]-->[2] (bypass:1) dfgNode: 0 at cycle 5
[DEBUG] in allocateReg() t_cycle: 6; i: 0 CGRA node: 1; link: 3 duration 1
[DEBUG] done reg allocation
[DEBUG] occupy link[2]-->[1] (bypass:0) dfgNode: 0 at cycle 6
[DEBUG] skip predecessor routing -- dfgNode: 0
[DEBUG] tryToRoute -- srcDFGNode: 34, srcCGRANode: 6; dstDFGNode: 50, dstCGRANode: 1; backEdge: 0
[DEBUG] in shareSameCycle is true: node 50
[DEBUG] cannot route due to II is violated for backward cycle
DEBUG target DFG node: 50 on fu: 1 failed, mapped pred DFG node: 34; return false
[DEBUG] fail1 in schedule() II: 92
[DEBUG] the failed path -- cycle: 7 CGRANode: 1
[DEBUG] the failed path -- cycle: 6 CGRANode: 2
[DEBUG] the failed path -- cycle: 5 CGRANode: 6
[DEBUG] the failed path -- cycle: 4 CGRANode: 10
----------------------------------------
[DEBUG] start heuristic algorithm with II=93
[DEBUG] schedule dfg node[33] onto fu[5] at cycle 0 within II: 93
[DEBUG] setDFGNode 33 onto CGRANode 5 at cycle: 0
[DEBUG] success in schedule()
[DEBUG] schedule dfg node[34] onto fu[6] at cycle 1 within II: 93
[DEBUG] setDFGNode 34 onto CGRANode 6 at cycle: 1
[DEBUG] in allocateReg() t_cycle: 0; i: 0 CGRA node: 6; link: 2 duration 1
[DEBUG] done reg allocation
[DEBUG] occupy link[5]-->[6] (bypass:0) dfgNode: 33 at cycle 0
[DEBUG] skip predecessor routing -- dfgNode: 33
[DEBUG] success in schedule()
[DEBUG] schedule dfg node[51] onto fu[10] at cycle 2 within II: 93
[DEBUG] setDFGNode 51 onto CGRANode 10 at cycle: 2
[DEBUG] in allocateReg() t_cycle: 1; i: 0 CGRA node: 10; link: 1 duration 1
[DEBUG] done reg allocation
[DEBUG] occupy link[6]-->[10] (bypass:0) dfgNode: 34 at cycle 1
[DEBUG] skip predecessor routing -- dfgNode: 34
[DEBUG] success in schedule()
[DEBUG] schedule dfg node[52] onto fu[9] at cycle 3 within II: 93
[DEBUG] setDFGNode 52 onto CGRANode 9 at cycle: 3
[DEBUG] in allocateReg() t_cycle: 2; i: 0 CGRA node: 9; link: 3 duration 1
[DEBUG] done reg allocation
[DEBUG] occupy link[10]-->[9] (bypass:0) dfgNode: 51 at cycle 2
[DEBUG] skip predecessor routing -- dfgNode: 51
[DEBUG] success in schedule()
[DEBUG] schedule dfg node[0] onto fu[10] at cycle 4 within II: 93
[DEBUG] setDFGNode 0 onto CGRANode 10 at cycle: 4
[DEBUG] in allocateReg() t_cycle: 3; i: 0 CGRA node: 10; link: 2 duration 1
[DEBUG] done reg allocation
[DEBUG] occupy link[9]-->[10] (bypass:0) dfgNode: 52 at cycle 3
[DEBUG] skip predecessor routing -- dfgNode: 52
[DEBUG] in shareSameCycle is true: node 0
[DEBUG] tryToRoute -- srcDFGNode: 0, srcCGRANode: 10; dstDFGNode: 33, dstCGRANode: 5; backEdge: 1
[DEBUG] in shareSameCycle is true: node 33
[DEBUG] check route size: 3
[DEBUG] occupy link[10]-->[6] (bypass:1) dfgNode: 0 at cycle 4
[DEBUG] reset duration: 88 t_dstCycle: 0 previous: 5 II: 93
[DEBUG] in allocateReg() t_cycle: 5; i: 0 CGRA node: 5; link: 3 duration 88
[DEBUG] done reg allocation
[DEBUG] occupy link[6]-->[5] (bypass:0) dfgNode: 0 at cycle 5
[DEBUG] in shareSameCycle is true: node 0
[DEBUG] tryToRoute -- srcDFGNode: 0, srcCGRANode: 10; dstDFGNode: 51, dstCGRANode: 10; backEdge: 1
[DEBUG] in shareSameCycle is true: node 51
[DEBUG] check route size: 1
[DEBUG] allocate for local reg maintain... duration=91 last cycle: 4
[DEBUG] in allocateReg() t_cycle: 4; i: 1 CGRA node: 10; link: 4 duration 91
[DEBUG] done reg allocation
[DEBUG] success in schedule()
[DEBUG] schedule dfg node[1] onto fu[14] at cycle 5 within II: 93
[DEBUG] setDFGNode 1 onto CGRANode 14 at cycle: 5
[DEBUG] in allocateReg() t_cycle: 4; i: 0 CGRA node: 14; link: 1 duration 1
[DEBUG] done reg allocation
[DEBUG] occupy link[10]-->[14] (bypass:0) dfgNode: 0 at cycle 4
[DEBUG] skip predecessor routing -- dfgNode: 0
[DEBUG] success in schedule()
[DEBUG] schedule dfg node[4] onto fu[6] at cycle 5 within II: 93
[DEBUG] setDFGNode 4 onto CGRANode 6 at cycle: 5
[DEBUG] in allocateReg() t_cycle: 4; i: 0 CGRA node: 6; link: 0 duration 1
[DEBUG] done reg allocation
[DEBUG] occupy link[10]-->[6] (bypass:0) dfgNode: 0 at cycle 4
[DEBUG] skip predecessor routing -- dfgNode: 0
[DEBUG] success in schedule()
[DEBUG] schedule dfg node[8] onto fu[9] at cycle 5 within II: 93
[DEBUG] setDFGNode 8 onto CGRANode 9 at cycle: 5
[DEBUG] in allocateReg() t_cycle: 4; i: 0 CGRA node: 9; link: 3 duration 1
[DEBUG] done reg allocation
[DEBUG] occupy link[10]-->[9] (bypass:0) dfgNode: 0 at cycle 4
[DEBUG] skip predecessor routing -- dfgNode: 0
[DEBUG] success in schedule()
[DEBUG] schedule dfg node[16] onto fu[5] at cycle 6 within II: 93
[DEBUG] setDFGNode 16 onto CGRANode 5 at cycle: 6
[DEBUG] occupy link[10]-->[6] (bypass:1) dfgNode: 0 at cycle 4
[DEBUG] in allocateReg() t_cycle: 5; i: 1 CGRA node: 5; link: 3 duration 1
[DEBUG] done reg allocation
[DEBUG] occupy link[6]-->[5] (bypass:0) dfgNode: 0 at cycle 5
[DEBUG] skip predecessor routing -- dfgNode: 0
[DEBUG] success in schedule()
[DEBUG] schedule dfg node[24] onto fu[10] at cycle 5 within II: 93
[DEBUG] setDFGNode 24 onto CGRANode 10 at cycle: 5
[DEBUG] tryToRoute -- srcDFGNode: 0, srcCGRANode: 10; dstDFGNode: 24, dstCGRANode: 10; backEdge: 0
[DEBUG] check route size: 1
[DEBUG] allocate for local reg maintain... duration=1 last cycle: 4
[DEBUG] in allocateReg() t_cycle: 4; i: 0 CGRA node: 10; link: 4 duration 1
[DEBUG] done reg allocation
[DEBUG] success in schedule()
[DEBUG] schedule dfg node[32] onto fu[13] at cycle 6 within II: 93
[DEBUG] setDFGNode 32 onto CGRANode 13 at cycle: 6
[DEBUG] occupy link[10]-->[9] (bypass:1) dfgNode: 0 at cycle 4
[DEBUG] in allocateReg() t_cycle: 5; i: 0 CGRA node: 13; link: 1 duration 1
[DEBUG] done reg allocation
[DEBUG] occupy link[9]-->[13] (bypass:0) dfgNode: 0 at cycle 5
[DEBUG] skip predecessor routing -- dfgNode: 0
[DEBUG] success in schedule()
[DEBUG] schedule dfg node[42] onto fu[2] at cycle 6 within II: 93
[DEBUG] setDFGNode 42 onto CGRANode 2 at cycle: 6
[DEBUG] occupy link[10]-->[6] (bypass:1) dfgNode: 0 at cycle 4
[DEBUG] in allocateReg() t_cycle: 5; i: 0 CGRA node: 2; link: 0 duration 1
[DEBUG] done reg allocation
[DEBUG] occupy link[6]-->[2] (bypass:0) dfgNode: 0 at cycle 5
[DEBUG] skip predecessor routing -- dfgNode: 0
[DEBUG] tryToRoute -- srcDFGNode: 34, srcCGRANode: 6; dstDFGNode: 42, dstCGRANode: 2; backEdge: 0
[DEBUG] check route size: 2
[DEBUG] reset duration: 5 t_dstCycle: 6 previous: 1 II: 93
[DEBUG] in allocateReg() t_cycle: 1; i: 1 CGRA node: 2; link: 0 duration 5
[DEBUG] done reg allocation
[DEBUG] occupy link[6]-->[2] (bypass:0) dfgNode: 34 at cycle 1
[DEBUG] success in schedule()
[DEBUG] schedule dfg node[50] onto fu[1] at cycle 7 within II: 93
[DEBUG] setDFGNode 50 onto CGRANode 1 at cycle: 7
[DEBUG] occupy link[10]-->[6] (bypass:1) dfgNode: 0 at cycle 4
[DEBUG] occupy link[6]-->[2] (bypass:1) dfgNode: 0 at cycle 5
[DEBUG] in allocateReg() t_cycle: 6; i: 0 CGRA node: 1; link: 3 duration 1
[DEBUG] done reg allocation
[DEBUG] occupy link[2]-->[1] (bypass:0) dfgNode: 0 at cycle 6
[DEBUG] skip predecessor routing -- dfgNode: 0
[DEBUG] tryToRoute -- srcDFGNode: 34, srcCGRANode: 6; dstDFGNode: 50, dstCGRANode: 1; backEdge: 0
[DEBUG] in shareSameCycle is true: node 50
[DEBUG] cannot route due to II is violated for backward cycle
DEBUG target DFG node: 50 on fu: 1 failed, mapped pred DFG node: 34; return false
[DEBUG] fail1 in schedule() II: 93
[DEBUG] the failed path -- cycle: 7 CGRANode: 1
[DEBUG] the failed path -- cycle: 6 CGRANode: 2
[DEBUG] the failed path -- cycle: 5 CGRANode: 6
[DEBUG] the failed path -- cycle: 4 CGRANode: 10
----------------------------------------
[DEBUG] start heuristic algorithm with II=94
[DEBUG] schedule dfg node[33] onto fu[5] at cycle 0 within II: 94
[DEBUG] setDFGNode 33 onto CGRANode 5 at cycle: 0
[DEBUG] success in schedule()
[DEBUG] schedule dfg node[34] onto fu[6] at cycle 1 within II: 94
[DEBUG] setDFGNode 34 onto CGRANode 6 at cycle: 1
[DEBUG] in allocateReg() t_cycle: 0; i: 0 CGRA node: 6; link: 2 duration 1
[DEBUG] done reg allocation
[DEBUG] occupy link[5]-->[6] (bypass:0) dfgNode: 33 at cycle 0
[DEBUG] skip predecessor routing -- dfgNode: 33
[DEBUG] success in schedule()
[DEBUG] schedule dfg node[51] onto fu[10] at cycle 2 within II: 94
[DEBUG] setDFGNode 51 onto CGRANode 10 at cycle: 2
[DEBUG] in allocateReg() t_cycle: 1; i: 0 CGRA node: 10; link: 1 duration 1
[DEBUG] done reg allocation
[DEBUG] occupy link[6]-->[10] (bypass:0) dfgNode: 34 at cycle 1
[DEBUG] skip predecessor routing -- dfgNode: 34
[DEBUG] success in schedule()
[DEBUG] schedule dfg node[52] onto fu[9] at cycle 3 within II: 94
[DEBUG] setDFGNode 52 onto CGRANode 9 at cycle: 3
[DEBUG] in allocateReg() t_cycle: 2; i: 0 CGRA node: 9; link: 3 duration 1
[DEBUG] done reg allocation
[DEBUG] occupy link[10]-->[9] (bypass:0) dfgNode: 51 at cycle 2
[DEBUG] skip predecessor routing -- dfgNode: 51
[DEBUG] success in schedule()
[DEBUG] schedule dfg node[0] onto fu[10] at cycle 4 within II: 94
[DEBUG] setDFGNode 0 onto CGRANode 10 at cycle: 4
[DEBUG] in allocateReg() t_cycle: 3; i: 0 CGRA node: 10; link: 2 duration 1
[DEBUG] done reg allocation
[DEBUG] occupy link[9]-->[10] (bypass:0) dfgNode: 52 at cycle 3
[DEBUG] skip predecessor routing -- dfgNode: 52
[DEBUG] in shareSameCycle is true: node 0
[DEBUG] tryToRoute -- srcDFGNode: 0, srcCGRANode: 10; dstDFGNode: 33, dstCGRANode: 5; backEdge: 1
[DEBUG] in shareSameCycle is true: node 33
[DEBUG] check route size: 3
[DEBUG] occupy link[10]-->[6] (bypass:1) dfgNode: 0 at cycle 4
[DEBUG] reset duration: 89 t_dstCycle: 0 previous: 5 II: 94
[DEBUG] in allocateReg() t_cycle: 5; i: 0 CGRA node: 5; link: 3 duration 89
[DEBUG] done reg allocation
[DEBUG] occupy link[6]-->[5] (bypass:0) dfgNode: 0 at cycle 5
[DEBUG] in shareSameCycle is true: node 0
[DEBUG] tryToRoute -- srcDFGNode: 0, srcCGRANode: 10; dstDFGNode: 51, dstCGRANode: 10; backEdge: 1
[DEBUG] in shareSameCycle is true: node 51
[DEBUG] check route size: 1
[DEBUG] allocate for local reg maintain... duration=92 last cycle: 4
[DEBUG] in allocateReg() t_cycle: 4; i: 1 CGRA node: 10; link: 4 duration 92
[DEBUG] done reg allocation
[DEBUG] success in schedule()
[DEBUG] schedule dfg node[1] onto fu[14] at cycle 5 within II: 94
[DEBUG] setDFGNode 1 onto CGRANode 14 at cycle: 5
[DEBUG] in allocateReg() t_cycle: 4; i: 0 CGRA node: 14; link: 1 duration 1
[DEBUG] done reg allocation
[DEBUG] occupy link[10]-->[14] (bypass:0) dfgNode: 0 at cycle 4
[DEBUG] skip predecessor routing -- dfgNode: 0
[DEBUG] success in schedule()
[DEBUG] schedule dfg node[4] onto fu[6] at cycle 5 within II: 94
[DEBUG] setDFGNode 4 onto CGRANode 6 at cycle: 5
[DEBUG] in allocateReg() t_cycle: 4; i: 0 CGRA node: 6; link: 0 duration 1
[DEBUG] done reg allocation
[DEBUG] occupy link[10]-->[6] (bypass:0) dfgNode: 0 at cycle 4
[DEBUG] skip predecessor routing -- dfgNode: 0
[DEBUG] success in schedule()
[DEBUG] schedule dfg node[8] onto fu[9] at cycle 5 within II: 94
[DEBUG] setDFGNode 8 onto CGRANode 9 at cycle: 5
[DEBUG] in allocateReg() t_cycle: 4; i: 0 CGRA node: 9; link: 3 duration 1
[DEBUG] done reg allocation
[DEBUG] occupy link[10]-->[9] (bypass:0) dfgNode: 0 at cycle 4
[DEBUG] skip predecessor routing -- dfgNode: 0
[DEBUG] success in schedule()
[DEBUG] schedule dfg node[16] onto fu[5] at cycle 6 within II: 94
[DEBUG] setDFGNode 16 onto CGRANode 5 at cycle: 6
[DEBUG] occupy link[10]-->[6] (bypass:1) dfgNode: 0 at cycle 4
[DEBUG] in allocateReg() t_cycle: 5; i: 1 CGRA node: 5; link: 3 duration 1
[DEBUG] done reg allocation
[DEBUG] occupy link[6]-->[5] (bypass:0) dfgNode: 0 at cycle 5
[DEBUG] skip predecessor routing -- dfgNode: 0
[DEBUG] success in schedule()
[DEBUG] schedule dfg node[24] onto fu[10] at cycle 5 within II: 94
[DEBUG] setDFGNode 24 onto CGRANode 10 at cycle: 5
[DEBUG] tryToRoute -- srcDFGNode: 0, srcCGRANode: 10; dstDFGNode: 24, dstCGRANode: 10; backEdge: 0
[DEBUG] check route size: 1
[DEBUG] allocate for local reg maintain... duration=1 last cycle: 4
[DEBUG] in allocateReg() t_cycle: 4; i: 0 CGRA node: 10; link: 4 duration 1
[DEBUG] done reg allocation
[DEBUG] success in schedule()
[DEBUG] schedule dfg node[32] onto fu[13] at cycle 6 within II: 94
[DEBUG] setDFGNode 32 onto CGRANode 13 at cycle: 6
[DEBUG] occupy link[10]-->[9] (bypass:1) dfgNode: 0 at cycle 4
[DEBUG] in allocateReg() t_cycle: 5; i: 0 CGRA node: 13; link: 1 duration 1
[DEBUG] done reg allocation
[DEBUG] occupy link[9]-->[13] (bypass:0) dfgNode: 0 at cycle 5
[DEBUG] skip predecessor routing -- dfgNode: 0
[DEBUG] success in schedule()
[DEBUG] schedule dfg node[42] onto fu[2] at cycle 6 within II: 94
[DEBUG] setDFGNode 42 onto CGRANode 2 at cycle: 6
[DEBUG] occupy link[10]-->[6] (bypass:1) dfgNode: 0 at cycle 4
[DEBUG] in allocateReg() t_cycle: 5; i: 0 CGRA node: 2; link: 0 duration 1
[DEBUG] done reg allocation
[DEBUG] occupy link[6]-->[2] (bypass:0) dfgNode: 0 at cycle 5
[DEBUG] skip predecessor routing -- dfgNode: 0
[DEBUG] tryToRoute -- srcDFGNode: 34, srcCGRANode: 6; dstDFGNode: 42, dstCGRANode: 2; backEdge: 0
[DEBUG] check route size: 2
[DEBUG] reset duration: 5 t_dstCycle: 6 previous: 1 II: 94
[DEBUG] in allocateReg() t_cycle: 1; i: 1 CGRA node: 2; link: 0 duration 5
[DEBUG] done reg allocation
[DEBUG] occupy link[6]-->[2] (bypass:0) dfgNode: 34 at cycle 1
[DEBUG] success in schedule()
[DEBUG] schedule dfg node[50] onto fu[1] at cycle 7 within II: 94
[DEBUG] setDFGNode 50 onto CGRANode 1 at cycle: 7
[DEBUG] occupy link[10]-->[6] (bypass:1) dfgNode: 0 at cycle 4
[DEBUG] occupy link[6]-->[2] (bypass:1) dfgNode: 0 at cycle 5
[DEBUG] in allocateReg() t_cycle: 6; i: 0 CGRA node: 1; link: 3 duration 1
[DEBUG] done reg allocation
[DEBUG] occupy link[2]-->[1] (bypass:0) dfgNode: 0 at cycle 6
[DEBUG] skip predecessor routing -- dfgNode: 0
[DEBUG] tryToRoute -- srcDFGNode: 34, srcCGRANode: 6; dstDFGNode: 50, dstCGRANode: 1; backEdge: 0
[DEBUG] in shareSameCycle is true: node 50
[DEBUG] cannot route due to II is violated for backward cycle
DEBUG target DFG node: 50 on fu: 1 failed, mapped pred DFG node: 34; return false
[DEBUG] fail1 in schedule() II: 94
[DEBUG] the failed path -- cycle: 7 CGRANode: 1
[DEBUG] the failed path -- cycle: 6 CGRANode: 2
[DEBUG] the failed path -- cycle: 5 CGRANode: 6
[DEBUG] the failed path -- cycle: 4 CGRANode: 10
----------------------------------------
[DEBUG] start heuristic algorithm with II=95
[DEBUG] schedule dfg node[33] onto fu[5] at cycle 0 within II: 95
[DEBUG] setDFGNode 33 onto CGRANode 5 at cycle: 0
[DEBUG] success in schedule()
[DEBUG] schedule dfg node[34] onto fu[6] at cycle 1 within II: 95
[DEBUG] setDFGNode 34 onto CGRANode 6 at cycle: 1
[DEBUG] in allocateReg() t_cycle: 0; i: 0 CGRA node: 6; link: 2 duration 1
[DEBUG] done reg allocation
[DEBUG] occupy link[5]-->[6] (bypass:0) dfgNode: 33 at cycle 0
[DEBUG] skip predecessor routing -- dfgNode: 33
[DEBUG] success in schedule()
[DEBUG] schedule dfg node[51] onto fu[10] at cycle 2 within II: 95
[DEBUG] setDFGNode 51 onto CGRANode 10 at cycle: 2
[DEBUG] in allocateReg() t_cycle: 1; i: 0 CGRA node: 10; link: 1 duration 1
[DEBUG] done reg allocation
[DEBUG] occupy link[6]-->[10] (bypass:0) dfgNode: 34 at cycle 1
[DEBUG] skip predecessor routing -- dfgNode: 34
[DEBUG] success in schedule()
[DEBUG] schedule dfg node[52] onto fu[9] at cycle 3 within II: 95
[DEBUG] setDFGNode 52 onto CGRANode 9 at cycle: 3
[DEBUG] in allocateReg() t_cycle: 2; i: 0 CGRA node: 9; link: 3 duration 1
[DEBUG] done reg allocation
[DEBUG] occupy link[10]-->[9] (bypass:0) dfgNode: 51 at cycle 2
[DEBUG] skip predecessor routing -- dfgNode: 51
[DEBUG] success in schedule()
[DEBUG] schedule dfg node[0] onto fu[10] at cycle 4 within II: 95
[DEBUG] setDFGNode 0 onto CGRANode 10 at cycle: 4
[DEBUG] in allocateReg() t_cycle: 3; i: 0 CGRA node: 10; link: 2 duration 1
[DEBUG] done reg allocation
[DEBUG] occupy link[9]-->[10] (bypass:0) dfgNode: 52 at cycle 3
[DEBUG] skip predecessor routing -- dfgNode: 52
[DEBUG] in shareSameCycle is true: node 0
[DEBUG] tryToRoute -- srcDFGNode: 0, srcCGRANode: 10; dstDFGNode: 33, dstCGRANode: 5; backEdge: 1
[DEBUG] in shareSameCycle is true: node 33
[DEBUG] check route size: 3
[DEBUG] occupy link[10]-->[6] (bypass:1) dfgNode: 0 at cycle 4
[DEBUG] reset duration: 90 t_dstCycle: 0 previous: 5 II: 95
[DEBUG] in allocateReg() t_cycle: 5; i: 0 CGRA node: 5; link: 3 duration 90
[DEBUG] done reg allocation
[DEBUG] occupy link[6]-->[5] (bypass:0) dfgNode: 0 at cycle 5
[DEBUG] in shareSameCycle is true: node 0
[DEBUG] tryToRoute -- srcDFGNode: 0, srcCGRANode: 10; dstDFGNode: 51, dstCGRANode: 10; backEdge: 1
[DEBUG] in shareSameCycle is true: node 51
[DEBUG] check route size: 1
[DEBUG] allocate for local reg maintain... duration=93 last cycle: 4
[DEBUG] in allocateReg() t_cycle: 4; i: 1 CGRA node: 10; link: 4 duration 93
[DEBUG] done reg allocation
[DEBUG] success in schedule()
[DEBUG] schedule dfg node[1] onto fu[14] at cycle 5 within II: 95
[DEBUG] setDFGNode 1 onto CGRANode 14 at cycle: 5
[DEBUG] in allocateReg() t_cycle: 4; i: 0 CGRA node: 14; link: 1 duration 1
[DEBUG] done reg allocation
[DEBUG] occupy link[10]-->[14] (bypass:0) dfgNode: 0 at cycle 4
[DEBUG] skip predecessor routing -- dfgNode: 0
[DEBUG] success in schedule()
[DEBUG] schedule dfg node[4] onto fu[6] at cycle 5 within II: 95
[DEBUG] setDFGNode 4 onto CGRANode 6 at cycle: 5
[DEBUG] in allocateReg() t_cycle: 4; i: 0 CGRA node: 6; link: 0 duration 1
[DEBUG] done reg allocation
[DEBUG] occupy link[10]-->[6] (bypass:0) dfgNode: 0 at cycle 4
[DEBUG] skip predecessor routing -- dfgNode: 0
[DEBUG] success in schedule()
[DEBUG] schedule dfg node[8] onto fu[9] at cycle 5 within II: 95
[DEBUG] setDFGNode 8 onto CGRANode 9 at cycle: 5
[DEBUG] in allocateReg() t_cycle: 4; i: 0 CGRA node: 9; link: 3 duration 1
[DEBUG] done reg allocation
[DEBUG] occupy link[10]-->[9] (bypass:0) dfgNode: 0 at cycle 4
[DEBUG] skip predecessor routing -- dfgNode: 0
[DEBUG] success in schedule()
[DEBUG] schedule dfg node[16] onto fu[5] at cycle 6 within II: 95
[DEBUG] setDFGNode 16 onto CGRANode 5 at cycle: 6
[DEBUG] occupy link[10]-->[6] (bypass:1) dfgNode: 0 at cycle 4
[DEBUG] in allocateReg() t_cycle: 5; i: 1 CGRA node: 5; link: 3 duration 1
[DEBUG] done reg allocation
[DEBUG] occupy link[6]-->[5] (bypass:0) dfgNode: 0 at cycle 5
[DEBUG] skip predecessor routing -- dfgNode: 0
[DEBUG] success in schedule()
[DEBUG] schedule dfg node[24] onto fu[10] at cycle 5 within II: 95
[DEBUG] setDFGNode 24 onto CGRANode 10 at cycle: 5
[DEBUG] tryToRoute -- srcDFGNode: 0, srcCGRANode: 10; dstDFGNode: 24, dstCGRANode: 10; backEdge: 0
[DEBUG] check route size: 1
[DEBUG] allocate for local reg maintain... duration=1 last cycle: 4
[DEBUG] in allocateReg() t_cycle: 4; i: 0 CGRA node: 10; link: 4 duration 1
[DEBUG] done reg allocation
[DEBUG] success in schedule()
[DEBUG] schedule dfg node[32] onto fu[13] at cycle 6 within II: 95
[DEBUG] setDFGNode 32 onto CGRANode 13 at cycle: 6
[DEBUG] occupy link[10]-->[9] (bypass:1) dfgNode: 0 at cycle 4
[DEBUG] in allocateReg() t_cycle: 5; i: 0 CGRA node: 13; link: 1 duration 1
[DEBUG] done reg allocation
[DEBUG] occupy link[9]-->[13] (bypass:0) dfgNode: 0 at cycle 5
[DEBUG] skip predecessor routing -- dfgNode: 0
[DEBUG] success in schedule()
[DEBUG] schedule dfg node[42] onto fu[2] at cycle 6 within II: 95
[DEBUG] setDFGNode 42 onto CGRANode 2 at cycle: 6
[DEBUG] occupy link[10]-->[6] (bypass:1) dfgNode: 0 at cycle 4
[DEBUG] in allocateReg() t_cycle: 5; i: 0 CGRA node: 2; link: 0 duration 1
[DEBUG] done reg allocation
[DEBUG] occupy link[6]-->[2] (bypass:0) dfgNode: 0 at cycle 5
[DEBUG] skip predecessor routing -- dfgNode: 0
[DEBUG] tryToRoute -- srcDFGNode: 34, srcCGRANode: 6; dstDFGNode: 42, dstCGRANode: 2; backEdge: 0
[DEBUG] check route size: 2
[DEBUG] reset duration: 5 t_dstCycle: 6 previous: 1 II: 95
[DEBUG] in allocateReg() t_cycle: 1; i: 1 CGRA node: 2; link: 0 duration 5
[DEBUG] done reg allocation
[DEBUG] occupy link[6]-->[2] (bypass:0) dfgNode: 34 at cycle 1
[DEBUG] success in schedule()
[DEBUG] schedule dfg node[50] onto fu[1] at cycle 7 within II: 95
[DEBUG] setDFGNode 50 onto CGRANode 1 at cycle: 7
[DEBUG] occupy link[10]-->[6] (bypass:1) dfgNode: 0 at cycle 4
[DEBUG] occupy link[6]-->[2] (bypass:1) dfgNode: 0 at cycle 5
[DEBUG] in allocateReg() t_cycle: 6; i: 0 CGRA node: 1; link: 3 duration 1
[DEBUG] done reg allocation
[DEBUG] occupy link[2]-->[1] (bypass:0) dfgNode: 0 at cycle 6
[DEBUG] skip predecessor routing -- dfgNode: 0
[DEBUG] tryToRoute -- srcDFGNode: 34, srcCGRANode: 6; dstDFGNode: 50, dstCGRANode: 1; backEdge: 0
[DEBUG] in shareSameCycle is true: node 50
[DEBUG] cannot route due to II is violated for backward cycle
DEBUG target DFG node: 50 on fu: 1 failed, mapped pred DFG node: 34; return false
[DEBUG] fail1 in schedule() II: 95
[DEBUG] the failed path -- cycle: 7 CGRANode: 1
[DEBUG] the failed path -- cycle: 6 CGRANode: 2
[DEBUG] the failed path -- cycle: 5 CGRANode: 6
[DEBUG] the failed path -- cycle: 4 CGRANode: 10
----------------------------------------
[DEBUG] start heuristic algorithm with II=96
[DEBUG] schedule dfg node[33] onto fu[5] at cycle 0 within II: 96
[DEBUG] setDFGNode 33 onto CGRANode 5 at cycle: 0
[DEBUG] success in schedule()
[DEBUG] schedule dfg node[34] onto fu[6] at cycle 1 within II: 96
[DEBUG] setDFGNode 34 onto CGRANode 6 at cycle: 1
[DEBUG] in allocateReg() t_cycle: 0; i: 0 CGRA node: 6; link: 2 duration 1
[DEBUG] done reg allocation
[DEBUG] occupy link[5]-->[6] (bypass:0) dfgNode: 33 at cycle 0
[DEBUG] skip predecessor routing -- dfgNode: 33
[DEBUG] success in schedule()
[DEBUG] schedule dfg node[51] onto fu[10] at cycle 2 within II: 96
[DEBUG] setDFGNode 51 onto CGRANode 10 at cycle: 2
[DEBUG] in allocateReg() t_cycle: 1; i: 0 CGRA node: 10; link: 1 duration 1
[DEBUG] done reg allocation
[DEBUG] occupy link[6]-->[10] (bypass:0) dfgNode: 34 at cycle 1
[DEBUG] skip predecessor routing -- dfgNode: 34
[DEBUG] success in schedule()
[DEBUG] schedule dfg node[52] onto fu[9] at cycle 3 within II: 96
[DEBUG] setDFGNode 52 onto CGRANode 9 at cycle: 3
[DEBUG] in allocateReg() t_cycle: 2; i: 0 CGRA node: 9; link: 3 duration 1
[DEBUG] done reg allocation
[DEBUG] occupy link[10]-->[9] (bypass:0) dfgNode: 51 at cycle 2
[DEBUG] skip predecessor routing -- dfgNode: 51
[DEBUG] success in schedule()
[DEBUG] schedule dfg node[0] onto fu[10] at cycle 4 within II: 96
[DEBUG] setDFGNode 0 onto CGRANode 10 at cycle: 4
[DEBUG] in allocateReg() t_cycle: 3; i: 0 CGRA node: 10; link: 2 duration 1
[DEBUG] done reg allocation
[DEBUG] occupy link[9]-->[10] (bypass:0) dfgNode: 52 at cycle 3
[DEBUG] skip predecessor routing -- dfgNode: 52
[DEBUG] in shareSameCycle is true: node 0
[DEBUG] tryToRoute -- srcDFGNode: 0, srcCGRANode: 10; dstDFGNode: 33, dstCGRANode: 5; backEdge: 1
[DEBUG] in shareSameCycle is true: node 33
[DEBUG] check route size: 3
[DEBUG] occupy link[10]-->[6] (bypass:1) dfgNode: 0 at cycle 4
[DEBUG] reset duration: 91 t_dstCycle: 0 previous: 5 II: 96
[DEBUG] in allocateReg() t_cycle: 5; i: 0 CGRA node: 5; link: 3 duration 91
[DEBUG] done reg allocation
[DEBUG] occupy link[6]-->[5] (bypass:0) dfgNode: 0 at cycle 5
[DEBUG] in shareSameCycle is true: node 0
[DEBUG] tryToRoute -- srcDFGNode: 0, srcCGRANode: 10; dstDFGNode: 51, dstCGRANode: 10; backEdge: 1
[DEBUG] in shareSameCycle is true: node 51
[DEBUG] check route size: 1
[DEBUG] allocate for local reg maintain... duration=94 last cycle: 4
[DEBUG] in allocateReg() t_cycle: 4; i: 1 CGRA node: 10; link: 4 duration 94
[DEBUG] done reg allocation
[DEBUG] success in schedule()
[DEBUG] schedule dfg node[1] onto fu[14] at cycle 5 within II: 96
[DEBUG] setDFGNode 1 onto CGRANode 14 at cycle: 5
[DEBUG] in allocateReg() t_cycle: 4; i: 0 CGRA node: 14; link: 1 duration 1
[DEBUG] done reg allocation
[DEBUG] occupy link[10]-->[14] (bypass:0) dfgNode: 0 at cycle 4
[DEBUG] skip predecessor routing -- dfgNode: 0
[DEBUG] success in schedule()
[DEBUG] schedule dfg node[4] onto fu[6] at cycle 5 within II: 96
[DEBUG] setDFGNode 4 onto CGRANode 6 at cycle: 5
[DEBUG] in allocateReg() t_cycle: 4; i: 0 CGRA node: 6; link: 0 duration 1
[DEBUG] done reg allocation
[DEBUG] occupy link[10]-->[6] (bypass:0) dfgNode: 0 at cycle 4
[DEBUG] skip predecessor routing -- dfgNode: 0
[DEBUG] success in schedule()
[DEBUG] schedule dfg node[8] onto fu[9] at cycle 5 within II: 96
[DEBUG] setDFGNode 8 onto CGRANode 9 at cycle: 5
[DEBUG] in allocateReg() t_cycle: 4; i: 0 CGRA node: 9; link: 3 duration 1
[DEBUG] done reg allocation
[DEBUG] occupy link[10]-->[9] (bypass:0) dfgNode: 0 at cycle 4
[DEBUG] skip predecessor routing -- dfgNode: 0
[DEBUG] success in schedule()
[DEBUG] schedule dfg node[16] onto fu[5] at cycle 6 within II: 96
[DEBUG] setDFGNode 16 onto CGRANode 5 at cycle: 6
[DEBUG] occupy link[10]-->[6] (bypass:1) dfgNode: 0 at cycle 4
[DEBUG] in allocateReg() t_cycle: 5; i: 1 CGRA node: 5; link: 3 duration 1
[DEBUG] done reg allocation
[DEBUG] occupy link[6]-->[5] (bypass:0) dfgNode: 0 at cycle 5
[DEBUG] skip predecessor routing -- dfgNode: 0
[DEBUG] success in schedule()
[DEBUG] schedule dfg node[24] onto fu[10] at cycle 5 within II: 96
[DEBUG] setDFGNode 24 onto CGRANode 10 at cycle: 5
[DEBUG] tryToRoute -- srcDFGNode: 0, srcCGRANode: 10; dstDFGNode: 24, dstCGRANode: 10; backEdge: 0
[DEBUG] check route size: 1
[DEBUG] allocate for local reg maintain... duration=1 last cycle: 4
[DEBUG] in allocateReg() t_cycle: 4; i: 0 CGRA node: 10; link: 4 duration 1
[DEBUG] done reg allocation
[DEBUG] success in schedule()
[DEBUG] schedule dfg node[32] onto fu[13] at cycle 6 within II: 96
[DEBUG] setDFGNode 32 onto CGRANode 13 at cycle: 6
[DEBUG] occupy link[10]-->[9] (bypass:1) dfgNode: 0 at cycle 4
[DEBUG] in allocateReg() t_cycle: 5; i: 0 CGRA node: 13; link: 1 duration 1
[DEBUG] done reg allocation
[DEBUG] occupy link[9]-->[13] (bypass:0) dfgNode: 0 at cycle 5
[DEBUG] skip predecessor routing -- dfgNode: 0
[DEBUG] success in schedule()
[DEBUG] schedule dfg node[42] onto fu[2] at cycle 6 within II: 96
[DEBUG] setDFGNode 42 onto CGRANode 2 at cycle: 6
[DEBUG] occupy link[10]-->[6] (bypass:1) dfgNode: 0 at cycle 4
[DEBUG] in allocateReg() t_cycle: 5; i: 0 CGRA node: 2; link: 0 duration 1
[DEBUG] done reg allocation
[DEBUG] occupy link[6]-->[2] (bypass:0) dfgNode: 0 at cycle 5
[DEBUG] skip predecessor routing -- dfgNode: 0
[DEBUG] tryToRoute -- srcDFGNode: 34, srcCGRANode: 6; dstDFGNode: 42, dstCGRANode: 2; backEdge: 0
[DEBUG] check route size: 2
[DEBUG] reset duration: 5 t_dstCycle: 6 previous: 1 II: 96
[DEBUG] in allocateReg() t_cycle: 1; i: 1 CGRA node: 2; link: 0 duration 5
[DEBUG] done reg allocation
[DEBUG] occupy link[6]-->[2] (bypass:0) dfgNode: 34 at cycle 1
[DEBUG] success in schedule()
[DEBUG] schedule dfg node[50] onto fu[1] at cycle 7 within II: 96
[DEBUG] setDFGNode 50 onto CGRANode 1 at cycle: 7
[DEBUG] occupy link[10]-->[6] (bypass:1) dfgNode: 0 at cycle 4
[DEBUG] occupy link[6]-->[2] (bypass:1) dfgNode: 0 at cycle 5
[DEBUG] in allocateReg() t_cycle: 6; i: 0 CGRA node: 1; link: 3 duration 1
[DEBUG] done reg allocation
[DEBUG] occupy link[2]-->[1] (bypass:0) dfgNode: 0 at cycle 6
[DEBUG] skip predecessor routing -- dfgNode: 0
[DEBUG] tryToRoute -- srcDFGNode: 34, srcCGRANode: 6; dstDFGNode: 50, dstCGRANode: 1; backEdge: 0
[DEBUG] in shareSameCycle is true: node 50
[DEBUG] cannot route due to II is violated for backward cycle
DEBUG target DFG node: 50 on fu: 1 failed, mapped pred DFG node: 34; return false
[DEBUG] fail1 in schedule() II: 96
[DEBUG] the failed path -- cycle: 7 CGRANode: 1
[DEBUG] the failed path -- cycle: 6 CGRANode: 2
[DEBUG] the failed path -- cycle: 5 CGRANode: 6
[DEBUG] the failed path -- cycle: 4 CGRANode: 10
----------------------------------------
[DEBUG] start heuristic algorithm with II=97
[DEBUG] schedule dfg node[33] onto fu[5] at cycle 0 within II: 97
[DEBUG] setDFGNode 33 onto CGRANode 5 at cycle: 0
[DEBUG] success in schedule()
[DEBUG] schedule dfg node[34] onto fu[6] at cycle 1 within II: 97
[DEBUG] setDFGNode 34 onto CGRANode 6 at cycle: 1
[DEBUG] in allocateReg() t_cycle: 0; i: 0 CGRA node: 6; link: 2 duration 1
[DEBUG] done reg allocation
[DEBUG] occupy link[5]-->[6] (bypass:0) dfgNode: 33 at cycle 0
[DEBUG] skip predecessor routing -- dfgNode: 33
[DEBUG] success in schedule()
[DEBUG] schedule dfg node[51] onto fu[10] at cycle 2 within II: 97
[DEBUG] setDFGNode 51 onto CGRANode 10 at cycle: 2
[DEBUG] in allocateReg() t_cycle: 1; i: 0 CGRA node: 10; link: 1 duration 1
[DEBUG] done reg allocation
[DEBUG] occupy link[6]-->[10] (bypass:0) dfgNode: 34 at cycle 1
[DEBUG] skip predecessor routing -- dfgNode: 34
[DEBUG] success in schedule()
[DEBUG] schedule dfg node[52] onto fu[9] at cycle 3 within II: 97
[DEBUG] setDFGNode 52 onto CGRANode 9 at cycle: 3
[DEBUG] in allocateReg() t_cycle: 2; i: 0 CGRA node: 9; link: 3 duration 1
[DEBUG] done reg allocation
[DEBUG] occupy link[10]-->[9] (bypass:0) dfgNode: 51 at cycle 2
[DEBUG] skip predecessor routing -- dfgNode: 51
[DEBUG] success in schedule()
[DEBUG] schedule dfg node[0] onto fu[10] at cycle 4 within II: 97
[DEBUG] setDFGNode 0 onto CGRANode 10 at cycle: 4
[DEBUG] in allocateReg() t_cycle: 3; i: 0 CGRA node: 10; link: 2 duration 1
[DEBUG] done reg allocation
[DEBUG] occupy link[9]-->[10] (bypass:0) dfgNode: 52 at cycle 3
[DEBUG] skip predecessor routing -- dfgNode: 52
[DEBUG] in shareSameCycle is true: node 0
[DEBUG] tryToRoute -- srcDFGNode: 0, srcCGRANode: 10; dstDFGNode: 33, dstCGRANode: 5; backEdge: 1
[DEBUG] in shareSameCycle is true: node 33
[DEBUG] check route size: 3
[DEBUG] occupy link[10]-->[6] (bypass:1) dfgNode: 0 at cycle 4
[DEBUG] reset duration: 92 t_dstCycle: 0 previous: 5 II: 97
[DEBUG] in allocateReg() t_cycle: 5; i: 0 CGRA node: 5; link: 3 duration 92
[DEBUG] done reg allocation
[DEBUG] occupy link[6]-->[5] (bypass:0) dfgNode: 0 at cycle 5
[DEBUG] in shareSameCycle is true: node 0
[DEBUG] tryToRoute -- srcDFGNode: 0, srcCGRANode: 10; dstDFGNode: 51, dstCGRANode: 10; backEdge: 1
[DEBUG] in shareSameCycle is true: node 51
[DEBUG] check route size: 1
[DEBUG] allocate for local reg maintain... duration=95 last cycle: 4
[DEBUG] in allocateReg() t_cycle: 4; i: 1 CGRA node: 10; link: 4 duration 95
[DEBUG] done reg allocation
[DEBUG] success in schedule()
[DEBUG] schedule dfg node[1] onto fu[14] at cycle 5 within II: 97
[DEBUG] setDFGNode 1 onto CGRANode 14 at cycle: 5
[DEBUG] in allocateReg() t_cycle: 4; i: 0 CGRA node: 14; link: 1 duration 1
[DEBUG] done reg allocation
[DEBUG] occupy link[10]-->[14] (bypass:0) dfgNode: 0 at cycle 4
[DEBUG] skip predecessor routing -- dfgNode: 0
[DEBUG] success in schedule()
[DEBUG] schedule dfg node[4] onto fu[6] at cycle 5 within II: 97
[DEBUG] setDFGNode 4 onto CGRANode 6 at cycle: 5
[DEBUG] in allocateReg() t_cycle: 4; i: 0 CGRA node: 6; link: 0 duration 1
[DEBUG] done reg allocation
[DEBUG] occupy link[10]-->[6] (bypass:0) dfgNode: 0 at cycle 4
[DEBUG] skip predecessor routing -- dfgNode: 0
[DEBUG] success in schedule()
[DEBUG] schedule dfg node[8] onto fu[9] at cycle 5 within II: 97
[DEBUG] setDFGNode 8 onto CGRANode 9 at cycle: 5
[DEBUG] in allocateReg() t_cycle: 4; i: 0 CGRA node: 9; link: 3 duration 1
[DEBUG] done reg allocation
[DEBUG] occupy link[10]-->[9] (bypass:0) dfgNode: 0 at cycle 4
[DEBUG] skip predecessor routing -- dfgNode: 0
[DEBUG] success in schedule()
[DEBUG] schedule dfg node[16] onto fu[5] at cycle 6 within II: 97
[DEBUG] setDFGNode 16 onto CGRANode 5 at cycle: 6
[DEBUG] occupy link[10]-->[6] (bypass:1) dfgNode: 0 at cycle 4
[DEBUG] in allocateReg() t_cycle: 5; i: 1 CGRA node: 5; link: 3 duration 1
[DEBUG] done reg allocation
[DEBUG] occupy link[6]-->[5] (bypass:0) dfgNode: 0 at cycle 5
[DEBUG] skip predecessor routing -- dfgNode: 0
[DEBUG] success in schedule()
[DEBUG] schedule dfg node[24] onto fu[10] at cycle 5 within II: 97
[DEBUG] setDFGNode 24 onto CGRANode 10 at cycle: 5
[DEBUG] tryToRoute -- srcDFGNode: 0, srcCGRANode: 10; dstDFGNode: 24, dstCGRANode: 10; backEdge: 0
[DEBUG] check route size: 1
[DEBUG] allocate for local reg maintain... duration=1 last cycle: 4
[DEBUG] in allocateReg() t_cycle: 4; i: 0 CGRA node: 10; link: 4 duration 1
[DEBUG] done reg allocation
[DEBUG] success in schedule()
[DEBUG] schedule dfg node[32] onto fu[13] at cycle 6 within II: 97
[DEBUG] setDFGNode 32 onto CGRANode 13 at cycle: 6
[DEBUG] occupy link[10]-->[9] (bypass:1) dfgNode: 0 at cycle 4
[DEBUG] in allocateReg() t_cycle: 5; i: 0 CGRA node: 13; link: 1 duration 1
[DEBUG] done reg allocation
[DEBUG] occupy link[9]-->[13] (bypass:0) dfgNode: 0 at cycle 5
[DEBUG] skip predecessor routing -- dfgNode: 0
[DEBUG] success in schedule()
[DEBUG] schedule dfg node[42] onto fu[2] at cycle 6 within II: 97
[DEBUG] setDFGNode 42 onto CGRANode 2 at cycle: 6
[DEBUG] occupy link[10]-->[6] (bypass:1) dfgNode: 0 at cycle 4
[DEBUG] in allocateReg() t_cycle: 5; i: 0 CGRA node: 2; link: 0 duration 1
[DEBUG] done reg allocation
[DEBUG] occupy link[6]-->[2] (bypass:0) dfgNode: 0 at cycle 5
[DEBUG] skip predecessor routing -- dfgNode: 0
[DEBUG] tryToRoute -- srcDFGNode: 34, srcCGRANode: 6; dstDFGNode: 42, dstCGRANode: 2; backEdge: 0
[DEBUG] check route size: 2
[DEBUG] reset duration: 5 t_dstCycle: 6 previous: 1 II: 97
[DEBUG] in allocateReg() t_cycle: 1; i: 1 CGRA node: 2; link: 0 duration 5
[DEBUG] done reg allocation
[DEBUG] occupy link[6]-->[2] (bypass:0) dfgNode: 34 at cycle 1
[DEBUG] success in schedule()
[DEBUG] schedule dfg node[50] onto fu[1] at cycle 7 within II: 97
[DEBUG] setDFGNode 50 onto CGRANode 1 at cycle: 7
[DEBUG] occupy link[10]-->[6] (bypass:1) dfgNode: 0 at cycle 4
[DEBUG] occupy link[6]-->[2] (bypass:1) dfgNode: 0 at cycle 5
[DEBUG] in allocateReg() t_cycle: 6; i: 0 CGRA node: 1; link: 3 duration 1
[DEBUG] done reg allocation
[DEBUG] occupy link[2]-->[1] (bypass:0) dfgNode: 0 at cycle 6
[DEBUG] skip predecessor routing -- dfgNode: 0
[DEBUG] tryToRoute -- srcDFGNode: 34, srcCGRANode: 6; dstDFGNode: 50, dstCGRANode: 1; backEdge: 0
[DEBUG] in shareSameCycle is true: node 50
[DEBUG] cannot route due to II is violated for backward cycle
DEBUG target DFG node: 50 on fu: 1 failed, mapped pred DFG node: 34; return false
[DEBUG] fail1 in schedule() II: 97
[DEBUG] the failed path -- cycle: 7 CGRANode: 1
[DEBUG] the failed path -- cycle: 6 CGRANode: 2
[DEBUG] the failed path -- cycle: 5 CGRANode: 6
[DEBUG] the failed path -- cycle: 4 CGRANode: 10
----------------------------------------
[DEBUG] start heuristic algorithm with II=98
[DEBUG] schedule dfg node[33] onto fu[5] at cycle 0 within II: 98
[DEBUG] setDFGNode 33 onto CGRANode 5 at cycle: 0
[DEBUG] success in schedule()
[DEBUG] schedule dfg node[34] onto fu[6] at cycle 1 within II: 98
[DEBUG] setDFGNode 34 onto CGRANode 6 at cycle: 1
[DEBUG] in allocateReg() t_cycle: 0; i: 0 CGRA node: 6; link: 2 duration 1
[DEBUG] done reg allocation
[DEBUG] occupy link[5]-->[6] (bypass:0) dfgNode: 33 at cycle 0
[DEBUG] skip predecessor routing -- dfgNode: 33
[DEBUG] success in schedule()
[DEBUG] schedule dfg node[51] onto fu[10] at cycle 2 within II: 98
[DEBUG] setDFGNode 51 onto CGRANode 10 at cycle: 2
[DEBUG] in allocateReg() t_cycle: 1; i: 0 CGRA node: 10; link: 1 duration 1
[DEBUG] done reg allocation
[DEBUG] occupy link[6]-->[10] (bypass:0) dfgNode: 34 at cycle 1
[DEBUG] skip predecessor routing -- dfgNode: 34
[DEBUG] success in schedule()
[DEBUG] schedule dfg node[52] onto fu[9] at cycle 3 within II: 98
[DEBUG] setDFGNode 52 onto CGRANode 9 at cycle: 3
[DEBUG] in allocateReg() t_cycle: 2; i: 0 CGRA node: 9; link: 3 duration 1
[DEBUG] done reg allocation
[DEBUG] occupy link[10]-->[9] (bypass:0) dfgNode: 51 at cycle 2
[DEBUG] skip predecessor routing -- dfgNode: 51
[DEBUG] success in schedule()
[DEBUG] schedule dfg node[0] onto fu[10] at cycle 4 within II: 98
[DEBUG] setDFGNode 0 onto CGRANode 10 at cycle: 4
[DEBUG] in allocateReg() t_cycle: 3; i: 0 CGRA node: 10; link: 2 duration 1
[DEBUG] done reg allocation
[DEBUG] occupy link[9]-->[10] (bypass:0) dfgNode: 52 at cycle 3
[DEBUG] skip predecessor routing -- dfgNode: 52
[DEBUG] in shareSameCycle is true: node 0
[DEBUG] tryToRoute -- srcDFGNode: 0, srcCGRANode: 10; dstDFGNode: 33, dstCGRANode: 5; backEdge: 1
[DEBUG] in shareSameCycle is true: node 33
[DEBUG] check route size: 3
[DEBUG] occupy link[10]-->[6] (bypass:1) dfgNode: 0 at cycle 4
[DEBUG] reset duration: 93 t_dstCycle: 0 previous: 5 II: 98
[DEBUG] in allocateReg() t_cycle: 5; i: 0 CGRA node: 5; link: 3 duration 93
[DEBUG] done reg allocation
[DEBUG] occupy link[6]-->[5] (bypass:0) dfgNode: 0 at cycle 5
[DEBUG] in shareSameCycle is true: node 0
[DEBUG] tryToRoute -- srcDFGNode: 0, srcCGRANode: 10; dstDFGNode: 51, dstCGRANode: 10; backEdge: 1
[DEBUG] in shareSameCycle is true: node 51
[DEBUG] check route size: 1
[DEBUG] allocate for local reg maintain... duration=96 last cycle: 4
[DEBUG] in allocateReg() t_cycle: 4; i: 1 CGRA node: 10; link: 4 duration 96
[DEBUG] done reg allocation
[DEBUG] success in schedule()
[DEBUG] schedule dfg node[1] onto fu[14] at cycle 5 within II: 98
[DEBUG] setDFGNode 1 onto CGRANode 14 at cycle: 5
[DEBUG] in allocateReg() t_cycle: 4; i: 0 CGRA node: 14; link: 1 duration 1
[DEBUG] done reg allocation
[DEBUG] occupy link[10]-->[14] (bypass:0) dfgNode: 0 at cycle 4
[DEBUG] skip predecessor routing -- dfgNode: 0
[DEBUG] success in schedule()
[DEBUG] schedule dfg node[4] onto fu[6] at cycle 5 within II: 98
[DEBUG] setDFGNode 4 onto CGRANode 6 at cycle: 5
[DEBUG] in allocateReg() t_cycle: 4; i: 0 CGRA node: 6; link: 0 duration 1
[DEBUG] done reg allocation
[DEBUG] occupy link[10]-->[6] (bypass:0) dfgNode: 0 at cycle 4
[DEBUG] skip predecessor routing -- dfgNode: 0
[DEBUG] success in schedule()
[DEBUG] schedule dfg node[8] onto fu[9] at cycle 5 within II: 98
[DEBUG] setDFGNode 8 onto CGRANode 9 at cycle: 5
[DEBUG] in allocateReg() t_cycle: 4; i: 0 CGRA node: 9; link: 3 duration 1
[DEBUG] done reg allocation
[DEBUG] occupy link[10]-->[9] (bypass:0) dfgNode: 0 at cycle 4
[DEBUG] skip predecessor routing -- dfgNode: 0
[DEBUG] success in schedule()
[DEBUG] schedule dfg node[16] onto fu[5] at cycle 6 within II: 98
[DEBUG] setDFGNode 16 onto CGRANode 5 at cycle: 6
[DEBUG] occupy link[10]-->[6] (bypass:1) dfgNode: 0 at cycle 4
[DEBUG] in allocateReg() t_cycle: 5; i: 1 CGRA node: 5; link: 3 duration 1
[DEBUG] done reg allocation
[DEBUG] occupy link[6]-->[5] (bypass:0) dfgNode: 0 at cycle 5
[DEBUG] skip predecessor routing -- dfgNode: 0
[DEBUG] success in schedule()
[DEBUG] schedule dfg node[24] onto fu[10] at cycle 5 within II: 98
[DEBUG] setDFGNode 24 onto CGRANode 10 at cycle: 5
[DEBUG] tryToRoute -- srcDFGNode: 0, srcCGRANode: 10; dstDFGNode: 24, dstCGRANode: 10; backEdge: 0
[DEBUG] check route size: 1
[DEBUG] allocate for local reg maintain... duration=1 last cycle: 4
[DEBUG] in allocateReg() t_cycle: 4; i: 0 CGRA node: 10; link: 4 duration 1
[DEBUG] done reg allocation
[DEBUG] success in schedule()
[DEBUG] schedule dfg node[32] onto fu[13] at cycle 6 within II: 98
[DEBUG] setDFGNode 32 onto CGRANode 13 at cycle: 6
[DEBUG] occupy link[10]-->[9] (bypass:1) dfgNode: 0 at cycle 4
[DEBUG] in allocateReg() t_cycle: 5; i: 0 CGRA node: 13; link: 1 duration 1
[DEBUG] done reg allocation
[DEBUG] occupy link[9]-->[13] (bypass:0) dfgNode: 0 at cycle 5
[DEBUG] skip predecessor routing -- dfgNode: 0
[DEBUG] success in schedule()
[DEBUG] schedule dfg node[42] onto fu[2] at cycle 6 within II: 98
[DEBUG] setDFGNode 42 onto CGRANode 2 at cycle: 6
[DEBUG] occupy link[10]-->[6] (bypass:1) dfgNode: 0 at cycle 4
[DEBUG] in allocateReg() t_cycle: 5; i: 0 CGRA node: 2; link: 0 duration 1
[DEBUG] done reg allocation
[DEBUG] occupy link[6]-->[2] (bypass:0) dfgNode: 0 at cycle 5
[DEBUG] skip predecessor routing -- dfgNode: 0
[DEBUG] tryToRoute -- srcDFGNode: 34, srcCGRANode: 6; dstDFGNode: 42, dstCGRANode: 2; backEdge: 0
[DEBUG] check route size: 2
[DEBUG] reset duration: 5 t_dstCycle: 6 previous: 1 II: 98
[DEBUG] in allocateReg() t_cycle: 1; i: 1 CGRA node: 2; link: 0 duration 5
[DEBUG] done reg allocation
[DEBUG] occupy link[6]-->[2] (bypass:0) dfgNode: 34 at cycle 1
[DEBUG] success in schedule()
[DEBUG] schedule dfg node[50] onto fu[1] at cycle 7 within II: 98
[DEBUG] setDFGNode 50 onto CGRANode 1 at cycle: 7
[DEBUG] occupy link[10]-->[6] (bypass:1) dfgNode: 0 at cycle 4
[DEBUG] occupy link[6]-->[2] (bypass:1) dfgNode: 0 at cycle 5
[DEBUG] in allocateReg() t_cycle: 6; i: 0 CGRA node: 1; link: 3 duration 1
[DEBUG] done reg allocation
[DEBUG] occupy link[2]-->[1] (bypass:0) dfgNode: 0 at cycle 6
[DEBUG] skip predecessor routing -- dfgNode: 0
[DEBUG] tryToRoute -- srcDFGNode: 34, srcCGRANode: 6; dstDFGNode: 50, dstCGRANode: 1; backEdge: 0
[DEBUG] in shareSameCycle is true: node 50
[DEBUG] cannot route due to II is violated for backward cycle
DEBUG target DFG node: 50 on fu: 1 failed, mapped pred DFG node: 34; return false
[DEBUG] fail1 in schedule() II: 98
[DEBUG] the failed path -- cycle: 7 CGRANode: 1
[DEBUG] the failed path -- cycle: 6 CGRANode: 2
[DEBUG] the failed path -- cycle: 5 CGRANode: 6
[DEBUG] the failed path -- cycle: 4 CGRANode: 10
----------------------------------------
[DEBUG] start heuristic algorithm with II=99
[DEBUG] schedule dfg node[33] onto fu[5] at cycle 0 within II: 99
[DEBUG] setDFGNode 33 onto CGRANode 5 at cycle: 0
[DEBUG] success in schedule()
[DEBUG] schedule dfg node[34] onto fu[6] at cycle 1 within II: 99
[DEBUG] setDFGNode 34 onto CGRANode 6 at cycle: 1
[DEBUG] in allocateReg() t_cycle: 0; i: 0 CGRA node: 6; link: 2 duration 1
[DEBUG] done reg allocation
[DEBUG] occupy link[5]-->[6] (bypass:0) dfgNode: 33 at cycle 0
[DEBUG] skip predecessor routing -- dfgNode: 33
[DEBUG] success in schedule()
[DEBUG] schedule dfg node[51] onto fu[10] at cycle 2 within II: 99
[DEBUG] setDFGNode 51 onto CGRANode 10 at cycle: 2
[DEBUG] in allocateReg() t_cycle: 1; i: 0 CGRA node: 10; link: 1 duration 1
[DEBUG] done reg allocation
[DEBUG] occupy link[6]-->[10] (bypass:0) dfgNode: 34 at cycle 1
[DEBUG] skip predecessor routing -- dfgNode: 34
[DEBUG] success in schedule()
[DEBUG] schedule dfg node[52] onto fu[9] at cycle 3 within II: 99
[DEBUG] setDFGNode 52 onto CGRANode 9 at cycle: 3
[DEBUG] in allocateReg() t_cycle: 2; i: 0 CGRA node: 9; link: 3 duration 1
[DEBUG] done reg allocation
[DEBUG] occupy link[10]-->[9] (bypass:0) dfgNode: 51 at cycle 2
[DEBUG] skip predecessor routing -- dfgNode: 51
[DEBUG] success in schedule()
[DEBUG] schedule dfg node[0] onto fu[10] at cycle 4 within II: 99
[DEBUG] setDFGNode 0 onto CGRANode 10 at cycle: 4
[DEBUG] in allocateReg() t_cycle: 3; i: 0 CGRA node: 10; link: 2 duration 1
[DEBUG] done reg allocation
[DEBUG] occupy link[9]-->[10] (bypass:0) dfgNode: 52 at cycle 3
[DEBUG] skip predecessor routing -- dfgNode: 52
[DEBUG] in shareSameCycle is true: node 0
[DEBUG] tryToRoute -- srcDFGNode: 0, srcCGRANode: 10; dstDFGNode: 33, dstCGRANode: 5; backEdge: 1
[DEBUG] in shareSameCycle is true: node 33
[DEBUG] check route size: 3
[DEBUG] occupy link[10]-->[6] (bypass:1) dfgNode: 0 at cycle 4
[DEBUG] reset duration: 94 t_dstCycle: 0 previous: 5 II: 99
[DEBUG] in allocateReg() t_cycle: 5; i: 0 CGRA node: 5; link: 3 duration 94
[DEBUG] done reg allocation
[DEBUG] occupy link[6]-->[5] (bypass:0) dfgNode: 0 at cycle 5
[DEBUG] in shareSameCycle is true: node 0
[DEBUG] tryToRoute -- srcDFGNode: 0, srcCGRANode: 10; dstDFGNode: 51, dstCGRANode: 10; backEdge: 1
[DEBUG] in shareSameCycle is true: node 51
[DEBUG] check route size: 1
[DEBUG] allocate for local reg maintain... duration=97 last cycle: 4
[DEBUG] in allocateReg() t_cycle: 4; i: 1 CGRA node: 10; link: 4 duration 97
[DEBUG] done reg allocation
[DEBUG] success in schedule()
[DEBUG] schedule dfg node[1] onto fu[14] at cycle 5 within II: 99
[DEBUG] setDFGNode 1 onto CGRANode 14 at cycle: 5
[DEBUG] in allocateReg() t_cycle: 4; i: 0 CGRA node: 14; link: 1 duration 1
[DEBUG] done reg allocation
[DEBUG] occupy link[10]-->[14] (bypass:0) dfgNode: 0 at cycle 4
[DEBUG] skip predecessor routing -- dfgNode: 0
[DEBUG] success in schedule()
[DEBUG] schedule dfg node[4] onto fu[6] at cycle 5 within II: 99
[DEBUG] setDFGNode 4 onto CGRANode 6 at cycle: 5
[DEBUG] in allocateReg() t_cycle: 4; i: 0 CGRA node: 6; link: 0 duration 1
[DEBUG] done reg allocation
[DEBUG] occupy link[10]-->[6] (bypass:0) dfgNode: 0 at cycle 4
[DEBUG] skip predecessor routing -- dfgNode: 0
[DEBUG] success in schedule()
[DEBUG] schedule dfg node[8] onto fu[9] at cycle 5 within II: 99
[DEBUG] setDFGNode 8 onto CGRANode 9 at cycle: 5
[DEBUG] in allocateReg() t_cycle: 4; i: 0 CGRA node: 9; link: 3 duration 1
[DEBUG] done reg allocation
[DEBUG] occupy link[10]-->[9] (bypass:0) dfgNode: 0 at cycle 4
[DEBUG] skip predecessor routing -- dfgNode: 0
[DEBUG] success in schedule()
[DEBUG] schedule dfg node[16] onto fu[5] at cycle 6 within II: 99
[DEBUG] setDFGNode 16 onto CGRANode 5 at cycle: 6
[DEBUG] occupy link[10]-->[6] (bypass:1) dfgNode: 0 at cycle 4
[DEBUG] in allocateReg() t_cycle: 5; i: 1 CGRA node: 5; link: 3 duration 1
[DEBUG] done reg allocation
[DEBUG] occupy link[6]-->[5] (bypass:0) dfgNode: 0 at cycle 5
[DEBUG] skip predecessor routing -- dfgNode: 0
[DEBUG] success in schedule()
[DEBUG] schedule dfg node[24] onto fu[10] at cycle 5 within II: 99
[DEBUG] setDFGNode 24 onto CGRANode 10 at cycle: 5
[DEBUG] tryToRoute -- srcDFGNode: 0, srcCGRANode: 10; dstDFGNode: 24, dstCGRANode: 10; backEdge: 0
[DEBUG] check route size: 1
[DEBUG] allocate for local reg maintain... duration=1 last cycle: 4
[DEBUG] in allocateReg() t_cycle: 4; i: 0 CGRA node: 10; link: 4 duration 1
[DEBUG] done reg allocation
[DEBUG] success in schedule()
[DEBUG] schedule dfg node[32] onto fu[13] at cycle 6 within II: 99
[DEBUG] setDFGNode 32 onto CGRANode 13 at cycle: 6
[DEBUG] occupy link[10]-->[9] (bypass:1) dfgNode: 0 at cycle 4
[DEBUG] in allocateReg() t_cycle: 5; i: 0 CGRA node: 13; link: 1 duration 1
[DEBUG] done reg allocation
[DEBUG] occupy link[9]-->[13] (bypass:0) dfgNode: 0 at cycle 5
[DEBUG] skip predecessor routing -- dfgNode: 0
[DEBUG] success in schedule()
[DEBUG] schedule dfg node[42] onto fu[2] at cycle 6 within II: 99
[DEBUG] setDFGNode 42 onto CGRANode 2 at cycle: 6
[DEBUG] occupy link[10]-->[6] (bypass:1) dfgNode: 0 at cycle 4
[DEBUG] in allocateReg() t_cycle: 5; i: 0 CGRA node: 2; link: 0 duration 1
[DEBUG] done reg allocation
[DEBUG] occupy link[6]-->[2] (bypass:0) dfgNode: 0 at cycle 5
[DEBUG] skip predecessor routing -- dfgNode: 0
[DEBUG] tryToRoute -- srcDFGNode: 34, srcCGRANode: 6; dstDFGNode: 42, dstCGRANode: 2; backEdge: 0
[DEBUG] check route size: 2
[DEBUG] reset duration: 5 t_dstCycle: 6 previous: 1 II: 99
[DEBUG] in allocateReg() t_cycle: 1; i: 1 CGRA node: 2; link: 0 duration 5
[DEBUG] done reg allocation
[DEBUG] occupy link[6]-->[2] (bypass:0) dfgNode: 34 at cycle 1
[DEBUG] success in schedule()
[DEBUG] schedule dfg node[50] onto fu[1] at cycle 7 within II: 99
[DEBUG] setDFGNode 50 onto CGRANode 1 at cycle: 7
[DEBUG] occupy link[10]-->[6] (bypass:1) dfgNode: 0 at cycle 4
[DEBUG] occupy link[6]-->[2] (bypass:1) dfgNode: 0 at cycle 5
[DEBUG] in allocateReg() t_cycle: 6; i: 0 CGRA node: 1; link: 3 duration 1
[DEBUG] done reg allocation
[DEBUG] occupy link[2]-->[1] (bypass:0) dfgNode: 0 at cycle 6
[DEBUG] skip predecessor routing -- dfgNode: 0
[DEBUG] tryToRoute -- srcDFGNode: 34, srcCGRANode: 6; dstDFGNode: 50, dstCGRANode: 1; backEdge: 0
[DEBUG] in shareSameCycle is true: node 50
[DEBUG] cannot route due to II is violated for backward cycle
DEBUG target DFG node: 50 on fu: 1 failed, mapped pred DFG node: 34; return false
[DEBUG] fail1 in schedule() II: 99
[DEBUG] the failed path -- cycle: 7 CGRANode: 1
[DEBUG] the failed path -- cycle: 6 CGRANode: 2
[DEBUG] the failed path -- cycle: 5 CGRANode: 6
[DEBUG] the failed path -- cycle: 4 CGRANode: 10
----------------------------------------
[DEBUG] start heuristic algorithm with II=100
[DEBUG] schedule dfg node[33] onto fu[5] at cycle 0 within II: 100
[DEBUG] setDFGNode 33 onto CGRANode 5 at cycle: 0
[DEBUG] success in schedule()
[DEBUG] schedule dfg node[34] onto fu[6] at cycle 1 within II: 100
[DEBUG] setDFGNode 34 onto CGRANode 6 at cycle: 1
[DEBUG] in allocateReg() t_cycle: 0; i: 0 CGRA node: 6; link: 2 duration 1
[DEBUG] done reg allocation
[DEBUG] occupy link[5]-->[6] (bypass:0) dfgNode: 33 at cycle 0
[DEBUG] skip predecessor routing -- dfgNode: 33
[DEBUG] success in schedule()
[DEBUG] schedule dfg node[51] onto fu[10] at cycle 2 within II: 100
[DEBUG] setDFGNode 51 onto CGRANode 10 at cycle: 2
[DEBUG] in allocateReg() t_cycle: 1; i: 0 CGRA node: 10; link: 1 duration 1
[DEBUG] done reg allocation
[DEBUG] occupy link[6]-->[10] (bypass:0) dfgNode: 34 at cycle 1
[DEBUG] skip predecessor routing -- dfgNode: 34
[DEBUG] success in schedule()
[DEBUG] schedule dfg node[52] onto fu[9] at cycle 3 within II: 100
[DEBUG] setDFGNode 52 onto CGRANode 9 at cycle: 3
[DEBUG] in allocateReg() t_cycle: 2; i: 0 CGRA node: 9; link: 3 duration 1
[DEBUG] done reg allocation
[DEBUG] occupy link[10]-->[9] (bypass:0) dfgNode: 51 at cycle 2
[DEBUG] skip predecessor routing -- dfgNode: 51
[DEBUG] success in schedule()
[DEBUG] schedule dfg node[0] onto fu[10] at cycle 4 within II: 100
[DEBUG] setDFGNode 0 onto CGRANode 10 at cycle: 4
[DEBUG] in allocateReg() t_cycle: 3; i: 0 CGRA node: 10; link: 2 duration 1
[DEBUG] done reg allocation
[DEBUG] occupy link[9]-->[10] (bypass:0) dfgNode: 52 at cycle 3
[DEBUG] skip predecessor routing -- dfgNode: 52
[DEBUG] in shareSameCycle is true: node 0
[DEBUG] tryToRoute -- srcDFGNode: 0, srcCGRANode: 10; dstDFGNode: 33, dstCGRANode: 5; backEdge: 1
[DEBUG] in shareSameCycle is true: node 33
[DEBUG] check route size: 3
[DEBUG] occupy link[10]-->[6] (bypass:1) dfgNode: 0 at cycle 4
[DEBUG] reset duration: 95 t_dstCycle: 0 previous: 5 II: 100
[DEBUG] in allocateReg() t_cycle: 5; i: 0 CGRA node: 5; link: 3 duration 95
[DEBUG] done reg allocation
[DEBUG] occupy link[6]-->[5] (bypass:0) dfgNode: 0 at cycle 5
[DEBUG] in shareSameCycle is true: node 0
[DEBUG] tryToRoute -- srcDFGNode: 0, srcCGRANode: 10; dstDFGNode: 51, dstCGRANode: 10; backEdge: 1
[DEBUG] in shareSameCycle is true: node 51
[DEBUG] check route size: 1
[DEBUG] allocate for local reg maintain... duration=98 last cycle: 4
[DEBUG] in allocateReg() t_cycle: 4; i: 1 CGRA node: 10; link: 4 duration 98
[DEBUG] done reg allocation
[DEBUG] success in schedule()
[DEBUG] schedule dfg node[1] onto fu[14] at cycle 5 within II: 100
[DEBUG] setDFGNode 1 onto CGRANode 14 at cycle: 5
[DEBUG] in allocateReg() t_cycle: 4; i: 0 CGRA node: 14; link: 1 duration 1
[DEBUG] done reg allocation
[DEBUG] occupy link[10]-->[14] (bypass:0) dfgNode: 0 at cycle 4
[DEBUG] skip predecessor routing -- dfgNode: 0
[DEBUG] success in schedule()
[DEBUG] schedule dfg node[4] onto fu[6] at cycle 5 within II: 100
[DEBUG] setDFGNode 4 onto CGRANode 6 at cycle: 5
[DEBUG] in allocateReg() t_cycle: 4; i: 0 CGRA node: 6; link: 0 duration 1
[DEBUG] done reg allocation
[DEBUG] occupy link[10]-->[6] (bypass:0) dfgNode: 0 at cycle 4
[DEBUG] skip predecessor routing -- dfgNode: 0
[DEBUG] success in schedule()
[DEBUG] schedule dfg node[8] onto fu[9] at cycle 5 within II: 100
[DEBUG] setDFGNode 8 onto CGRANode 9 at cycle: 5
[DEBUG] in allocateReg() t_cycle: 4; i: 0 CGRA node: 9; link: 3 duration 1
[DEBUG] done reg allocation
[DEBUG] occupy link[10]-->[9] (bypass:0) dfgNode: 0 at cycle 4
[DEBUG] skip predecessor routing -- dfgNode: 0
[DEBUG] success in schedule()
[DEBUG] schedule dfg node[16] onto fu[5] at cycle 6 within II: 100
[DEBUG] setDFGNode 16 onto CGRANode 5 at cycle: 6
[DEBUG] occupy link[10]-->[6] (bypass:1) dfgNode: 0 at cycle 4
[DEBUG] in allocateReg() t_cycle: 5; i: 1 CGRA node: 5; link: 3 duration 1
[DEBUG] done reg allocation
[DEBUG] occupy link[6]-->[5] (bypass:0) dfgNode: 0 at cycle 5
[DEBUG] skip predecessor routing -- dfgNode: 0
[DEBUG] success in schedule()
[DEBUG] schedule dfg node[24] onto fu[10] at cycle 5 within II: 100
[DEBUG] setDFGNode 24 onto CGRANode 10 at cycle: 5
[DEBUG] tryToRoute -- srcDFGNode: 0, srcCGRANode: 10; dstDFGNode: 24, dstCGRANode: 10; backEdge: 0
[DEBUG] check route size: 1
[DEBUG] allocate for local reg maintain... duration=1 last cycle: 4
[DEBUG] in allocateReg() t_cycle: 4; i: 0 CGRA node: 10; link: 4 duration 1
[DEBUG] done reg allocation
[DEBUG] success in schedule()
[DEBUG] schedule dfg node[32] onto fu[13] at cycle 6 within II: 100
[DEBUG] setDFGNode 32 onto CGRANode 13 at cycle: 6
[DEBUG] occupy link[10]-->[9] (bypass:1) dfgNode: 0 at cycle 4
[DEBUG] in allocateReg() t_cycle: 5; i: 0 CGRA node: 13; link: 1 duration 1
[DEBUG] done reg allocation
[DEBUG] occupy link[9]-->[13] (bypass:0) dfgNode: 0 at cycle 5
[DEBUG] skip predecessor routing -- dfgNode: 0
[DEBUG] success in schedule()
[DEBUG] schedule dfg node[42] onto fu[2] at cycle 6 within II: 100
[DEBUG] setDFGNode 42 onto CGRANode 2 at cycle: 6
[DEBUG] occupy link[10]-->[6] (bypass:1) dfgNode: 0 at cycle 4
[DEBUG] in allocateReg() t_cycle: 5; i: 0 CGRA node: 2; link: 0 duration 1
[DEBUG] done reg allocation
[DEBUG] occupy link[6]-->[2] (bypass:0) dfgNode: 0 at cycle 5
[DEBUG] skip predecessor routing -- dfgNode: 0
[DEBUG] tryToRoute -- srcDFGNode: 34, srcCGRANode: 6; dstDFGNode: 42, dstCGRANode: 2; backEdge: 0
[DEBUG] check route size: 2
[DEBUG] reset duration: 5 t_dstCycle: 6 previous: 1 II: 100
[DEBUG] in allocateReg() t_cycle: 1; i: 1 CGRA node: 2; link: 0 duration 5
[DEBUG] done reg allocation
[DEBUG] occupy link[6]-->[2] (bypass:0) dfgNode: 34 at cycle 1
[DEBUG] success in schedule()
[DEBUG] schedule dfg node[50] onto fu[1] at cycle 7 within II: 100
[DEBUG] setDFGNode 50 onto CGRANode 1 at cycle: 7
[DEBUG] occupy link[10]-->[6] (bypass:1) dfgNode: 0 at cycle 4
[DEBUG] occupy link[6]-->[2] (bypass:1) dfgNode: 0 at cycle 5
[DEBUG] in allocateReg() t_cycle: 6; i: 0 CGRA node: 1; link: 3 duration 1
[DEBUG] done reg allocation
[DEBUG] occupy link[2]-->[1] (bypass:0) dfgNode: 0 at cycle 6
[DEBUG] skip predecessor routing -- dfgNode: 0
[DEBUG] tryToRoute -- srcDFGNode: 34, srcCGRANode: 6; dstDFGNode: 50, dstCGRANode: 1; backEdge: 0
[DEBUG] in shareSameCycle is true: node 50
[DEBUG] cannot route due to II is violated for backward cycle
DEBUG target DFG node: 50 on fu: 1 failed, mapped pred DFG node: 34; return false
[DEBUG] fail1 in schedule() II: 100
[DEBUG] the failed path -- cycle: 7 CGRANode: 1
[DEBUG] the failed path -- cycle: 6 CGRANode: 2
[DEBUG] the failed path -- cycle: 5 CGRANode: 6
[DEBUG] the failed path -- cycle: 4 CGRANode: 10
----------------------------------------
[DEBUG] start heuristic algorithm with II=101
[DEBUG] schedule dfg node[33] onto fu[5] at cycle 0 within II: 101
[DEBUG] setDFGNode 33 onto CGRANode 5 at cycle: 0
[DEBUG] success in schedule()
[DEBUG] schedule dfg node[34] onto fu[6] at cycle 1 within II: 101
[DEBUG] setDFGNode 34 onto CGRANode 6 at cycle: 1
[DEBUG] in allocateReg() t_cycle: 0; i: 0 CGRA node: 6; link: 2 duration 1
[DEBUG] done reg allocation
[DEBUG] occupy link[5]-->[6] (bypass:0) dfgNode: 33 at cycle 0
[DEBUG] skip predecessor routing -- dfgNode: 33
[DEBUG] success in schedule()
[DEBUG] schedule dfg node[51] onto fu[10] at cycle 2 within II: 101
[DEBUG] setDFGNode 51 onto CGRANode 10 at cycle: 2
[DEBUG] in allocateReg() t_cycle: 1; i: 0 CGRA node: 10; link: 1 duration 1
[DEBUG] done reg allocation
[DEBUG] occupy link[6]-->[10] (bypass:0) dfgNode: 34 at cycle 1
[DEBUG] skip predecessor routing -- dfgNode: 34
[DEBUG] success in schedule()
[DEBUG] schedule dfg node[52] onto fu[9] at cycle 3 within II: 101
[DEBUG] setDFGNode 52 onto CGRANode 9 at cycle: 3
[DEBUG] in allocateReg() t_cycle: 2; i: 0 CGRA node: 9; link: 3 duration 1
[DEBUG] done reg allocation
[DEBUG] occupy link[10]-->[9] (bypass:0) dfgNode: 51 at cycle 2
[DEBUG] skip predecessor routing -- dfgNode: 51
[DEBUG] success in schedule()
[DEBUG] schedule dfg node[0] onto fu[10] at cycle 4 within II: 101
[DEBUG] setDFGNode 0 onto CGRANode 10 at cycle: 4
[DEBUG] in allocateReg() t_cycle: 3; i: 0 CGRA node: 10; link: 2 duration 1
[DEBUG] done reg allocation
[DEBUG] occupy link[9]-->[10] (bypass:0) dfgNode: 52 at cycle 3
[DEBUG] skip predecessor routing -- dfgNode: 52
[DEBUG] in shareSameCycle is true: node 0
[DEBUG] tryToRoute -- srcDFGNode: 0, srcCGRANode: 10; dstDFGNode: 33, dstCGRANode: 5; backEdge: 1
[DEBUG] in shareSameCycle is true: node 33
[DEBUG] check route size: 3
[DEBUG] occupy link[10]-->[6] (bypass:1) dfgNode: 0 at cycle 4
[DEBUG] reset duration: 96 t_dstCycle: 0 previous: 5 II: 101
[DEBUG] in allocateReg() t_cycle: 5; i: 0 CGRA node: 5; link: 3 duration 96
[DEBUG] done reg allocation
[DEBUG] occupy link[6]-->[5] (bypass:0) dfgNode: 0 at cycle 5
[DEBUG] in shareSameCycle is true: node 0
[DEBUG] tryToRoute -- srcDFGNode: 0, srcCGRANode: 10; dstDFGNode: 51, dstCGRANode: 10; backEdge: 1
[DEBUG] in shareSameCycle is true: node 51
[DEBUG] check route size: 1
[DEBUG] allocate for local reg maintain... duration=99 last cycle: 4
[DEBUG] in allocateReg() t_cycle: 4; i: 1 CGRA node: 10; link: 4 duration 99
[DEBUG] done reg allocation
[DEBUG] success in schedule()
[DEBUG] schedule dfg node[1] onto fu[14] at cycle 5 within II: 101
[DEBUG] setDFGNode 1 onto CGRANode 14 at cycle: 5
[DEBUG] in allocateReg() t_cycle: 4; i: 0 CGRA node: 14; link: 1 duration 1
[DEBUG] done reg allocation
[DEBUG] occupy link[10]-->[14] (bypass:0) dfgNode: 0 at cycle 4
[DEBUG] skip predecessor routing -- dfgNode: 0
[DEBUG] success in schedule()
[DEBUG] schedule dfg node[4] onto fu[6] at cycle 5 within II: 101
[DEBUG] setDFGNode 4 onto CGRANode 6 at cycle: 5
[DEBUG] in allocateReg() t_cycle: 4; i: 0 CGRA node: 6; link: 0 duration 1
[DEBUG] done reg allocation
[DEBUG] occupy link[10]-->[6] (bypass:0) dfgNode: 0 at cycle 4
[DEBUG] skip predecessor routing -- dfgNode: 0
[DEBUG] success in schedule()
[DEBUG] schedule dfg node[8] onto fu[9] at cycle 5 within II: 101
[DEBUG] setDFGNode 8 onto CGRANode 9 at cycle: 5
[DEBUG] in allocateReg() t_cycle: 4; i: 0 CGRA node: 9; link: 3 duration 1
[DEBUG] done reg allocation
[DEBUG] occupy link[10]-->[9] (bypass:0) dfgNode: 0 at cycle 4
[DEBUG] skip predecessor routing -- dfgNode: 0
[DEBUG] success in schedule()
[DEBUG] schedule dfg node[16] onto fu[5] at cycle 6 within II: 101
[DEBUG] setDFGNode 16 onto CGRANode 5 at cycle: 6
[DEBUG] occupy link[10]-->[6] (bypass:1) dfgNode: 0 at cycle 4
[DEBUG] in allocateReg() t_cycle: 5; i: 1 CGRA node: 5; link: 3 duration 1
[DEBUG] done reg allocation
[DEBUG] occupy link[6]-->[5] (bypass:0) dfgNode: 0 at cycle 5
[DEBUG] skip predecessor routing -- dfgNode: 0
[DEBUG] success in schedule()
[DEBUG] schedule dfg node[24] onto fu[10] at cycle 5 within II: 101
[DEBUG] setDFGNode 24 onto CGRANode 10 at cycle: 5
[DEBUG] tryToRoute -- srcDFGNode: 0, srcCGRANode: 10; dstDFGNode: 24, dstCGRANode: 10; backEdge: 0
[DEBUG] check route size: 1
[DEBUG] allocate for local reg maintain... duration=1 last cycle: 4
[DEBUG] in allocateReg() t_cycle: 4; i: 0 CGRA node: 10; link: 4 duration 1
[DEBUG] done reg allocation
[DEBUG] success in schedule()
[DEBUG] schedule dfg node[32] onto fu[13] at cycle 6 within II: 101
[DEBUG] setDFGNode 32 onto CGRANode 13 at cycle: 6
[DEBUG] occupy link[10]-->[9] (bypass:1) dfgNode: 0 at cycle 4
[DEBUG] in allocateReg() t_cycle: 5; i: 0 CGRA node: 13; link: 1 duration 1
[DEBUG] done reg allocation
[DEBUG] occupy link[9]-->[13] (bypass:0) dfgNode: 0 at cycle 5
[DEBUG] skip predecessor routing -- dfgNode: 0
[DEBUG] success in schedule()
[DEBUG] schedule dfg node[42] onto fu[2] at cycle 6 within II: 101
[DEBUG] setDFGNode 42 onto CGRANode 2 at cycle: 6
[DEBUG] occupy link[10]-->[6] (bypass:1) dfgNode: 0 at cycle 4
[DEBUG] in allocateReg() t_cycle: 5; i: 0 CGRA node: 2; link: 0 duration 1
[DEBUG] done reg allocation
[DEBUG] occupy link[6]-->[2] (bypass:0) dfgNode: 0 at cycle 5
[DEBUG] skip predecessor routing -- dfgNode: 0
[DEBUG] tryToRoute -- srcDFGNode: 34, srcCGRANode: 6; dstDFGNode: 42, dstCGRANode: 2; backEdge: 0
[DEBUG] check route size: 2
[DEBUG] reset duration: 5 t_dstCycle: 6 previous: 1 II: 101
[DEBUG] in allocateReg() t_cycle: 1; i: 1 CGRA node: 2; link: 0 duration 5
[DEBUG] done reg allocation
[DEBUG] occupy link[6]-->[2] (bypass:0) dfgNode: 34 at cycle 1
[DEBUG] success in schedule()
[DEBUG] schedule dfg node[50] onto fu[1] at cycle 7 within II: 101
[DEBUG] setDFGNode 50 onto CGRANode 1 at cycle: 7
[DEBUG] occupy link[10]-->[6] (bypass:1) dfgNode: 0 at cycle 4
[DEBUG] occupy link[6]-->[2] (bypass:1) dfgNode: 0 at cycle 5
[DEBUG] in allocateReg() t_cycle: 6; i: 0 CGRA node: 1; link: 3 duration 1
[DEBUG] done reg allocation
[DEBUG] occupy link[2]-->[1] (bypass:0) dfgNode: 0 at cycle 6
[DEBUG] skip predecessor routing -- dfgNode: 0
[DEBUG] tryToRoute -- srcDFGNode: 34, srcCGRANode: 6; dstDFGNode: 50, dstCGRANode: 1; backEdge: 0
[DEBUG] in shareSameCycle is true: node 50
[DEBUG] cannot route due to II is violated for backward cycle
DEBUG target DFG node: 50 on fu: 1 failed, mapped pred DFG node: 34; return false
[DEBUG] fail1 in schedule() II: 101
[DEBUG] the failed path -- cycle: 7 CGRANode: 1
[DEBUG] the failed path -- cycle: 6 CGRANode: 2
[DEBUG] the failed path -- cycle: 5 CGRANode: 6
[DEBUG] the failed path -- cycle: 4 CGRANode: 10
----------------------------------------
[DEBUG] start heuristic algorithm with II=102
[DEBUG] schedule dfg node[33] onto fu[5] at cycle 0 within II: 102
[DEBUG] setDFGNode 33 onto CGRANode 5 at cycle: 0
[DEBUG] success in schedule()
[DEBUG] schedule dfg node[34] onto fu[6] at cycle 1 within II: 102
[DEBUG] setDFGNode 34 onto CGRANode 6 at cycle: 1
[DEBUG] in allocateReg() t_cycle: 0; i: 0 CGRA node: 6; link: 2 duration 1
[DEBUG] done reg allocation
[DEBUG] occupy link[5]-->[6] (bypass:0) dfgNode: 33 at cycle 0
[DEBUG] skip predecessor routing -- dfgNode: 33
[DEBUG] success in schedule()
[DEBUG] schedule dfg node[51] onto fu[10] at cycle 2 within II: 102
[DEBUG] setDFGNode 51 onto CGRANode 10 at cycle: 2
[DEBUG] in allocateReg() t_cycle: 1; i: 0 CGRA node: 10; link: 1 duration 1
[DEBUG] done reg allocation
[DEBUG] occupy link[6]-->[10] (bypass:0) dfgNode: 34 at cycle 1
[DEBUG] skip predecessor routing -- dfgNode: 34
[DEBUG] success in schedule()
[DEBUG] schedule dfg node[52] onto fu[9] at cycle 3 within II: 102
[DEBUG] setDFGNode 52 onto CGRANode 9 at cycle: 3
[DEBUG] in allocateReg() t_cycle: 2; i: 0 CGRA node: 9; link: 3 duration 1
[DEBUG] done reg allocation
[DEBUG] occupy link[10]-->[9] (bypass:0) dfgNode: 51 at cycle 2
[DEBUG] skip predecessor routing -- dfgNode: 51
[DEBUG] success in schedule()
[DEBUG] schedule dfg node[0] onto fu[10] at cycle 4 within II: 102
[DEBUG] setDFGNode 0 onto CGRANode 10 at cycle: 4
[DEBUG] in allocateReg() t_cycle: 3; i: 0 CGRA node: 10; link: 2 duration 1
[DEBUG] done reg allocation
[DEBUG] occupy link[9]-->[10] (bypass:0) dfgNode: 52 at cycle 3
[DEBUG] skip predecessor routing -- dfgNode: 52
[DEBUG] in shareSameCycle is true: node 0
[DEBUG] tryToRoute -- srcDFGNode: 0, srcCGRANode: 10; dstDFGNode: 33, dstCGRANode: 5; backEdge: 1
[DEBUG] in shareSameCycle is true: node 33
[DEBUG] check route size: 3
[DEBUG] occupy link[10]-->[6] (bypass:1) dfgNode: 0 at cycle 4
[DEBUG] reset duration: 97 t_dstCycle: 0 previous: 5 II: 102
[DEBUG] in allocateReg() t_cycle: 5; i: 0 CGRA node: 5; link: 3 duration 97
[DEBUG] done reg allocation
[DEBUG] occupy link[6]-->[5] (bypass:0) dfgNode: 0 at cycle 5
[DEBUG] in shareSameCycle is true: node 0
[DEBUG] tryToRoute -- srcDFGNode: 0, srcCGRANode: 10; dstDFGNode: 51, dstCGRANode: 10; backEdge: 1
[DEBUG] in shareSameCycle is true: node 51
[DEBUG] check route size: 1
[DEBUG] allocate for local reg maintain... duration=100 last cycle: 4
[DEBUG] in allocateReg() t_cycle: 4; i: 1 CGRA node: 10; link: 4 duration 100
[DEBUG] done reg allocation
[DEBUG] success in schedule()
[DEBUG] schedule dfg node[1] onto fu[14] at cycle 5 within II: 102
[DEBUG] setDFGNode 1 onto CGRANode 14 at cycle: 5
[DEBUG] in allocateReg() t_cycle: 4; i: 0 CGRA node: 14; link: 1 duration 1
[DEBUG] done reg allocation
[DEBUG] occupy link[10]-->[14] (bypass:0) dfgNode: 0 at cycle 4
[DEBUG] skip predecessor routing -- dfgNode: 0
[DEBUG] success in schedule()
[DEBUG] schedule dfg node[4] onto fu[6] at cycle 5 within II: 102
[DEBUG] setDFGNode 4 onto CGRANode 6 at cycle: 5
[DEBUG] in allocateReg() t_cycle: 4; i: 0 CGRA node: 6; link: 0 duration 1
[DEBUG] done reg allocation
[DEBUG] occupy link[10]-->[6] (bypass:0) dfgNode: 0 at cycle 4
[DEBUG] skip predecessor routing -- dfgNode: 0
[DEBUG] success in schedule()
[DEBUG] schedule dfg node[8] onto fu[9] at cycle 5 within II: 102
[DEBUG] setDFGNode 8 onto CGRANode 9 at cycle: 5
[DEBUG] in allocateReg() t_cycle: 4; i: 0 CGRA node: 9; link: 3 duration 1
[DEBUG] done reg allocation
[DEBUG] occupy link[10]-->[9] (bypass:0) dfgNode: 0 at cycle 4
[DEBUG] skip predecessor routing -- dfgNode: 0
[DEBUG] success in schedule()
[DEBUG] schedule dfg node[16] onto fu[5] at cycle 6 within II: 102
[DEBUG] setDFGNode 16 onto CGRANode 5 at cycle: 6
[DEBUG] occupy link[10]-->[6] (bypass:1) dfgNode: 0 at cycle 4
[DEBUG] in allocateReg() t_cycle: 5; i: 1 CGRA node: 5; link: 3 duration 1
[DEBUG] done reg allocation
[DEBUG] occupy link[6]-->[5] (bypass:0) dfgNode: 0 at cycle 5
[DEBUG] skip predecessor routing -- dfgNode: 0
[DEBUG] success in schedule()
[DEBUG] schedule dfg node[24] onto fu[10] at cycle 5 within II: 102
[DEBUG] setDFGNode 24 onto CGRANode 10 at cycle: 5
[DEBUG] tryToRoute -- srcDFGNode: 0, srcCGRANode: 10; dstDFGNode: 24, dstCGRANode: 10; backEdge: 0
[DEBUG] check route size: 1
[DEBUG] allocate for local reg maintain... duration=1 last cycle: 4
[DEBUG] in allocateReg() t_cycle: 4; i: 0 CGRA node: 10; link: 4 duration 1
[DEBUG] done reg allocation
[DEBUG] success in schedule()
[DEBUG] schedule dfg node[32] onto fu[13] at cycle 6 within II: 102
[DEBUG] setDFGNode 32 onto CGRANode 13 at cycle: 6
[DEBUG] occupy link[10]-->[9] (bypass:1) dfgNode: 0 at cycle 4
[DEBUG] in allocateReg() t_cycle: 5; i: 0 CGRA node: 13; link: 1 duration 1
[DEBUG] done reg allocation
[DEBUG] occupy link[9]-->[13] (bypass:0) dfgNode: 0 at cycle 5
[DEBUG] skip predecessor routing -- dfgNode: 0
[DEBUG] success in schedule()
[DEBUG] schedule dfg node[42] onto fu[2] at cycle 6 within II: 102
[DEBUG] setDFGNode 42 onto CGRANode 2 at cycle: 6
[DEBUG] occupy link[10]-->[6] (bypass:1) dfgNode: 0 at cycle 4
[DEBUG] in allocateReg() t_cycle: 5; i: 0 CGRA node: 2; link: 0 duration 1
[DEBUG] done reg allocation
[DEBUG] occupy link[6]-->[2] (bypass:0) dfgNode: 0 at cycle 5
[DEBUG] skip predecessor routing -- dfgNode: 0
[DEBUG] tryToRoute -- srcDFGNode: 34, srcCGRANode: 6; dstDFGNode: 42, dstCGRANode: 2; backEdge: 0
[DEBUG] check route size: 2
[DEBUG] reset duration: 5 t_dstCycle: 6 previous: 1 II: 102
[DEBUG] in allocateReg() t_cycle: 1; i: 1 CGRA node: 2; link: 0 duration 5
[DEBUG] done reg allocation
[DEBUG] occupy link[6]-->[2] (bypass:0) dfgNode: 34 at cycle 1
[DEBUG] success in schedule()
[DEBUG] schedule dfg node[50] onto fu[1] at cycle 7 within II: 102
[DEBUG] setDFGNode 50 onto CGRANode 1 at cycle: 7
[DEBUG] occupy link[10]-->[6] (bypass:1) dfgNode: 0 at cycle 4
[DEBUG] occupy link[6]-->[2] (bypass:1) dfgNode: 0 at cycle 5
[DEBUG] in allocateReg() t_cycle: 6; i: 0 CGRA node: 1; link: 3 duration 1
[DEBUG] done reg allocation
[DEBUG] occupy link[2]-->[1] (bypass:0) dfgNode: 0 at cycle 6
[DEBUG] skip predecessor routing -- dfgNode: 0
[DEBUG] tryToRoute -- srcDFGNode: 34, srcCGRANode: 6; dstDFGNode: 50, dstCGRANode: 1; backEdge: 0
[DEBUG] in shareSameCycle is true: node 50
[DEBUG] cannot route due to II is violated for backward cycle
DEBUG target DFG node: 50 on fu: 1 failed, mapped pred DFG node: 34; return false
[DEBUG] fail1 in schedule() II: 102
[DEBUG] the failed path -- cycle: 7 CGRANode: 1
[DEBUG] the failed path -- cycle: 6 CGRANode: 2
[DEBUG] the failed path -- cycle: 5 CGRANode: 6
[DEBUG] the failed path -- cycle: 4 CGRANode: 10
----------------------------------------
[DEBUG] start heuristic algorithm with II=103
[DEBUG] schedule dfg node[33] onto fu[5] at cycle 0 within II: 103
[DEBUG] setDFGNode 33 onto CGRANode 5 at cycle: 0
[DEBUG] success in schedule()
[DEBUG] schedule dfg node[34] onto fu[6] at cycle 1 within II: 103
[DEBUG] setDFGNode 34 onto CGRANode 6 at cycle: 1
[DEBUG] in allocateReg() t_cycle: 0; i: 0 CGRA node: 6; link: 2 duration 1
[DEBUG] done reg allocation
[DEBUG] occupy link[5]-->[6] (bypass:0) dfgNode: 33 at cycle 0
[DEBUG] skip predecessor routing -- dfgNode: 33
[DEBUG] success in schedule()
[DEBUG] schedule dfg node[51] onto fu[10] at cycle 2 within II: 103
[DEBUG] setDFGNode 51 onto CGRANode 10 at cycle: 2
[DEBUG] in allocateReg() t_cycle: 1; i: 0 CGRA node: 10; link: 1 duration 1
[DEBUG] done reg allocation
[DEBUG] occupy link[6]-->[10] (bypass:0) dfgNode: 34 at cycle 1
[DEBUG] skip predecessor routing -- dfgNode: 34
[DEBUG] success in schedule()
[DEBUG] schedule dfg node[52] onto fu[9] at cycle 3 within II: 103
[DEBUG] setDFGNode 52 onto CGRANode 9 at cycle: 3
[DEBUG] in allocateReg() t_cycle: 2; i: 0 CGRA node: 9; link: 3 duration 1
[DEBUG] done reg allocation
[DEBUG] occupy link[10]-->[9] (bypass:0) dfgNode: 51 at cycle 2
[DEBUG] skip predecessor routing -- dfgNode: 51
[DEBUG] success in schedule()
[DEBUG] schedule dfg node[0] onto fu[10] at cycle 4 within II: 103
[DEBUG] setDFGNode 0 onto CGRANode 10 at cycle: 4
[DEBUG] in allocateReg() t_cycle: 3; i: 0 CGRA node: 10; link: 2 duration 1
[DEBUG] done reg allocation
[DEBUG] occupy link[9]-->[10] (bypass:0) dfgNode: 52 at cycle 3
[DEBUG] skip predecessor routing -- dfgNode: 52
[DEBUG] in shareSameCycle is true: node 0
[DEBUG] tryToRoute -- srcDFGNode: 0, srcCGRANode: 10; dstDFGNode: 33, dstCGRANode: 5; backEdge: 1
[DEBUG] in shareSameCycle is true: node 33
[DEBUG] check route size: 3
[DEBUG] occupy link[10]-->[6] (bypass:1) dfgNode: 0 at cycle 4
[DEBUG] reset duration: 98 t_dstCycle: 0 previous: 5 II: 103
[DEBUG] in allocateReg() t_cycle: 5; i: 0 CGRA node: 5; link: 3 duration 98
[DEBUG] done reg allocation
[DEBUG] occupy link[6]-->[5] (bypass:0) dfgNode: 0 at cycle 5
[DEBUG] in shareSameCycle is true: node 0
[DEBUG] tryToRoute -- srcDFGNode: 0, srcCGRANode: 10; dstDFGNode: 51, dstCGRANode: 10; backEdge: 1
[DEBUG] in shareSameCycle is true: node 51
[DEBUG] check route size: 1
[DEBUG] allocate for local reg maintain... duration=101 last cycle: 4
[DEBUG] in allocateReg() t_cycle: 4; i: 1 CGRA node: 10; link: 4 duration 101
[DEBUG] done reg allocation
[DEBUG] success in schedule()
[DEBUG] schedule dfg node[1] onto fu[14] at cycle 5 within II: 103
[DEBUG] setDFGNode 1 onto CGRANode 14 at cycle: 5
[DEBUG] in allocateReg() t_cycle: 4; i: 0 CGRA node: 14; link: 1 duration 1
[DEBUG] done reg allocation
[DEBUG] occupy link[10]-->[14] (bypass:0) dfgNode: 0 at cycle 4
[DEBUG] skip predecessor routing -- dfgNode: 0
[DEBUG] success in schedule()
[DEBUG] schedule dfg node[4] onto fu[6] at cycle 5 within II: 103
[DEBUG] setDFGNode 4 onto CGRANode 6 at cycle: 5
[DEBUG] in allocateReg() t_cycle: 4; i: 0 CGRA node: 6; link: 0 duration 1
[DEBUG] done reg allocation
[DEBUG] occupy link[10]-->[6] (bypass:0) dfgNode: 0 at cycle 4
[DEBUG] skip predecessor routing -- dfgNode: 0
[DEBUG] success in schedule()
[DEBUG] schedule dfg node[8] onto fu[9] at cycle 5 within II: 103
[DEBUG] setDFGNode 8 onto CGRANode 9 at cycle: 5
[DEBUG] in allocateReg() t_cycle: 4; i: 0 CGRA node: 9; link: 3 duration 1
[DEBUG] done reg allocation
[DEBUG] occupy link[10]-->[9] (bypass:0) dfgNode: 0 at cycle 4
[DEBUG] skip predecessor routing -- dfgNode: 0
[DEBUG] success in schedule()
[DEBUG] schedule dfg node[16] onto fu[5] at cycle 6 within II: 103
[DEBUG] setDFGNode 16 onto CGRANode 5 at cycle: 6
[DEBUG] occupy link[10]-->[6] (bypass:1) dfgNode: 0 at cycle 4
[DEBUG] in allocateReg() t_cycle: 5; i: 1 CGRA node: 5; link: 3 duration 1
[DEBUG] done reg allocation
[DEBUG] occupy link[6]-->[5] (bypass:0) dfgNode: 0 at cycle 5
[DEBUG] skip predecessor routing -- dfgNode: 0
[DEBUG] success in schedule()
[DEBUG] schedule dfg node[24] onto fu[10] at cycle 5 within II: 103
[DEBUG] setDFGNode 24 onto CGRANode 10 at cycle: 5
[DEBUG] tryToRoute -- srcDFGNode: 0, srcCGRANode: 10; dstDFGNode: 24, dstCGRANode: 10; backEdge: 0
[DEBUG] check route size: 1
[DEBUG] allocate for local reg maintain... duration=1 last cycle: 4
[DEBUG] in allocateReg() t_cycle: 4; i: 0 CGRA node: 10; link: 4 duration 1
[DEBUG] done reg allocation
[DEBUG] success in schedule()
[DEBUG] schedule dfg node[32] onto fu[13] at cycle 6 within II: 103
[DEBUG] setDFGNode 32 onto CGRANode 13 at cycle: 6
[DEBUG] occupy link[10]-->[9] (bypass:1) dfgNode: 0 at cycle 4
[DEBUG] in allocateReg() t_cycle: 5; i: 0 CGRA node: 13; link: 1 duration 1
[DEBUG] done reg allocation
[DEBUG] occupy link[9]-->[13] (bypass:0) dfgNode: 0 at cycle 5
[DEBUG] skip predecessor routing -- dfgNode: 0
[DEBUG] success in schedule()
[DEBUG] schedule dfg node[42] onto fu[2] at cycle 6 within II: 103
[DEBUG] setDFGNode 42 onto CGRANode 2 at cycle: 6
[DEBUG] occupy link[10]-->[6] (bypass:1) dfgNode: 0 at cycle 4
[DEBUG] in allocateReg() t_cycle: 5; i: 0 CGRA node: 2; link: 0 duration 1
[DEBUG] done reg allocation
[DEBUG] occupy link[6]-->[2] (bypass:0) dfgNode: 0 at cycle 5
[DEBUG] skip predecessor routing -- dfgNode: 0
[DEBUG] tryToRoute -- srcDFGNode: 34, srcCGRANode: 6; dstDFGNode: 42, dstCGRANode: 2; backEdge: 0
[DEBUG] check route size: 2
[DEBUG] reset duration: 5 t_dstCycle: 6 previous: 1 II: 103
[DEBUG] in allocateReg() t_cycle: 1; i: 1 CGRA node: 2; link: 0 duration 5
[DEBUG] done reg allocation
[DEBUG] occupy link[6]-->[2] (bypass:0) dfgNode: 34 at cycle 1
[DEBUG] success in schedule()
[DEBUG] schedule dfg node[50] onto fu[1] at cycle 7 within II: 103
[DEBUG] setDFGNode 50 onto CGRANode 1 at cycle: 7
[DEBUG] occupy link[10]-->[6] (bypass:1) dfgNode: 0 at cycle 4
[DEBUG] occupy link[6]-->[2] (bypass:1) dfgNode: 0 at cycle 5
[DEBUG] in allocateReg() t_cycle: 6; i: 0 CGRA node: 1; link: 3 duration 1
[DEBUG] done reg allocation
[DEBUG] occupy link[2]-->[1] (bypass:0) dfgNode: 0 at cycle 6
[DEBUG] skip predecessor routing -- dfgNode: 0
[DEBUG] tryToRoute -- srcDFGNode: 34, srcCGRANode: 6; dstDFGNode: 50, dstCGRANode: 1; backEdge: 0
[DEBUG] in shareSameCycle is true: node 50
[DEBUG] cannot route due to II is violated for backward cycle
DEBUG target DFG node: 50 on fu: 1 failed, mapped pred DFG node: 34; return false
[DEBUG] fail1 in schedule() II: 103
[DEBUG] the failed path -- cycle: 7 CGRANode: 1
[DEBUG] the failed path -- cycle: 6 CGRANode: 2
[DEBUG] the failed path -- cycle: 5 CGRANode: 6
[DEBUG] the failed path -- cycle: 4 CGRANode: 10
----------------------------------------
[DEBUG] start heuristic algorithm with II=104
[DEBUG] schedule dfg node[33] onto fu[5] at cycle 0 within II: 104
[DEBUG] setDFGNode 33 onto CGRANode 5 at cycle: 0
[DEBUG] success in schedule()
[DEBUG] schedule dfg node[34] onto fu[6] at cycle 1 within II: 104
[DEBUG] setDFGNode 34 onto CGRANode 6 at cycle: 1
[DEBUG] in allocateReg() t_cycle: 0; i: 0 CGRA node: 6; link: 2 duration 1
[DEBUG] done reg allocation
[DEBUG] occupy link[5]-->[6] (bypass:0) dfgNode: 33 at cycle 0
[DEBUG] skip predecessor routing -- dfgNode: 33
[DEBUG] success in schedule()
[DEBUG] schedule dfg node[51] onto fu[10] at cycle 2 within II: 104
[DEBUG] setDFGNode 51 onto CGRANode 10 at cycle: 2
[DEBUG] in allocateReg() t_cycle: 1; i: 0 CGRA node: 10; link: 1 duration 1
[DEBUG] done reg allocation
[DEBUG] occupy link[6]-->[10] (bypass:0) dfgNode: 34 at cycle 1
[DEBUG] skip predecessor routing -- dfgNode: 34
[DEBUG] success in schedule()
[DEBUG] schedule dfg node[52] onto fu[9] at cycle 3 within II: 104
[DEBUG] setDFGNode 52 onto CGRANode 9 at cycle: 3
[DEBUG] in allocateReg() t_cycle: 2; i: 0 CGRA node: 9; link: 3 duration 1
[DEBUG] done reg allocation
[DEBUG] occupy link[10]-->[9] (bypass:0) dfgNode: 51 at cycle 2
[DEBUG] skip predecessor routing -- dfgNode: 51
[DEBUG] success in schedule()
[DEBUG] schedule dfg node[0] onto fu[10] at cycle 4 within II: 104
[DEBUG] setDFGNode 0 onto CGRANode 10 at cycle: 4
[DEBUG] in allocateReg() t_cycle: 3; i: 0 CGRA node: 10; link: 2 duration 1
[DEBUG] done reg allocation
[DEBUG] occupy link[9]-->[10] (bypass:0) dfgNode: 52 at cycle 3
[DEBUG] skip predecessor routing -- dfgNode: 52
[DEBUG] in shareSameCycle is true: node 0
[DEBUG] tryToRoute -- srcDFGNode: 0, srcCGRANode: 10; dstDFGNode: 33, dstCGRANode: 5; backEdge: 1
[DEBUG] in shareSameCycle is true: node 33
[DEBUG] check route size: 3
[DEBUG] occupy link[10]-->[6] (bypass:1) dfgNode: 0 at cycle 4
[DEBUG] reset duration: 99 t_dstCycle: 0 previous: 5 II: 104
[DEBUG] in allocateReg() t_cycle: 5; i: 0 CGRA node: 5; link: 3 duration 99
[DEBUG] done reg allocation
[DEBUG] occupy link[6]-->[5] (bypass:0) dfgNode: 0 at cycle 5
[DEBUG] in shareSameCycle is true: node 0
[DEBUG] tryToRoute -- srcDFGNode: 0, srcCGRANode: 10; dstDFGNode: 51, dstCGRANode: 10; backEdge: 1
[DEBUG] in shareSameCycle is true: node 51
[DEBUG] check route size: 1
[DEBUG] allocate for local reg maintain... duration=102 last cycle: 4
[DEBUG] in allocateReg() t_cycle: 4; i: 1 CGRA node: 10; link: 4 duration 102
[DEBUG] done reg allocation
[DEBUG] success in schedule()
[DEBUG] schedule dfg node[1] onto fu[14] at cycle 5 within II: 104
[DEBUG] setDFGNode 1 onto CGRANode 14 at cycle: 5
[DEBUG] in allocateReg() t_cycle: 4; i: 0 CGRA node: 14; link: 1 duration 1
[DEBUG] done reg allocation
[DEBUG] occupy link[10]-->[14] (bypass:0) dfgNode: 0 at cycle 4
[DEBUG] skip predecessor routing -- dfgNode: 0
[DEBUG] success in schedule()
[DEBUG] schedule dfg node[4] onto fu[6] at cycle 5 within II: 104
[DEBUG] setDFGNode 4 onto CGRANode 6 at cycle: 5
[DEBUG] in allocateReg() t_cycle: 4; i: 0 CGRA node: 6; link: 0 duration 1
[DEBUG] done reg allocation
[DEBUG] occupy link[10]-->[6] (bypass:0) dfgNode: 0 at cycle 4
[DEBUG] skip predecessor routing -- dfgNode: 0
[DEBUG] success in schedule()
[DEBUG] schedule dfg node[8] onto fu[9] at cycle 5 within II: 104
[DEBUG] setDFGNode 8 onto CGRANode 9 at cycle: 5
[DEBUG] in allocateReg() t_cycle: 4; i: 0 CGRA node: 9; link: 3 duration 1
[DEBUG] done reg allocation
[DEBUG] occupy link[10]-->[9] (bypass:0) dfgNode: 0 at cycle 4
[DEBUG] skip predecessor routing -- dfgNode: 0
[DEBUG] success in schedule()
[DEBUG] schedule dfg node[16] onto fu[5] at cycle 6 within II: 104
[DEBUG] setDFGNode 16 onto CGRANode 5 at cycle: 6
[DEBUG] occupy link[10]-->[6] (bypass:1) dfgNode: 0 at cycle 4
[DEBUG] in allocateReg() t_cycle: 5; i: 1 CGRA node: 5; link: 3 duration 1
[DEBUG] done reg allocation
[DEBUG] occupy link[6]-->[5] (bypass:0) dfgNode: 0 at cycle 5
[DEBUG] skip predecessor routing -- dfgNode: 0
[DEBUG] success in schedule()
[DEBUG] schedule dfg node[24] onto fu[10] at cycle 5 within II: 104
[DEBUG] setDFGNode 24 onto CGRANode 10 at cycle: 5
[DEBUG] tryToRoute -- srcDFGNode: 0, srcCGRANode: 10; dstDFGNode: 24, dstCGRANode: 10; backEdge: 0
[DEBUG] check route size: 1
[DEBUG] allocate for local reg maintain... duration=1 last cycle: 4
[DEBUG] in allocateReg() t_cycle: 4; i: 0 CGRA node: 10; link: 4 duration 1
[DEBUG] done reg allocation
[DEBUG] success in schedule()
[DEBUG] schedule dfg node[32] onto fu[13] at cycle 6 within II: 104
[DEBUG] setDFGNode 32 onto CGRANode 13 at cycle: 6
[DEBUG] occupy link[10]-->[9] (bypass:1) dfgNode: 0 at cycle 4
[DEBUG] in allocateReg() t_cycle: 5; i: 0 CGRA node: 13; link: 1 duration 1
[DEBUG] done reg allocation
[DEBUG] occupy link[9]-->[13] (bypass:0) dfgNode: 0 at cycle 5
[DEBUG] skip predecessor routing -- dfgNode: 0
[DEBUG] success in schedule()
[DEBUG] schedule dfg node[42] onto fu[2] at cycle 6 within II: 104
[DEBUG] setDFGNode 42 onto CGRANode 2 at cycle: 6
[DEBUG] occupy link[10]-->[6] (bypass:1) dfgNode: 0 at cycle 4
[DEBUG] in allocateReg() t_cycle: 5; i: 0 CGRA node: 2; link: 0 duration 1
[DEBUG] done reg allocation
[DEBUG] occupy link[6]-->[2] (bypass:0) dfgNode: 0 at cycle 5
[DEBUG] skip predecessor routing -- dfgNode: 0
[DEBUG] tryToRoute -- srcDFGNode: 34, srcCGRANode: 6; dstDFGNode: 42, dstCGRANode: 2; backEdge: 0
[DEBUG] check route size: 2
[DEBUG] reset duration: 5 t_dstCycle: 6 previous: 1 II: 104
[DEBUG] in allocateReg() t_cycle: 1; i: 1 CGRA node: 2; link: 0 duration 5
[DEBUG] done reg allocation
[DEBUG] occupy link[6]-->[2] (bypass:0) dfgNode: 34 at cycle 1
[DEBUG] success in schedule()
[DEBUG] schedule dfg node[50] onto fu[1] at cycle 7 within II: 104
[DEBUG] setDFGNode 50 onto CGRANode 1 at cycle: 7
[DEBUG] occupy link[10]-->[6] (bypass:1) dfgNode: 0 at cycle 4
[DEBUG] occupy link[6]-->[2] (bypass:1) dfgNode: 0 at cycle 5
[DEBUG] in allocateReg() t_cycle: 6; i: 0 CGRA node: 1; link: 3 duration 1
[DEBUG] done reg allocation
[DEBUG] occupy link[2]-->[1] (bypass:0) dfgNode: 0 at cycle 6
[DEBUG] skip predecessor routing -- dfgNode: 0
[DEBUG] tryToRoute -- srcDFGNode: 34, srcCGRANode: 6; dstDFGNode: 50, dstCGRANode: 1; backEdge: 0
[DEBUG] in shareSameCycle is true: node 50
[DEBUG] cannot route due to II is violated for backward cycle
DEBUG target DFG node: 50 on fu: 1 failed, mapped pred DFG node: 34; return false
[DEBUG] fail1 in schedule() II: 104
[DEBUG] the failed path -- cycle: 7 CGRANode: 1
[DEBUG] the failed path -- cycle: 6 CGRANode: 2
[DEBUG] the failed path -- cycle: 5 CGRANode: 6
[DEBUG] the failed path -- cycle: 4 CGRANode: 10
----------------------------------------
[DEBUG] start heuristic algorithm with II=105
[DEBUG] schedule dfg node[33] onto fu[5] at cycle 0 within II: 105
[DEBUG] setDFGNode 33 onto CGRANode 5 at cycle: 0
[DEBUG] success in schedule()
[DEBUG] schedule dfg node[34] onto fu[6] at cycle 1 within II: 105
[DEBUG] setDFGNode 34 onto CGRANode 6 at cycle: 1
[DEBUG] in allocateReg() t_cycle: 0; i: 0 CGRA node: 6; link: 2 duration 1
[DEBUG] done reg allocation
[DEBUG] occupy link[5]-->[6] (bypass:0) dfgNode: 33 at cycle 0
[DEBUG] skip predecessor routing -- dfgNode: 33
[DEBUG] success in schedule()
[DEBUG] schedule dfg node[51] onto fu[10] at cycle 2 within II: 105
[DEBUG] setDFGNode 51 onto CGRANode 10 at cycle: 2
[DEBUG] in allocateReg() t_cycle: 1; i: 0 CGRA node: 10; link: 1 duration 1
[DEBUG] done reg allocation
[DEBUG] occupy link[6]-->[10] (bypass:0) dfgNode: 34 at cycle 1
[DEBUG] skip predecessor routing -- dfgNode: 34
[DEBUG] success in schedule()
[DEBUG] schedule dfg node[52] onto fu[9] at cycle 3 within II: 105
[DEBUG] setDFGNode 52 onto CGRANode 9 at cycle: 3
[DEBUG] in allocateReg() t_cycle: 2; i: 0 CGRA node: 9; link: 3 duration 1
[DEBUG] done reg allocation
[DEBUG] occupy link[10]-->[9] (bypass:0) dfgNode: 51 at cycle 2
[DEBUG] skip predecessor routing -- dfgNode: 51
[DEBUG] success in schedule()
[DEBUG] schedule dfg node[0] onto fu[10] at cycle 4 within II: 105
[DEBUG] setDFGNode 0 onto CGRANode 10 at cycle: 4
[DEBUG] in allocateReg() t_cycle: 3; i: 0 CGRA node: 10; link: 2 duration 1
[DEBUG] done reg allocation
[DEBUG] occupy link[9]-->[10] (bypass:0) dfgNode: 52 at cycle 3
[DEBUG] skip predecessor routing -- dfgNode: 52
[DEBUG] in shareSameCycle is true: node 0
[DEBUG] tryToRoute -- srcDFGNode: 0, srcCGRANode: 10; dstDFGNode: 33, dstCGRANode: 5; backEdge: 1
[DEBUG] in shareSameCycle is true: node 33
[DEBUG] check route size: 3
[DEBUG] occupy link[10]-->[6] (bypass:1) dfgNode: 0 at cycle 4
[DEBUG] reset duration: 100 t_dstCycle: 0 previous: 5 II: 105
[DEBUG] in allocateReg() t_cycle: 5; i: 0 CGRA node: 5; link: 3 duration 100
[DEBUG] done reg allocation
[DEBUG] occupy link[6]-->[5] (bypass:0) dfgNode: 0 at cycle 5
[DEBUG] in shareSameCycle is true: node 0
[DEBUG] tryToRoute -- srcDFGNode: 0, srcCGRANode: 10; dstDFGNode: 51, dstCGRANode: 10; backEdge: 1
[DEBUG] in shareSameCycle is true: node 51
[DEBUG] check route size: 1
[DEBUG] allocate for local reg maintain... duration=103 last cycle: 4
[DEBUG] in allocateReg() t_cycle: 4; i: 1 CGRA node: 10; link: 4 duration 103
[DEBUG] done reg allocation
[DEBUG] success in schedule()
[DEBUG] schedule dfg node[1] onto fu[14] at cycle 5 within II: 105
[DEBUG] setDFGNode 1 onto CGRANode 14 at cycle: 5
[DEBUG] in allocateReg() t_cycle: 4; i: 0 CGRA node: 14; link: 1 duration 1
[DEBUG] done reg allocation
[DEBUG] occupy link[10]-->[14] (bypass:0) dfgNode: 0 at cycle 4
[DEBUG] skip predecessor routing -- dfgNode: 0
[DEBUG] success in schedule()
[DEBUG] schedule dfg node[4] onto fu[6] at cycle 5 within II: 105
[DEBUG] setDFGNode 4 onto CGRANode 6 at cycle: 5
[DEBUG] in allocateReg() t_cycle: 4; i: 0 CGRA node: 6; link: 0 duration 1
[DEBUG] done reg allocation
[DEBUG] occupy link[10]-->[6] (bypass:0) dfgNode: 0 at cycle 4
[DEBUG] skip predecessor routing -- dfgNode: 0
[DEBUG] success in schedule()
[DEBUG] schedule dfg node[8] onto fu[9] at cycle 5 within II: 105
[DEBUG] setDFGNode 8 onto CGRANode 9 at cycle: 5
[DEBUG] in allocateReg() t_cycle: 4; i: 0 CGRA node: 9; link: 3 duration 1
[DEBUG] done reg allocation
[DEBUG] occupy link[10]-->[9] (bypass:0) dfgNode: 0 at cycle 4
[DEBUG] skip predecessor routing -- dfgNode: 0
[DEBUG] success in schedule()
[DEBUG] schedule dfg node[16] onto fu[5] at cycle 6 within II: 105
[DEBUG] setDFGNode 16 onto CGRANode 5 at cycle: 6
[DEBUG] occupy link[10]-->[6] (bypass:1) dfgNode: 0 at cycle 4
[DEBUG] in allocateReg() t_cycle: 5; i: 1 CGRA node: 5; link: 3 duration 1
[DEBUG] done reg allocation
[DEBUG] occupy link[6]-->[5] (bypass:0) dfgNode: 0 at cycle 5
[DEBUG] skip predecessor routing -- dfgNode: 0
[DEBUG] success in schedule()
[DEBUG] schedule dfg node[24] onto fu[10] at cycle 5 within II: 105
[DEBUG] setDFGNode 24 onto CGRANode 10 at cycle: 5
[DEBUG] tryToRoute -- srcDFGNode: 0, srcCGRANode: 10; dstDFGNode: 24, dstCGRANode: 10; backEdge: 0
[DEBUG] check route size: 1
[DEBUG] allocate for local reg maintain... duration=1 last cycle: 4
[DEBUG] in allocateReg() t_cycle: 4; i: 0 CGRA node: 10; link: 4 duration 1
[DEBUG] done reg allocation
[DEBUG] success in schedule()
[DEBUG] schedule dfg node[32] onto fu[13] at cycle 6 within II: 105
[DEBUG] setDFGNode 32 onto CGRANode 13 at cycle: 6
[DEBUG] occupy link[10]-->[9] (bypass:1) dfgNode: 0 at cycle 4
[DEBUG] in allocateReg() t_cycle: 5; i: 0 CGRA node: 13; link: 1 duration 1
[DEBUG] done reg allocation
[DEBUG] occupy link[9]-->[13] (bypass:0) dfgNode: 0 at cycle 5
[DEBUG] skip predecessor routing -- dfgNode: 0
[DEBUG] success in schedule()
[DEBUG] schedule dfg node[42] onto fu[2] at cycle 6 within II: 105
[DEBUG] setDFGNode 42 onto CGRANode 2 at cycle: 6
[DEBUG] occupy link[10]-->[6] (bypass:1) dfgNode: 0 at cycle 4
[DEBUG] in allocateReg() t_cycle: 5; i: 0 CGRA node: 2; link: 0 duration 1
[DEBUG] done reg allocation
[DEBUG] occupy link[6]-->[2] (bypass:0) dfgNode: 0 at cycle 5
[DEBUG] skip predecessor routing -- dfgNode: 0
[DEBUG] tryToRoute -- srcDFGNode: 34, srcCGRANode: 6; dstDFGNode: 42, dstCGRANode: 2; backEdge: 0
[DEBUG] check route size: 2
[DEBUG] reset duration: 5 t_dstCycle: 6 previous: 1 II: 105
[DEBUG] in allocateReg() t_cycle: 1; i: 1 CGRA node: 2; link: 0 duration 5
[DEBUG] done reg allocation
[DEBUG] occupy link[6]-->[2] (bypass:0) dfgNode: 34 at cycle 1
[DEBUG] success in schedule()
[DEBUG] schedule dfg node[50] onto fu[1] at cycle 7 within II: 105
[DEBUG] setDFGNode 50 onto CGRANode 1 at cycle: 7
[DEBUG] occupy link[10]-->[6] (bypass:1) dfgNode: 0 at cycle 4
[DEBUG] occupy link[6]-->[2] (bypass:1) dfgNode: 0 at cycle 5
[DEBUG] in allocateReg() t_cycle: 6; i: 0 CGRA node: 1; link: 3 duration 1
[DEBUG] done reg allocation
[DEBUG] occupy link[2]-->[1] (bypass:0) dfgNode: 0 at cycle 6
[DEBUG] skip predecessor routing -- dfgNode: 0
[DEBUG] tryToRoute -- srcDFGNode: 34, srcCGRANode: 6; dstDFGNode: 50, dstCGRANode: 1; backEdge: 0
[DEBUG] in shareSameCycle is true: node 50
[DEBUG] cannot route due to II is violated for backward cycle
DEBUG target DFG node: 50 on fu: 1 failed, mapped pred DFG node: 34; return false
[DEBUG] fail1 in schedule() II: 105
[DEBUG] the failed path -- cycle: 7 CGRANode: 1
[DEBUG] the failed path -- cycle: 6 CGRANode: 2
[DEBUG] the failed path -- cycle: 5 CGRANode: 6
[DEBUG] the failed path -- cycle: 4 CGRANode: 10
----------------------------------------
[DEBUG] start heuristic algorithm with II=106
[DEBUG] schedule dfg node[33] onto fu[5] at cycle 0 within II: 106
[DEBUG] setDFGNode 33 onto CGRANode 5 at cycle: 0
[DEBUG] success in schedule()
[DEBUG] schedule dfg node[34] onto fu[6] at cycle 1 within II: 106
[DEBUG] setDFGNode 34 onto CGRANode 6 at cycle: 1
[DEBUG] in allocateReg() t_cycle: 0; i: 0 CGRA node: 6; link: 2 duration 1
[DEBUG] done reg allocation
[DEBUG] occupy link[5]-->[6] (bypass:0) dfgNode: 33 at cycle 0
[DEBUG] skip predecessor routing -- dfgNode: 33
[DEBUG] success in schedule()
[DEBUG] schedule dfg node[51] onto fu[10] at cycle 2 within II: 106
[DEBUG] setDFGNode 51 onto CGRANode 10 at cycle: 2
[DEBUG] in allocateReg() t_cycle: 1; i: 0 CGRA node: 10; link: 1 duration 1
[DEBUG] done reg allocation
[DEBUG] occupy link[6]-->[10] (bypass:0) dfgNode: 34 at cycle 1
[DEBUG] skip predecessor routing -- dfgNode: 34
[DEBUG] success in schedule()
[DEBUG] schedule dfg node[52] onto fu[9] at cycle 3 within II: 106
[DEBUG] setDFGNode 52 onto CGRANode 9 at cycle: 3
[DEBUG] in allocateReg() t_cycle: 2; i: 0 CGRA node: 9; link: 3 duration 1
[DEBUG] done reg allocation
[DEBUG] occupy link[10]-->[9] (bypass:0) dfgNode: 51 at cycle 2
[DEBUG] skip predecessor routing -- dfgNode: 51
[DEBUG] success in schedule()
[DEBUG] schedule dfg node[0] onto fu[10] at cycle 4 within II: 106
[DEBUG] setDFGNode 0 onto CGRANode 10 at cycle: 4
[DEBUG] in allocateReg() t_cycle: 3; i: 0 CGRA node: 10; link: 2 duration 1
[DEBUG] done reg allocation
[DEBUG] occupy link[9]-->[10] (bypass:0) dfgNode: 52 at cycle 3
[DEBUG] skip predecessor routing -- dfgNode: 52
[DEBUG] in shareSameCycle is true: node 0
[DEBUG] tryToRoute -- srcDFGNode: 0, srcCGRANode: 10; dstDFGNode: 33, dstCGRANode: 5; backEdge: 1
[DEBUG] in shareSameCycle is true: node 33
[DEBUG] check route size: 3
[DEBUG] occupy link[10]-->[6] (bypass:1) dfgNode: 0 at cycle 4
[DEBUG] reset duration: 101 t_dstCycle: 0 previous: 5 II: 106
[DEBUG] in allocateReg() t_cycle: 5; i: 0 CGRA node: 5; link: 3 duration 101
[DEBUG] done reg allocation
[DEBUG] occupy link[6]-->[5] (bypass:0) dfgNode: 0 at cycle 5
[DEBUG] in shareSameCycle is true: node 0
[DEBUG] tryToRoute -- srcDFGNode: 0, srcCGRANode: 10; dstDFGNode: 51, dstCGRANode: 10; backEdge: 1
[DEBUG] in shareSameCycle is true: node 51
[DEBUG] check route size: 1
[DEBUG] allocate for local reg maintain... duration=104 last cycle: 4
[DEBUG] in allocateReg() t_cycle: 4; i: 1 CGRA node: 10; link: 4 duration 104
[DEBUG] done reg allocation
[DEBUG] success in schedule()
[DEBUG] schedule dfg node[1] onto fu[14] at cycle 5 within II: 106
[DEBUG] setDFGNode 1 onto CGRANode 14 at cycle: 5
[DEBUG] in allocateReg() t_cycle: 4; i: 0 CGRA node: 14; link: 1 duration 1
[DEBUG] done reg allocation
[DEBUG] occupy link[10]-->[14] (bypass:0) dfgNode: 0 at cycle 4
[DEBUG] skip predecessor routing -- dfgNode: 0
[DEBUG] success in schedule()
[DEBUG] schedule dfg node[4] onto fu[6] at cycle 5 within II: 106
[DEBUG] setDFGNode 4 onto CGRANode 6 at cycle: 5
[DEBUG] in allocateReg() t_cycle: 4; i: 0 CGRA node: 6; link: 0 duration 1
[DEBUG] done reg allocation
[DEBUG] occupy link[10]-->[6] (bypass:0) dfgNode: 0 at cycle 4
[DEBUG] skip predecessor routing -- dfgNode: 0
[DEBUG] success in schedule()
[DEBUG] schedule dfg node[8] onto fu[9] at cycle 5 within II: 106
[DEBUG] setDFGNode 8 onto CGRANode 9 at cycle: 5
[DEBUG] in allocateReg() t_cycle: 4; i: 0 CGRA node: 9; link: 3 duration 1
[DEBUG] done reg allocation
[DEBUG] occupy link[10]-->[9] (bypass:0) dfgNode: 0 at cycle 4
[DEBUG] skip predecessor routing -- dfgNode: 0
[DEBUG] success in schedule()
[DEBUG] schedule dfg node[16] onto fu[5] at cycle 6 within II: 106
[DEBUG] setDFGNode 16 onto CGRANode 5 at cycle: 6
[DEBUG] occupy link[10]-->[6] (bypass:1) dfgNode: 0 at cycle 4
[DEBUG] in allocateReg() t_cycle: 5; i: 1 CGRA node: 5; link: 3 duration 1
[DEBUG] done reg allocation
[DEBUG] occupy link[6]-->[5] (bypass:0) dfgNode: 0 at cycle 5
[DEBUG] skip predecessor routing -- dfgNode: 0
[DEBUG] success in schedule()
[DEBUG] schedule dfg node[24] onto fu[10] at cycle 5 within II: 106
[DEBUG] setDFGNode 24 onto CGRANode 10 at cycle: 5
[DEBUG] tryToRoute -- srcDFGNode: 0, srcCGRANode: 10; dstDFGNode: 24, dstCGRANode: 10; backEdge: 0
[DEBUG] check route size: 1
[DEBUG] allocate for local reg maintain... duration=1 last cycle: 4
[DEBUG] in allocateReg() t_cycle: 4; i: 0 CGRA node: 10; link: 4 duration 1
[DEBUG] done reg allocation
[DEBUG] success in schedule()
[DEBUG] schedule dfg node[32] onto fu[13] at cycle 6 within II: 106
[DEBUG] setDFGNode 32 onto CGRANode 13 at cycle: 6
[DEBUG] occupy link[10]-->[9] (bypass:1) dfgNode: 0 at cycle 4
[DEBUG] in allocateReg() t_cycle: 5; i: 0 CGRA node: 13; link: 1 duration 1
[DEBUG] done reg allocation
[DEBUG] occupy link[9]-->[13] (bypass:0) dfgNode: 0 at cycle 5
[DEBUG] skip predecessor routing -- dfgNode: 0
[DEBUG] success in schedule()
[DEBUG] schedule dfg node[42] onto fu[2] at cycle 6 within II: 106
[DEBUG] setDFGNode 42 onto CGRANode 2 at cycle: 6
[DEBUG] occupy link[10]-->[6] (bypass:1) dfgNode: 0 at cycle 4
[DEBUG] in allocateReg() t_cycle: 5; i: 0 CGRA node: 2; link: 0 duration 1
[DEBUG] done reg allocation
[DEBUG] occupy link[6]-->[2] (bypass:0) dfgNode: 0 at cycle 5
[DEBUG] skip predecessor routing -- dfgNode: 0
[DEBUG] tryToRoute -- srcDFGNode: 34, srcCGRANode: 6; dstDFGNode: 42, dstCGRANode: 2; backEdge: 0
[DEBUG] check route size: 2
[DEBUG] reset duration: 5 t_dstCycle: 6 previous: 1 II: 106
[DEBUG] in allocateReg() t_cycle: 1; i: 1 CGRA node: 2; link: 0 duration 5
[DEBUG] done reg allocation
[DEBUG] occupy link[6]-->[2] (bypass:0) dfgNode: 34 at cycle 1
[DEBUG] success in schedule()
[DEBUG] schedule dfg node[50] onto fu[1] at cycle 7 within II: 106
[DEBUG] setDFGNode 50 onto CGRANode 1 at cycle: 7
[DEBUG] occupy link[10]-->[6] (bypass:1) dfgNode: 0 at cycle 4
[DEBUG] occupy link[6]-->[2] (bypass:1) dfgNode: 0 at cycle 5
[DEBUG] in allocateReg() t_cycle: 6; i: 0 CGRA node: 1; link: 3 duration 1
[DEBUG] done reg allocation
[DEBUG] occupy link[2]-->[1] (bypass:0) dfgNode: 0 at cycle 6
[DEBUG] skip predecessor routing -- dfgNode: 0
[DEBUG] tryToRoute -- srcDFGNode: 34, srcCGRANode: 6; dstDFGNode: 50, dstCGRANode: 1; backEdge: 0
[DEBUG] in shareSameCycle is true: node 50
[DEBUG] cannot route due to II is violated for backward cycle
DEBUG target DFG node: 50 on fu: 1 failed, mapped pred DFG node: 34; return false
[DEBUG] fail1 in schedule() II: 106
[DEBUG] the failed path -- cycle: 7 CGRANode: 1
[DEBUG] the failed path -- cycle: 6 CGRANode: 2
[DEBUG] the failed path -- cycle: 5 CGRANode: 6
[DEBUG] the failed path -- cycle: 4 CGRANode: 10
----------------------------------------
[DEBUG] start heuristic algorithm with II=107
[DEBUG] schedule dfg node[33] onto fu[5] at cycle 0 within II: 107
[DEBUG] setDFGNode 33 onto CGRANode 5 at cycle: 0
[DEBUG] success in schedule()
[DEBUG] schedule dfg node[34] onto fu[6] at cycle 1 within II: 107
[DEBUG] setDFGNode 34 onto CGRANode 6 at cycle: 1
[DEBUG] in allocateReg() t_cycle: 0; i: 0 CGRA node: 6; link: 2 duration 1
[DEBUG] done reg allocation
[DEBUG] occupy link[5]-->[6] (bypass:0) dfgNode: 33 at cycle 0
[DEBUG] skip predecessor routing -- dfgNode: 33
[DEBUG] success in schedule()
[DEBUG] schedule dfg node[51] onto fu[10] at cycle 2 within II: 107
[DEBUG] setDFGNode 51 onto CGRANode 10 at cycle: 2
[DEBUG] in allocateReg() t_cycle: 1; i: 0 CGRA node: 10; link: 1 duration 1
[DEBUG] done reg allocation
[DEBUG] occupy link[6]-->[10] (bypass:0) dfgNode: 34 at cycle 1
[DEBUG] skip predecessor routing -- dfgNode: 34
[DEBUG] success in schedule()
[DEBUG] schedule dfg node[52] onto fu[9] at cycle 3 within II: 107
[DEBUG] setDFGNode 52 onto CGRANode 9 at cycle: 3
[DEBUG] in allocateReg() t_cycle: 2; i: 0 CGRA node: 9; link: 3 duration 1
[DEBUG] done reg allocation
[DEBUG] occupy link[10]-->[9] (bypass:0) dfgNode: 51 at cycle 2
[DEBUG] skip predecessor routing -- dfgNode: 51
[DEBUG] success in schedule()
[DEBUG] schedule dfg node[0] onto fu[10] at cycle 4 within II: 107
[DEBUG] setDFGNode 0 onto CGRANode 10 at cycle: 4
[DEBUG] in allocateReg() t_cycle: 3; i: 0 CGRA node: 10; link: 2 duration 1
[DEBUG] done reg allocation
[DEBUG] occupy link[9]-->[10] (bypass:0) dfgNode: 52 at cycle 3
[DEBUG] skip predecessor routing -- dfgNode: 52
[DEBUG] in shareSameCycle is true: node 0
[DEBUG] tryToRoute -- srcDFGNode: 0, srcCGRANode: 10; dstDFGNode: 33, dstCGRANode: 5; backEdge: 1
[DEBUG] in shareSameCycle is true: node 33
[DEBUG] check route size: 3
[DEBUG] occupy link[10]-->[6] (bypass:1) dfgNode: 0 at cycle 4
[DEBUG] reset duration: 102 t_dstCycle: 0 previous: 5 II: 107
[DEBUG] in allocateReg() t_cycle: 5; i: 0 CGRA node: 5; link: 3 duration 102
[DEBUG] done reg allocation
[DEBUG] occupy link[6]-->[5] (bypass:0) dfgNode: 0 at cycle 5
[DEBUG] in shareSameCycle is true: node 0
[DEBUG] tryToRoute -- srcDFGNode: 0, srcCGRANode: 10; dstDFGNode: 51, dstCGRANode: 10; backEdge: 1
[DEBUG] in shareSameCycle is true: node 51
[DEBUG] check route size: 1
[DEBUG] allocate for local reg maintain... duration=105 last cycle: 4
[DEBUG] in allocateReg() t_cycle: 4; i: 1 CGRA node: 10; link: 4 duration 105
[DEBUG] done reg allocation
[DEBUG] success in schedule()
[DEBUG] schedule dfg node[1] onto fu[14] at cycle 5 within II: 107
[DEBUG] setDFGNode 1 onto CGRANode 14 at cycle: 5
[DEBUG] in allocateReg() t_cycle: 4; i: 0 CGRA node: 14; link: 1 duration 1
[DEBUG] done reg allocation
[DEBUG] occupy link[10]-->[14] (bypass:0) dfgNode: 0 at cycle 4
[DEBUG] skip predecessor routing -- dfgNode: 0
[DEBUG] success in schedule()
[DEBUG] schedule dfg node[4] onto fu[6] at cycle 5 within II: 107
[DEBUG] setDFGNode 4 onto CGRANode 6 at cycle: 5
[DEBUG] in allocateReg() t_cycle: 4; i: 0 CGRA node: 6; link: 0 duration 1
[DEBUG] done reg allocation
[DEBUG] occupy link[10]-->[6] (bypass:0) dfgNode: 0 at cycle 4
[DEBUG] skip predecessor routing -- dfgNode: 0
[DEBUG] success in schedule()
[DEBUG] schedule dfg node[8] onto fu[9] at cycle 5 within II: 107
[DEBUG] setDFGNode 8 onto CGRANode 9 at cycle: 5
[DEBUG] in allocateReg() t_cycle: 4; i: 0 CGRA node: 9; link: 3 duration 1
[DEBUG] done reg allocation
[DEBUG] occupy link[10]-->[9] (bypass:0) dfgNode: 0 at cycle 4
[DEBUG] skip predecessor routing -- dfgNode: 0
[DEBUG] success in schedule()
[DEBUG] schedule dfg node[16] onto fu[5] at cycle 6 within II: 107
[DEBUG] setDFGNode 16 onto CGRANode 5 at cycle: 6
[DEBUG] occupy link[10]-->[6] (bypass:1) dfgNode: 0 at cycle 4
[DEBUG] in allocateReg() t_cycle: 5; i: 1 CGRA node: 5; link: 3 duration 1
[DEBUG] done reg allocation
[DEBUG] occupy link[6]-->[5] (bypass:0) dfgNode: 0 at cycle 5
[DEBUG] skip predecessor routing -- dfgNode: 0
[DEBUG] success in schedule()
[DEBUG] schedule dfg node[24] onto fu[10] at cycle 5 within II: 107
[DEBUG] setDFGNode 24 onto CGRANode 10 at cycle: 5
[DEBUG] tryToRoute -- srcDFGNode: 0, srcCGRANode: 10; dstDFGNode: 24, dstCGRANode: 10; backEdge: 0
[DEBUG] check route size: 1
[DEBUG] allocate for local reg maintain... duration=1 last cycle: 4
[DEBUG] in allocateReg() t_cycle: 4; i: 0 CGRA node: 10; link: 4 duration 1
[DEBUG] done reg allocation
[DEBUG] success in schedule()
[DEBUG] schedule dfg node[32] onto fu[13] at cycle 6 within II: 107
[DEBUG] setDFGNode 32 onto CGRANode 13 at cycle: 6
[DEBUG] occupy link[10]-->[9] (bypass:1) dfgNode: 0 at cycle 4
[DEBUG] in allocateReg() t_cycle: 5; i: 0 CGRA node: 13; link: 1 duration 1
[DEBUG] done reg allocation
[DEBUG] occupy link[9]-->[13] (bypass:0) dfgNode: 0 at cycle 5
[DEBUG] skip predecessor routing -- dfgNode: 0
[DEBUG] success in schedule()
[DEBUG] schedule dfg node[42] onto fu[2] at cycle 6 within II: 107
[DEBUG] setDFGNode 42 onto CGRANode 2 at cycle: 6
[DEBUG] occupy link[10]-->[6] (bypass:1) dfgNode: 0 at cycle 4
[DEBUG] in allocateReg() t_cycle: 5; i: 0 CGRA node: 2; link: 0 duration 1
[DEBUG] done reg allocation
[DEBUG] occupy link[6]-->[2] (bypass:0) dfgNode: 0 at cycle 5
[DEBUG] skip predecessor routing -- dfgNode: 0
[DEBUG] tryToRoute -- srcDFGNode: 34, srcCGRANode: 6; dstDFGNode: 42, dstCGRANode: 2; backEdge: 0
[DEBUG] check route size: 2
[DEBUG] reset duration: 5 t_dstCycle: 6 previous: 1 II: 107
[DEBUG] in allocateReg() t_cycle: 1; i: 1 CGRA node: 2; link: 0 duration 5
[DEBUG] done reg allocation
[DEBUG] occupy link[6]-->[2] (bypass:0) dfgNode: 34 at cycle 1
[DEBUG] success in schedule()
[DEBUG] schedule dfg node[50] onto fu[1] at cycle 7 within II: 107
[DEBUG] setDFGNode 50 onto CGRANode 1 at cycle: 7
[DEBUG] occupy link[10]-->[6] (bypass:1) dfgNode: 0 at cycle 4
[DEBUG] occupy link[6]-->[2] (bypass:1) dfgNode: 0 at cycle 5
[DEBUG] in allocateReg() t_cycle: 6; i: 0 CGRA node: 1; link: 3 duration 1
[DEBUG] done reg allocation
[DEBUG] occupy link[2]-->[1] (bypass:0) dfgNode: 0 at cycle 6
[DEBUG] skip predecessor routing -- dfgNode: 0
[DEBUG] tryToRoute -- srcDFGNode: 34, srcCGRANode: 6; dstDFGNode: 50, dstCGRANode: 1; backEdge: 0
[DEBUG] in shareSameCycle is true: node 50
[DEBUG] cannot route due to II is violated for backward cycle
DEBUG target DFG node: 50 on fu: 1 failed, mapped pred DFG node: 34; return false
[DEBUG] fail1 in schedule() II: 107
[DEBUG] the failed path -- cycle: 7 CGRANode: 1
[DEBUG] the failed path -- cycle: 6 CGRANode: 2
[DEBUG] the failed path -- cycle: 5 CGRANode: 6
[DEBUG] the failed path -- cycle: 4 CGRANode: 10
----------------------------------------
[DEBUG] start heuristic algorithm with II=108
[DEBUG] schedule dfg node[33] onto fu[5] at cycle 0 within II: 108
[DEBUG] setDFGNode 33 onto CGRANode 5 at cycle: 0
[DEBUG] success in schedule()
[DEBUG] schedule dfg node[34] onto fu[6] at cycle 1 within II: 108
[DEBUG] setDFGNode 34 onto CGRANode 6 at cycle: 1
[DEBUG] in allocateReg() t_cycle: 0; i: 0 CGRA node: 6; link: 2 duration 1
[DEBUG] done reg allocation
[DEBUG] occupy link[5]-->[6] (bypass:0) dfgNode: 33 at cycle 0
[DEBUG] skip predecessor routing -- dfgNode: 33
[DEBUG] success in schedule()
[DEBUG] schedule dfg node[51] onto fu[10] at cycle 2 within II: 108
[DEBUG] setDFGNode 51 onto CGRANode 10 at cycle: 2
[DEBUG] in allocateReg() t_cycle: 1; i: 0 CGRA node: 10; link: 1 duration 1
[DEBUG] done reg allocation
[DEBUG] occupy link[6]-->[10] (bypass:0) dfgNode: 34 at cycle 1
[DEBUG] skip predecessor routing -- dfgNode: 34
[DEBUG] success in schedule()
[DEBUG] schedule dfg node[52] onto fu[9] at cycle 3 within II: 108
[DEBUG] setDFGNode 52 onto CGRANode 9 at cycle: 3
[DEBUG] in allocateReg() t_cycle: 2; i: 0 CGRA node: 9; link: 3 duration 1
[DEBUG] done reg allocation
[DEBUG] occupy link[10]-->[9] (bypass:0) dfgNode: 51 at cycle 2
[DEBUG] skip predecessor routing -- dfgNode: 51
[DEBUG] success in schedule()
[DEBUG] schedule dfg node[0] onto fu[10] at cycle 4 within II: 108
[DEBUG] setDFGNode 0 onto CGRANode 10 at cycle: 4
[DEBUG] in allocateReg() t_cycle: 3; i: 0 CGRA node: 10; link: 2 duration 1
[DEBUG] done reg allocation
[DEBUG] occupy link[9]-->[10] (bypass:0) dfgNode: 52 at cycle 3
[DEBUG] skip predecessor routing -- dfgNode: 52
[DEBUG] in shareSameCycle is true: node 0
[DEBUG] tryToRoute -- srcDFGNode: 0, srcCGRANode: 10; dstDFGNode: 33, dstCGRANode: 5; backEdge: 1
[DEBUG] in shareSameCycle is true: node 33
[DEBUG] check route size: 3
[DEBUG] occupy link[10]-->[6] (bypass:1) dfgNode: 0 at cycle 4
[DEBUG] reset duration: 103 t_dstCycle: 0 previous: 5 II: 108
[DEBUG] in allocateReg() t_cycle: 5; i: 0 CGRA node: 5; link: 3 duration 103
[DEBUG] done reg allocation
[DEBUG] occupy link[6]-->[5] (bypass:0) dfgNode: 0 at cycle 5
[DEBUG] in shareSameCycle is true: node 0
[DEBUG] tryToRoute -- srcDFGNode: 0, srcCGRANode: 10; dstDFGNode: 51, dstCGRANode: 10; backEdge: 1
[DEBUG] in shareSameCycle is true: node 51
[DEBUG] check route size: 1
[DEBUG] allocate for local reg maintain... duration=106 last cycle: 4
[DEBUG] in allocateReg() t_cycle: 4; i: 1 CGRA node: 10; link: 4 duration 106
[DEBUG] done reg allocation
[DEBUG] success in schedule()
[DEBUG] schedule dfg node[1] onto fu[14] at cycle 5 within II: 108
[DEBUG] setDFGNode 1 onto CGRANode 14 at cycle: 5
[DEBUG] in allocateReg() t_cycle: 4; i: 0 CGRA node: 14; link: 1 duration 1
[DEBUG] done reg allocation
[DEBUG] occupy link[10]-->[14] (bypass:0) dfgNode: 0 at cycle 4
[DEBUG] skip predecessor routing -- dfgNode: 0
[DEBUG] success in schedule()
[DEBUG] schedule dfg node[4] onto fu[6] at cycle 5 within II: 108
[DEBUG] setDFGNode 4 onto CGRANode 6 at cycle: 5
[DEBUG] in allocateReg() t_cycle: 4; i: 0 CGRA node: 6; link: 0 duration 1
[DEBUG] done reg allocation
[DEBUG] occupy link[10]-->[6] (bypass:0) dfgNode: 0 at cycle 4
[DEBUG] skip predecessor routing -- dfgNode: 0
[DEBUG] success in schedule()
[DEBUG] schedule dfg node[8] onto fu[9] at cycle 5 within II: 108
[DEBUG] setDFGNode 8 onto CGRANode 9 at cycle: 5
[DEBUG] in allocateReg() t_cycle: 4; i: 0 CGRA node: 9; link: 3 duration 1
[DEBUG] done reg allocation
[DEBUG] occupy link[10]-->[9] (bypass:0) dfgNode: 0 at cycle 4
[DEBUG] skip predecessor routing -- dfgNode: 0
[DEBUG] success in schedule()
[DEBUG] schedule dfg node[16] onto fu[5] at cycle 6 within II: 108
[DEBUG] setDFGNode 16 onto CGRANode 5 at cycle: 6
[DEBUG] occupy link[10]-->[6] (bypass:1) dfgNode: 0 at cycle 4
[DEBUG] in allocateReg() t_cycle: 5; i: 1 CGRA node: 5; link: 3 duration 1
[DEBUG] done reg allocation
[DEBUG] occupy link[6]-->[5] (bypass:0) dfgNode: 0 at cycle 5
[DEBUG] skip predecessor routing -- dfgNode: 0
[DEBUG] success in schedule()
[DEBUG] schedule dfg node[24] onto fu[10] at cycle 5 within II: 108
[DEBUG] setDFGNode 24 onto CGRANode 10 at cycle: 5
[DEBUG] tryToRoute -- srcDFGNode: 0, srcCGRANode: 10; dstDFGNode: 24, dstCGRANode: 10; backEdge: 0
[DEBUG] check route size: 1
[DEBUG] allocate for local reg maintain... duration=1 last cycle: 4
[DEBUG] in allocateReg() t_cycle: 4; i: 0 CGRA node: 10; link: 4 duration 1
[DEBUG] done reg allocation
[DEBUG] success in schedule()
[DEBUG] schedule dfg node[32] onto fu[13] at cycle 6 within II: 108
[DEBUG] setDFGNode 32 onto CGRANode 13 at cycle: 6
[DEBUG] occupy link[10]-->[9] (bypass:1) dfgNode: 0 at cycle 4
[DEBUG] in allocateReg() t_cycle: 5; i: 0 CGRA node: 13; link: 1 duration 1
[DEBUG] done reg allocation
[DEBUG] occupy link[9]-->[13] (bypass:0) dfgNode: 0 at cycle 5
[DEBUG] skip predecessor routing -- dfgNode: 0
[DEBUG] success in schedule()
[DEBUG] schedule dfg node[42] onto fu[2] at cycle 6 within II: 108
[DEBUG] setDFGNode 42 onto CGRANode 2 at cycle: 6
[DEBUG] occupy link[10]-->[6] (bypass:1) dfgNode: 0 at cycle 4
[DEBUG] in allocateReg() t_cycle: 5; i: 0 CGRA node: 2; link: 0 duration 1
[DEBUG] done reg allocation
[DEBUG] occupy link[6]-->[2] (bypass:0) dfgNode: 0 at cycle 5
[DEBUG] skip predecessor routing -- dfgNode: 0
[DEBUG] tryToRoute -- srcDFGNode: 34, srcCGRANode: 6; dstDFGNode: 42, dstCGRANode: 2; backEdge: 0
[DEBUG] check route size: 2
[DEBUG] reset duration: 5 t_dstCycle: 6 previous: 1 II: 108
[DEBUG] in allocateReg() t_cycle: 1; i: 1 CGRA node: 2; link: 0 duration 5
[DEBUG] done reg allocation
[DEBUG] occupy link[6]-->[2] (bypass:0) dfgNode: 34 at cycle 1
[DEBUG] success in schedule()
[DEBUG] schedule dfg node[50] onto fu[1] at cycle 7 within II: 108
[DEBUG] setDFGNode 50 onto CGRANode 1 at cycle: 7
[DEBUG] occupy link[10]-->[6] (bypass:1) dfgNode: 0 at cycle 4
[DEBUG] occupy link[6]-->[2] (bypass:1) dfgNode: 0 at cycle 5
[DEBUG] in allocateReg() t_cycle: 6; i: 0 CGRA node: 1; link: 3 duration 1
[DEBUG] done reg allocation
[DEBUG] occupy link[2]-->[1] (bypass:0) dfgNode: 0 at cycle 6
[DEBUG] skip predecessor routing -- dfgNode: 0
[DEBUG] tryToRoute -- srcDFGNode: 34, srcCGRANode: 6; dstDFGNode: 50, dstCGRANode: 1; backEdge: 0
[DEBUG] in shareSameCycle is true: node 50
[DEBUG] cannot route due to II is violated for backward cycle
DEBUG target DFG node: 50 on fu: 1 failed, mapped pred DFG node: 34; return false
[DEBUG] fail1 in schedule() II: 108
[DEBUG] the failed path -- cycle: 7 CGRANode: 1
[DEBUG] the failed path -- cycle: 6 CGRANode: 2
[DEBUG] the failed path -- cycle: 5 CGRANode: 6
[DEBUG] the failed path -- cycle: 4 CGRANode: 10
----------------------------------------
[DEBUG] start heuristic algorithm with II=109
[DEBUG] schedule dfg node[33] onto fu[5] at cycle 0 within II: 109
[DEBUG] setDFGNode 33 onto CGRANode 5 at cycle: 0
[DEBUG] success in schedule()
[DEBUG] schedule dfg node[34] onto fu[6] at cycle 1 within II: 109
[DEBUG] setDFGNode 34 onto CGRANode 6 at cycle: 1
[DEBUG] in allocateReg() t_cycle: 0; i: 0 CGRA node: 6; link: 2 duration 1
[DEBUG] done reg allocation
[DEBUG] occupy link[5]-->[6] (bypass:0) dfgNode: 33 at cycle 0
[DEBUG] skip predecessor routing -- dfgNode: 33
[DEBUG] success in schedule()
[DEBUG] schedule dfg node[51] onto fu[10] at cycle 2 within II: 109
[DEBUG] setDFGNode 51 onto CGRANode 10 at cycle: 2
[DEBUG] in allocateReg() t_cycle: 1; i: 0 CGRA node: 10; link: 1 duration 1
[DEBUG] done reg allocation
[DEBUG] occupy link[6]-->[10] (bypass:0) dfgNode: 34 at cycle 1
[DEBUG] skip predecessor routing -- dfgNode: 34
[DEBUG] success in schedule()
[DEBUG] schedule dfg node[52] onto fu[9] at cycle 3 within II: 109
[DEBUG] setDFGNode 52 onto CGRANode 9 at cycle: 3
[DEBUG] in allocateReg() t_cycle: 2; i: 0 CGRA node: 9; link: 3 duration 1
[DEBUG] done reg allocation
[DEBUG] occupy link[10]-->[9] (bypass:0) dfgNode: 51 at cycle 2
[DEBUG] skip predecessor routing -- dfgNode: 51
[DEBUG] success in schedule()
[DEBUG] schedule dfg node[0] onto fu[10] at cycle 4 within II: 109
[DEBUG] setDFGNode 0 onto CGRANode 10 at cycle: 4
[DEBUG] in allocateReg() t_cycle: 3; i: 0 CGRA node: 10; link: 2 duration 1
[DEBUG] done reg allocation
[DEBUG] occupy link[9]-->[10] (bypass:0) dfgNode: 52 at cycle 3
[DEBUG] skip predecessor routing -- dfgNode: 52
[DEBUG] in shareSameCycle is true: node 0
[DEBUG] tryToRoute -- srcDFGNode: 0, srcCGRANode: 10; dstDFGNode: 33, dstCGRANode: 5; backEdge: 1
[DEBUG] in shareSameCycle is true: node 33
[DEBUG] check route size: 3
[DEBUG] occupy link[10]-->[6] (bypass:1) dfgNode: 0 at cycle 4
[DEBUG] reset duration: 104 t_dstCycle: 0 previous: 5 II: 109
[DEBUG] in allocateReg() t_cycle: 5; i: 0 CGRA node: 5; link: 3 duration 104
[DEBUG] done reg allocation
[DEBUG] occupy link[6]-->[5] (bypass:0) dfgNode: 0 at cycle 5
[DEBUG] in shareSameCycle is true: node 0
[DEBUG] tryToRoute -- srcDFGNode: 0, srcCGRANode: 10; dstDFGNode: 51, dstCGRANode: 10; backEdge: 1
[DEBUG] in shareSameCycle is true: node 51
[DEBUG] check route size: 1
[DEBUG] allocate for local reg maintain... duration=107 last cycle: 4
[DEBUG] in allocateReg() t_cycle: 4; i: 1 CGRA node: 10; link: 4 duration 107
[DEBUG] done reg allocation
[DEBUG] success in schedule()
[DEBUG] schedule dfg node[1] onto fu[14] at cycle 5 within II: 109
[DEBUG] setDFGNode 1 onto CGRANode 14 at cycle: 5
[DEBUG] in allocateReg() t_cycle: 4; i: 0 CGRA node: 14; link: 1 duration 1
[DEBUG] done reg allocation
[DEBUG] occupy link[10]-->[14] (bypass:0) dfgNode: 0 at cycle 4
[DEBUG] skip predecessor routing -- dfgNode: 0
[DEBUG] success in schedule()
[DEBUG] schedule dfg node[4] onto fu[6] at cycle 5 within II: 109
[DEBUG] setDFGNode 4 onto CGRANode 6 at cycle: 5
[DEBUG] in allocateReg() t_cycle: 4; i: 0 CGRA node: 6; link: 0 duration 1
[DEBUG] done reg allocation
[DEBUG] occupy link[10]-->[6] (bypass:0) dfgNode: 0 at cycle 4
[DEBUG] skip predecessor routing -- dfgNode: 0
[DEBUG] success in schedule()
[DEBUG] schedule dfg node[8] onto fu[9] at cycle 5 within II: 109
[DEBUG] setDFGNode 8 onto CGRANode 9 at cycle: 5
[DEBUG] in allocateReg() t_cycle: 4; i: 0 CGRA node: 9; link: 3 duration 1
[DEBUG] done reg allocation
[DEBUG] occupy link[10]-->[9] (bypass:0) dfgNode: 0 at cycle 4
[DEBUG] skip predecessor routing -- dfgNode: 0
[DEBUG] success in schedule()
[DEBUG] schedule dfg node[16] onto fu[5] at cycle 6 within II: 109
[DEBUG] setDFGNode 16 onto CGRANode 5 at cycle: 6
[DEBUG] occupy link[10]-->[6] (bypass:1) dfgNode: 0 at cycle 4
[DEBUG] in allocateReg() t_cycle: 5; i: 1 CGRA node: 5; link: 3 duration 1
[DEBUG] done reg allocation
[DEBUG] occupy link[6]-->[5] (bypass:0) dfgNode: 0 at cycle 5
[DEBUG] skip predecessor routing -- dfgNode: 0
[DEBUG] success in schedule()
[DEBUG] schedule dfg node[24] onto fu[10] at cycle 5 within II: 109
[DEBUG] setDFGNode 24 onto CGRANode 10 at cycle: 5
[DEBUG] tryToRoute -- srcDFGNode: 0, srcCGRANode: 10; dstDFGNode: 24, dstCGRANode: 10; backEdge: 0
[DEBUG] check route size: 1
[DEBUG] allocate for local reg maintain... duration=1 last cycle: 4
[DEBUG] in allocateReg() t_cycle: 4; i: 0 CGRA node: 10; link: 4 duration 1
[DEBUG] done reg allocation
[DEBUG] success in schedule()
[DEBUG] schedule dfg node[32] onto fu[13] at cycle 6 within II: 109
[DEBUG] setDFGNode 32 onto CGRANode 13 at cycle: 6
[DEBUG] occupy link[10]-->[9] (bypass:1) dfgNode: 0 at cycle 4
[DEBUG] in allocateReg() t_cycle: 5; i: 0 CGRA node: 13; link: 1 duration 1
[DEBUG] done reg allocation
[DEBUG] occupy link[9]-->[13] (bypass:0) dfgNode: 0 at cycle 5
[DEBUG] skip predecessor routing -- dfgNode: 0
[DEBUG] success in schedule()
[DEBUG] schedule dfg node[42] onto fu[2] at cycle 6 within II: 109
[DEBUG] setDFGNode 42 onto CGRANode 2 at cycle: 6
[DEBUG] occupy link[10]-->[6] (bypass:1) dfgNode: 0 at cycle 4
[DEBUG] in allocateReg() t_cycle: 5; i: 0 CGRA node: 2; link: 0 duration 1
[DEBUG] done reg allocation
[DEBUG] occupy link[6]-->[2] (bypass:0) dfgNode: 0 at cycle 5
[DEBUG] skip predecessor routing -- dfgNode: 0
[DEBUG] tryToRoute -- srcDFGNode: 34, srcCGRANode: 6; dstDFGNode: 42, dstCGRANode: 2; backEdge: 0
[DEBUG] check route size: 2
[DEBUG] reset duration: 5 t_dstCycle: 6 previous: 1 II: 109
[DEBUG] in allocateReg() t_cycle: 1; i: 1 CGRA node: 2; link: 0 duration 5
[DEBUG] done reg allocation
[DEBUG] occupy link[6]-->[2] (bypass:0) dfgNode: 34 at cycle 1
[DEBUG] success in schedule()
[DEBUG] schedule dfg node[50] onto fu[1] at cycle 7 within II: 109
[DEBUG] setDFGNode 50 onto CGRANode 1 at cycle: 7
[DEBUG] occupy link[10]-->[6] (bypass:1) dfgNode: 0 at cycle 4
[DEBUG] occupy link[6]-->[2] (bypass:1) dfgNode: 0 at cycle 5
[DEBUG] in allocateReg() t_cycle: 6; i: 0 CGRA node: 1; link: 3 duration 1
[DEBUG] done reg allocation
[DEBUG] occupy link[2]-->[1] (bypass:0) dfgNode: 0 at cycle 6
[DEBUG] skip predecessor routing -- dfgNode: 0
[DEBUG] tryToRoute -- srcDFGNode: 34, srcCGRANode: 6; dstDFGNode: 50, dstCGRANode: 1; backEdge: 0
[DEBUG] in shareSameCycle is true: node 50
[DEBUG] cannot route due to II is violated for backward cycle
DEBUG target DFG node: 50 on fu: 1 failed, mapped pred DFG node: 34; return false
[DEBUG] fail1 in schedule() II: 109
[DEBUG] the failed path -- cycle: 7 CGRANode: 1
[DEBUG] the failed path -- cycle: 6 CGRANode: 2
[DEBUG] the failed path -- cycle: 5 CGRANode: 6
[DEBUG] the failed path -- cycle: 4 CGRANode: 10
----------------------------------------
[DEBUG] start heuristic algorithm with II=110
[DEBUG] schedule dfg node[33] onto fu[5] at cycle 0 within II: 110
[DEBUG] setDFGNode 33 onto CGRANode 5 at cycle: 0
[DEBUG] success in schedule()
[DEBUG] schedule dfg node[34] onto fu[6] at cycle 1 within II: 110
[DEBUG] setDFGNode 34 onto CGRANode 6 at cycle: 1
[DEBUG] in allocateReg() t_cycle: 0; i: 0 CGRA node: 6; link: 2 duration 1
[DEBUG] done reg allocation
[DEBUG] occupy link[5]-->[6] (bypass:0) dfgNode: 33 at cycle 0
[DEBUG] skip predecessor routing -- dfgNode: 33
[DEBUG] success in schedule()
[DEBUG] schedule dfg node[51] onto fu[10] at cycle 2 within II: 110
[DEBUG] setDFGNode 51 onto CGRANode 10 at cycle: 2
[DEBUG] in allocateReg() t_cycle: 1; i: 0 CGRA node: 10; link: 1 duration 1
[DEBUG] done reg allocation
[DEBUG] occupy link[6]-->[10] (bypass:0) dfgNode: 34 at cycle 1
[DEBUG] skip predecessor routing -- dfgNode: 34
[DEBUG] success in schedule()
[DEBUG] schedule dfg node[52] onto fu[9] at cycle 3 within II: 110
[DEBUG] setDFGNode 52 onto CGRANode 9 at cycle: 3
[DEBUG] in allocateReg() t_cycle: 2; i: 0 CGRA node: 9; link: 3 duration 1
[DEBUG] done reg allocation
[DEBUG] occupy link[10]-->[9] (bypass:0) dfgNode: 51 at cycle 2
[DEBUG] skip predecessor routing -- dfgNode: 51
[DEBUG] success in schedule()
[DEBUG] schedule dfg node[0] onto fu[10] at cycle 4 within II: 110
[DEBUG] setDFGNode 0 onto CGRANode 10 at cycle: 4
[DEBUG] in allocateReg() t_cycle: 3; i: 0 CGRA node: 10; link: 2 duration 1
[DEBUG] done reg allocation
[DEBUG] occupy link[9]-->[10] (bypass:0) dfgNode: 52 at cycle 3
[DEBUG] skip predecessor routing -- dfgNode: 52
[DEBUG] in shareSameCycle is true: node 0
[DEBUG] tryToRoute -- srcDFGNode: 0, srcCGRANode: 10; dstDFGNode: 33, dstCGRANode: 5; backEdge: 1
[DEBUG] in shareSameCycle is true: node 33
[DEBUG] check route size: 3
[DEBUG] occupy link[10]-->[6] (bypass:1) dfgNode: 0 at cycle 4
[DEBUG] reset duration: 105 t_dstCycle: 0 previous: 5 II: 110
[DEBUG] in allocateReg() t_cycle: 5; i: 0 CGRA node: 5; link: 3 duration 105
[DEBUG] done reg allocation
[DEBUG] occupy link[6]-->[5] (bypass:0) dfgNode: 0 at cycle 5
[DEBUG] in shareSameCycle is true: node 0
[DEBUG] tryToRoute -- srcDFGNode: 0, srcCGRANode: 10; dstDFGNode: 51, dstCGRANode: 10; backEdge: 1
[DEBUG] in shareSameCycle is true: node 51
[DEBUG] check route size: 1
[DEBUG] allocate for local reg maintain... duration=108 last cycle: 4
[DEBUG] in allocateReg() t_cycle: 4; i: 1 CGRA node: 10; link: 4 duration 108
[DEBUG] done reg allocation
[DEBUG] success in schedule()
[DEBUG] schedule dfg node[1] onto fu[14] at cycle 5 within II: 110
[DEBUG] setDFGNode 1 onto CGRANode 14 at cycle: 5
[DEBUG] in allocateReg() t_cycle: 4; i: 0 CGRA node: 14; link: 1 duration 1
[DEBUG] done reg allocation
[DEBUG] occupy link[10]-->[14] (bypass:0) dfgNode: 0 at cycle 4
[DEBUG] skip predecessor routing -- dfgNode: 0
[DEBUG] success in schedule()
[DEBUG] schedule dfg node[4] onto fu[6] at cycle 5 within II: 110
[DEBUG] setDFGNode 4 onto CGRANode 6 at cycle: 5
[DEBUG] in allocateReg() t_cycle: 4; i: 0 CGRA node: 6; link: 0 duration 1
[DEBUG] done reg allocation
[DEBUG] occupy link[10]-->[6] (bypass:0) dfgNode: 0 at cycle 4
[DEBUG] skip predecessor routing -- dfgNode: 0
[DEBUG] success in schedule()
[DEBUG] schedule dfg node[8] onto fu[9] at cycle 5 within II: 110
[DEBUG] setDFGNode 8 onto CGRANode 9 at cycle: 5
[DEBUG] in allocateReg() t_cycle: 4; i: 0 CGRA node: 9; link: 3 duration 1
[DEBUG] done reg allocation
[DEBUG] occupy link[10]-->[9] (bypass:0) dfgNode: 0 at cycle 4
[DEBUG] skip predecessor routing -- dfgNode: 0
[DEBUG] success in schedule()
[DEBUG] schedule dfg node[16] onto fu[5] at cycle 6 within II: 110
[DEBUG] setDFGNode 16 onto CGRANode 5 at cycle: 6
[DEBUG] occupy link[10]-->[6] (bypass:1) dfgNode: 0 at cycle 4
[DEBUG] in allocateReg() t_cycle: 5; i: 1 CGRA node: 5; link: 3 duration 1
[DEBUG] done reg allocation
[DEBUG] occupy link[6]-->[5] (bypass:0) dfgNode: 0 at cycle 5
[DEBUG] skip predecessor routing -- dfgNode: 0
[DEBUG] success in schedule()
[DEBUG] schedule dfg node[24] onto fu[10] at cycle 5 within II: 110
[DEBUG] setDFGNode 24 onto CGRANode 10 at cycle: 5
[DEBUG] tryToRoute -- srcDFGNode: 0, srcCGRANode: 10; dstDFGNode: 24, dstCGRANode: 10; backEdge: 0
[DEBUG] check route size: 1
[DEBUG] allocate for local reg maintain... duration=1 last cycle: 4
[DEBUG] in allocateReg() t_cycle: 4; i: 0 CGRA node: 10; link: 4 duration 1
[DEBUG] done reg allocation
[DEBUG] success in schedule()
[DEBUG] schedule dfg node[32] onto fu[13] at cycle 6 within II: 110
[DEBUG] setDFGNode 32 onto CGRANode 13 at cycle: 6
[DEBUG] occupy link[10]-->[9] (bypass:1) dfgNode: 0 at cycle 4
[DEBUG] in allocateReg() t_cycle: 5; i: 0 CGRA node: 13; link: 1 duration 1
[DEBUG] done reg allocation
[DEBUG] occupy link[9]-->[13] (bypass:0) dfgNode: 0 at cycle 5
[DEBUG] skip predecessor routing -- dfgNode: 0
[DEBUG] success in schedule()
[DEBUG] schedule dfg node[42] onto fu[2] at cycle 6 within II: 110
[DEBUG] setDFGNode 42 onto CGRANode 2 at cycle: 6
[DEBUG] occupy link[10]-->[6] (bypass:1) dfgNode: 0 at cycle 4
[DEBUG] in allocateReg() t_cycle: 5; i: 0 CGRA node: 2; link: 0 duration 1
[DEBUG] done reg allocation
[DEBUG] occupy link[6]-->[2] (bypass:0) dfgNode: 0 at cycle 5
[DEBUG] skip predecessor routing -- dfgNode: 0
[DEBUG] tryToRoute -- srcDFGNode: 34, srcCGRANode: 6; dstDFGNode: 42, dstCGRANode: 2; backEdge: 0
[DEBUG] check route size: 2
[DEBUG] reset duration: 5 t_dstCycle: 6 previous: 1 II: 110
[DEBUG] in allocateReg() t_cycle: 1; i: 1 CGRA node: 2; link: 0 duration 5
[DEBUG] done reg allocation
[DEBUG] occupy link[6]-->[2] (bypass:0) dfgNode: 34 at cycle 1
[DEBUG] success in schedule()
[DEBUG] schedule dfg node[50] onto fu[1] at cycle 7 within II: 110
[DEBUG] setDFGNode 50 onto CGRANode 1 at cycle: 7
[DEBUG] occupy link[10]-->[6] (bypass:1) dfgNode: 0 at cycle 4
[DEBUG] occupy link[6]-->[2] (bypass:1) dfgNode: 0 at cycle 5
[DEBUG] in allocateReg() t_cycle: 6; i: 0 CGRA node: 1; link: 3 duration 1
[DEBUG] done reg allocation
[DEBUG] occupy link[2]-->[1] (bypass:0) dfgNode: 0 at cycle 6
[DEBUG] skip predecessor routing -- dfgNode: 0
[DEBUG] tryToRoute -- srcDFGNode: 34, srcCGRANode: 6; dstDFGNode: 50, dstCGRANode: 1; backEdge: 0
[DEBUG] in shareSameCycle is true: node 50
[DEBUG] cannot route due to II is violated for backward cycle
DEBUG target DFG node: 50 on fu: 1 failed, mapped pred DFG node: 34; return false
[DEBUG] fail1 in schedule() II: 110
[DEBUG] the failed path -- cycle: 7 CGRANode: 1
[DEBUG] the failed path -- cycle: 6 CGRANode: 2
[DEBUG] the failed path -- cycle: 5 CGRANode: 6
[DEBUG] the failed path -- cycle: 4 CGRANode: 10
----------------------------------------
[DEBUG] start heuristic algorithm with II=111
[DEBUG] schedule dfg node[33] onto fu[5] at cycle 0 within II: 111
[DEBUG] setDFGNode 33 onto CGRANode 5 at cycle: 0
[DEBUG] success in schedule()
[DEBUG] schedule dfg node[34] onto fu[6] at cycle 1 within II: 111
[DEBUG] setDFGNode 34 onto CGRANode 6 at cycle: 1
[DEBUG] in allocateReg() t_cycle: 0; i: 0 CGRA node: 6; link: 2 duration 1
[DEBUG] done reg allocation
[DEBUG] occupy link[5]-->[6] (bypass:0) dfgNode: 33 at cycle 0
[DEBUG] skip predecessor routing -- dfgNode: 33
[DEBUG] success in schedule()
[DEBUG] schedule dfg node[51] onto fu[10] at cycle 2 within II: 111
[DEBUG] setDFGNode 51 onto CGRANode 10 at cycle: 2
[DEBUG] in allocateReg() t_cycle: 1; i: 0 CGRA node: 10; link: 1 duration 1
[DEBUG] done reg allocation
[DEBUG] occupy link[6]-->[10] (bypass:0) dfgNode: 34 at cycle 1
[DEBUG] skip predecessor routing -- dfgNode: 34
[DEBUG] success in schedule()
[DEBUG] schedule dfg node[52] onto fu[9] at cycle 3 within II: 111
[DEBUG] setDFGNode 52 onto CGRANode 9 at cycle: 3
[DEBUG] in allocateReg() t_cycle: 2; i: 0 CGRA node: 9; link: 3 duration 1
[DEBUG] done reg allocation
[DEBUG] occupy link[10]-->[9] (bypass:0) dfgNode: 51 at cycle 2
[DEBUG] skip predecessor routing -- dfgNode: 51
[DEBUG] success in schedule()
[DEBUG] schedule dfg node[0] onto fu[10] at cycle 4 within II: 111
[DEBUG] setDFGNode 0 onto CGRANode 10 at cycle: 4
[DEBUG] in allocateReg() t_cycle: 3; i: 0 CGRA node: 10; link: 2 duration 1
[DEBUG] done reg allocation
[DEBUG] occupy link[9]-->[10] (bypass:0) dfgNode: 52 at cycle 3
[DEBUG] skip predecessor routing -- dfgNode: 52
[DEBUG] in shareSameCycle is true: node 0
[DEBUG] tryToRoute -- srcDFGNode: 0, srcCGRANode: 10; dstDFGNode: 33, dstCGRANode: 5; backEdge: 1
[DEBUG] in shareSameCycle is true: node 33
[DEBUG] check route size: 3
[DEBUG] occupy link[10]-->[6] (bypass:1) dfgNode: 0 at cycle 4
[DEBUG] reset duration: 106 t_dstCycle: 0 previous: 5 II: 111
[DEBUG] in allocateReg() t_cycle: 5; i: 0 CGRA node: 5; link: 3 duration 106
[DEBUG] done reg allocation
[DEBUG] occupy link[6]-->[5] (bypass:0) dfgNode: 0 at cycle 5
[DEBUG] in shareSameCycle is true: node 0
[DEBUG] tryToRoute -- srcDFGNode: 0, srcCGRANode: 10; dstDFGNode: 51, dstCGRANode: 10; backEdge: 1
[DEBUG] in shareSameCycle is true: node 51
[DEBUG] check route size: 1
[DEBUG] allocate for local reg maintain... duration=109 last cycle: 4
[DEBUG] in allocateReg() t_cycle: 4; i: 1 CGRA node: 10; link: 4 duration 109
[DEBUG] done reg allocation
[DEBUG] success in schedule()
[DEBUG] schedule dfg node[1] onto fu[14] at cycle 5 within II: 111
[DEBUG] setDFGNode 1 onto CGRANode 14 at cycle: 5
[DEBUG] in allocateReg() t_cycle: 4; i: 0 CGRA node: 14; link: 1 duration 1
[DEBUG] done reg allocation
[DEBUG] occupy link[10]-->[14] (bypass:0) dfgNode: 0 at cycle 4
[DEBUG] skip predecessor routing -- dfgNode: 0
[DEBUG] success in schedule()
[DEBUG] schedule dfg node[4] onto fu[6] at cycle 5 within II: 111
[DEBUG] setDFGNode 4 onto CGRANode 6 at cycle: 5
[DEBUG] in allocateReg() t_cycle: 4; i: 0 CGRA node: 6; link: 0 duration 1
[DEBUG] done reg allocation
[DEBUG] occupy link[10]-->[6] (bypass:0) dfgNode: 0 at cycle 4
[DEBUG] skip predecessor routing -- dfgNode: 0
[DEBUG] success in schedule()
[DEBUG] schedule dfg node[8] onto fu[9] at cycle 5 within II: 111
[DEBUG] setDFGNode 8 onto CGRANode 9 at cycle: 5
[DEBUG] in allocateReg() t_cycle: 4; i: 0 CGRA node: 9; link: 3 duration 1
[DEBUG] done reg allocation
[DEBUG] occupy link[10]-->[9] (bypass:0) dfgNode: 0 at cycle 4
[DEBUG] skip predecessor routing -- dfgNode: 0
[DEBUG] success in schedule()
[DEBUG] schedule dfg node[16] onto fu[5] at cycle 6 within II: 111
[DEBUG] setDFGNode 16 onto CGRANode 5 at cycle: 6
[DEBUG] occupy link[10]-->[6] (bypass:1) dfgNode: 0 at cycle 4
[DEBUG] in allocateReg() t_cycle: 5; i: 1 CGRA node: 5; link: 3 duration 1
[DEBUG] done reg allocation
[DEBUG] occupy link[6]-->[5] (bypass:0) dfgNode: 0 at cycle 5
[DEBUG] skip predecessor routing -- dfgNode: 0
[DEBUG] success in schedule()
[DEBUG] schedule dfg node[24] onto fu[10] at cycle 5 within II: 111
[DEBUG] setDFGNode 24 onto CGRANode 10 at cycle: 5
[DEBUG] tryToRoute -- srcDFGNode: 0, srcCGRANode: 10; dstDFGNode: 24, dstCGRANode: 10; backEdge: 0
[DEBUG] check route size: 1
[DEBUG] allocate for local reg maintain... duration=1 last cycle: 4
[DEBUG] in allocateReg() t_cycle: 4; i: 0 CGRA node: 10; link: 4 duration 1
[DEBUG] done reg allocation
[DEBUG] success in schedule()
[DEBUG] schedule dfg node[32] onto fu[13] at cycle 6 within II: 111
[DEBUG] setDFGNode 32 onto CGRANode 13 at cycle: 6
[DEBUG] occupy link[10]-->[9] (bypass:1) dfgNode: 0 at cycle 4
[DEBUG] in allocateReg() t_cycle: 5; i: 0 CGRA node: 13; link: 1 duration 1
[DEBUG] done reg allocation
[DEBUG] occupy link[9]-->[13] (bypass:0) dfgNode: 0 at cycle 5
[DEBUG] skip predecessor routing -- dfgNode: 0
[DEBUG] success in schedule()
[DEBUG] schedule dfg node[42] onto fu[2] at cycle 6 within II: 111
[DEBUG] setDFGNode 42 onto CGRANode 2 at cycle: 6
[DEBUG] occupy link[10]-->[6] (bypass:1) dfgNode: 0 at cycle 4
[DEBUG] in allocateReg() t_cycle: 5; i: 0 CGRA node: 2; link: 0 duration 1
[DEBUG] done reg allocation
[DEBUG] occupy link[6]-->[2] (bypass:0) dfgNode: 0 at cycle 5
[DEBUG] skip predecessor routing -- dfgNode: 0
[DEBUG] tryToRoute -- srcDFGNode: 34, srcCGRANode: 6; dstDFGNode: 42, dstCGRANode: 2; backEdge: 0
[DEBUG] check route size: 2
[DEBUG] reset duration: 5 t_dstCycle: 6 previous: 1 II: 111
[DEBUG] in allocateReg() t_cycle: 1; i: 1 CGRA node: 2; link: 0 duration 5
[DEBUG] done reg allocation
[DEBUG] occupy link[6]-->[2] (bypass:0) dfgNode: 34 at cycle 1
[DEBUG] success in schedule()
[DEBUG] schedule dfg node[50] onto fu[1] at cycle 7 within II: 111
[DEBUG] setDFGNode 50 onto CGRANode 1 at cycle: 7
[DEBUG] occupy link[10]-->[6] (bypass:1) dfgNode: 0 at cycle 4
[DEBUG] occupy link[6]-->[2] (bypass:1) dfgNode: 0 at cycle 5
[DEBUG] in allocateReg() t_cycle: 6; i: 0 CGRA node: 1; link: 3 duration 1
[DEBUG] done reg allocation
[DEBUG] occupy link[2]-->[1] (bypass:0) dfgNode: 0 at cycle 6
[DEBUG] skip predecessor routing -- dfgNode: 0
[DEBUG] tryToRoute -- srcDFGNode: 34, srcCGRANode: 6; dstDFGNode: 50, dstCGRANode: 1; backEdge: 0
[DEBUG] in shareSameCycle is true: node 50
[DEBUG] cannot route due to II is violated for backward cycle
DEBUG target DFG node: 50 on fu: 1 failed, mapped pred DFG node: 34; return false
[DEBUG] fail1 in schedule() II: 111
[DEBUG] the failed path -- cycle: 7 CGRANode: 1
[DEBUG] the failed path -- cycle: 6 CGRANode: 2
[DEBUG] the failed path -- cycle: 5 CGRANode: 6
[DEBUG] the failed path -- cycle: 4 CGRANode: 10
----------------------------------------
[DEBUG] start heuristic algorithm with II=112
[DEBUG] schedule dfg node[33] onto fu[5] at cycle 0 within II: 112
[DEBUG] setDFGNode 33 onto CGRANode 5 at cycle: 0
[DEBUG] success in schedule()
[DEBUG] schedule dfg node[34] onto fu[6] at cycle 1 within II: 112
[DEBUG] setDFGNode 34 onto CGRANode 6 at cycle: 1
[DEBUG] in allocateReg() t_cycle: 0; i: 0 CGRA node: 6; link: 2 duration 1
[DEBUG] done reg allocation
[DEBUG] occupy link[5]-->[6] (bypass:0) dfgNode: 33 at cycle 0
[DEBUG] skip predecessor routing -- dfgNode: 33
[DEBUG] success in schedule()
[DEBUG] schedule dfg node[51] onto fu[10] at cycle 2 within II: 112
[DEBUG] setDFGNode 51 onto CGRANode 10 at cycle: 2
[DEBUG] in allocateReg() t_cycle: 1; i: 0 CGRA node: 10; link: 1 duration 1
[DEBUG] done reg allocation
[DEBUG] occupy link[6]-->[10] (bypass:0) dfgNode: 34 at cycle 1
[DEBUG] skip predecessor routing -- dfgNode: 34
[DEBUG] success in schedule()
[DEBUG] schedule dfg node[52] onto fu[9] at cycle 3 within II: 112
[DEBUG] setDFGNode 52 onto CGRANode 9 at cycle: 3
[DEBUG] in allocateReg() t_cycle: 2; i: 0 CGRA node: 9; link: 3 duration 1
[DEBUG] done reg allocation
[DEBUG] occupy link[10]-->[9] (bypass:0) dfgNode: 51 at cycle 2
[DEBUG] skip predecessor routing -- dfgNode: 51
[DEBUG] success in schedule()
[DEBUG] schedule dfg node[0] onto fu[10] at cycle 4 within II: 112
[DEBUG] setDFGNode 0 onto CGRANode 10 at cycle: 4
[DEBUG] in allocateReg() t_cycle: 3; i: 0 CGRA node: 10; link: 2 duration 1
[DEBUG] done reg allocation
[DEBUG] occupy link[9]-->[10] (bypass:0) dfgNode: 52 at cycle 3
[DEBUG] skip predecessor routing -- dfgNode: 52
[DEBUG] in shareSameCycle is true: node 0
[DEBUG] tryToRoute -- srcDFGNode: 0, srcCGRANode: 10; dstDFGNode: 33, dstCGRANode: 5; backEdge: 1
[DEBUG] in shareSameCycle is true: node 33
[DEBUG] check route size: 3
[DEBUG] occupy link[10]-->[6] (bypass:1) dfgNode: 0 at cycle 4
[DEBUG] reset duration: 107 t_dstCycle: 0 previous: 5 II: 112
[DEBUG] in allocateReg() t_cycle: 5; i: 0 CGRA node: 5; link: 3 duration 107
[DEBUG] done reg allocation
[DEBUG] occupy link[6]-->[5] (bypass:0) dfgNode: 0 at cycle 5
[DEBUG] in shareSameCycle is true: node 0
[DEBUG] tryToRoute -- srcDFGNode: 0, srcCGRANode: 10; dstDFGNode: 51, dstCGRANode: 10; backEdge: 1
[DEBUG] in shareSameCycle is true: node 51
[DEBUG] check route size: 1
[DEBUG] allocate for local reg maintain... duration=110 last cycle: 4
[DEBUG] in allocateReg() t_cycle: 4; i: 1 CGRA node: 10; link: 4 duration 110
[DEBUG] done reg allocation
[DEBUG] success in schedule()
[DEBUG] schedule dfg node[1] onto fu[14] at cycle 5 within II: 112
[DEBUG] setDFGNode 1 onto CGRANode 14 at cycle: 5
[DEBUG] in allocateReg() t_cycle: 4; i: 0 CGRA node: 14; link: 1 duration 1
[DEBUG] done reg allocation
[DEBUG] occupy link[10]-->[14] (bypass:0) dfgNode: 0 at cycle 4
[DEBUG] skip predecessor routing -- dfgNode: 0
[DEBUG] success in schedule()
[DEBUG] schedule dfg node[4] onto fu[6] at cycle 5 within II: 112
[DEBUG] setDFGNode 4 onto CGRANode 6 at cycle: 5
[DEBUG] in allocateReg() t_cycle: 4; i: 0 CGRA node: 6; link: 0 duration 1
[DEBUG] done reg allocation
[DEBUG] occupy link[10]-->[6] (bypass:0) dfgNode: 0 at cycle 4
[DEBUG] skip predecessor routing -- dfgNode: 0
[DEBUG] success in schedule()
[DEBUG] schedule dfg node[8] onto fu[9] at cycle 5 within II: 112
[DEBUG] setDFGNode 8 onto CGRANode 9 at cycle: 5
[DEBUG] in allocateReg() t_cycle: 4; i: 0 CGRA node: 9; link: 3 duration 1
[DEBUG] done reg allocation
[DEBUG] occupy link[10]-->[9] (bypass:0) dfgNode: 0 at cycle 4
[DEBUG] skip predecessor routing -- dfgNode: 0
[DEBUG] success in schedule()
[DEBUG] schedule dfg node[16] onto fu[5] at cycle 6 within II: 112
[DEBUG] setDFGNode 16 onto CGRANode 5 at cycle: 6
[DEBUG] occupy link[10]-->[6] (bypass:1) dfgNode: 0 at cycle 4
[DEBUG] in allocateReg() t_cycle: 5; i: 1 CGRA node: 5; link: 3 duration 1
[DEBUG] done reg allocation
[DEBUG] occupy link[6]-->[5] (bypass:0) dfgNode: 0 at cycle 5
[DEBUG] skip predecessor routing -- dfgNode: 0
[DEBUG] success in schedule()
[DEBUG] schedule dfg node[24] onto fu[10] at cycle 5 within II: 112
[DEBUG] setDFGNode 24 onto CGRANode 10 at cycle: 5
[DEBUG] tryToRoute -- srcDFGNode: 0, srcCGRANode: 10; dstDFGNode: 24, dstCGRANode: 10; backEdge: 0
[DEBUG] check route size: 1
[DEBUG] allocate for local reg maintain... duration=1 last cycle: 4
[DEBUG] in allocateReg() t_cycle: 4; i: 0 CGRA node: 10; link: 4 duration 1
[DEBUG] done reg allocation
[DEBUG] success in schedule()
[DEBUG] schedule dfg node[32] onto fu[13] at cycle 6 within II: 112
[DEBUG] setDFGNode 32 onto CGRANode 13 at cycle: 6
[DEBUG] occupy link[10]-->[9] (bypass:1) dfgNode: 0 at cycle 4
[DEBUG] in allocateReg() t_cycle: 5; i: 0 CGRA node: 13; link: 1 duration 1
[DEBUG] done reg allocation
[DEBUG] occupy link[9]-->[13] (bypass:0) dfgNode: 0 at cycle 5
[DEBUG] skip predecessor routing -- dfgNode: 0
[DEBUG] success in schedule()
[DEBUG] schedule dfg node[42] onto fu[2] at cycle 6 within II: 112
[DEBUG] setDFGNode 42 onto CGRANode 2 at cycle: 6
[DEBUG] occupy link[10]-->[6] (bypass:1) dfgNode: 0 at cycle 4
[DEBUG] in allocateReg() t_cycle: 5; i: 0 CGRA node: 2; link: 0 duration 1
[DEBUG] done reg allocation
[DEBUG] occupy link[6]-->[2] (bypass:0) dfgNode: 0 at cycle 5
[DEBUG] skip predecessor routing -- dfgNode: 0
[DEBUG] tryToRoute -- srcDFGNode: 34, srcCGRANode: 6; dstDFGNode: 42, dstCGRANode: 2; backEdge: 0
[DEBUG] check route size: 2
[DEBUG] reset duration: 5 t_dstCycle: 6 previous: 1 II: 112
[DEBUG] in allocateReg() t_cycle: 1; i: 1 CGRA node: 2; link: 0 duration 5
[DEBUG] done reg allocation
[DEBUG] occupy link[6]-->[2] (bypass:0) dfgNode: 34 at cycle 1
[DEBUG] success in schedule()
[DEBUG] schedule dfg node[50] onto fu[1] at cycle 7 within II: 112
[DEBUG] setDFGNode 50 onto CGRANode 1 at cycle: 7
[DEBUG] occupy link[10]-->[6] (bypass:1) dfgNode: 0 at cycle 4
[DEBUG] occupy link[6]-->[2] (bypass:1) dfgNode: 0 at cycle 5
[DEBUG] in allocateReg() t_cycle: 6; i: 0 CGRA node: 1; link: 3 duration 1
[DEBUG] done reg allocation
[DEBUG] occupy link[2]-->[1] (bypass:0) dfgNode: 0 at cycle 6
[DEBUG] skip predecessor routing -- dfgNode: 0
[DEBUG] tryToRoute -- srcDFGNode: 34, srcCGRANode: 6; dstDFGNode: 50, dstCGRANode: 1; backEdge: 0
[DEBUG] in shareSameCycle is true: node 50
[DEBUG] cannot route due to II is violated for backward cycle
DEBUG target DFG node: 50 on fu: 1 failed, mapped pred DFG node: 34; return false
[DEBUG] fail1 in schedule() II: 112
[DEBUG] the failed path -- cycle: 7 CGRANode: 1
[DEBUG] the failed path -- cycle: 6 CGRANode: 2
[DEBUG] the failed path -- cycle: 5 CGRANode: 6
[DEBUG] the failed path -- cycle: 4 CGRANode: 10
----------------------------------------
[DEBUG] start heuristic algorithm with II=113
[DEBUG] schedule dfg node[33] onto fu[5] at cycle 0 within II: 113
[DEBUG] setDFGNode 33 onto CGRANode 5 at cycle: 0
[DEBUG] success in schedule()
[DEBUG] schedule dfg node[34] onto fu[6] at cycle 1 within II: 113
[DEBUG] setDFGNode 34 onto CGRANode 6 at cycle: 1
[DEBUG] in allocateReg() t_cycle: 0; i: 0 CGRA node: 6; link: 2 duration 1
[DEBUG] done reg allocation
[DEBUG] occupy link[5]-->[6] (bypass:0) dfgNode: 33 at cycle 0
[DEBUG] skip predecessor routing -- dfgNode: 33
[DEBUG] success in schedule()
[DEBUG] schedule dfg node[51] onto fu[10] at cycle 2 within II: 113
[DEBUG] setDFGNode 51 onto CGRANode 10 at cycle: 2
[DEBUG] in allocateReg() t_cycle: 1; i: 0 CGRA node: 10; link: 1 duration 1
[DEBUG] done reg allocation
[DEBUG] occupy link[6]-->[10] (bypass:0) dfgNode: 34 at cycle 1
[DEBUG] skip predecessor routing -- dfgNode: 34
[DEBUG] success in schedule()
[DEBUG] schedule dfg node[52] onto fu[9] at cycle 3 within II: 113
[DEBUG] setDFGNode 52 onto CGRANode 9 at cycle: 3
[DEBUG] in allocateReg() t_cycle: 2; i: 0 CGRA node: 9; link: 3 duration 1
[DEBUG] done reg allocation
[DEBUG] occupy link[10]-->[9] (bypass:0) dfgNode: 51 at cycle 2
[DEBUG] skip predecessor routing -- dfgNode: 51
[DEBUG] success in schedule()
[DEBUG] schedule dfg node[0] onto fu[10] at cycle 4 within II: 113
[DEBUG] setDFGNode 0 onto CGRANode 10 at cycle: 4
[DEBUG] in allocateReg() t_cycle: 3; i: 0 CGRA node: 10; link: 2 duration 1
[DEBUG] done reg allocation
[DEBUG] occupy link[9]-->[10] (bypass:0) dfgNode: 52 at cycle 3
[DEBUG] skip predecessor routing -- dfgNode: 52
[DEBUG] in shareSameCycle is true: node 0
[DEBUG] tryToRoute -- srcDFGNode: 0, srcCGRANode: 10; dstDFGNode: 33, dstCGRANode: 5; backEdge: 1
[DEBUG] in shareSameCycle is true: node 33
[DEBUG] check route size: 3
[DEBUG] occupy link[10]-->[6] (bypass:1) dfgNode: 0 at cycle 4
[DEBUG] reset duration: 108 t_dstCycle: 0 previous: 5 II: 113
[DEBUG] in allocateReg() t_cycle: 5; i: 0 CGRA node: 5; link: 3 duration 108
[DEBUG] done reg allocation
[DEBUG] occupy link[6]-->[5] (bypass:0) dfgNode: 0 at cycle 5
[DEBUG] in shareSameCycle is true: node 0
[DEBUG] tryToRoute -- srcDFGNode: 0, srcCGRANode: 10; dstDFGNode: 51, dstCGRANode: 10; backEdge: 1
[DEBUG] in shareSameCycle is true: node 51
[DEBUG] check route size: 1
[DEBUG] allocate for local reg maintain... duration=111 last cycle: 4
[DEBUG] in allocateReg() t_cycle: 4; i: 1 CGRA node: 10; link: 4 duration 111
[DEBUG] done reg allocation
[DEBUG] success in schedule()
[DEBUG] schedule dfg node[1] onto fu[14] at cycle 5 within II: 113
[DEBUG] setDFGNode 1 onto CGRANode 14 at cycle: 5
[DEBUG] in allocateReg() t_cycle: 4; i: 0 CGRA node: 14; link: 1 duration 1
[DEBUG] done reg allocation
[DEBUG] occupy link[10]-->[14] (bypass:0) dfgNode: 0 at cycle 4
[DEBUG] skip predecessor routing -- dfgNode: 0
[DEBUG] success in schedule()
[DEBUG] schedule dfg node[4] onto fu[6] at cycle 5 within II: 113
[DEBUG] setDFGNode 4 onto CGRANode 6 at cycle: 5
[DEBUG] in allocateReg() t_cycle: 4; i: 0 CGRA node: 6; link: 0 duration 1
[DEBUG] done reg allocation
[DEBUG] occupy link[10]-->[6] (bypass:0) dfgNode: 0 at cycle 4
[DEBUG] skip predecessor routing -- dfgNode: 0
[DEBUG] success in schedule()
[DEBUG] schedule dfg node[8] onto fu[9] at cycle 5 within II: 113
[DEBUG] setDFGNode 8 onto CGRANode 9 at cycle: 5
[DEBUG] in allocateReg() t_cycle: 4; i: 0 CGRA node: 9; link: 3 duration 1
[DEBUG] done reg allocation
[DEBUG] occupy link[10]-->[9] (bypass:0) dfgNode: 0 at cycle 4
[DEBUG] skip predecessor routing -- dfgNode: 0
[DEBUG] success in schedule()
[DEBUG] schedule dfg node[16] onto fu[5] at cycle 6 within II: 113
[DEBUG] setDFGNode 16 onto CGRANode 5 at cycle: 6
[DEBUG] occupy link[10]-->[6] (bypass:1) dfgNode: 0 at cycle 4
[DEBUG] in allocateReg() t_cycle: 5; i: 1 CGRA node: 5; link: 3 duration 1
[DEBUG] done reg allocation
[DEBUG] occupy link[6]-->[5] (bypass:0) dfgNode: 0 at cycle 5
[DEBUG] skip predecessor routing -- dfgNode: 0
[DEBUG] success in schedule()
[DEBUG] schedule dfg node[24] onto fu[10] at cycle 5 within II: 113
[DEBUG] setDFGNode 24 onto CGRANode 10 at cycle: 5
[DEBUG] tryToRoute -- srcDFGNode: 0, srcCGRANode: 10; dstDFGNode: 24, dstCGRANode: 10; backEdge: 0
[DEBUG] check route size: 1
[DEBUG] allocate for local reg maintain... duration=1 last cycle: 4
[DEBUG] in allocateReg() t_cycle: 4; i: 0 CGRA node: 10; link: 4 duration 1
[DEBUG] done reg allocation
[DEBUG] success in schedule()
[DEBUG] schedule dfg node[32] onto fu[13] at cycle 6 within II: 113
[DEBUG] setDFGNode 32 onto CGRANode 13 at cycle: 6
[DEBUG] occupy link[10]-->[9] (bypass:1) dfgNode: 0 at cycle 4
[DEBUG] in allocateReg() t_cycle: 5; i: 0 CGRA node: 13; link: 1 duration 1
[DEBUG] done reg allocation
[DEBUG] occupy link[9]-->[13] (bypass:0) dfgNode: 0 at cycle 5
[DEBUG] skip predecessor routing -- dfgNode: 0
[DEBUG] success in schedule()
[DEBUG] schedule dfg node[42] onto fu[2] at cycle 6 within II: 113
[DEBUG] setDFGNode 42 onto CGRANode 2 at cycle: 6
[DEBUG] occupy link[10]-->[6] (bypass:1) dfgNode: 0 at cycle 4
[DEBUG] in allocateReg() t_cycle: 5; i: 0 CGRA node: 2; link: 0 duration 1
[DEBUG] done reg allocation
[DEBUG] occupy link[6]-->[2] (bypass:0) dfgNode: 0 at cycle 5
[DEBUG] skip predecessor routing -- dfgNode: 0
[DEBUG] tryToRoute -- srcDFGNode: 34, srcCGRANode: 6; dstDFGNode: 42, dstCGRANode: 2; backEdge: 0
[DEBUG] check route size: 2
[DEBUG] reset duration: 5 t_dstCycle: 6 previous: 1 II: 113
[DEBUG] in allocateReg() t_cycle: 1; i: 1 CGRA node: 2; link: 0 duration 5
[DEBUG] done reg allocation
[DEBUG] occupy link[6]-->[2] (bypass:0) dfgNode: 34 at cycle 1
[DEBUG] success in schedule()
[DEBUG] schedule dfg node[50] onto fu[1] at cycle 7 within II: 113
[DEBUG] setDFGNode 50 onto CGRANode 1 at cycle: 7
[DEBUG] occupy link[10]-->[6] (bypass:1) dfgNode: 0 at cycle 4
[DEBUG] occupy link[6]-->[2] (bypass:1) dfgNode: 0 at cycle 5
[DEBUG] in allocateReg() t_cycle: 6; i: 0 CGRA node: 1; link: 3 duration 1
[DEBUG] done reg allocation
[DEBUG] occupy link[2]-->[1] (bypass:0) dfgNode: 0 at cycle 6
[DEBUG] skip predecessor routing -- dfgNode: 0
[DEBUG] tryToRoute -- srcDFGNode: 34, srcCGRANode: 6; dstDFGNode: 50, dstCGRANode: 1; backEdge: 0
[DEBUG] in shareSameCycle is true: node 50
[DEBUG] cannot route due to II is violated for backward cycle
DEBUG target DFG node: 50 on fu: 1 failed, mapped pred DFG node: 34; return false
[DEBUG] fail1 in schedule() II: 113
[DEBUG] the failed path -- cycle: 7 CGRANode: 1
[DEBUG] the failed path -- cycle: 6 CGRANode: 2
[DEBUG] the failed path -- cycle: 5 CGRANode: 6
[DEBUG] the failed path -- cycle: 4 CGRANode: 10
----------------------------------------
[DEBUG] start heuristic algorithm with II=114
[DEBUG] schedule dfg node[33] onto fu[5] at cycle 0 within II: 114
[DEBUG] setDFGNode 33 onto CGRANode 5 at cycle: 0
[DEBUG] success in schedule()
[DEBUG] schedule dfg node[34] onto fu[6] at cycle 1 within II: 114
[DEBUG] setDFGNode 34 onto CGRANode 6 at cycle: 1
[DEBUG] in allocateReg() t_cycle: 0; i: 0 CGRA node: 6; link: 2 duration 1
[DEBUG] done reg allocation
[DEBUG] occupy link[5]-->[6] (bypass:0) dfgNode: 33 at cycle 0
[DEBUG] skip predecessor routing -- dfgNode: 33
[DEBUG] success in schedule()
[DEBUG] schedule dfg node[51] onto fu[10] at cycle 2 within II: 114
[DEBUG] setDFGNode 51 onto CGRANode 10 at cycle: 2
[DEBUG] in allocateReg() t_cycle: 1; i: 0 CGRA node: 10; link: 1 duration 1
[DEBUG] done reg allocation
[DEBUG] occupy link[6]-->[10] (bypass:0) dfgNode: 34 at cycle 1
[DEBUG] skip predecessor routing -- dfgNode: 34
[DEBUG] success in schedule()
[DEBUG] schedule dfg node[52] onto fu[9] at cycle 3 within II: 114
[DEBUG] setDFGNode 52 onto CGRANode 9 at cycle: 3
[DEBUG] in allocateReg() t_cycle: 2; i: 0 CGRA node: 9; link: 3 duration 1
[DEBUG] done reg allocation
[DEBUG] occupy link[10]-->[9] (bypass:0) dfgNode: 51 at cycle 2
[DEBUG] skip predecessor routing -- dfgNode: 51
[DEBUG] success in schedule()
[DEBUG] schedule dfg node[0] onto fu[10] at cycle 4 within II: 114
[DEBUG] setDFGNode 0 onto CGRANode 10 at cycle: 4
[DEBUG] in allocateReg() t_cycle: 3; i: 0 CGRA node: 10; link: 2 duration 1
[DEBUG] done reg allocation
[DEBUG] occupy link[9]-->[10] (bypass:0) dfgNode: 52 at cycle 3
[DEBUG] skip predecessor routing -- dfgNode: 52
[DEBUG] in shareSameCycle is true: node 0
[DEBUG] tryToRoute -- srcDFGNode: 0, srcCGRANode: 10; dstDFGNode: 33, dstCGRANode: 5; backEdge: 1
[DEBUG] in shareSameCycle is true: node 33
[DEBUG] check route size: 3
[DEBUG] occupy link[10]-->[6] (bypass:1) dfgNode: 0 at cycle 4
[DEBUG] reset duration: 109 t_dstCycle: 0 previous: 5 II: 114
[DEBUG] in allocateReg() t_cycle: 5; i: 0 CGRA node: 5; link: 3 duration 109
[DEBUG] done reg allocation
[DEBUG] occupy link[6]-->[5] (bypass:0) dfgNode: 0 at cycle 5
[DEBUG] in shareSameCycle is true: node 0
[DEBUG] tryToRoute -- srcDFGNode: 0, srcCGRANode: 10; dstDFGNode: 51, dstCGRANode: 10; backEdge: 1
[DEBUG] in shareSameCycle is true: node 51
[DEBUG] check route size: 1
[DEBUG] allocate for local reg maintain... duration=112 last cycle: 4
[DEBUG] in allocateReg() t_cycle: 4; i: 1 CGRA node: 10; link: 4 duration 112
[DEBUG] done reg allocation
[DEBUG] success in schedule()
[DEBUG] schedule dfg node[1] onto fu[14] at cycle 5 within II: 114
[DEBUG] setDFGNode 1 onto CGRANode 14 at cycle: 5
[DEBUG] in allocateReg() t_cycle: 4; i: 0 CGRA node: 14; link: 1 duration 1
[DEBUG] done reg allocation
[DEBUG] occupy link[10]-->[14] (bypass:0) dfgNode: 0 at cycle 4
[DEBUG] skip predecessor routing -- dfgNode: 0
[DEBUG] success in schedule()
[DEBUG] schedule dfg node[4] onto fu[6] at cycle 5 within II: 114
[DEBUG] setDFGNode 4 onto CGRANode 6 at cycle: 5
[DEBUG] in allocateReg() t_cycle: 4; i: 0 CGRA node: 6; link: 0 duration 1
[DEBUG] done reg allocation
[DEBUG] occupy link[10]-->[6] (bypass:0) dfgNode: 0 at cycle 4
[DEBUG] skip predecessor routing -- dfgNode: 0
[DEBUG] success in schedule()
[DEBUG] schedule dfg node[8] onto fu[9] at cycle 5 within II: 114
[DEBUG] setDFGNode 8 onto CGRANode 9 at cycle: 5
[DEBUG] in allocateReg() t_cycle: 4; i: 0 CGRA node: 9; link: 3 duration 1
[DEBUG] done reg allocation
[DEBUG] occupy link[10]-->[9] (bypass:0) dfgNode: 0 at cycle 4
[DEBUG] skip predecessor routing -- dfgNode: 0
[DEBUG] success in schedule()
[DEBUG] schedule dfg node[16] onto fu[5] at cycle 6 within II: 114
[DEBUG] setDFGNode 16 onto CGRANode 5 at cycle: 6
[DEBUG] occupy link[10]-->[6] (bypass:1) dfgNode: 0 at cycle 4
[DEBUG] in allocateReg() t_cycle: 5; i: 1 CGRA node: 5; link: 3 duration 1
[DEBUG] done reg allocation
[DEBUG] occupy link[6]-->[5] (bypass:0) dfgNode: 0 at cycle 5
[DEBUG] skip predecessor routing -- dfgNode: 0
[DEBUG] success in schedule()
[DEBUG] schedule dfg node[24] onto fu[10] at cycle 5 within II: 114
[DEBUG] setDFGNode 24 onto CGRANode 10 at cycle: 5
[DEBUG] tryToRoute -- srcDFGNode: 0, srcCGRANode: 10; dstDFGNode: 24, dstCGRANode: 10; backEdge: 0
[DEBUG] check route size: 1
[DEBUG] allocate for local reg maintain... duration=1 last cycle: 4
[DEBUG] in allocateReg() t_cycle: 4; i: 0 CGRA node: 10; link: 4 duration 1
[DEBUG] done reg allocation
[DEBUG] success in schedule()
[DEBUG] schedule dfg node[32] onto fu[13] at cycle 6 within II: 114
[DEBUG] setDFGNode 32 onto CGRANode 13 at cycle: 6
[DEBUG] occupy link[10]-->[9] (bypass:1) dfgNode: 0 at cycle 4
[DEBUG] in allocateReg() t_cycle: 5; i: 0 CGRA node: 13; link: 1 duration 1
[DEBUG] done reg allocation
[DEBUG] occupy link[9]-->[13] (bypass:0) dfgNode: 0 at cycle 5
[DEBUG] skip predecessor routing -- dfgNode: 0
[DEBUG] success in schedule()
[DEBUG] schedule dfg node[42] onto fu[2] at cycle 6 within II: 114
[DEBUG] setDFGNode 42 onto CGRANode 2 at cycle: 6
[DEBUG] occupy link[10]-->[6] (bypass:1) dfgNode: 0 at cycle 4
[DEBUG] in allocateReg() t_cycle: 5; i: 0 CGRA node: 2; link: 0 duration 1
[DEBUG] done reg allocation
[DEBUG] occupy link[6]-->[2] (bypass:0) dfgNode: 0 at cycle 5
[DEBUG] skip predecessor routing -- dfgNode: 0
[DEBUG] tryToRoute -- srcDFGNode: 34, srcCGRANode: 6; dstDFGNode: 42, dstCGRANode: 2; backEdge: 0
[DEBUG] check route size: 2
[DEBUG] reset duration: 5 t_dstCycle: 6 previous: 1 II: 114
[DEBUG] in allocateReg() t_cycle: 1; i: 1 CGRA node: 2; link: 0 duration 5
[DEBUG] done reg allocation
[DEBUG] occupy link[6]-->[2] (bypass:0) dfgNode: 34 at cycle 1
[DEBUG] success in schedule()
[DEBUG] schedule dfg node[50] onto fu[1] at cycle 7 within II: 114
[DEBUG] setDFGNode 50 onto CGRANode 1 at cycle: 7
[DEBUG] occupy link[10]-->[6] (bypass:1) dfgNode: 0 at cycle 4
[DEBUG] occupy link[6]-->[2] (bypass:1) dfgNode: 0 at cycle 5
[DEBUG] in allocateReg() t_cycle: 6; i: 0 CGRA node: 1; link: 3 duration 1
[DEBUG] done reg allocation
[DEBUG] occupy link[2]-->[1] (bypass:0) dfgNode: 0 at cycle 6
[DEBUG] skip predecessor routing -- dfgNode: 0
[DEBUG] tryToRoute -- srcDFGNode: 34, srcCGRANode: 6; dstDFGNode: 50, dstCGRANode: 1; backEdge: 0
[DEBUG] in shareSameCycle is true: node 50
[DEBUG] cannot route due to II is violated for backward cycle
DEBUG target DFG node: 50 on fu: 1 failed, mapped pred DFG node: 34; return false
[DEBUG] fail1 in schedule() II: 114
[DEBUG] the failed path -- cycle: 7 CGRANode: 1
[DEBUG] the failed path -- cycle: 6 CGRANode: 2
[DEBUG] the failed path -- cycle: 5 CGRANode: 6
[DEBUG] the failed path -- cycle: 4 CGRANode: 10
----------------------------------------
[DEBUG] start heuristic algorithm with II=115
[DEBUG] schedule dfg node[33] onto fu[5] at cycle 0 within II: 115
[DEBUG] setDFGNode 33 onto CGRANode 5 at cycle: 0
[DEBUG] success in schedule()
[DEBUG] schedule dfg node[34] onto fu[6] at cycle 1 within II: 115
[DEBUG] setDFGNode 34 onto CGRANode 6 at cycle: 1
[DEBUG] in allocateReg() t_cycle: 0; i: 0 CGRA node: 6; link: 2 duration 1
[DEBUG] done reg allocation
[DEBUG] occupy link[5]-->[6] (bypass:0) dfgNode: 33 at cycle 0
[DEBUG] skip predecessor routing -- dfgNode: 33
[DEBUG] success in schedule()
[DEBUG] schedule dfg node[51] onto fu[10] at cycle 2 within II: 115
[DEBUG] setDFGNode 51 onto CGRANode 10 at cycle: 2
[DEBUG] in allocateReg() t_cycle: 1; i: 0 CGRA node: 10; link: 1 duration 1
[DEBUG] done reg allocation
[DEBUG] occupy link[6]-->[10] (bypass:0) dfgNode: 34 at cycle 1
[DEBUG] skip predecessor routing -- dfgNode: 34
[DEBUG] success in schedule()
[DEBUG] schedule dfg node[52] onto fu[9] at cycle 3 within II: 115
[DEBUG] setDFGNode 52 onto CGRANode 9 at cycle: 3
[DEBUG] in allocateReg() t_cycle: 2; i: 0 CGRA node: 9; link: 3 duration 1
[DEBUG] done reg allocation
[DEBUG] occupy link[10]-->[9] (bypass:0) dfgNode: 51 at cycle 2
[DEBUG] skip predecessor routing -- dfgNode: 51
[DEBUG] success in schedule()
[DEBUG] schedule dfg node[0] onto fu[10] at cycle 4 within II: 115
[DEBUG] setDFGNode 0 onto CGRANode 10 at cycle: 4
[DEBUG] in allocateReg() t_cycle: 3; i: 0 CGRA node: 10; link: 2 duration 1
[DEBUG] done reg allocation
[DEBUG] occupy link[9]-->[10] (bypass:0) dfgNode: 52 at cycle 3
[DEBUG] skip predecessor routing -- dfgNode: 52
[DEBUG] in shareSameCycle is true: node 0
[DEBUG] tryToRoute -- srcDFGNode: 0, srcCGRANode: 10; dstDFGNode: 33, dstCGRANode: 5; backEdge: 1
[DEBUG] in shareSameCycle is true: node 33
[DEBUG] check route size: 3
[DEBUG] occupy link[10]-->[6] (bypass:1) dfgNode: 0 at cycle 4
[DEBUG] reset duration: 110 t_dstCycle: 0 previous: 5 II: 115
[DEBUG] in allocateReg() t_cycle: 5; i: 0 CGRA node: 5; link: 3 duration 110
[DEBUG] done reg allocation
[DEBUG] occupy link[6]-->[5] (bypass:0) dfgNode: 0 at cycle 5
[DEBUG] in shareSameCycle is true: node 0
[DEBUG] tryToRoute -- srcDFGNode: 0, srcCGRANode: 10; dstDFGNode: 51, dstCGRANode: 10; backEdge: 1
[DEBUG] in shareSameCycle is true: node 51
[DEBUG] check route size: 1
[DEBUG] allocate for local reg maintain... duration=113 last cycle: 4
[DEBUG] in allocateReg() t_cycle: 4; i: 1 CGRA node: 10; link: 4 duration 113
[DEBUG] done reg allocation
[DEBUG] success in schedule()
[DEBUG] schedule dfg node[1] onto fu[14] at cycle 5 within II: 115
[DEBUG] setDFGNode 1 onto CGRANode 14 at cycle: 5
[DEBUG] in allocateReg() t_cycle: 4; i: 0 CGRA node: 14; link: 1 duration 1
[DEBUG] done reg allocation
[DEBUG] occupy link[10]-->[14] (bypass:0) dfgNode: 0 at cycle 4
[DEBUG] skip predecessor routing -- dfgNode: 0
[DEBUG] success in schedule()
[DEBUG] schedule dfg node[4] onto fu[6] at cycle 5 within II: 115
[DEBUG] setDFGNode 4 onto CGRANode 6 at cycle: 5
[DEBUG] in allocateReg() t_cycle: 4; i: 0 CGRA node: 6; link: 0 duration 1
[DEBUG] done reg allocation
[DEBUG] occupy link[10]-->[6] (bypass:0) dfgNode: 0 at cycle 4
[DEBUG] skip predecessor routing -- dfgNode: 0
[DEBUG] success in schedule()
[DEBUG] schedule dfg node[8] onto fu[9] at cycle 5 within II: 115
[DEBUG] setDFGNode 8 onto CGRANode 9 at cycle: 5
[DEBUG] in allocateReg() t_cycle: 4; i: 0 CGRA node: 9; link: 3 duration 1
[DEBUG] done reg allocation
[DEBUG] occupy link[10]-->[9] (bypass:0) dfgNode: 0 at cycle 4
[DEBUG] skip predecessor routing -- dfgNode: 0
[DEBUG] success in schedule()
[DEBUG] schedule dfg node[16] onto fu[5] at cycle 6 within II: 115
[DEBUG] setDFGNode 16 onto CGRANode 5 at cycle: 6
[DEBUG] occupy link[10]-->[6] (bypass:1) dfgNode: 0 at cycle 4
[DEBUG] in allocateReg() t_cycle: 5; i: 1 CGRA node: 5; link: 3 duration 1
[DEBUG] done reg allocation
[DEBUG] occupy link[6]-->[5] (bypass:0) dfgNode: 0 at cycle 5
[DEBUG] skip predecessor routing -- dfgNode: 0
[DEBUG] success in schedule()
[DEBUG] schedule dfg node[24] onto fu[10] at cycle 5 within II: 115
[DEBUG] setDFGNode 24 onto CGRANode 10 at cycle: 5
[DEBUG] tryToRoute -- srcDFGNode: 0, srcCGRANode: 10; dstDFGNode: 24, dstCGRANode: 10; backEdge: 0
[DEBUG] check route size: 1
[DEBUG] allocate for local reg maintain... duration=1 last cycle: 4
[DEBUG] in allocateReg() t_cycle: 4; i: 0 CGRA node: 10; link: 4 duration 1
[DEBUG] done reg allocation
[DEBUG] success in schedule()
[DEBUG] schedule dfg node[32] onto fu[13] at cycle 6 within II: 115
[DEBUG] setDFGNode 32 onto CGRANode 13 at cycle: 6
[DEBUG] occupy link[10]-->[9] (bypass:1) dfgNode: 0 at cycle 4
[DEBUG] in allocateReg() t_cycle: 5; i: 0 CGRA node: 13; link: 1 duration 1
[DEBUG] done reg allocation
[DEBUG] occupy link[9]-->[13] (bypass:0) dfgNode: 0 at cycle 5
[DEBUG] skip predecessor routing -- dfgNode: 0
[DEBUG] success in schedule()
[DEBUG] schedule dfg node[42] onto fu[2] at cycle 6 within II: 115
[DEBUG] setDFGNode 42 onto CGRANode 2 at cycle: 6
[DEBUG] occupy link[10]-->[6] (bypass:1) dfgNode: 0 at cycle 4
[DEBUG] in allocateReg() t_cycle: 5; i: 0 CGRA node: 2; link: 0 duration 1
[DEBUG] done reg allocation
[DEBUG] occupy link[6]-->[2] (bypass:0) dfgNode: 0 at cycle 5
[DEBUG] skip predecessor routing -- dfgNode: 0
[DEBUG] tryToRoute -- srcDFGNode: 34, srcCGRANode: 6; dstDFGNode: 42, dstCGRANode: 2; backEdge: 0
[DEBUG] check route size: 2
[DEBUG] reset duration: 5 t_dstCycle: 6 previous: 1 II: 115
[DEBUG] in allocateReg() t_cycle: 1; i: 1 CGRA node: 2; link: 0 duration 5
[DEBUG] done reg allocation
[DEBUG] occupy link[6]-->[2] (bypass:0) dfgNode: 34 at cycle 1
[DEBUG] success in schedule()
[DEBUG] schedule dfg node[50] onto fu[1] at cycle 7 within II: 115
[DEBUG] setDFGNode 50 onto CGRANode 1 at cycle: 7
[DEBUG] occupy link[10]-->[6] (bypass:1) dfgNode: 0 at cycle 4
[DEBUG] occupy link[6]-->[2] (bypass:1) dfgNode: 0 at cycle 5
[DEBUG] in allocateReg() t_cycle: 6; i: 0 CGRA node: 1; link: 3 duration 1
[DEBUG] done reg allocation
[DEBUG] occupy link[2]-->[1] (bypass:0) dfgNode: 0 at cycle 6
[DEBUG] skip predecessor routing -- dfgNode: 0
[DEBUG] tryToRoute -- srcDFGNode: 34, srcCGRANode: 6; dstDFGNode: 50, dstCGRANode: 1; backEdge: 0
[DEBUG] in shareSameCycle is true: node 50
[DEBUG] cannot route due to II is violated for backward cycle
DEBUG target DFG node: 50 on fu: 1 failed, mapped pred DFG node: 34; return false
[DEBUG] fail1 in schedule() II: 115
[DEBUG] the failed path -- cycle: 7 CGRANode: 1
[DEBUG] the failed path -- cycle: 6 CGRANode: 2
[DEBUG] the failed path -- cycle: 5 CGRANode: 6
[DEBUG] the failed path -- cycle: 4 CGRANode: 10
----------------------------------------
[DEBUG] start heuristic algorithm with II=116
[DEBUG] schedule dfg node[33] onto fu[5] at cycle 0 within II: 116
[DEBUG] setDFGNode 33 onto CGRANode 5 at cycle: 0
[DEBUG] success in schedule()
[DEBUG] schedule dfg node[34] onto fu[6] at cycle 1 within II: 116
[DEBUG] setDFGNode 34 onto CGRANode 6 at cycle: 1
[DEBUG] in allocateReg() t_cycle: 0; i: 0 CGRA node: 6; link: 2 duration 1
[DEBUG] done reg allocation
[DEBUG] occupy link[5]-->[6] (bypass:0) dfgNode: 33 at cycle 0
[DEBUG] skip predecessor routing -- dfgNode: 33
[DEBUG] success in schedule()
[DEBUG] schedule dfg node[51] onto fu[10] at cycle 2 within II: 116
[DEBUG] setDFGNode 51 onto CGRANode 10 at cycle: 2
[DEBUG] in allocateReg() t_cycle: 1; i: 0 CGRA node: 10; link: 1 duration 1
[DEBUG] done reg allocation
[DEBUG] occupy link[6]-->[10] (bypass:0) dfgNode: 34 at cycle 1
[DEBUG] skip predecessor routing -- dfgNode: 34
[DEBUG] success in schedule()
[DEBUG] schedule dfg node[52] onto fu[9] at cycle 3 within II: 116
[DEBUG] setDFGNode 52 onto CGRANode 9 at cycle: 3
[DEBUG] in allocateReg() t_cycle: 2; i: 0 CGRA node: 9; link: 3 duration 1
[DEBUG] done reg allocation
[DEBUG] occupy link[10]-->[9] (bypass:0) dfgNode: 51 at cycle 2
[DEBUG] skip predecessor routing -- dfgNode: 51
[DEBUG] success in schedule()
[DEBUG] schedule dfg node[0] onto fu[10] at cycle 4 within II: 116
[DEBUG] setDFGNode 0 onto CGRANode 10 at cycle: 4
[DEBUG] in allocateReg() t_cycle: 3; i: 0 CGRA node: 10; link: 2 duration 1
[DEBUG] done reg allocation
[DEBUG] occupy link[9]-->[10] (bypass:0) dfgNode: 52 at cycle 3
[DEBUG] skip predecessor routing -- dfgNode: 52
[DEBUG] in shareSameCycle is true: node 0
[DEBUG] tryToRoute -- srcDFGNode: 0, srcCGRANode: 10; dstDFGNode: 33, dstCGRANode: 5; backEdge: 1
[DEBUG] in shareSameCycle is true: node 33
[DEBUG] check route size: 3
[DEBUG] occupy link[10]-->[6] (bypass:1) dfgNode: 0 at cycle 4
[DEBUG] reset duration: 111 t_dstCycle: 0 previous: 5 II: 116
[DEBUG] in allocateReg() t_cycle: 5; i: 0 CGRA node: 5; link: 3 duration 111
[DEBUG] done reg allocation
[DEBUG] occupy link[6]-->[5] (bypass:0) dfgNode: 0 at cycle 5
[DEBUG] in shareSameCycle is true: node 0
[DEBUG] tryToRoute -- srcDFGNode: 0, srcCGRANode: 10; dstDFGNode: 51, dstCGRANode: 10; backEdge: 1
[DEBUG] in shareSameCycle is true: node 51
[DEBUG] check route size: 1
[DEBUG] allocate for local reg maintain... duration=114 last cycle: 4
[DEBUG] in allocateReg() t_cycle: 4; i: 1 CGRA node: 10; link: 4 duration 114
[DEBUG] done reg allocation
[DEBUG] success in schedule()
[DEBUG] schedule dfg node[1] onto fu[14] at cycle 5 within II: 116
[DEBUG] setDFGNode 1 onto CGRANode 14 at cycle: 5
[DEBUG] in allocateReg() t_cycle: 4; i: 0 CGRA node: 14; link: 1 duration 1
[DEBUG] done reg allocation
[DEBUG] occupy link[10]-->[14] (bypass:0) dfgNode: 0 at cycle 4
[DEBUG] skip predecessor routing -- dfgNode: 0
[DEBUG] success in schedule()
[DEBUG] schedule dfg node[4] onto fu[6] at cycle 5 within II: 116
[DEBUG] setDFGNode 4 onto CGRANode 6 at cycle: 5
[DEBUG] in allocateReg() t_cycle: 4; i: 0 CGRA node: 6; link: 0 duration 1
[DEBUG] done reg allocation
[DEBUG] occupy link[10]-->[6] (bypass:0) dfgNode: 0 at cycle 4
[DEBUG] skip predecessor routing -- dfgNode: 0
[DEBUG] success in schedule()
[DEBUG] schedule dfg node[8] onto fu[9] at cycle 5 within II: 116
[DEBUG] setDFGNode 8 onto CGRANode 9 at cycle: 5
[DEBUG] in allocateReg() t_cycle: 4; i: 0 CGRA node: 9; link: 3 duration 1
[DEBUG] done reg allocation
[DEBUG] occupy link[10]-->[9] (bypass:0) dfgNode: 0 at cycle 4
[DEBUG] skip predecessor routing -- dfgNode: 0
[DEBUG] success in schedule()
[DEBUG] schedule dfg node[16] onto fu[5] at cycle 6 within II: 116
[DEBUG] setDFGNode 16 onto CGRANode 5 at cycle: 6
[DEBUG] occupy link[10]-->[6] (bypass:1) dfgNode: 0 at cycle 4
[DEBUG] in allocateReg() t_cycle: 5; i: 1 CGRA node: 5; link: 3 duration 1
[DEBUG] done reg allocation
[DEBUG] occupy link[6]-->[5] (bypass:0) dfgNode: 0 at cycle 5
[DEBUG] skip predecessor routing -- dfgNode: 0
[DEBUG] success in schedule()
[DEBUG] schedule dfg node[24] onto fu[10] at cycle 5 within II: 116
[DEBUG] setDFGNode 24 onto CGRANode 10 at cycle: 5
[DEBUG] tryToRoute -- srcDFGNode: 0, srcCGRANode: 10; dstDFGNode: 24, dstCGRANode: 10; backEdge: 0
[DEBUG] check route size: 1
[DEBUG] allocate for local reg maintain... duration=1 last cycle: 4
[DEBUG] in allocateReg() t_cycle: 4; i: 0 CGRA node: 10; link: 4 duration 1
[DEBUG] done reg allocation
[DEBUG] success in schedule()
[DEBUG] schedule dfg node[32] onto fu[13] at cycle 6 within II: 116
[DEBUG] setDFGNode 32 onto CGRANode 13 at cycle: 6
[DEBUG] occupy link[10]-->[9] (bypass:1) dfgNode: 0 at cycle 4
[DEBUG] in allocateReg() t_cycle: 5; i: 0 CGRA node: 13; link: 1 duration 1
[DEBUG] done reg allocation
[DEBUG] occupy link[9]-->[13] (bypass:0) dfgNode: 0 at cycle 5
[DEBUG] skip predecessor routing -- dfgNode: 0
[DEBUG] success in schedule()
[DEBUG] schedule dfg node[42] onto fu[2] at cycle 6 within II: 116
[DEBUG] setDFGNode 42 onto CGRANode 2 at cycle: 6
[DEBUG] occupy link[10]-->[6] (bypass:1) dfgNode: 0 at cycle 4
[DEBUG] in allocateReg() t_cycle: 5; i: 0 CGRA node: 2; link: 0 duration 1
[DEBUG] done reg allocation
[DEBUG] occupy link[6]-->[2] (bypass:0) dfgNode: 0 at cycle 5
[DEBUG] skip predecessor routing -- dfgNode: 0
[DEBUG] tryToRoute -- srcDFGNode: 34, srcCGRANode: 6; dstDFGNode: 42, dstCGRANode: 2; backEdge: 0
[DEBUG] check route size: 2
[DEBUG] reset duration: 5 t_dstCycle: 6 previous: 1 II: 116
[DEBUG] in allocateReg() t_cycle: 1; i: 1 CGRA node: 2; link: 0 duration 5
[DEBUG] done reg allocation
[DEBUG] occupy link[6]-->[2] (bypass:0) dfgNode: 34 at cycle 1
[DEBUG] success in schedule()
[DEBUG] schedule dfg node[50] onto fu[1] at cycle 7 within II: 116
[DEBUG] setDFGNode 50 onto CGRANode 1 at cycle: 7
[DEBUG] occupy link[10]-->[6] (bypass:1) dfgNode: 0 at cycle 4
[DEBUG] occupy link[6]-->[2] (bypass:1) dfgNode: 0 at cycle 5
[DEBUG] in allocateReg() t_cycle: 6; i: 0 CGRA node: 1; link: 3 duration 1
[DEBUG] done reg allocation
[DEBUG] occupy link[2]-->[1] (bypass:0) dfgNode: 0 at cycle 6
[DEBUG] skip predecessor routing -- dfgNode: 0
[DEBUG] tryToRoute -- srcDFGNode: 34, srcCGRANode: 6; dstDFGNode: 50, dstCGRANode: 1; backEdge: 0
[DEBUG] in shareSameCycle is true: node 50
[DEBUG] cannot route due to II is violated for backward cycle
DEBUG target DFG node: 50 on fu: 1 failed, mapped pred DFG node: 34; return false
[DEBUG] fail1 in schedule() II: 116
[DEBUG] the failed path -- cycle: 7 CGRANode: 1
[DEBUG] the failed path -- cycle: 6 CGRANode: 2
[DEBUG] the failed path -- cycle: 5 CGRANode: 6
[DEBUG] the failed path -- cycle: 4 CGRANode: 10
----------------------------------------
[DEBUG] start heuristic algorithm with II=117
[DEBUG] schedule dfg node[33] onto fu[5] at cycle 0 within II: 117
[DEBUG] setDFGNode 33 onto CGRANode 5 at cycle: 0
[DEBUG] success in schedule()
[DEBUG] schedule dfg node[34] onto fu[6] at cycle 1 within II: 117
[DEBUG] setDFGNode 34 onto CGRANode 6 at cycle: 1
[DEBUG] in allocateReg() t_cycle: 0; i: 0 CGRA node: 6; link: 2 duration 1
[DEBUG] done reg allocation
[DEBUG] occupy link[5]-->[6] (bypass:0) dfgNode: 33 at cycle 0
[DEBUG] skip predecessor routing -- dfgNode: 33
[DEBUG] success in schedule()
[DEBUG] schedule dfg node[51] onto fu[10] at cycle 2 within II: 117
[DEBUG] setDFGNode 51 onto CGRANode 10 at cycle: 2
[DEBUG] in allocateReg() t_cycle: 1; i: 0 CGRA node: 10; link: 1 duration 1
[DEBUG] done reg allocation
[DEBUG] occupy link[6]-->[10] (bypass:0) dfgNode: 34 at cycle 1
[DEBUG] skip predecessor routing -- dfgNode: 34
[DEBUG] success in schedule()
[DEBUG] schedule dfg node[52] onto fu[9] at cycle 3 within II: 117
[DEBUG] setDFGNode 52 onto CGRANode 9 at cycle: 3
[DEBUG] in allocateReg() t_cycle: 2; i: 0 CGRA node: 9; link: 3 duration 1
[DEBUG] done reg allocation
[DEBUG] occupy link[10]-->[9] (bypass:0) dfgNode: 51 at cycle 2
[DEBUG] skip predecessor routing -- dfgNode: 51
[DEBUG] success in schedule()
[DEBUG] schedule dfg node[0] onto fu[10] at cycle 4 within II: 117
[DEBUG] setDFGNode 0 onto CGRANode 10 at cycle: 4
[DEBUG] in allocateReg() t_cycle: 3; i: 0 CGRA node: 10; link: 2 duration 1
[DEBUG] done reg allocation
[DEBUG] occupy link[9]-->[10] (bypass:0) dfgNode: 52 at cycle 3
[DEBUG] skip predecessor routing -- dfgNode: 52
[DEBUG] in shareSameCycle is true: node 0
[DEBUG] tryToRoute -- srcDFGNode: 0, srcCGRANode: 10; dstDFGNode: 33, dstCGRANode: 5; backEdge: 1
[DEBUG] in shareSameCycle is true: node 33
[DEBUG] check route size: 3
[DEBUG] occupy link[10]-->[6] (bypass:1) dfgNode: 0 at cycle 4
[DEBUG] reset duration: 112 t_dstCycle: 0 previous: 5 II: 117
[DEBUG] in allocateReg() t_cycle: 5; i: 0 CGRA node: 5; link: 3 duration 112
[DEBUG] done reg allocation
[DEBUG] occupy link[6]-->[5] (bypass:0) dfgNode: 0 at cycle 5
[DEBUG] in shareSameCycle is true: node 0
[DEBUG] tryToRoute -- srcDFGNode: 0, srcCGRANode: 10; dstDFGNode: 51, dstCGRANode: 10; backEdge: 1
[DEBUG] in shareSameCycle is true: node 51
[DEBUG] check route size: 1
[DEBUG] allocate for local reg maintain... duration=115 last cycle: 4
[DEBUG] in allocateReg() t_cycle: 4; i: 1 CGRA node: 10; link: 4 duration 115
[DEBUG] done reg allocation
[DEBUG] success in schedule()
[DEBUG] schedule dfg node[1] onto fu[14] at cycle 5 within II: 117
[DEBUG] setDFGNode 1 onto CGRANode 14 at cycle: 5
[DEBUG] in allocateReg() t_cycle: 4; i: 0 CGRA node: 14; link: 1 duration 1
[DEBUG] done reg allocation
[DEBUG] occupy link[10]-->[14] (bypass:0) dfgNode: 0 at cycle 4
[DEBUG] skip predecessor routing -- dfgNode: 0
[DEBUG] success in schedule()
[DEBUG] schedule dfg node[4] onto fu[6] at cycle 5 within II: 117
[DEBUG] setDFGNode 4 onto CGRANode 6 at cycle: 5
[DEBUG] in allocateReg() t_cycle: 4; i: 0 CGRA node: 6; link: 0 duration 1
[DEBUG] done reg allocation
[DEBUG] occupy link[10]-->[6] (bypass:0) dfgNode: 0 at cycle 4
[DEBUG] skip predecessor routing -- dfgNode: 0
[DEBUG] success in schedule()
[DEBUG] schedule dfg node[8] onto fu[9] at cycle 5 within II: 117
[DEBUG] setDFGNode 8 onto CGRANode 9 at cycle: 5
[DEBUG] in allocateReg() t_cycle: 4; i: 0 CGRA node: 9; link: 3 duration 1
[DEBUG] done reg allocation
[DEBUG] occupy link[10]-->[9] (bypass:0) dfgNode: 0 at cycle 4
[DEBUG] skip predecessor routing -- dfgNode: 0
[DEBUG] success in schedule()
[DEBUG] schedule dfg node[16] onto fu[5] at cycle 6 within II: 117
[DEBUG] setDFGNode 16 onto CGRANode 5 at cycle: 6
[DEBUG] occupy link[10]-->[6] (bypass:1) dfgNode: 0 at cycle 4
[DEBUG] in allocateReg() t_cycle: 5; i: 1 CGRA node: 5; link: 3 duration 1
[DEBUG] done reg allocation
[DEBUG] occupy link[6]-->[5] (bypass:0) dfgNode: 0 at cycle 5
[DEBUG] skip predecessor routing -- dfgNode: 0
[DEBUG] success in schedule()
[DEBUG] schedule dfg node[24] onto fu[10] at cycle 5 within II: 117
[DEBUG] setDFGNode 24 onto CGRANode 10 at cycle: 5
[DEBUG] tryToRoute -- srcDFGNode: 0, srcCGRANode: 10; dstDFGNode: 24, dstCGRANode: 10; backEdge: 0
[DEBUG] check route size: 1
[DEBUG] allocate for local reg maintain... duration=1 last cycle: 4
[DEBUG] in allocateReg() t_cycle: 4; i: 0 CGRA node: 10; link: 4 duration 1
[DEBUG] done reg allocation
[DEBUG] success in schedule()
[DEBUG] schedule dfg node[32] onto fu[13] at cycle 6 within II: 117
[DEBUG] setDFGNode 32 onto CGRANode 13 at cycle: 6
[DEBUG] occupy link[10]-->[9] (bypass:1) dfgNode: 0 at cycle 4
[DEBUG] in allocateReg() t_cycle: 5; i: 0 CGRA node: 13; link: 1 duration 1
[DEBUG] done reg allocation
[DEBUG] occupy link[9]-->[13] (bypass:0) dfgNode: 0 at cycle 5
[DEBUG] skip predecessor routing -- dfgNode: 0
[DEBUG] success in schedule()
[DEBUG] schedule dfg node[42] onto fu[2] at cycle 6 within II: 117
[DEBUG] setDFGNode 42 onto CGRANode 2 at cycle: 6
[DEBUG] occupy link[10]-->[6] (bypass:1) dfgNode: 0 at cycle 4
[DEBUG] in allocateReg() t_cycle: 5; i: 0 CGRA node: 2; link: 0 duration 1
[DEBUG] done reg allocation
[DEBUG] occupy link[6]-->[2] (bypass:0) dfgNode: 0 at cycle 5
[DEBUG] skip predecessor routing -- dfgNode: 0
[DEBUG] tryToRoute -- srcDFGNode: 34, srcCGRANode: 6; dstDFGNode: 42, dstCGRANode: 2; backEdge: 0
[DEBUG] check route size: 2
[DEBUG] reset duration: 5 t_dstCycle: 6 previous: 1 II: 117
[DEBUG] in allocateReg() t_cycle: 1; i: 1 CGRA node: 2; link: 0 duration 5
[DEBUG] done reg allocation
[DEBUG] occupy link[6]-->[2] (bypass:0) dfgNode: 34 at cycle 1
[DEBUG] success in schedule()
[DEBUG] schedule dfg node[50] onto fu[1] at cycle 7 within II: 117
[DEBUG] setDFGNode 50 onto CGRANode 1 at cycle: 7
[DEBUG] occupy link[10]-->[6] (bypass:1) dfgNode: 0 at cycle 4
[DEBUG] occupy link[6]-->[2] (bypass:1) dfgNode: 0 at cycle 5
[DEBUG] in allocateReg() t_cycle: 6; i: 0 CGRA node: 1; link: 3 duration 1
[DEBUG] done reg allocation
[DEBUG] occupy link[2]-->[1] (bypass:0) dfgNode: 0 at cycle 6
[DEBUG] skip predecessor routing -- dfgNode: 0
[DEBUG] tryToRoute -- srcDFGNode: 34, srcCGRANode: 6; dstDFGNode: 50, dstCGRANode: 1; backEdge: 0
[DEBUG] in shareSameCycle is true: node 50
[DEBUG] cannot route due to II is violated for backward cycle
DEBUG target DFG node: 50 on fu: 1 failed, mapped pred DFG node: 34; return false
[DEBUG] fail1 in schedule() II: 117
[DEBUG] the failed path -- cycle: 7 CGRANode: 1
[DEBUG] the failed path -- cycle: 6 CGRANode: 2
[DEBUG] the failed path -- cycle: 5 CGRANode: 6
[DEBUG] the failed path -- cycle: 4 CGRANode: 10
----------------------------------------
[DEBUG] start heuristic algorithm with II=118
[DEBUG] schedule dfg node[33] onto fu[5] at cycle 0 within II: 118
[DEBUG] setDFGNode 33 onto CGRANode 5 at cycle: 0
[DEBUG] success in schedule()
[DEBUG] schedule dfg node[34] onto fu[6] at cycle 1 within II: 118
[DEBUG] setDFGNode 34 onto CGRANode 6 at cycle: 1
[DEBUG] in allocateReg() t_cycle: 0; i: 0 CGRA node: 6; link: 2 duration 1
[DEBUG] done reg allocation
[DEBUG] occupy link[5]-->[6] (bypass:0) dfgNode: 33 at cycle 0
[DEBUG] skip predecessor routing -- dfgNode: 33
[DEBUG] success in schedule()
[DEBUG] schedule dfg node[51] onto fu[10] at cycle 2 within II: 118
[DEBUG] setDFGNode 51 onto CGRANode 10 at cycle: 2
[DEBUG] in allocateReg() t_cycle: 1; i: 0 CGRA node: 10; link: 1 duration 1
[DEBUG] done reg allocation
[DEBUG] occupy link[6]-->[10] (bypass:0) dfgNode: 34 at cycle 1
[DEBUG] skip predecessor routing -- dfgNode: 34
[DEBUG] success in schedule()
[DEBUG] schedule dfg node[52] onto fu[9] at cycle 3 within II: 118
[DEBUG] setDFGNode 52 onto CGRANode 9 at cycle: 3
[DEBUG] in allocateReg() t_cycle: 2; i: 0 CGRA node: 9; link: 3 duration 1
[DEBUG] done reg allocation
[DEBUG] occupy link[10]-->[9] (bypass:0) dfgNode: 51 at cycle 2
[DEBUG] skip predecessor routing -- dfgNode: 51
[DEBUG] success in schedule()
[DEBUG] schedule dfg node[0] onto fu[10] at cycle 4 within II: 118
[DEBUG] setDFGNode 0 onto CGRANode 10 at cycle: 4
[DEBUG] in allocateReg() t_cycle: 3; i: 0 CGRA node: 10; link: 2 duration 1
[DEBUG] done reg allocation
[DEBUG] occupy link[9]-->[10] (bypass:0) dfgNode: 52 at cycle 3
[DEBUG] skip predecessor routing -- dfgNode: 52
[DEBUG] in shareSameCycle is true: node 0
[DEBUG] tryToRoute -- srcDFGNode: 0, srcCGRANode: 10; dstDFGNode: 33, dstCGRANode: 5; backEdge: 1
[DEBUG] in shareSameCycle is true: node 33
[DEBUG] check route size: 3
[DEBUG] occupy link[10]-->[6] (bypass:1) dfgNode: 0 at cycle 4
[DEBUG] reset duration: 113 t_dstCycle: 0 previous: 5 II: 118
[DEBUG] in allocateReg() t_cycle: 5; i: 0 CGRA node: 5; link: 3 duration 113
[DEBUG] done reg allocation
[DEBUG] occupy link[6]-->[5] (bypass:0) dfgNode: 0 at cycle 5
[DEBUG] in shareSameCycle is true: node 0
[DEBUG] tryToRoute -- srcDFGNode: 0, srcCGRANode: 10; dstDFGNode: 51, dstCGRANode: 10; backEdge: 1
[DEBUG] in shareSameCycle is true: node 51
[DEBUG] check route size: 1
[DEBUG] allocate for local reg maintain... duration=116 last cycle: 4
[DEBUG] in allocateReg() t_cycle: 4; i: 1 CGRA node: 10; link: 4 duration 116
[DEBUG] done reg allocation
[DEBUG] success in schedule()
[DEBUG] schedule dfg node[1] onto fu[14] at cycle 5 within II: 118
[DEBUG] setDFGNode 1 onto CGRANode 14 at cycle: 5
[DEBUG] in allocateReg() t_cycle: 4; i: 0 CGRA node: 14; link: 1 duration 1
[DEBUG] done reg allocation
[DEBUG] occupy link[10]-->[14] (bypass:0) dfgNode: 0 at cycle 4
[DEBUG] skip predecessor routing -- dfgNode: 0
[DEBUG] success in schedule()
[DEBUG] schedule dfg node[4] onto fu[6] at cycle 5 within II: 118
[DEBUG] setDFGNode 4 onto CGRANode 6 at cycle: 5
[DEBUG] in allocateReg() t_cycle: 4; i: 0 CGRA node: 6; link: 0 duration 1
[DEBUG] done reg allocation
[DEBUG] occupy link[10]-->[6] (bypass:0) dfgNode: 0 at cycle 4
[DEBUG] skip predecessor routing -- dfgNode: 0
[DEBUG] success in schedule()
[DEBUG] schedule dfg node[8] onto fu[9] at cycle 5 within II: 118
[DEBUG] setDFGNode 8 onto CGRANode 9 at cycle: 5
[DEBUG] in allocateReg() t_cycle: 4; i: 0 CGRA node: 9; link: 3 duration 1
[DEBUG] done reg allocation
[DEBUG] occupy link[10]-->[9] (bypass:0) dfgNode: 0 at cycle 4
[DEBUG] skip predecessor routing -- dfgNode: 0
[DEBUG] success in schedule()
[DEBUG] schedule dfg node[16] onto fu[5] at cycle 6 within II: 118
[DEBUG] setDFGNode 16 onto CGRANode 5 at cycle: 6
[DEBUG] occupy link[10]-->[6] (bypass:1) dfgNode: 0 at cycle 4
[DEBUG] in allocateReg() t_cycle: 5; i: 1 CGRA node: 5; link: 3 duration 1
[DEBUG] done reg allocation
[DEBUG] occupy link[6]-->[5] (bypass:0) dfgNode: 0 at cycle 5
[DEBUG] skip predecessor routing -- dfgNode: 0
[DEBUG] success in schedule()
[DEBUG] schedule dfg node[24] onto fu[10] at cycle 5 within II: 118
[DEBUG] setDFGNode 24 onto CGRANode 10 at cycle: 5
[DEBUG] tryToRoute -- srcDFGNode: 0, srcCGRANode: 10; dstDFGNode: 24, dstCGRANode: 10; backEdge: 0
[DEBUG] check route size: 1
[DEBUG] allocate for local reg maintain... duration=1 last cycle: 4
[DEBUG] in allocateReg() t_cycle: 4; i: 0 CGRA node: 10; link: 4 duration 1
[DEBUG] done reg allocation
[DEBUG] success in schedule()
[DEBUG] schedule dfg node[32] onto fu[13] at cycle 6 within II: 118
[DEBUG] setDFGNode 32 onto CGRANode 13 at cycle: 6
[DEBUG] occupy link[10]-->[9] (bypass:1) dfgNode: 0 at cycle 4
[DEBUG] in allocateReg() t_cycle: 5; i: 0 CGRA node: 13; link: 1 duration 1
[DEBUG] done reg allocation
[DEBUG] occupy link[9]-->[13] (bypass:0) dfgNode: 0 at cycle 5
[DEBUG] skip predecessor routing -- dfgNode: 0
[DEBUG] success in schedule()
[DEBUG] schedule dfg node[42] onto fu[2] at cycle 6 within II: 118
[DEBUG] setDFGNode 42 onto CGRANode 2 at cycle: 6
[DEBUG] occupy link[10]-->[6] (bypass:1) dfgNode: 0 at cycle 4
[DEBUG] in allocateReg() t_cycle: 5; i: 0 CGRA node: 2; link: 0 duration 1
[DEBUG] done reg allocation
[DEBUG] occupy link[6]-->[2] (bypass:0) dfgNode: 0 at cycle 5
[DEBUG] skip predecessor routing -- dfgNode: 0
[DEBUG] tryToRoute -- srcDFGNode: 34, srcCGRANode: 6; dstDFGNode: 42, dstCGRANode: 2; backEdge: 0
[DEBUG] check route size: 2
[DEBUG] reset duration: 5 t_dstCycle: 6 previous: 1 II: 118
[DEBUG] in allocateReg() t_cycle: 1; i: 1 CGRA node: 2; link: 0 duration 5
[DEBUG] done reg allocation
[DEBUG] occupy link[6]-->[2] (bypass:0) dfgNode: 34 at cycle 1
[DEBUG] success in schedule()
[DEBUG] schedule dfg node[50] onto fu[1] at cycle 7 within II: 118
[DEBUG] setDFGNode 50 onto CGRANode 1 at cycle: 7
[DEBUG] occupy link[10]-->[6] (bypass:1) dfgNode: 0 at cycle 4
[DEBUG] occupy link[6]-->[2] (bypass:1) dfgNode: 0 at cycle 5
[DEBUG] in allocateReg() t_cycle: 6; i: 0 CGRA node: 1; link: 3 duration 1
[DEBUG] done reg allocation
[DEBUG] occupy link[2]-->[1] (bypass:0) dfgNode: 0 at cycle 6
[DEBUG] skip predecessor routing -- dfgNode: 0
[DEBUG] tryToRoute -- srcDFGNode: 34, srcCGRANode: 6; dstDFGNode: 50, dstCGRANode: 1; backEdge: 0
[DEBUG] in shareSameCycle is true: node 50
[DEBUG] cannot route due to II is violated for backward cycle
DEBUG target DFG node: 50 on fu: 1 failed, mapped pred DFG node: 34; return false
[DEBUG] fail1 in schedule() II: 118
[DEBUG] the failed path -- cycle: 7 CGRANode: 1
[DEBUG] the failed path -- cycle: 6 CGRANode: 2
[DEBUG] the failed path -- cycle: 5 CGRANode: 6
[DEBUG] the failed path -- cycle: 4 CGRANode: 10
----------------------------------------
[DEBUG] start heuristic algorithm with II=119
[DEBUG] schedule dfg node[33] onto fu[5] at cycle 0 within II: 119
[DEBUG] setDFGNode 33 onto CGRANode 5 at cycle: 0
[DEBUG] success in schedule()
[DEBUG] schedule dfg node[34] onto fu[6] at cycle 1 within II: 119
[DEBUG] setDFGNode 34 onto CGRANode 6 at cycle: 1
[DEBUG] in allocateReg() t_cycle: 0; i: 0 CGRA node: 6; link: 2 duration 1
[DEBUG] done reg allocation
[DEBUG] occupy link[5]-->[6] (bypass:0) dfgNode: 33 at cycle 0
[DEBUG] skip predecessor routing -- dfgNode: 33
[DEBUG] success in schedule()
[DEBUG] schedule dfg node[51] onto fu[10] at cycle 2 within II: 119
[DEBUG] setDFGNode 51 onto CGRANode 10 at cycle: 2
[DEBUG] in allocateReg() t_cycle: 1; i: 0 CGRA node: 10; link: 1 duration 1
[DEBUG] done reg allocation
[DEBUG] occupy link[6]-->[10] (bypass:0) dfgNode: 34 at cycle 1
[DEBUG] skip predecessor routing -- dfgNode: 34
[DEBUG] success in schedule()
[DEBUG] schedule dfg node[52] onto fu[9] at cycle 3 within II: 119
[DEBUG] setDFGNode 52 onto CGRANode 9 at cycle: 3
[DEBUG] in allocateReg() t_cycle: 2; i: 0 CGRA node: 9; link: 3 duration 1
[DEBUG] done reg allocation
[DEBUG] occupy link[10]-->[9] (bypass:0) dfgNode: 51 at cycle 2
[DEBUG] skip predecessor routing -- dfgNode: 51
[DEBUG] success in schedule()
[DEBUG] schedule dfg node[0] onto fu[10] at cycle 4 within II: 119
[DEBUG] setDFGNode 0 onto CGRANode 10 at cycle: 4
[DEBUG] in allocateReg() t_cycle: 3; i: 0 CGRA node: 10; link: 2 duration 1
[DEBUG] done reg allocation
[DEBUG] occupy link[9]-->[10] (bypass:0) dfgNode: 52 at cycle 3
[DEBUG] skip predecessor routing -- dfgNode: 52
[DEBUG] in shareSameCycle is true: node 0
[DEBUG] tryToRoute -- srcDFGNode: 0, srcCGRANode: 10; dstDFGNode: 33, dstCGRANode: 5; backEdge: 1
[DEBUG] in shareSameCycle is true: node 33
[DEBUG] check route size: 3
[DEBUG] occupy link[10]-->[6] (bypass:1) dfgNode: 0 at cycle 4
[DEBUG] reset duration: 114 t_dstCycle: 0 previous: 5 II: 119
[DEBUG] in allocateReg() t_cycle: 5; i: 0 CGRA node: 5; link: 3 duration 114
[DEBUG] done reg allocation
[DEBUG] occupy link[6]-->[5] (bypass:0) dfgNode: 0 at cycle 5
[DEBUG] in shareSameCycle is true: node 0
[DEBUG] tryToRoute -- srcDFGNode: 0, srcCGRANode: 10; dstDFGNode: 51, dstCGRANode: 10; backEdge: 1
[DEBUG] in shareSameCycle is true: node 51
[DEBUG] check route size: 1
[DEBUG] allocate for local reg maintain... duration=117 last cycle: 4
[DEBUG] in allocateReg() t_cycle: 4; i: 1 CGRA node: 10; link: 4 duration 117
[DEBUG] done reg allocation
[DEBUG] success in schedule()
[DEBUG] schedule dfg node[1] onto fu[14] at cycle 5 within II: 119
[DEBUG] setDFGNode 1 onto CGRANode 14 at cycle: 5
[DEBUG] in allocateReg() t_cycle: 4; i: 0 CGRA node: 14; link: 1 duration 1
[DEBUG] done reg allocation
[DEBUG] occupy link[10]-->[14] (bypass:0) dfgNode: 0 at cycle 4
[DEBUG] skip predecessor routing -- dfgNode: 0
[DEBUG] success in schedule()
[DEBUG] schedule dfg node[4] onto fu[6] at cycle 5 within II: 119
[DEBUG] setDFGNode 4 onto CGRANode 6 at cycle: 5
[DEBUG] in allocateReg() t_cycle: 4; i: 0 CGRA node: 6; link: 0 duration 1
[DEBUG] done reg allocation
[DEBUG] occupy link[10]-->[6] (bypass:0) dfgNode: 0 at cycle 4
[DEBUG] skip predecessor routing -- dfgNode: 0
[DEBUG] success in schedule()
[DEBUG] schedule dfg node[8] onto fu[9] at cycle 5 within II: 119
[DEBUG] setDFGNode 8 onto CGRANode 9 at cycle: 5
[DEBUG] in allocateReg() t_cycle: 4; i: 0 CGRA node: 9; link: 3 duration 1
[DEBUG] done reg allocation
[DEBUG] occupy link[10]-->[9] (bypass:0) dfgNode: 0 at cycle 4
[DEBUG] skip predecessor routing -- dfgNode: 0
[DEBUG] success in schedule()
[DEBUG] schedule dfg node[16] onto fu[5] at cycle 6 within II: 119
[DEBUG] setDFGNode 16 onto CGRANode 5 at cycle: 6
[DEBUG] occupy link[10]-->[6] (bypass:1) dfgNode: 0 at cycle 4
[DEBUG] in allocateReg() t_cycle: 5; i: 1 CGRA node: 5; link: 3 duration 1
[DEBUG] done reg allocation
[DEBUG] occupy link[6]-->[5] (bypass:0) dfgNode: 0 at cycle 5
[DEBUG] skip predecessor routing -- dfgNode: 0
[DEBUG] success in schedule()
[DEBUG] schedule dfg node[24] onto fu[10] at cycle 5 within II: 119
[DEBUG] setDFGNode 24 onto CGRANode 10 at cycle: 5
[DEBUG] tryToRoute -- srcDFGNode: 0, srcCGRANode: 10; dstDFGNode: 24, dstCGRANode: 10; backEdge: 0
[DEBUG] check route size: 1
[DEBUG] allocate for local reg maintain... duration=1 last cycle: 4
[DEBUG] in allocateReg() t_cycle: 4; i: 0 CGRA node: 10; link: 4 duration 1
[DEBUG] done reg allocation
[DEBUG] success in schedule()
[DEBUG] schedule dfg node[32] onto fu[13] at cycle 6 within II: 119
[DEBUG] setDFGNode 32 onto CGRANode 13 at cycle: 6
[DEBUG] occupy link[10]-->[9] (bypass:1) dfgNode: 0 at cycle 4
[DEBUG] in allocateReg() t_cycle: 5; i: 0 CGRA node: 13; link: 1 duration 1
[DEBUG] done reg allocation
[DEBUG] occupy link[9]-->[13] (bypass:0) dfgNode: 0 at cycle 5
[DEBUG] skip predecessor routing -- dfgNode: 0
[DEBUG] success in schedule()
[DEBUG] schedule dfg node[42] onto fu[2] at cycle 6 within II: 119
[DEBUG] setDFGNode 42 onto CGRANode 2 at cycle: 6
[DEBUG] occupy link[10]-->[6] (bypass:1) dfgNode: 0 at cycle 4
[DEBUG] in allocateReg() t_cycle: 5; i: 0 CGRA node: 2; link: 0 duration 1
[DEBUG] done reg allocation
[DEBUG] occupy link[6]-->[2] (bypass:0) dfgNode: 0 at cycle 5
[DEBUG] skip predecessor routing -- dfgNode: 0
[DEBUG] tryToRoute -- srcDFGNode: 34, srcCGRANode: 6; dstDFGNode: 42, dstCGRANode: 2; backEdge: 0
[DEBUG] check route size: 2
[DEBUG] reset duration: 5 t_dstCycle: 6 previous: 1 II: 119
[DEBUG] in allocateReg() t_cycle: 1; i: 1 CGRA node: 2; link: 0 duration 5
[DEBUG] done reg allocation
[DEBUG] occupy link[6]-->[2] (bypass:0) dfgNode: 34 at cycle 1
[DEBUG] success in schedule()
[DEBUG] schedule dfg node[50] onto fu[1] at cycle 7 within II: 119
[DEBUG] setDFGNode 50 onto CGRANode 1 at cycle: 7
[DEBUG] occupy link[10]-->[6] (bypass:1) dfgNode: 0 at cycle 4
[DEBUG] occupy link[6]-->[2] (bypass:1) dfgNode: 0 at cycle 5
[DEBUG] in allocateReg() t_cycle: 6; i: 0 CGRA node: 1; link: 3 duration 1
[DEBUG] done reg allocation
[DEBUG] occupy link[2]-->[1] (bypass:0) dfgNode: 0 at cycle 6
[DEBUG] skip predecessor routing -- dfgNode: 0
[DEBUG] tryToRoute -- srcDFGNode: 34, srcCGRANode: 6; dstDFGNode: 50, dstCGRANode: 1; backEdge: 0
[DEBUG] in shareSameCycle is true: node 50
[DEBUG] cannot route due to II is violated for backward cycle
DEBUG target DFG node: 50 on fu: 1 failed, mapped pred DFG node: 34; return false
[DEBUG] fail1 in schedule() II: 119
[DEBUG] the failed path -- cycle: 7 CGRANode: 1
[DEBUG] the failed path -- cycle: 6 CGRANode: 2
[DEBUG] the failed path -- cycle: 5 CGRANode: 6
[DEBUG] the failed path -- cycle: 4 CGRANode: 10
----------------------------------------
[DEBUG] start heuristic algorithm with II=120
[DEBUG] schedule dfg node[33] onto fu[5] at cycle 0 within II: 120
[DEBUG] setDFGNode 33 onto CGRANode 5 at cycle: 0
[DEBUG] success in schedule()
[DEBUG] schedule dfg node[34] onto fu[6] at cycle 1 within II: 120
[DEBUG] setDFGNode 34 onto CGRANode 6 at cycle: 1
[DEBUG] in allocateReg() t_cycle: 0; i: 0 CGRA node: 6; link: 2 duration 1
[DEBUG] done reg allocation
[DEBUG] occupy link[5]-->[6] (bypass:0) dfgNode: 33 at cycle 0
[DEBUG] skip predecessor routing -- dfgNode: 33
[DEBUG] success in schedule()
[DEBUG] schedule dfg node[51] onto fu[10] at cycle 2 within II: 120
[DEBUG] setDFGNode 51 onto CGRANode 10 at cycle: 2
[DEBUG] in allocateReg() t_cycle: 1; i: 0 CGRA node: 10; link: 1 duration 1
[DEBUG] done reg allocation
[DEBUG] occupy link[6]-->[10] (bypass:0) dfgNode: 34 at cycle 1
[DEBUG] skip predecessor routing -- dfgNode: 34
[DEBUG] success in schedule()
[DEBUG] schedule dfg node[52] onto fu[9] at cycle 3 within II: 120
[DEBUG] setDFGNode 52 onto CGRANode 9 at cycle: 3
[DEBUG] in allocateReg() t_cycle: 2; i: 0 CGRA node: 9; link: 3 duration 1
[DEBUG] done reg allocation
[DEBUG] occupy link[10]-->[9] (bypass:0) dfgNode: 51 at cycle 2
[DEBUG] skip predecessor routing -- dfgNode: 51
[DEBUG] success in schedule()
[DEBUG] schedule dfg node[0] onto fu[10] at cycle 4 within II: 120
[DEBUG] setDFGNode 0 onto CGRANode 10 at cycle: 4
[DEBUG] in allocateReg() t_cycle: 3; i: 0 CGRA node: 10; link: 2 duration 1
[DEBUG] done reg allocation
[DEBUG] occupy link[9]-->[10] (bypass:0) dfgNode: 52 at cycle 3
[DEBUG] skip predecessor routing -- dfgNode: 52
[DEBUG] in shareSameCycle is true: node 0
[DEBUG] tryToRoute -- srcDFGNode: 0, srcCGRANode: 10; dstDFGNode: 33, dstCGRANode: 5; backEdge: 1
[DEBUG] in shareSameCycle is true: node 33
[DEBUG] check route size: 3
[DEBUG] occupy link[10]-->[6] (bypass:1) dfgNode: 0 at cycle 4
[DEBUG] reset duration: 115 t_dstCycle: 0 previous: 5 II: 120
[DEBUG] in allocateReg() t_cycle: 5; i: 0 CGRA node: 5; link: 3 duration 115
[DEBUG] done reg allocation
[DEBUG] occupy link[6]-->[5] (bypass:0) dfgNode: 0 at cycle 5
[DEBUG] in shareSameCycle is true: node 0
[DEBUG] tryToRoute -- srcDFGNode: 0, srcCGRANode: 10; dstDFGNode: 51, dstCGRANode: 10; backEdge: 1
[DEBUG] in shareSameCycle is true: node 51
[DEBUG] check route size: 1
[DEBUG] allocate for local reg maintain... duration=118 last cycle: 4
[DEBUG] in allocateReg() t_cycle: 4; i: 1 CGRA node: 10; link: 4 duration 118
[DEBUG] done reg allocation
[DEBUG] success in schedule()
[DEBUG] schedule dfg node[1] onto fu[14] at cycle 5 within II: 120
[DEBUG] setDFGNode 1 onto CGRANode 14 at cycle: 5
[DEBUG] in allocateReg() t_cycle: 4; i: 0 CGRA node: 14; link: 1 duration 1
[DEBUG] done reg allocation
[DEBUG] occupy link[10]-->[14] (bypass:0) dfgNode: 0 at cycle 4
[DEBUG] skip predecessor routing -- dfgNode: 0
[DEBUG] success in schedule()
[DEBUG] schedule dfg node[4] onto fu[6] at cycle 5 within II: 120
[DEBUG] setDFGNode 4 onto CGRANode 6 at cycle: 5
[DEBUG] in allocateReg() t_cycle: 4; i: 0 CGRA node: 6; link: 0 duration 1
[DEBUG] done reg allocation
[DEBUG] occupy link[10]-->[6] (bypass:0) dfgNode: 0 at cycle 4
[DEBUG] skip predecessor routing -- dfgNode: 0
[DEBUG] success in schedule()
[DEBUG] schedule dfg node[8] onto fu[9] at cycle 5 within II: 120
[DEBUG] setDFGNode 8 onto CGRANode 9 at cycle: 5
[DEBUG] in allocateReg() t_cycle: 4; i: 0 CGRA node: 9; link: 3 duration 1
[DEBUG] done reg allocation
[DEBUG] occupy link[10]-->[9] (bypass:0) dfgNode: 0 at cycle 4
[DEBUG] skip predecessor routing -- dfgNode: 0
[DEBUG] success in schedule()
[DEBUG] schedule dfg node[16] onto fu[5] at cycle 6 within II: 120
[DEBUG] setDFGNode 16 onto CGRANode 5 at cycle: 6
[DEBUG] occupy link[10]-->[6] (bypass:1) dfgNode: 0 at cycle 4
[DEBUG] in allocateReg() t_cycle: 5; i: 1 CGRA node: 5; link: 3 duration 1
[DEBUG] done reg allocation
[DEBUG] occupy link[6]-->[5] (bypass:0) dfgNode: 0 at cycle 5
[DEBUG] skip predecessor routing -- dfgNode: 0
[DEBUG] success in schedule()
[DEBUG] schedule dfg node[24] onto fu[10] at cycle 5 within II: 120
[DEBUG] setDFGNode 24 onto CGRANode 10 at cycle: 5
[DEBUG] tryToRoute -- srcDFGNode: 0, srcCGRANode: 10; dstDFGNode: 24, dstCGRANode: 10; backEdge: 0
[DEBUG] check route size: 1
[DEBUG] allocate for local reg maintain... duration=1 last cycle: 4
[DEBUG] in allocateReg() t_cycle: 4; i: 0 CGRA node: 10; link: 4 duration 1
[DEBUG] done reg allocation
[DEBUG] success in schedule()
[DEBUG] schedule dfg node[32] onto fu[13] at cycle 6 within II: 120
[DEBUG] setDFGNode 32 onto CGRANode 13 at cycle: 6
[DEBUG] occupy link[10]-->[9] (bypass:1) dfgNode: 0 at cycle 4
[DEBUG] in allocateReg() t_cycle: 5; i: 0 CGRA node: 13; link: 1 duration 1
[DEBUG] done reg allocation
[DEBUG] occupy link[9]-->[13] (bypass:0) dfgNode: 0 at cycle 5
[DEBUG] skip predecessor routing -- dfgNode: 0
[DEBUG] success in schedule()
[DEBUG] schedule dfg node[42] onto fu[2] at cycle 6 within II: 120
[DEBUG] setDFGNode 42 onto CGRANode 2 at cycle: 6
[DEBUG] occupy link[10]-->[6] (bypass:1) dfgNode: 0 at cycle 4
[DEBUG] in allocateReg() t_cycle: 5; i: 0 CGRA node: 2; link: 0 duration 1
[DEBUG] done reg allocation
[DEBUG] occupy link[6]-->[2] (bypass:0) dfgNode: 0 at cycle 5
[DEBUG] skip predecessor routing -- dfgNode: 0
[DEBUG] tryToRoute -- srcDFGNode: 34, srcCGRANode: 6; dstDFGNode: 42, dstCGRANode: 2; backEdge: 0
[DEBUG] check route size: 2
[DEBUG] reset duration: 5 t_dstCycle: 6 previous: 1 II: 120
[DEBUG] in allocateReg() t_cycle: 1; i: 1 CGRA node: 2; link: 0 duration 5
[DEBUG] done reg allocation
[DEBUG] occupy link[6]-->[2] (bypass:0) dfgNode: 34 at cycle 1
[DEBUG] success in schedule()
[DEBUG] schedule dfg node[50] onto fu[1] at cycle 7 within II: 120
[DEBUG] setDFGNode 50 onto CGRANode 1 at cycle: 7
[DEBUG] occupy link[10]-->[6] (bypass:1) dfgNode: 0 at cycle 4
[DEBUG] occupy link[6]-->[2] (bypass:1) dfgNode: 0 at cycle 5
[DEBUG] in allocateReg() t_cycle: 6; i: 0 CGRA node: 1; link: 3 duration 1
[DEBUG] done reg allocation
[DEBUG] occupy link[2]-->[1] (bypass:0) dfgNode: 0 at cycle 6
[DEBUG] skip predecessor routing -- dfgNode: 0
[DEBUG] tryToRoute -- srcDFGNode: 34, srcCGRANode: 6; dstDFGNode: 50, dstCGRANode: 1; backEdge: 0
[DEBUG] in shareSameCycle is true: node 50
[DEBUG] cannot route due to II is violated for backward cycle
DEBUG target DFG node: 50 on fu: 1 failed, mapped pred DFG node: 34; return false
[DEBUG] fail1 in schedule() II: 120
[DEBUG] the failed path -- cycle: 7 CGRANode: 1
[DEBUG] the failed path -- cycle: 6 CGRANode: 2
[DEBUG] the failed path -- cycle: 5 CGRANode: 6
[DEBUG] the failed path -- cycle: 4 CGRANode: 10
----------------------------------------
[DEBUG] start heuristic algorithm with II=121
[DEBUG] schedule dfg node[33] onto fu[5] at cycle 0 within II: 121
[DEBUG] setDFGNode 33 onto CGRANode 5 at cycle: 0
[DEBUG] success in schedule()
[DEBUG] schedule dfg node[34] onto fu[6] at cycle 1 within II: 121
[DEBUG] setDFGNode 34 onto CGRANode 6 at cycle: 1
[DEBUG] in allocateReg() t_cycle: 0; i: 0 CGRA node: 6; link: 2 duration 1
[DEBUG] done reg allocation
[DEBUG] occupy link[5]-->[6] (bypass:0) dfgNode: 33 at cycle 0
[DEBUG] skip predecessor routing -- dfgNode: 33
[DEBUG] success in schedule()
[DEBUG] schedule dfg node[51] onto fu[10] at cycle 2 within II: 121
[DEBUG] setDFGNode 51 onto CGRANode 10 at cycle: 2
[DEBUG] in allocateReg() t_cycle: 1; i: 0 CGRA node: 10; link: 1 duration 1
[DEBUG] done reg allocation
[DEBUG] occupy link[6]-->[10] (bypass:0) dfgNode: 34 at cycle 1
[DEBUG] skip predecessor routing -- dfgNode: 34
[DEBUG] success in schedule()
[DEBUG] schedule dfg node[52] onto fu[9] at cycle 3 within II: 121
[DEBUG] setDFGNode 52 onto CGRANode 9 at cycle: 3
[DEBUG] in allocateReg() t_cycle: 2; i: 0 CGRA node: 9; link: 3 duration 1
[DEBUG] done reg allocation
[DEBUG] occupy link[10]-->[9] (bypass:0) dfgNode: 51 at cycle 2
[DEBUG] skip predecessor routing -- dfgNode: 51
[DEBUG] success in schedule()
[DEBUG] schedule dfg node[0] onto fu[10] at cycle 4 within II: 121
[DEBUG] setDFGNode 0 onto CGRANode 10 at cycle: 4
[DEBUG] in allocateReg() t_cycle: 3; i: 0 CGRA node: 10; link: 2 duration 1
[DEBUG] done reg allocation
[DEBUG] occupy link[9]-->[10] (bypass:0) dfgNode: 52 at cycle 3
[DEBUG] skip predecessor routing -- dfgNode: 52
[DEBUG] in shareSameCycle is true: node 0
[DEBUG] tryToRoute -- srcDFGNode: 0, srcCGRANode: 10; dstDFGNode: 33, dstCGRANode: 5; backEdge: 1
[DEBUG] in shareSameCycle is true: node 33
[DEBUG] check route size: 3
[DEBUG] occupy link[10]-->[6] (bypass:1) dfgNode: 0 at cycle 4
[DEBUG] reset duration: 116 t_dstCycle: 0 previous: 5 II: 121
[DEBUG] in allocateReg() t_cycle: 5; i: 0 CGRA node: 5; link: 3 duration 116
[DEBUG] done reg allocation
[DEBUG] occupy link[6]-->[5] (bypass:0) dfgNode: 0 at cycle 5
[DEBUG] in shareSameCycle is true: node 0
[DEBUG] tryToRoute -- srcDFGNode: 0, srcCGRANode: 10; dstDFGNode: 51, dstCGRANode: 10; backEdge: 1
[DEBUG] in shareSameCycle is true: node 51
[DEBUG] check route size: 1
[DEBUG] allocate for local reg maintain... duration=119 last cycle: 4
[DEBUG] in allocateReg() t_cycle: 4; i: 1 CGRA node: 10; link: 4 duration 119
[DEBUG] done reg allocation
[DEBUG] success in schedule()
[DEBUG] schedule dfg node[1] onto fu[14] at cycle 5 within II: 121
[DEBUG] setDFGNode 1 onto CGRANode 14 at cycle: 5
[DEBUG] in allocateReg() t_cycle: 4; i: 0 CGRA node: 14; link: 1 duration 1
[DEBUG] done reg allocation
[DEBUG] occupy link[10]-->[14] (bypass:0) dfgNode: 0 at cycle 4
[DEBUG] skip predecessor routing -- dfgNode: 0
[DEBUG] success in schedule()
[DEBUG] schedule dfg node[4] onto fu[6] at cycle 5 within II: 121
[DEBUG] setDFGNode 4 onto CGRANode 6 at cycle: 5
[DEBUG] in allocateReg() t_cycle: 4; i: 0 CGRA node: 6; link: 0 duration 1
[DEBUG] done reg allocation
[DEBUG] occupy link[10]-->[6] (bypass:0) dfgNode: 0 at cycle 4
[DEBUG] skip predecessor routing -- dfgNode: 0
[DEBUG] success in schedule()
[DEBUG] schedule dfg node[8] onto fu[9] at cycle 5 within II: 121
[DEBUG] setDFGNode 8 onto CGRANode 9 at cycle: 5
[DEBUG] in allocateReg() t_cycle: 4; i: 0 CGRA node: 9; link: 3 duration 1
[DEBUG] done reg allocation
[DEBUG] occupy link[10]-->[9] (bypass:0) dfgNode: 0 at cycle 4
[DEBUG] skip predecessor routing -- dfgNode: 0
[DEBUG] success in schedule()
[DEBUG] schedule dfg node[16] onto fu[5] at cycle 6 within II: 121
[DEBUG] setDFGNode 16 onto CGRANode 5 at cycle: 6
[DEBUG] occupy link[10]-->[6] (bypass:1) dfgNode: 0 at cycle 4
[DEBUG] in allocateReg() t_cycle: 5; i: 1 CGRA node: 5; link: 3 duration 1
[DEBUG] done reg allocation
[DEBUG] occupy link[6]-->[5] (bypass:0) dfgNode: 0 at cycle 5
[DEBUG] skip predecessor routing -- dfgNode: 0
[DEBUG] success in schedule()
[DEBUG] schedule dfg node[24] onto fu[10] at cycle 5 within II: 121
[DEBUG] setDFGNode 24 onto CGRANode 10 at cycle: 5
[DEBUG] tryToRoute -- srcDFGNode: 0, srcCGRANode: 10; dstDFGNode: 24, dstCGRANode: 10; backEdge: 0
[DEBUG] check route size: 1
[DEBUG] allocate for local reg maintain... duration=1 last cycle: 4
[DEBUG] in allocateReg() t_cycle: 4; i: 0 CGRA node: 10; link: 4 duration 1
[DEBUG] done reg allocation
[DEBUG] success in schedule()
[DEBUG] schedule dfg node[32] onto fu[13] at cycle 6 within II: 121
[DEBUG] setDFGNode 32 onto CGRANode 13 at cycle: 6
[DEBUG] occupy link[10]-->[9] (bypass:1) dfgNode: 0 at cycle 4
[DEBUG] in allocateReg() t_cycle: 5; i: 0 CGRA node: 13; link: 1 duration 1
[DEBUG] done reg allocation
[DEBUG] occupy link[9]-->[13] (bypass:0) dfgNode: 0 at cycle 5
[DEBUG] skip predecessor routing -- dfgNode: 0
[DEBUG] success in schedule()
[DEBUG] schedule dfg node[42] onto fu[2] at cycle 6 within II: 121
[DEBUG] setDFGNode 42 onto CGRANode 2 at cycle: 6
[DEBUG] occupy link[10]-->[6] (bypass:1) dfgNode: 0 at cycle 4
[DEBUG] in allocateReg() t_cycle: 5; i: 0 CGRA node: 2; link: 0 duration 1
[DEBUG] done reg allocation
[DEBUG] occupy link[6]-->[2] (bypass:0) dfgNode: 0 at cycle 5
[DEBUG] skip predecessor routing -- dfgNode: 0
[DEBUG] tryToRoute -- srcDFGNode: 34, srcCGRANode: 6; dstDFGNode: 42, dstCGRANode: 2; backEdge: 0
[DEBUG] check route size: 2
[DEBUG] reset duration: 5 t_dstCycle: 6 previous: 1 II: 121
[DEBUG] in allocateReg() t_cycle: 1; i: 1 CGRA node: 2; link: 0 duration 5
[DEBUG] done reg allocation
[DEBUG] occupy link[6]-->[2] (bypass:0) dfgNode: 34 at cycle 1
[DEBUG] success in schedule()
[DEBUG] schedule dfg node[50] onto fu[1] at cycle 7 within II: 121
[DEBUG] setDFGNode 50 onto CGRANode 1 at cycle: 7
[DEBUG] occupy link[10]-->[6] (bypass:1) dfgNode: 0 at cycle 4
[DEBUG] occupy link[6]-->[2] (bypass:1) dfgNode: 0 at cycle 5
[DEBUG] in allocateReg() t_cycle: 6; i: 0 CGRA node: 1; link: 3 duration 1
[DEBUG] done reg allocation
[DEBUG] occupy link[2]-->[1] (bypass:0) dfgNode: 0 at cycle 6
[DEBUG] skip predecessor routing -- dfgNode: 0
[DEBUG] tryToRoute -- srcDFGNode: 34, srcCGRANode: 6; dstDFGNode: 50, dstCGRANode: 1; backEdge: 0
[DEBUG] in shareSameCycle is true: node 50
[DEBUG] cannot route due to II is violated for backward cycle
DEBUG target DFG node: 50 on fu: 1 failed, mapped pred DFG node: 34; return false
[DEBUG] fail1 in schedule() II: 121
[DEBUG] the failed path -- cycle: 7 CGRANode: 1
[DEBUG] the failed path -- cycle: 6 CGRANode: 2
[DEBUG] the failed path -- cycle: 5 CGRANode: 6
[DEBUG] the failed path -- cycle: 4 CGRANode: 10
----------------------------------------
[DEBUG] start heuristic algorithm with II=122
[DEBUG] schedule dfg node[33] onto fu[5] at cycle 0 within II: 122
[DEBUG] setDFGNode 33 onto CGRANode 5 at cycle: 0
[DEBUG] success in schedule()
[DEBUG] schedule dfg node[34] onto fu[6] at cycle 1 within II: 122
[DEBUG] setDFGNode 34 onto CGRANode 6 at cycle: 1
[DEBUG] in allocateReg() t_cycle: 0; i: 0 CGRA node: 6; link: 2 duration 1
[DEBUG] done reg allocation
[DEBUG] occupy link[5]-->[6] (bypass:0) dfgNode: 33 at cycle 0
[DEBUG] skip predecessor routing -- dfgNode: 33
[DEBUG] success in schedule()
[DEBUG] schedule dfg node[51] onto fu[10] at cycle 2 within II: 122
[DEBUG] setDFGNode 51 onto CGRANode 10 at cycle: 2
[DEBUG] in allocateReg() t_cycle: 1; i: 0 CGRA node: 10; link: 1 duration 1
[DEBUG] done reg allocation
[DEBUG] occupy link[6]-->[10] (bypass:0) dfgNode: 34 at cycle 1
[DEBUG] skip predecessor routing -- dfgNode: 34
[DEBUG] success in schedule()
[DEBUG] schedule dfg node[52] onto fu[9] at cycle 3 within II: 122
[DEBUG] setDFGNode 52 onto CGRANode 9 at cycle: 3
[DEBUG] in allocateReg() t_cycle: 2; i: 0 CGRA node: 9; link: 3 duration 1
[DEBUG] done reg allocation
[DEBUG] occupy link[10]-->[9] (bypass:0) dfgNode: 51 at cycle 2
[DEBUG] skip predecessor routing -- dfgNode: 51
[DEBUG] success in schedule()
[DEBUG] schedule dfg node[0] onto fu[10] at cycle 4 within II: 122
[DEBUG] setDFGNode 0 onto CGRANode 10 at cycle: 4
[DEBUG] in allocateReg() t_cycle: 3; i: 0 CGRA node: 10; link: 2 duration 1
[DEBUG] done reg allocation
[DEBUG] occupy link[9]-->[10] (bypass:0) dfgNode: 52 at cycle 3
[DEBUG] skip predecessor routing -- dfgNode: 52
[DEBUG] in shareSameCycle is true: node 0
[DEBUG] tryToRoute -- srcDFGNode: 0, srcCGRANode: 10; dstDFGNode: 33, dstCGRANode: 5; backEdge: 1
[DEBUG] in shareSameCycle is true: node 33
[DEBUG] check route size: 3
[DEBUG] occupy link[10]-->[6] (bypass:1) dfgNode: 0 at cycle 4
[DEBUG] reset duration: 117 t_dstCycle: 0 previous: 5 II: 122
[DEBUG] in allocateReg() t_cycle: 5; i: 0 CGRA node: 5; link: 3 duration 117
[DEBUG] done reg allocation
[DEBUG] occupy link[6]-->[5] (bypass:0) dfgNode: 0 at cycle 5
[DEBUG] in shareSameCycle is true: node 0
[DEBUG] tryToRoute -- srcDFGNode: 0, srcCGRANode: 10; dstDFGNode: 51, dstCGRANode: 10; backEdge: 1
[DEBUG] in shareSameCycle is true: node 51
[DEBUG] check route size: 1
[DEBUG] allocate for local reg maintain... duration=120 last cycle: 4
[DEBUG] in allocateReg() t_cycle: 4; i: 1 CGRA node: 10; link: 4 duration 120
[DEBUG] done reg allocation
[DEBUG] success in schedule()
[DEBUG] schedule dfg node[1] onto fu[14] at cycle 5 within II: 122
[DEBUG] setDFGNode 1 onto CGRANode 14 at cycle: 5
[DEBUG] in allocateReg() t_cycle: 4; i: 0 CGRA node: 14; link: 1 duration 1
[DEBUG] done reg allocation
[DEBUG] occupy link[10]-->[14] (bypass:0) dfgNode: 0 at cycle 4
[DEBUG] skip predecessor routing -- dfgNode: 0
[DEBUG] success in schedule()
[DEBUG] schedule dfg node[4] onto fu[6] at cycle 5 within II: 122
[DEBUG] setDFGNode 4 onto CGRANode 6 at cycle: 5
[DEBUG] in allocateReg() t_cycle: 4; i: 0 CGRA node: 6; link: 0 duration 1
[DEBUG] done reg allocation
[DEBUG] occupy link[10]-->[6] (bypass:0) dfgNode: 0 at cycle 4
[DEBUG] skip predecessor routing -- dfgNode: 0
[DEBUG] success in schedule()
[DEBUG] schedule dfg node[8] onto fu[9] at cycle 5 within II: 122
[DEBUG] setDFGNode 8 onto CGRANode 9 at cycle: 5
[DEBUG] in allocateReg() t_cycle: 4; i: 0 CGRA node: 9; link: 3 duration 1
[DEBUG] done reg allocation
[DEBUG] occupy link[10]-->[9] (bypass:0) dfgNode: 0 at cycle 4
[DEBUG] skip predecessor routing -- dfgNode: 0
[DEBUG] success in schedule()
[DEBUG] schedule dfg node[16] onto fu[5] at cycle 6 within II: 122
[DEBUG] setDFGNode 16 onto CGRANode 5 at cycle: 6
[DEBUG] occupy link[10]-->[6] (bypass:1) dfgNode: 0 at cycle 4
[DEBUG] in allocateReg() t_cycle: 5; i: 1 CGRA node: 5; link: 3 duration 1
[DEBUG] done reg allocation
[DEBUG] occupy link[6]-->[5] (bypass:0) dfgNode: 0 at cycle 5
[DEBUG] skip predecessor routing -- dfgNode: 0
[DEBUG] success in schedule()
[DEBUG] schedule dfg node[24] onto fu[10] at cycle 5 within II: 122
[DEBUG] setDFGNode 24 onto CGRANode 10 at cycle: 5
[DEBUG] tryToRoute -- srcDFGNode: 0, srcCGRANode: 10; dstDFGNode: 24, dstCGRANode: 10; backEdge: 0
[DEBUG] check route size: 1
[DEBUG] allocate for local reg maintain... duration=1 last cycle: 4
[DEBUG] in allocateReg() t_cycle: 4; i: 0 CGRA node: 10; link: 4 duration 1
[DEBUG] done reg allocation
[DEBUG] success in schedule()
[DEBUG] schedule dfg node[32] onto fu[13] at cycle 6 within II: 122
[DEBUG] setDFGNode 32 onto CGRANode 13 at cycle: 6
[DEBUG] occupy link[10]-->[9] (bypass:1) dfgNode: 0 at cycle 4
[DEBUG] in allocateReg() t_cycle: 5; i: 0 CGRA node: 13; link: 1 duration 1
[DEBUG] done reg allocation
[DEBUG] occupy link[9]-->[13] (bypass:0) dfgNode: 0 at cycle 5
[DEBUG] skip predecessor routing -- dfgNode: 0
[DEBUG] success in schedule()
[DEBUG] schedule dfg node[42] onto fu[2] at cycle 6 within II: 122
[DEBUG] setDFGNode 42 onto CGRANode 2 at cycle: 6
[DEBUG] occupy link[10]-->[6] (bypass:1) dfgNode: 0 at cycle 4
[DEBUG] in allocateReg() t_cycle: 5; i: 0 CGRA node: 2; link: 0 duration 1
[DEBUG] done reg allocation
[DEBUG] occupy link[6]-->[2] (bypass:0) dfgNode: 0 at cycle 5
[DEBUG] skip predecessor routing -- dfgNode: 0
[DEBUG] tryToRoute -- srcDFGNode: 34, srcCGRANode: 6; dstDFGNode: 42, dstCGRANode: 2; backEdge: 0
[DEBUG] check route size: 2
[DEBUG] reset duration: 5 t_dstCycle: 6 previous: 1 II: 122
[DEBUG] in allocateReg() t_cycle: 1; i: 1 CGRA node: 2; link: 0 duration 5
[DEBUG] done reg allocation
[DEBUG] occupy link[6]-->[2] (bypass:0) dfgNode: 34 at cycle 1
[DEBUG] success in schedule()
[DEBUG] schedule dfg node[50] onto fu[1] at cycle 7 within II: 122
[DEBUG] setDFGNode 50 onto CGRANode 1 at cycle: 7
[DEBUG] occupy link[10]-->[6] (bypass:1) dfgNode: 0 at cycle 4
[DEBUG] occupy link[6]-->[2] (bypass:1) dfgNode: 0 at cycle 5
[DEBUG] in allocateReg() t_cycle: 6; i: 0 CGRA node: 1; link: 3 duration 1
[DEBUG] done reg allocation
[DEBUG] occupy link[2]-->[1] (bypass:0) dfgNode: 0 at cycle 6
[DEBUG] skip predecessor routing -- dfgNode: 0
[DEBUG] tryToRoute -- srcDFGNode: 34, srcCGRANode: 6; dstDFGNode: 50, dstCGRANode: 1; backEdge: 0
[DEBUG] in shareSameCycle is true: node 50
[DEBUG] cannot route due to II is violated for backward cycle
DEBUG target DFG node: 50 on fu: 1 failed, mapped pred DFG node: 34; return false
[DEBUG] fail1 in schedule() II: 122
[DEBUG] the failed path -- cycle: 7 CGRANode: 1
[DEBUG] the failed path -- cycle: 6 CGRANode: 2
[DEBUG] the failed path -- cycle: 5 CGRANode: 6
[DEBUG] the failed path -- cycle: 4 CGRANode: 10
----------------------------------------
[DEBUG] start heuristic algorithm with II=123
[DEBUG] schedule dfg node[33] onto fu[5] at cycle 0 within II: 123
[DEBUG] setDFGNode 33 onto CGRANode 5 at cycle: 0
[DEBUG] success in schedule()
[DEBUG] schedule dfg node[34] onto fu[6] at cycle 1 within II: 123
[DEBUG] setDFGNode 34 onto CGRANode 6 at cycle: 1
[DEBUG] in allocateReg() t_cycle: 0; i: 0 CGRA node: 6; link: 2 duration 1
[DEBUG] done reg allocation
[DEBUG] occupy link[5]-->[6] (bypass:0) dfgNode: 33 at cycle 0
[DEBUG] skip predecessor routing -- dfgNode: 33
[DEBUG] success in schedule()
[DEBUG] schedule dfg node[51] onto fu[10] at cycle 2 within II: 123
[DEBUG] setDFGNode 51 onto CGRANode 10 at cycle: 2
[DEBUG] in allocateReg() t_cycle: 1; i: 0 CGRA node: 10; link: 1 duration 1
[DEBUG] done reg allocation
[DEBUG] occupy link[6]-->[10] (bypass:0) dfgNode: 34 at cycle 1
[DEBUG] skip predecessor routing -- dfgNode: 34
[DEBUG] success in schedule()
[DEBUG] schedule dfg node[52] onto fu[9] at cycle 3 within II: 123
[DEBUG] setDFGNode 52 onto CGRANode 9 at cycle: 3
[DEBUG] in allocateReg() t_cycle: 2; i: 0 CGRA node: 9; link: 3 duration 1
[DEBUG] done reg allocation
[DEBUG] occupy link[10]-->[9] (bypass:0) dfgNode: 51 at cycle 2
[DEBUG] skip predecessor routing -- dfgNode: 51
[DEBUG] success in schedule()
[DEBUG] schedule dfg node[0] onto fu[10] at cycle 4 within II: 123
[DEBUG] setDFGNode 0 onto CGRANode 10 at cycle: 4
[DEBUG] in allocateReg() t_cycle: 3; i: 0 CGRA node: 10; link: 2 duration 1
[DEBUG] done reg allocation
[DEBUG] occupy link[9]-->[10] (bypass:0) dfgNode: 52 at cycle 3
[DEBUG] skip predecessor routing -- dfgNode: 52
[DEBUG] in shareSameCycle is true: node 0
[DEBUG] tryToRoute -- srcDFGNode: 0, srcCGRANode: 10; dstDFGNode: 33, dstCGRANode: 5; backEdge: 1
[DEBUG] in shareSameCycle is true: node 33
[DEBUG] check route size: 3
[DEBUG] occupy link[10]-->[6] (bypass:1) dfgNode: 0 at cycle 4
[DEBUG] reset duration: 118 t_dstCycle: 0 previous: 5 II: 123
[DEBUG] in allocateReg() t_cycle: 5; i: 0 CGRA node: 5; link: 3 duration 118
[DEBUG] done reg allocation
[DEBUG] occupy link[6]-->[5] (bypass:0) dfgNode: 0 at cycle 5
[DEBUG] in shareSameCycle is true: node 0
[DEBUG] tryToRoute -- srcDFGNode: 0, srcCGRANode: 10; dstDFGNode: 51, dstCGRANode: 10; backEdge: 1
[DEBUG] in shareSameCycle is true: node 51
[DEBUG] check route size: 1
[DEBUG] allocate for local reg maintain... duration=121 last cycle: 4
[DEBUG] in allocateReg() t_cycle: 4; i: 1 CGRA node: 10; link: 4 duration 121
[DEBUG] done reg allocation
[DEBUG] success in schedule()
[DEBUG] schedule dfg node[1] onto fu[14] at cycle 5 within II: 123
[DEBUG] setDFGNode 1 onto CGRANode 14 at cycle: 5
[DEBUG] in allocateReg() t_cycle: 4; i: 0 CGRA node: 14; link: 1 duration 1
[DEBUG] done reg allocation
[DEBUG] occupy link[10]-->[14] (bypass:0) dfgNode: 0 at cycle 4
[DEBUG] skip predecessor routing -- dfgNode: 0
[DEBUG] success in schedule()
[DEBUG] schedule dfg node[4] onto fu[6] at cycle 5 within II: 123
[DEBUG] setDFGNode 4 onto CGRANode 6 at cycle: 5
[DEBUG] in allocateReg() t_cycle: 4; i: 0 CGRA node: 6; link: 0 duration 1
[DEBUG] done reg allocation
[DEBUG] occupy link[10]-->[6] (bypass:0) dfgNode: 0 at cycle 4
[DEBUG] skip predecessor routing -- dfgNode: 0
[DEBUG] success in schedule()
[DEBUG] schedule dfg node[8] onto fu[9] at cycle 5 within II: 123
[DEBUG] setDFGNode 8 onto CGRANode 9 at cycle: 5
[DEBUG] in allocateReg() t_cycle: 4; i: 0 CGRA node: 9; link: 3 duration 1
[DEBUG] done reg allocation
[DEBUG] occupy link[10]-->[9] (bypass:0) dfgNode: 0 at cycle 4
[DEBUG] skip predecessor routing -- dfgNode: 0
[DEBUG] success in schedule()
[DEBUG] schedule dfg node[16] onto fu[5] at cycle 6 within II: 123
[DEBUG] setDFGNode 16 onto CGRANode 5 at cycle: 6
[DEBUG] occupy link[10]-->[6] (bypass:1) dfgNode: 0 at cycle 4
[DEBUG] in allocateReg() t_cycle: 5; i: 1 CGRA node: 5; link: 3 duration 1
[DEBUG] done reg allocation
[DEBUG] occupy link[6]-->[5] (bypass:0) dfgNode: 0 at cycle 5
[DEBUG] skip predecessor routing -- dfgNode: 0
[DEBUG] success in schedule()
[DEBUG] schedule dfg node[24] onto fu[10] at cycle 5 within II: 123
[DEBUG] setDFGNode 24 onto CGRANode 10 at cycle: 5
[DEBUG] tryToRoute -- srcDFGNode: 0, srcCGRANode: 10; dstDFGNode: 24, dstCGRANode: 10; backEdge: 0
[DEBUG] check route size: 1
[DEBUG] allocate for local reg maintain... duration=1 last cycle: 4
[DEBUG] in allocateReg() t_cycle: 4; i: 0 CGRA node: 10; link: 4 duration 1
[DEBUG] done reg allocation
[DEBUG] success in schedule()
[DEBUG] schedule dfg node[32] onto fu[13] at cycle 6 within II: 123
[DEBUG] setDFGNode 32 onto CGRANode 13 at cycle: 6
[DEBUG] occupy link[10]-->[9] (bypass:1) dfgNode: 0 at cycle 4
[DEBUG] in allocateReg() t_cycle: 5; i: 0 CGRA node: 13; link: 1 duration 1
[DEBUG] done reg allocation
[DEBUG] occupy link[9]-->[13] (bypass:0) dfgNode: 0 at cycle 5
[DEBUG] skip predecessor routing -- dfgNode: 0
[DEBUG] success in schedule()
[DEBUG] schedule dfg node[42] onto fu[2] at cycle 6 within II: 123
[DEBUG] setDFGNode 42 onto CGRANode 2 at cycle: 6
[DEBUG] occupy link[10]-->[6] (bypass:1) dfgNode: 0 at cycle 4
[DEBUG] in allocateReg() t_cycle: 5; i: 0 CGRA node: 2; link: 0 duration 1
[DEBUG] done reg allocation
[DEBUG] occupy link[6]-->[2] (bypass:0) dfgNode: 0 at cycle 5
[DEBUG] skip predecessor routing -- dfgNode: 0
[DEBUG] tryToRoute -- srcDFGNode: 34, srcCGRANode: 6; dstDFGNode: 42, dstCGRANode: 2; backEdge: 0
[DEBUG] check route size: 2
[DEBUG] reset duration: 5 t_dstCycle: 6 previous: 1 II: 123
[DEBUG] in allocateReg() t_cycle: 1; i: 1 CGRA node: 2; link: 0 duration 5
[DEBUG] done reg allocation
[DEBUG] occupy link[6]-->[2] (bypass:0) dfgNode: 34 at cycle 1
[DEBUG] success in schedule()
[DEBUG] schedule dfg node[50] onto fu[1] at cycle 7 within II: 123
[DEBUG] setDFGNode 50 onto CGRANode 1 at cycle: 7
[DEBUG] occupy link[10]-->[6] (bypass:1) dfgNode: 0 at cycle 4
[DEBUG] occupy link[6]-->[2] (bypass:1) dfgNode: 0 at cycle 5
[DEBUG] in allocateReg() t_cycle: 6; i: 0 CGRA node: 1; link: 3 duration 1
[DEBUG] done reg allocation
[DEBUG] occupy link[2]-->[1] (bypass:0) dfgNode: 0 at cycle 6
[DEBUG] skip predecessor routing -- dfgNode: 0
[DEBUG] tryToRoute -- srcDFGNode: 34, srcCGRANode: 6; dstDFGNode: 50, dstCGRANode: 1; backEdge: 0
[DEBUG] in shareSameCycle is true: node 50
[DEBUG] cannot route due to II is violated for backward cycle
DEBUG target DFG node: 50 on fu: 1 failed, mapped pred DFG node: 34; return false
[DEBUG] fail1 in schedule() II: 123
[DEBUG] the failed path -- cycle: 7 CGRANode: 1
[DEBUG] the failed path -- cycle: 6 CGRANode: 2
[DEBUG] the failed path -- cycle: 5 CGRANode: 6
[DEBUG] the failed path -- cycle: 4 CGRANode: 10
----------------------------------------
[DEBUG] start heuristic algorithm with II=124
[DEBUG] schedule dfg node[33] onto fu[5] at cycle 0 within II: 124
[DEBUG] setDFGNode 33 onto CGRANode 5 at cycle: 0
[DEBUG] success in schedule()
[DEBUG] schedule dfg node[34] onto fu[6] at cycle 1 within II: 124
[DEBUG] setDFGNode 34 onto CGRANode 6 at cycle: 1
[DEBUG] in allocateReg() t_cycle: 0; i: 0 CGRA node: 6; link: 2 duration 1
[DEBUG] done reg allocation
[DEBUG] occupy link[5]-->[6] (bypass:0) dfgNode: 33 at cycle 0
[DEBUG] skip predecessor routing -- dfgNode: 33
[DEBUG] success in schedule()
[DEBUG] schedule dfg node[51] onto fu[10] at cycle 2 within II: 124
[DEBUG] setDFGNode 51 onto CGRANode 10 at cycle: 2
[DEBUG] in allocateReg() t_cycle: 1; i: 0 CGRA node: 10; link: 1 duration 1
[DEBUG] done reg allocation
[DEBUG] occupy link[6]-->[10] (bypass:0) dfgNode: 34 at cycle 1
[DEBUG] skip predecessor routing -- dfgNode: 34
[DEBUG] success in schedule()
[DEBUG] schedule dfg node[52] onto fu[9] at cycle 3 within II: 124
[DEBUG] setDFGNode 52 onto CGRANode 9 at cycle: 3
[DEBUG] in allocateReg() t_cycle: 2; i: 0 CGRA node: 9; link: 3 duration 1
[DEBUG] done reg allocation
[DEBUG] occupy link[10]-->[9] (bypass:0) dfgNode: 51 at cycle 2
[DEBUG] skip predecessor routing -- dfgNode: 51
[DEBUG] success in schedule()
[DEBUG] schedule dfg node[0] onto fu[10] at cycle 4 within II: 124
[DEBUG] setDFGNode 0 onto CGRANode 10 at cycle: 4
[DEBUG] in allocateReg() t_cycle: 3; i: 0 CGRA node: 10; link: 2 duration 1
[DEBUG] done reg allocation
[DEBUG] occupy link[9]-->[10] (bypass:0) dfgNode: 52 at cycle 3
[DEBUG] skip predecessor routing -- dfgNode: 52
[DEBUG] in shareSameCycle is true: node 0
[DEBUG] tryToRoute -- srcDFGNode: 0, srcCGRANode: 10; dstDFGNode: 33, dstCGRANode: 5; backEdge: 1
[DEBUG] in shareSameCycle is true: node 33
[DEBUG] check route size: 3
[DEBUG] occupy link[10]-->[6] (bypass:1) dfgNode: 0 at cycle 4
[DEBUG] reset duration: 119 t_dstCycle: 0 previous: 5 II: 124
[DEBUG] in allocateReg() t_cycle: 5; i: 0 CGRA node: 5; link: 3 duration 119
[DEBUG] done reg allocation
[DEBUG] occupy link[6]-->[5] (bypass:0) dfgNode: 0 at cycle 5
[DEBUG] in shareSameCycle is true: node 0
[DEBUG] tryToRoute -- srcDFGNode: 0, srcCGRANode: 10; dstDFGNode: 51, dstCGRANode: 10; backEdge: 1
[DEBUG] in shareSameCycle is true: node 51
[DEBUG] check route size: 1
[DEBUG] allocate for local reg maintain... duration=122 last cycle: 4
[DEBUG] in allocateReg() t_cycle: 4; i: 1 CGRA node: 10; link: 4 duration 122
[DEBUG] done reg allocation
[DEBUG] success in schedule()
[DEBUG] schedule dfg node[1] onto fu[14] at cycle 5 within II: 124
[DEBUG] setDFGNode 1 onto CGRANode 14 at cycle: 5
[DEBUG] in allocateReg() t_cycle: 4; i: 0 CGRA node: 14; link: 1 duration 1
[DEBUG] done reg allocation
[DEBUG] occupy link[10]-->[14] (bypass:0) dfgNode: 0 at cycle 4
[DEBUG] skip predecessor routing -- dfgNode: 0
[DEBUG] success in schedule()
[DEBUG] schedule dfg node[4] onto fu[6] at cycle 5 within II: 124
[DEBUG] setDFGNode 4 onto CGRANode 6 at cycle: 5
[DEBUG] in allocateReg() t_cycle: 4; i: 0 CGRA node: 6; link: 0 duration 1
[DEBUG] done reg allocation
[DEBUG] occupy link[10]-->[6] (bypass:0) dfgNode: 0 at cycle 4
[DEBUG] skip predecessor routing -- dfgNode: 0
[DEBUG] success in schedule()
[DEBUG] schedule dfg node[8] onto fu[9] at cycle 5 within II: 124
[DEBUG] setDFGNode 8 onto CGRANode 9 at cycle: 5
[DEBUG] in allocateReg() t_cycle: 4; i: 0 CGRA node: 9; link: 3 duration 1
[DEBUG] done reg allocation
[DEBUG] occupy link[10]-->[9] (bypass:0) dfgNode: 0 at cycle 4
[DEBUG] skip predecessor routing -- dfgNode: 0
[DEBUG] success in schedule()
[DEBUG] schedule dfg node[16] onto fu[5] at cycle 6 within II: 124
[DEBUG] setDFGNode 16 onto CGRANode 5 at cycle: 6
[DEBUG] occupy link[10]-->[6] (bypass:1) dfgNode: 0 at cycle 4
[DEBUG] in allocateReg() t_cycle: 5; i: 1 CGRA node: 5; link: 3 duration 1
[DEBUG] done reg allocation
[DEBUG] occupy link[6]-->[5] (bypass:0) dfgNode: 0 at cycle 5
[DEBUG] skip predecessor routing -- dfgNode: 0
[DEBUG] success in schedule()
[DEBUG] schedule dfg node[24] onto fu[10] at cycle 5 within II: 124
[DEBUG] setDFGNode 24 onto CGRANode 10 at cycle: 5
[DEBUG] tryToRoute -- srcDFGNode: 0, srcCGRANode: 10; dstDFGNode: 24, dstCGRANode: 10; backEdge: 0
[DEBUG] check route size: 1
[DEBUG] allocate for local reg maintain... duration=1 last cycle: 4
[DEBUG] in allocateReg() t_cycle: 4; i: 0 CGRA node: 10; link: 4 duration 1
[DEBUG] done reg allocation
[DEBUG] success in schedule()
[DEBUG] schedule dfg node[32] onto fu[13] at cycle 6 within II: 124
[DEBUG] setDFGNode 32 onto CGRANode 13 at cycle: 6
[DEBUG] occupy link[10]-->[9] (bypass:1) dfgNode: 0 at cycle 4
[DEBUG] in allocateReg() t_cycle: 5; i: 0 CGRA node: 13; link: 1 duration 1
[DEBUG] done reg allocation
[DEBUG] occupy link[9]-->[13] (bypass:0) dfgNode: 0 at cycle 5
[DEBUG] skip predecessor routing -- dfgNode: 0
[DEBUG] success in schedule()
[DEBUG] schedule dfg node[42] onto fu[2] at cycle 6 within II: 124
[DEBUG] setDFGNode 42 onto CGRANode 2 at cycle: 6
[DEBUG] occupy link[10]-->[6] (bypass:1) dfgNode: 0 at cycle 4
[DEBUG] in allocateReg() t_cycle: 5; i: 0 CGRA node: 2; link: 0 duration 1
[DEBUG] done reg allocation
[DEBUG] occupy link[6]-->[2] (bypass:0) dfgNode: 0 at cycle 5
[DEBUG] skip predecessor routing -- dfgNode: 0
[DEBUG] tryToRoute -- srcDFGNode: 34, srcCGRANode: 6; dstDFGNode: 42, dstCGRANode: 2; backEdge: 0
[DEBUG] check route size: 2
[DEBUG] reset duration: 5 t_dstCycle: 6 previous: 1 II: 124
[DEBUG] in allocateReg() t_cycle: 1; i: 1 CGRA node: 2; link: 0 duration 5
[DEBUG] done reg allocation
[DEBUG] occupy link[6]-->[2] (bypass:0) dfgNode: 34 at cycle 1
[DEBUG] success in schedule()
[DEBUG] schedule dfg node[50] onto fu[1] at cycle 7 within II: 124
[DEBUG] setDFGNode 50 onto CGRANode 1 at cycle: 7
[DEBUG] occupy link[10]-->[6] (bypass:1) dfgNode: 0 at cycle 4
[DEBUG] occupy link[6]-->[2] (bypass:1) dfgNode: 0 at cycle 5
[DEBUG] in allocateReg() t_cycle: 6; i: 0 CGRA node: 1; link: 3 duration 1
[DEBUG] done reg allocation
[DEBUG] occupy link[2]-->[1] (bypass:0) dfgNode: 0 at cycle 6
[DEBUG] skip predecessor routing -- dfgNode: 0
[DEBUG] tryToRoute -- srcDFGNode: 34, srcCGRANode: 6; dstDFGNode: 50, dstCGRANode: 1; backEdge: 0
[DEBUG] in shareSameCycle is true: node 50
[DEBUG] cannot route due to II is violated for backward cycle
DEBUG target DFG node: 50 on fu: 1 failed, mapped pred DFG node: 34; return false
[DEBUG] fail1 in schedule() II: 124
[DEBUG] the failed path -- cycle: 7 CGRANode: 1
[DEBUG] the failed path -- cycle: 6 CGRANode: 2
[DEBUG] the failed path -- cycle: 5 CGRANode: 6
[DEBUG] the failed path -- cycle: 4 CGRANode: 10
----------------------------------------
[DEBUG] start heuristic algorithm with II=125
[DEBUG] schedule dfg node[33] onto fu[5] at cycle 0 within II: 125
[DEBUG] setDFGNode 33 onto CGRANode 5 at cycle: 0
[DEBUG] success in schedule()
[DEBUG] schedule dfg node[34] onto fu[6] at cycle 1 within II: 125
[DEBUG] setDFGNode 34 onto CGRANode 6 at cycle: 1
[DEBUG] in allocateReg() t_cycle: 0; i: 0 CGRA node: 6; link: 2 duration 1
[DEBUG] done reg allocation
[DEBUG] occupy link[5]-->[6] (bypass:0) dfgNode: 33 at cycle 0
[DEBUG] skip predecessor routing -- dfgNode: 33
[DEBUG] success in schedule()
[DEBUG] schedule dfg node[51] onto fu[10] at cycle 2 within II: 125
[DEBUG] setDFGNode 51 onto CGRANode 10 at cycle: 2
[DEBUG] in allocateReg() t_cycle: 1; i: 0 CGRA node: 10; link: 1 duration 1
[DEBUG] done reg allocation
[DEBUG] occupy link[6]-->[10] (bypass:0) dfgNode: 34 at cycle 1
[DEBUG] skip predecessor routing -- dfgNode: 34
[DEBUG] success in schedule()
[DEBUG] schedule dfg node[52] onto fu[9] at cycle 3 within II: 125
[DEBUG] setDFGNode 52 onto CGRANode 9 at cycle: 3
[DEBUG] in allocateReg() t_cycle: 2; i: 0 CGRA node: 9; link: 3 duration 1
[DEBUG] done reg allocation
[DEBUG] occupy link[10]-->[9] (bypass:0) dfgNode: 51 at cycle 2
[DEBUG] skip predecessor routing -- dfgNode: 51
[DEBUG] success in schedule()
[DEBUG] schedule dfg node[0] onto fu[10] at cycle 4 within II: 125
[DEBUG] setDFGNode 0 onto CGRANode 10 at cycle: 4
[DEBUG] in allocateReg() t_cycle: 3; i: 0 CGRA node: 10; link: 2 duration 1
[DEBUG] done reg allocation
[DEBUG] occupy link[9]-->[10] (bypass:0) dfgNode: 52 at cycle 3
[DEBUG] skip predecessor routing -- dfgNode: 52
[DEBUG] in shareSameCycle is true: node 0
[DEBUG] tryToRoute -- srcDFGNode: 0, srcCGRANode: 10; dstDFGNode: 33, dstCGRANode: 5; backEdge: 1
[DEBUG] in shareSameCycle is true: node 33
[DEBUG] check route size: 3
[DEBUG] occupy link[10]-->[6] (bypass:1) dfgNode: 0 at cycle 4
[DEBUG] reset duration: 120 t_dstCycle: 0 previous: 5 II: 125
[DEBUG] in allocateReg() t_cycle: 5; i: 0 CGRA node: 5; link: 3 duration 120
[DEBUG] done reg allocation
[DEBUG] occupy link[6]-->[5] (bypass:0) dfgNode: 0 at cycle 5
[DEBUG] in shareSameCycle is true: node 0
[DEBUG] tryToRoute -- srcDFGNode: 0, srcCGRANode: 10; dstDFGNode: 51, dstCGRANode: 10; backEdge: 1
[DEBUG] in shareSameCycle is true: node 51
[DEBUG] check route size: 1
[DEBUG] allocate for local reg maintain... duration=123 last cycle: 4
[DEBUG] in allocateReg() t_cycle: 4; i: 1 CGRA node: 10; link: 4 duration 123
[DEBUG] done reg allocation
[DEBUG] success in schedule()
[DEBUG] schedule dfg node[1] onto fu[14] at cycle 5 within II: 125
[DEBUG] setDFGNode 1 onto CGRANode 14 at cycle: 5
[DEBUG] in allocateReg() t_cycle: 4; i: 0 CGRA node: 14; link: 1 duration 1
[DEBUG] done reg allocation
[DEBUG] occupy link[10]-->[14] (bypass:0) dfgNode: 0 at cycle 4
[DEBUG] skip predecessor routing -- dfgNode: 0
[DEBUG] success in schedule()
[DEBUG] schedule dfg node[4] onto fu[6] at cycle 5 within II: 125
[DEBUG] setDFGNode 4 onto CGRANode 6 at cycle: 5
[DEBUG] in allocateReg() t_cycle: 4; i: 0 CGRA node: 6; link: 0 duration 1
[DEBUG] done reg allocation
[DEBUG] occupy link[10]-->[6] (bypass:0) dfgNode: 0 at cycle 4
[DEBUG] skip predecessor routing -- dfgNode: 0
[DEBUG] success in schedule()
[DEBUG] schedule dfg node[8] onto fu[9] at cycle 5 within II: 125
[DEBUG] setDFGNode 8 onto CGRANode 9 at cycle: 5
[DEBUG] in allocateReg() t_cycle: 4; i: 0 CGRA node: 9; link: 3 duration 1
[DEBUG] done reg allocation
[DEBUG] occupy link[10]-->[9] (bypass:0) dfgNode: 0 at cycle 4
[DEBUG] skip predecessor routing -- dfgNode: 0
[DEBUG] success in schedule()
[DEBUG] schedule dfg node[16] onto fu[5] at cycle 6 within II: 125
[DEBUG] setDFGNode 16 onto CGRANode 5 at cycle: 6
[DEBUG] occupy link[10]-->[6] (bypass:1) dfgNode: 0 at cycle 4
[DEBUG] in allocateReg() t_cycle: 5; i: 1 CGRA node: 5; link: 3 duration 1
[DEBUG] done reg allocation
[DEBUG] occupy link[6]-->[5] (bypass:0) dfgNode: 0 at cycle 5
[DEBUG] skip predecessor routing -- dfgNode: 0
[DEBUG] success in schedule()
[DEBUG] schedule dfg node[24] onto fu[10] at cycle 5 within II: 125
[DEBUG] setDFGNode 24 onto CGRANode 10 at cycle: 5
[DEBUG] tryToRoute -- srcDFGNode: 0, srcCGRANode: 10; dstDFGNode: 24, dstCGRANode: 10; backEdge: 0
[DEBUG] check route size: 1
[DEBUG] allocate for local reg maintain... duration=1 last cycle: 4
[DEBUG] in allocateReg() t_cycle: 4; i: 0 CGRA node: 10; link: 4 duration 1
[DEBUG] done reg allocation
[DEBUG] success in schedule()
[DEBUG] schedule dfg node[32] onto fu[13] at cycle 6 within II: 125
[DEBUG] setDFGNode 32 onto CGRANode 13 at cycle: 6
[DEBUG] occupy link[10]-->[9] (bypass:1) dfgNode: 0 at cycle 4
[DEBUG] in allocateReg() t_cycle: 5; i: 0 CGRA node: 13; link: 1 duration 1
[DEBUG] done reg allocation
[DEBUG] occupy link[9]-->[13] (bypass:0) dfgNode: 0 at cycle 5
[DEBUG] skip predecessor routing -- dfgNode: 0
[DEBUG] success in schedule()
[DEBUG] schedule dfg node[42] onto fu[2] at cycle 6 within II: 125
[DEBUG] setDFGNode 42 onto CGRANode 2 at cycle: 6
[DEBUG] occupy link[10]-->[6] (bypass:1) dfgNode: 0 at cycle 4
[DEBUG] in allocateReg() t_cycle: 5; i: 0 CGRA node: 2; link: 0 duration 1
[DEBUG] done reg allocation
[DEBUG] occupy link[6]-->[2] (bypass:0) dfgNode: 0 at cycle 5
[DEBUG] skip predecessor routing -- dfgNode: 0
[DEBUG] tryToRoute -- srcDFGNode: 34, srcCGRANode: 6; dstDFGNode: 42, dstCGRANode: 2; backEdge: 0
[DEBUG] check route size: 2
[DEBUG] reset duration: 5 t_dstCycle: 6 previous: 1 II: 125
[DEBUG] in allocateReg() t_cycle: 1; i: 1 CGRA node: 2; link: 0 duration 5
[DEBUG] done reg allocation
[DEBUG] occupy link[6]-->[2] (bypass:0) dfgNode: 34 at cycle 1
[DEBUG] success in schedule()
[DEBUG] schedule dfg node[50] onto fu[1] at cycle 7 within II: 125
[DEBUG] setDFGNode 50 onto CGRANode 1 at cycle: 7
[DEBUG] occupy link[10]-->[6] (bypass:1) dfgNode: 0 at cycle 4
[DEBUG] occupy link[6]-->[2] (bypass:1) dfgNode: 0 at cycle 5
[DEBUG] in allocateReg() t_cycle: 6; i: 0 CGRA node: 1; link: 3 duration 1
[DEBUG] done reg allocation
[DEBUG] occupy link[2]-->[1] (bypass:0) dfgNode: 0 at cycle 6
[DEBUG] skip predecessor routing -- dfgNode: 0
[DEBUG] tryToRoute -- srcDFGNode: 34, srcCGRANode: 6; dstDFGNode: 50, dstCGRANode: 1; backEdge: 0
[DEBUG] in shareSameCycle is true: node 50
[DEBUG] cannot route due to II is violated for backward cycle
DEBUG target DFG node: 50 on fu: 1 failed, mapped pred DFG node: 34; return false
[DEBUG] fail1 in schedule() II: 125
[DEBUG] the failed path -- cycle: 7 CGRANode: 1
[DEBUG] the failed path -- cycle: 6 CGRANode: 2
[DEBUG] the failed path -- cycle: 5 CGRANode: 6
[DEBUG] the failed path -- cycle: 4 CGRANode: 10
----------------------------------------
[DEBUG] start heuristic algorithm with II=126
[DEBUG] schedule dfg node[33] onto fu[5] at cycle 0 within II: 126
[DEBUG] setDFGNode 33 onto CGRANode 5 at cycle: 0
[DEBUG] success in schedule()
[DEBUG] schedule dfg node[34] onto fu[6] at cycle 1 within II: 126
[DEBUG] setDFGNode 34 onto CGRANode 6 at cycle: 1
[DEBUG] in allocateReg() t_cycle: 0; i: 0 CGRA node: 6; link: 2 duration 1
[DEBUG] done reg allocation
[DEBUG] occupy link[5]-->[6] (bypass:0) dfgNode: 33 at cycle 0
[DEBUG] skip predecessor routing -- dfgNode: 33
[DEBUG] success in schedule()
[DEBUG] schedule dfg node[51] onto fu[10] at cycle 2 within II: 126
[DEBUG] setDFGNode 51 onto CGRANode 10 at cycle: 2
[DEBUG] in allocateReg() t_cycle: 1; i: 0 CGRA node: 10; link: 1 duration 1
[DEBUG] done reg allocation
[DEBUG] occupy link[6]-->[10] (bypass:0) dfgNode: 34 at cycle 1
[DEBUG] skip predecessor routing -- dfgNode: 34
[DEBUG] success in schedule()
[DEBUG] schedule dfg node[52] onto fu[9] at cycle 3 within II: 126
[DEBUG] setDFGNode 52 onto CGRANode 9 at cycle: 3
[DEBUG] in allocateReg() t_cycle: 2; i: 0 CGRA node: 9; link: 3 duration 1
[DEBUG] done reg allocation
[DEBUG] occupy link[10]-->[9] (bypass:0) dfgNode: 51 at cycle 2
[DEBUG] skip predecessor routing -- dfgNode: 51
[DEBUG] success in schedule()
[DEBUG] schedule dfg node[0] onto fu[10] at cycle 4 within II: 126
[DEBUG] setDFGNode 0 onto CGRANode 10 at cycle: 4
[DEBUG] in allocateReg() t_cycle: 3; i: 0 CGRA node: 10; link: 2 duration 1
[DEBUG] done reg allocation
[DEBUG] occupy link[9]-->[10] (bypass:0) dfgNode: 52 at cycle 3
[DEBUG] skip predecessor routing -- dfgNode: 52
[DEBUG] in shareSameCycle is true: node 0
[DEBUG] tryToRoute -- srcDFGNode: 0, srcCGRANode: 10; dstDFGNode: 33, dstCGRANode: 5; backEdge: 1
[DEBUG] in shareSameCycle is true: node 33
[DEBUG] check route size: 3
[DEBUG] occupy link[10]-->[6] (bypass:1) dfgNode: 0 at cycle 4
[DEBUG] reset duration: 121 t_dstCycle: 0 previous: 5 II: 126
[DEBUG] in allocateReg() t_cycle: 5; i: 0 CGRA node: 5; link: 3 duration 121
[DEBUG] done reg allocation
[DEBUG] occupy link[6]-->[5] (bypass:0) dfgNode: 0 at cycle 5
[DEBUG] in shareSameCycle is true: node 0
[DEBUG] tryToRoute -- srcDFGNode: 0, srcCGRANode: 10; dstDFGNode: 51, dstCGRANode: 10; backEdge: 1
[DEBUG] in shareSameCycle is true: node 51
[DEBUG] check route size: 1
[DEBUG] allocate for local reg maintain... duration=124 last cycle: 4
[DEBUG] in allocateReg() t_cycle: 4; i: 1 CGRA node: 10; link: 4 duration 124
[DEBUG] done reg allocation
[DEBUG] success in schedule()
[DEBUG] schedule dfg node[1] onto fu[14] at cycle 5 within II: 126
[DEBUG] setDFGNode 1 onto CGRANode 14 at cycle: 5
[DEBUG] in allocateReg() t_cycle: 4; i: 0 CGRA node: 14; link: 1 duration 1
[DEBUG] done reg allocation
[DEBUG] occupy link[10]-->[14] (bypass:0) dfgNode: 0 at cycle 4
[DEBUG] skip predecessor routing -- dfgNode: 0
[DEBUG] success in schedule()
[DEBUG] schedule dfg node[4] onto fu[6] at cycle 5 within II: 126
[DEBUG] setDFGNode 4 onto CGRANode 6 at cycle: 5
[DEBUG] in allocateReg() t_cycle: 4; i: 0 CGRA node: 6; link: 0 duration 1
[DEBUG] done reg allocation
[DEBUG] occupy link[10]-->[6] (bypass:0) dfgNode: 0 at cycle 4
[DEBUG] skip predecessor routing -- dfgNode: 0
[DEBUG] success in schedule()
[DEBUG] schedule dfg node[8] onto fu[9] at cycle 5 within II: 126
[DEBUG] setDFGNode 8 onto CGRANode 9 at cycle: 5
[DEBUG] in allocateReg() t_cycle: 4; i: 0 CGRA node: 9; link: 3 duration 1
[DEBUG] done reg allocation
[DEBUG] occupy link[10]-->[9] (bypass:0) dfgNode: 0 at cycle 4
[DEBUG] skip predecessor routing -- dfgNode: 0
[DEBUG] success in schedule()
[DEBUG] schedule dfg node[16] onto fu[5] at cycle 6 within II: 126
[DEBUG] setDFGNode 16 onto CGRANode 5 at cycle: 6
[DEBUG] occupy link[10]-->[6] (bypass:1) dfgNode: 0 at cycle 4
[DEBUG] in allocateReg() t_cycle: 5; i: 1 CGRA node: 5; link: 3 duration 1
[DEBUG] done reg allocation
[DEBUG] occupy link[6]-->[5] (bypass:0) dfgNode: 0 at cycle 5
[DEBUG] skip predecessor routing -- dfgNode: 0
[DEBUG] success in schedule()
[DEBUG] schedule dfg node[24] onto fu[10] at cycle 5 within II: 126
[DEBUG] setDFGNode 24 onto CGRANode 10 at cycle: 5
[DEBUG] tryToRoute -- srcDFGNode: 0, srcCGRANode: 10; dstDFGNode: 24, dstCGRANode: 10; backEdge: 0
[DEBUG] check route size: 1
[DEBUG] allocate for local reg maintain... duration=1 last cycle: 4
[DEBUG] in allocateReg() t_cycle: 4; i: 0 CGRA node: 10; link: 4 duration 1
[DEBUG] done reg allocation
[DEBUG] success in schedule()
[DEBUG] schedule dfg node[32] onto fu[13] at cycle 6 within II: 126
[DEBUG] setDFGNode 32 onto CGRANode 13 at cycle: 6
[DEBUG] occupy link[10]-->[9] (bypass:1) dfgNode: 0 at cycle 4
[DEBUG] in allocateReg() t_cycle: 5; i: 0 CGRA node: 13; link: 1 duration 1
[DEBUG] done reg allocation
[DEBUG] occupy link[9]-->[13] (bypass:0) dfgNode: 0 at cycle 5
[DEBUG] skip predecessor routing -- dfgNode: 0
[DEBUG] success in schedule()
[DEBUG] schedule dfg node[42] onto fu[2] at cycle 6 within II: 126
[DEBUG] setDFGNode 42 onto CGRANode 2 at cycle: 6
[DEBUG] occupy link[10]-->[6] (bypass:1) dfgNode: 0 at cycle 4
[DEBUG] in allocateReg() t_cycle: 5; i: 0 CGRA node: 2; link: 0 duration 1
[DEBUG] done reg allocation
[DEBUG] occupy link[6]-->[2] (bypass:0) dfgNode: 0 at cycle 5
[DEBUG] skip predecessor routing -- dfgNode: 0
[DEBUG] tryToRoute -- srcDFGNode: 34, srcCGRANode: 6; dstDFGNode: 42, dstCGRANode: 2; backEdge: 0
[DEBUG] check route size: 2
[DEBUG] reset duration: 5 t_dstCycle: 6 previous: 1 II: 126
[DEBUG] in allocateReg() t_cycle: 1; i: 1 CGRA node: 2; link: 0 duration 5
[DEBUG] done reg allocation
[DEBUG] occupy link[6]-->[2] (bypass:0) dfgNode: 34 at cycle 1
[DEBUG] success in schedule()
[DEBUG] schedule dfg node[50] onto fu[1] at cycle 7 within II: 126
[DEBUG] setDFGNode 50 onto CGRANode 1 at cycle: 7
[DEBUG] occupy link[10]-->[6] (bypass:1) dfgNode: 0 at cycle 4
[DEBUG] occupy link[6]-->[2] (bypass:1) dfgNode: 0 at cycle 5
[DEBUG] in allocateReg() t_cycle: 6; i: 0 CGRA node: 1; link: 3 duration 1
[DEBUG] done reg allocation
[DEBUG] occupy link[2]-->[1] (bypass:0) dfgNode: 0 at cycle 6
[DEBUG] skip predecessor routing -- dfgNode: 0
[DEBUG] tryToRoute -- srcDFGNode: 34, srcCGRANode: 6; dstDFGNode: 50, dstCGRANode: 1; backEdge: 0
[DEBUG] in shareSameCycle is true: node 50
[DEBUG] cannot route due to II is violated for backward cycle
DEBUG target DFG node: 50 on fu: 1 failed, mapped pred DFG node: 34; return false
[DEBUG] fail1 in schedule() II: 126
[DEBUG] the failed path -- cycle: 7 CGRANode: 1
[DEBUG] the failed path -- cycle: 6 CGRANode: 2
[DEBUG] the failed path -- cycle: 5 CGRANode: 6
[DEBUG] the failed path -- cycle: 4 CGRANode: 10
----------------------------------------
[DEBUG] start heuristic algorithm with II=127
[DEBUG] schedule dfg node[33] onto fu[5] at cycle 0 within II: 127
[DEBUG] setDFGNode 33 onto CGRANode 5 at cycle: 0
[DEBUG] success in schedule()
[DEBUG] schedule dfg node[34] onto fu[6] at cycle 1 within II: 127
[DEBUG] setDFGNode 34 onto CGRANode 6 at cycle: 1
[DEBUG] in allocateReg() t_cycle: 0; i: 0 CGRA node: 6; link: 2 duration 1
[DEBUG] done reg allocation
[DEBUG] occupy link[5]-->[6] (bypass:0) dfgNode: 33 at cycle 0
[DEBUG] skip predecessor routing -- dfgNode: 33
[DEBUG] success in schedule()
[DEBUG] schedule dfg node[51] onto fu[10] at cycle 2 within II: 127
[DEBUG] setDFGNode 51 onto CGRANode 10 at cycle: 2
[DEBUG] in allocateReg() t_cycle: 1; i: 0 CGRA node: 10; link: 1 duration 1
[DEBUG] done reg allocation
[DEBUG] occupy link[6]-->[10] (bypass:0) dfgNode: 34 at cycle 1
[DEBUG] skip predecessor routing -- dfgNode: 34
[DEBUG] success in schedule()
[DEBUG] schedule dfg node[52] onto fu[9] at cycle 3 within II: 127
[DEBUG] setDFGNode 52 onto CGRANode 9 at cycle: 3
[DEBUG] in allocateReg() t_cycle: 2; i: 0 CGRA node: 9; link: 3 duration 1
[DEBUG] done reg allocation
[DEBUG] occupy link[10]-->[9] (bypass:0) dfgNode: 51 at cycle 2
[DEBUG] skip predecessor routing -- dfgNode: 51
[DEBUG] success in schedule()
[DEBUG] schedule dfg node[0] onto fu[10] at cycle 4 within II: 127
[DEBUG] setDFGNode 0 onto CGRANode 10 at cycle: 4
[DEBUG] in allocateReg() t_cycle: 3; i: 0 CGRA node: 10; link: 2 duration 1
[DEBUG] done reg allocation
[DEBUG] occupy link[9]-->[10] (bypass:0) dfgNode: 52 at cycle 3
[DEBUG] skip predecessor routing -- dfgNode: 52
[DEBUG] in shareSameCycle is true: node 0
[DEBUG] tryToRoute -- srcDFGNode: 0, srcCGRANode: 10; dstDFGNode: 33, dstCGRANode: 5; backEdge: 1
[DEBUG] in shareSameCycle is true: node 33
[DEBUG] check route size: 3
[DEBUG] occupy link[10]-->[6] (bypass:1) dfgNode: 0 at cycle 4
[DEBUG] reset duration: 122 t_dstCycle: 0 previous: 5 II: 127
[DEBUG] in allocateReg() t_cycle: 5; i: 0 CGRA node: 5; link: 3 duration 122
[DEBUG] done reg allocation
[DEBUG] occupy link[6]-->[5] (bypass:0) dfgNode: 0 at cycle 5
[DEBUG] in shareSameCycle is true: node 0
[DEBUG] tryToRoute -- srcDFGNode: 0, srcCGRANode: 10; dstDFGNode: 51, dstCGRANode: 10; backEdge: 1
[DEBUG] in shareSameCycle is true: node 51
[DEBUG] check route size: 1
[DEBUG] allocate for local reg maintain... duration=125 last cycle: 4
[DEBUG] in allocateReg() t_cycle: 4; i: 1 CGRA node: 10; link: 4 duration 125
[DEBUG] done reg allocation
[DEBUG] success in schedule()
[DEBUG] schedule dfg node[1] onto fu[14] at cycle 5 within II: 127
[DEBUG] setDFGNode 1 onto CGRANode 14 at cycle: 5
[DEBUG] in allocateReg() t_cycle: 4; i: 0 CGRA node: 14; link: 1 duration 1
[DEBUG] done reg allocation
[DEBUG] occupy link[10]-->[14] (bypass:0) dfgNode: 0 at cycle 4
[DEBUG] skip predecessor routing -- dfgNode: 0
[DEBUG] success in schedule()
[DEBUG] schedule dfg node[4] onto fu[6] at cycle 5 within II: 127
[DEBUG] setDFGNode 4 onto CGRANode 6 at cycle: 5
[DEBUG] in allocateReg() t_cycle: 4; i: 0 CGRA node: 6; link: 0 duration 1
[DEBUG] done reg allocation
[DEBUG] occupy link[10]-->[6] (bypass:0) dfgNode: 0 at cycle 4
[DEBUG] skip predecessor routing -- dfgNode: 0
[DEBUG] success in schedule()
[DEBUG] schedule dfg node[8] onto fu[9] at cycle 5 within II: 127
[DEBUG] setDFGNode 8 onto CGRANode 9 at cycle: 5
[DEBUG] in allocateReg() t_cycle: 4; i: 0 CGRA node: 9; link: 3 duration 1
[DEBUG] done reg allocation
[DEBUG] occupy link[10]-->[9] (bypass:0) dfgNode: 0 at cycle 4
[DEBUG] skip predecessor routing -- dfgNode: 0
[DEBUG] success in schedule()
[DEBUG] schedule dfg node[16] onto fu[5] at cycle 6 within II: 127
[DEBUG] setDFGNode 16 onto CGRANode 5 at cycle: 6
[DEBUG] occupy link[10]-->[6] (bypass:1) dfgNode: 0 at cycle 4
[DEBUG] in allocateReg() t_cycle: 5; i: 1 CGRA node: 5; link: 3 duration 1
[DEBUG] done reg allocation
[DEBUG] occupy link[6]-->[5] (bypass:0) dfgNode: 0 at cycle 5
[DEBUG] skip predecessor routing -- dfgNode: 0
[DEBUG] success in schedule()
[DEBUG] schedule dfg node[24] onto fu[10] at cycle 5 within II: 127
[DEBUG] setDFGNode 24 onto CGRANode 10 at cycle: 5
[DEBUG] tryToRoute -- srcDFGNode: 0, srcCGRANode: 10; dstDFGNode: 24, dstCGRANode: 10; backEdge: 0
[DEBUG] check route size: 1
[DEBUG] allocate for local reg maintain... duration=1 last cycle: 4
[DEBUG] in allocateReg() t_cycle: 4; i: 0 CGRA node: 10; link: 4 duration 1
[DEBUG] done reg allocation
[DEBUG] success in schedule()
[DEBUG] schedule dfg node[32] onto fu[13] at cycle 6 within II: 127
[DEBUG] setDFGNode 32 onto CGRANode 13 at cycle: 6
[DEBUG] occupy link[10]-->[9] (bypass:1) dfgNode: 0 at cycle 4
[DEBUG] in allocateReg() t_cycle: 5; i: 0 CGRA node: 13; link: 1 duration 1
[DEBUG] done reg allocation
[DEBUG] occupy link[9]-->[13] (bypass:0) dfgNode: 0 at cycle 5
[DEBUG] skip predecessor routing -- dfgNode: 0
[DEBUG] success in schedule()
[DEBUG] schedule dfg node[42] onto fu[2] at cycle 6 within II: 127
[DEBUG] setDFGNode 42 onto CGRANode 2 at cycle: 6
[DEBUG] occupy link[10]-->[6] (bypass:1) dfgNode: 0 at cycle 4
[DEBUG] in allocateReg() t_cycle: 5; i: 0 CGRA node: 2; link: 0 duration 1
[DEBUG] done reg allocation
[DEBUG] occupy link[6]-->[2] (bypass:0) dfgNode: 0 at cycle 5
[DEBUG] skip predecessor routing -- dfgNode: 0
[DEBUG] tryToRoute -- srcDFGNode: 34, srcCGRANode: 6; dstDFGNode: 42, dstCGRANode: 2; backEdge: 0
[DEBUG] check route size: 2
[DEBUG] reset duration: 5 t_dstCycle: 6 previous: 1 II: 127
[DEBUG] in allocateReg() t_cycle: 1; i: 1 CGRA node: 2; link: 0 duration 5
[DEBUG] done reg allocation
[DEBUG] occupy link[6]-->[2] (bypass:0) dfgNode: 34 at cycle 1
[DEBUG] success in schedule()
[DEBUG] schedule dfg node[50] onto fu[1] at cycle 7 within II: 127
[DEBUG] setDFGNode 50 onto CGRANode 1 at cycle: 7
[DEBUG] occupy link[10]-->[6] (bypass:1) dfgNode: 0 at cycle 4
[DEBUG] occupy link[6]-->[2] (bypass:1) dfgNode: 0 at cycle 5
[DEBUG] in allocateReg() t_cycle: 6; i: 0 CGRA node: 1; link: 3 duration 1
[DEBUG] done reg allocation
[DEBUG] occupy link[2]-->[1] (bypass:0) dfgNode: 0 at cycle 6
[DEBUG] skip predecessor routing -- dfgNode: 0
[DEBUG] tryToRoute -- srcDFGNode: 34, srcCGRANode: 6; dstDFGNode: 50, dstCGRANode: 1; backEdge: 0
[DEBUG] in shareSameCycle is true: node 50
[DEBUG] cannot route due to II is violated for backward cycle
DEBUG target DFG node: 50 on fu: 1 failed, mapped pred DFG node: 34; return false
[DEBUG] fail1 in schedule() II: 127
[DEBUG] the failed path -- cycle: 7 CGRANode: 1
[DEBUG] the failed path -- cycle: 6 CGRANode: 2
[DEBUG] the failed path -- cycle: 5 CGRANode: 6
[DEBUG] the failed path -- cycle: 4 CGRANode: 10
----------------------------------------
[DEBUG] start heuristic algorithm with II=128
[DEBUG] schedule dfg node[33] onto fu[5] at cycle 0 within II: 128
[DEBUG] setDFGNode 33 onto CGRANode 5 at cycle: 0
[DEBUG] success in schedule()
[DEBUG] schedule dfg node[34] onto fu[6] at cycle 1 within II: 128
[DEBUG] setDFGNode 34 onto CGRANode 6 at cycle: 1
[DEBUG] in allocateReg() t_cycle: 0; i: 0 CGRA node: 6; link: 2 duration 1
[DEBUG] done reg allocation
[DEBUG] occupy link[5]-->[6] (bypass:0) dfgNode: 33 at cycle 0
[DEBUG] skip predecessor routing -- dfgNode: 33
[DEBUG] success in schedule()
[DEBUG] schedule dfg node[51] onto fu[10] at cycle 2 within II: 128
[DEBUG] setDFGNode 51 onto CGRANode 10 at cycle: 2
[DEBUG] in allocateReg() t_cycle: 1; i: 0 CGRA node: 10; link: 1 duration 1
[DEBUG] done reg allocation
[DEBUG] occupy link[6]-->[10] (bypass:0) dfgNode: 34 at cycle 1
[DEBUG] skip predecessor routing -- dfgNode: 34
[DEBUG] success in schedule()
[DEBUG] schedule dfg node[52] onto fu[9] at cycle 3 within II: 128
[DEBUG] setDFGNode 52 onto CGRANode 9 at cycle: 3
[DEBUG] in allocateReg() t_cycle: 2; i: 0 CGRA node: 9; link: 3 duration 1
[DEBUG] done reg allocation
[DEBUG] occupy link[10]-->[9] (bypass:0) dfgNode: 51 at cycle 2
[DEBUG] skip predecessor routing -- dfgNode: 51
[DEBUG] success in schedule()
[DEBUG] schedule dfg node[0] onto fu[10] at cycle 4 within II: 128
[DEBUG] setDFGNode 0 onto CGRANode 10 at cycle: 4
[DEBUG] in allocateReg() t_cycle: 3; i: 0 CGRA node: 10; link: 2 duration 1
[DEBUG] done reg allocation
[DEBUG] occupy link[9]-->[10] (bypass:0) dfgNode: 52 at cycle 3
[DEBUG] skip predecessor routing -- dfgNode: 52
[DEBUG] in shareSameCycle is true: node 0
[DEBUG] tryToRoute -- srcDFGNode: 0, srcCGRANode: 10; dstDFGNode: 33, dstCGRANode: 5; backEdge: 1
[DEBUG] in shareSameCycle is true: node 33
[DEBUG] check route size: 3
[DEBUG] occupy link[10]-->[6] (bypass:1) dfgNode: 0 at cycle 4
[DEBUG] reset duration: 123 t_dstCycle: 0 previous: 5 II: 128
[DEBUG] in allocateReg() t_cycle: 5; i: 0 CGRA node: 5; link: 3 duration 123
[DEBUG] done reg allocation
[DEBUG] occupy link[6]-->[5] (bypass:0) dfgNode: 0 at cycle 5
[DEBUG] in shareSameCycle is true: node 0
[DEBUG] tryToRoute -- srcDFGNode: 0, srcCGRANode: 10; dstDFGNode: 51, dstCGRANode: 10; backEdge: 1
[DEBUG] in shareSameCycle is true: node 51
[DEBUG] check route size: 1
[DEBUG] allocate for local reg maintain... duration=126 last cycle: 4
[DEBUG] in allocateReg() t_cycle: 4; i: 1 CGRA node: 10; link: 4 duration 126
[DEBUG] done reg allocation
[DEBUG] success in schedule()
[DEBUG] schedule dfg node[1] onto fu[14] at cycle 5 within II: 128
[DEBUG] setDFGNode 1 onto CGRANode 14 at cycle: 5
[DEBUG] in allocateReg() t_cycle: 4; i: 0 CGRA node: 14; link: 1 duration 1
[DEBUG] done reg allocation
[DEBUG] occupy link[10]-->[14] (bypass:0) dfgNode: 0 at cycle 4
[DEBUG] skip predecessor routing -- dfgNode: 0
[DEBUG] success in schedule()
[DEBUG] schedule dfg node[4] onto fu[6] at cycle 5 within II: 128
[DEBUG] setDFGNode 4 onto CGRANode 6 at cycle: 5
[DEBUG] in allocateReg() t_cycle: 4; i: 0 CGRA node: 6; link: 0 duration 1
[DEBUG] done reg allocation
[DEBUG] occupy link[10]-->[6] (bypass:0) dfgNode: 0 at cycle 4
[DEBUG] skip predecessor routing -- dfgNode: 0
[DEBUG] success in schedule()
[DEBUG] schedule dfg node[8] onto fu[9] at cycle 5 within II: 128
[DEBUG] setDFGNode 8 onto CGRANode 9 at cycle: 5
[DEBUG] in allocateReg() t_cycle: 4; i: 0 CGRA node: 9; link: 3 duration 1
[DEBUG] done reg allocation
[DEBUG] occupy link[10]-->[9] (bypass:0) dfgNode: 0 at cycle 4
[DEBUG] skip predecessor routing -- dfgNode: 0
[DEBUG] success in schedule()
[DEBUG] schedule dfg node[16] onto fu[5] at cycle 6 within II: 128
[DEBUG] setDFGNode 16 onto CGRANode 5 at cycle: 6
[DEBUG] occupy link[10]-->[6] (bypass:1) dfgNode: 0 at cycle 4
[DEBUG] in allocateReg() t_cycle: 5; i: 1 CGRA node: 5; link: 3 duration 1
[DEBUG] done reg allocation
[DEBUG] occupy link[6]-->[5] (bypass:0) dfgNode: 0 at cycle 5
[DEBUG] skip predecessor routing -- dfgNode: 0
[DEBUG] success in schedule()
[DEBUG] schedule dfg node[24] onto fu[10] at cycle 5 within II: 128
[DEBUG] setDFGNode 24 onto CGRANode 10 at cycle: 5
[DEBUG] tryToRoute -- srcDFGNode: 0, srcCGRANode: 10; dstDFGNode: 24, dstCGRANode: 10; backEdge: 0
[DEBUG] check route size: 1
[DEBUG] allocate for local reg maintain... duration=1 last cycle: 4
[DEBUG] in allocateReg() t_cycle: 4; i: 0 CGRA node: 10; link: 4 duration 1
[DEBUG] done reg allocation
[DEBUG] success in schedule()
[DEBUG] schedule dfg node[32] onto fu[13] at cycle 6 within II: 128
[DEBUG] setDFGNode 32 onto CGRANode 13 at cycle: 6
[DEBUG] occupy link[10]-->[9] (bypass:1) dfgNode: 0 at cycle 4
[DEBUG] in allocateReg() t_cycle: 5; i: 0 CGRA node: 13; link: 1 duration 1
[DEBUG] done reg allocation
[DEBUG] occupy link[9]-->[13] (bypass:0) dfgNode: 0 at cycle 5
[DEBUG] skip predecessor routing -- dfgNode: 0
[DEBUG] success in schedule()
[DEBUG] schedule dfg node[42] onto fu[2] at cycle 6 within II: 128
[DEBUG] setDFGNode 42 onto CGRANode 2 at cycle: 6
[DEBUG] occupy link[10]-->[6] (bypass:1) dfgNode: 0 at cycle 4
[DEBUG] in allocateReg() t_cycle: 5; i: 0 CGRA node: 2; link: 0 duration 1
[DEBUG] done reg allocation
[DEBUG] occupy link[6]-->[2] (bypass:0) dfgNode: 0 at cycle 5
[DEBUG] skip predecessor routing -- dfgNode: 0
[DEBUG] tryToRoute -- srcDFGNode: 34, srcCGRANode: 6; dstDFGNode: 42, dstCGRANode: 2; backEdge: 0
[DEBUG] check route size: 2
[DEBUG] reset duration: 5 t_dstCycle: 6 previous: 1 II: 128
[DEBUG] in allocateReg() t_cycle: 1; i: 1 CGRA node: 2; link: 0 duration 5
[DEBUG] done reg allocation
[DEBUG] occupy link[6]-->[2] (bypass:0) dfgNode: 34 at cycle 1
[DEBUG] success in schedule()
[DEBUG] schedule dfg node[50] onto fu[1] at cycle 7 within II: 128
[DEBUG] setDFGNode 50 onto CGRANode 1 at cycle: 7
[DEBUG] occupy link[10]-->[6] (bypass:1) dfgNode: 0 at cycle 4
[DEBUG] occupy link[6]-->[2] (bypass:1) dfgNode: 0 at cycle 5
[DEBUG] in allocateReg() t_cycle: 6; i: 0 CGRA node: 1; link: 3 duration 1
[DEBUG] done reg allocation
[DEBUG] occupy link[2]-->[1] (bypass:0) dfgNode: 0 at cycle 6
[DEBUG] skip predecessor routing -- dfgNode: 0
[DEBUG] tryToRoute -- srcDFGNode: 34, srcCGRANode: 6; dstDFGNode: 50, dstCGRANode: 1; backEdge: 0
[DEBUG] in shareSameCycle is true: node 50
[DEBUG] cannot route due to II is violated for backward cycle
DEBUG target DFG node: 50 on fu: 1 failed, mapped pred DFG node: 34; return false
[DEBUG] fail1 in schedule() II: 128
[DEBUG] the failed path -- cycle: 7 CGRANode: 1
[DEBUG] the failed path -- cycle: 6 CGRANode: 2
[DEBUG] the failed path -- cycle: 5 CGRANode: 6
[DEBUG] the failed path -- cycle: 4 CGRANode: 10
----------------------------------------
[DEBUG] start heuristic algorithm with II=129
[DEBUG] schedule dfg node[33] onto fu[5] at cycle 0 within II: 129
[DEBUG] setDFGNode 33 onto CGRANode 5 at cycle: 0
[DEBUG] success in schedule()
[DEBUG] schedule dfg node[34] onto fu[6] at cycle 1 within II: 129
[DEBUG] setDFGNode 34 onto CGRANode 6 at cycle: 1
[DEBUG] in allocateReg() t_cycle: 0; i: 0 CGRA node: 6; link: 2 duration 1
[DEBUG] done reg allocation
[DEBUG] occupy link[5]-->[6] (bypass:0) dfgNode: 33 at cycle 0
[DEBUG] skip predecessor routing -- dfgNode: 33
[DEBUG] success in schedule()
[DEBUG] schedule dfg node[51] onto fu[10] at cycle 2 within II: 129
[DEBUG] setDFGNode 51 onto CGRANode 10 at cycle: 2
[DEBUG] in allocateReg() t_cycle: 1; i: 0 CGRA node: 10; link: 1 duration 1
[DEBUG] done reg allocation
[DEBUG] occupy link[6]-->[10] (bypass:0) dfgNode: 34 at cycle 1
[DEBUG] skip predecessor routing -- dfgNode: 34
[DEBUG] success in schedule()
[DEBUG] schedule dfg node[52] onto fu[9] at cycle 3 within II: 129
[DEBUG] setDFGNode 52 onto CGRANode 9 at cycle: 3
[DEBUG] in allocateReg() t_cycle: 2; i: 0 CGRA node: 9; link: 3 duration 1
[DEBUG] done reg allocation
[DEBUG] occupy link[10]-->[9] (bypass:0) dfgNode: 51 at cycle 2
[DEBUG] skip predecessor routing -- dfgNode: 51
[DEBUG] success in schedule()
[DEBUG] schedule dfg node[0] onto fu[10] at cycle 4 within II: 129
[DEBUG] setDFGNode 0 onto CGRANode 10 at cycle: 4
[DEBUG] in allocateReg() t_cycle: 3; i: 0 CGRA node: 10; link: 2 duration 1
[DEBUG] done reg allocation
[DEBUG] occupy link[9]-->[10] (bypass:0) dfgNode: 52 at cycle 3
[DEBUG] skip predecessor routing -- dfgNode: 52
[DEBUG] in shareSameCycle is true: node 0
[DEBUG] tryToRoute -- srcDFGNode: 0, srcCGRANode: 10; dstDFGNode: 33, dstCGRANode: 5; backEdge: 1
[DEBUG] in shareSameCycle is true: node 33
[DEBUG] check route size: 3
[DEBUG] occupy link[10]-->[6] (bypass:1) dfgNode: 0 at cycle 4
[DEBUG] reset duration: 124 t_dstCycle: 0 previous: 5 II: 129
[DEBUG] in allocateReg() t_cycle: 5; i: 0 CGRA node: 5; link: 3 duration 124
[DEBUG] done reg allocation
[DEBUG] occupy link[6]-->[5] (bypass:0) dfgNode: 0 at cycle 5
[DEBUG] in shareSameCycle is true: node 0
[DEBUG] tryToRoute -- srcDFGNode: 0, srcCGRANode: 10; dstDFGNode: 51, dstCGRANode: 10; backEdge: 1
[DEBUG] in shareSameCycle is true: node 51
[DEBUG] check route size: 1
[DEBUG] allocate for local reg maintain... duration=127 last cycle: 4
[DEBUG] in allocateReg() t_cycle: 4; i: 1 CGRA node: 10; link: 4 duration 127
[DEBUG] done reg allocation
[DEBUG] success in schedule()
[DEBUG] schedule dfg node[1] onto fu[14] at cycle 5 within II: 129
[DEBUG] setDFGNode 1 onto CGRANode 14 at cycle: 5
[DEBUG] in allocateReg() t_cycle: 4; i: 0 CGRA node: 14; link: 1 duration 1
[DEBUG] done reg allocation
[DEBUG] occupy link[10]-->[14] (bypass:0) dfgNode: 0 at cycle 4
[DEBUG] skip predecessor routing -- dfgNode: 0
[DEBUG] success in schedule()
[DEBUG] schedule dfg node[4] onto fu[6] at cycle 5 within II: 129
[DEBUG] setDFGNode 4 onto CGRANode 6 at cycle: 5
[DEBUG] in allocateReg() t_cycle: 4; i: 0 CGRA node: 6; link: 0 duration 1
[DEBUG] done reg allocation
[DEBUG] occupy link[10]-->[6] (bypass:0) dfgNode: 0 at cycle 4
[DEBUG] skip predecessor routing -- dfgNode: 0
[DEBUG] success in schedule()
[DEBUG] schedule dfg node[8] onto fu[9] at cycle 5 within II: 129
[DEBUG] setDFGNode 8 onto CGRANode 9 at cycle: 5
[DEBUG] in allocateReg() t_cycle: 4; i: 0 CGRA node: 9; link: 3 duration 1
[DEBUG] done reg allocation
[DEBUG] occupy link[10]-->[9] (bypass:0) dfgNode: 0 at cycle 4
[DEBUG] skip predecessor routing -- dfgNode: 0
[DEBUG] success in schedule()
[DEBUG] schedule dfg node[16] onto fu[5] at cycle 6 within II: 129
[DEBUG] setDFGNode 16 onto CGRANode 5 at cycle: 6
[DEBUG] occupy link[10]-->[6] (bypass:1) dfgNode: 0 at cycle 4
[DEBUG] in allocateReg() t_cycle: 5; i: 1 CGRA node: 5; link: 3 duration 1
[DEBUG] done reg allocation
[DEBUG] occupy link[6]-->[5] (bypass:0) dfgNode: 0 at cycle 5
[DEBUG] skip predecessor routing -- dfgNode: 0
[DEBUG] success in schedule()
[DEBUG] schedule dfg node[24] onto fu[10] at cycle 5 within II: 129
[DEBUG] setDFGNode 24 onto CGRANode 10 at cycle: 5
[DEBUG] tryToRoute -- srcDFGNode: 0, srcCGRANode: 10; dstDFGNode: 24, dstCGRANode: 10; backEdge: 0
[DEBUG] check route size: 1
[DEBUG] allocate for local reg maintain... duration=1 last cycle: 4
[DEBUG] in allocateReg() t_cycle: 4; i: 0 CGRA node: 10; link: 4 duration 1
[DEBUG] done reg allocation
[DEBUG] success in schedule()
[DEBUG] schedule dfg node[32] onto fu[13] at cycle 6 within II: 129
[DEBUG] setDFGNode 32 onto CGRANode 13 at cycle: 6
[DEBUG] occupy link[10]-->[9] (bypass:1) dfgNode: 0 at cycle 4
[DEBUG] in allocateReg() t_cycle: 5; i: 0 CGRA node: 13; link: 1 duration 1
[DEBUG] done reg allocation
[DEBUG] occupy link[9]-->[13] (bypass:0) dfgNode: 0 at cycle 5
[DEBUG] skip predecessor routing -- dfgNode: 0
[DEBUG] success in schedule()
[DEBUG] schedule dfg node[42] onto fu[2] at cycle 6 within II: 129
[DEBUG] setDFGNode 42 onto CGRANode 2 at cycle: 6
[DEBUG] occupy link[10]-->[6] (bypass:1) dfgNode: 0 at cycle 4
[DEBUG] in allocateReg() t_cycle: 5; i: 0 CGRA node: 2; link: 0 duration 1
[DEBUG] done reg allocation
[DEBUG] occupy link[6]-->[2] (bypass:0) dfgNode: 0 at cycle 5
[DEBUG] skip predecessor routing -- dfgNode: 0
[DEBUG] tryToRoute -- srcDFGNode: 34, srcCGRANode: 6; dstDFGNode: 42, dstCGRANode: 2; backEdge: 0
[DEBUG] check route size: 2
[DEBUG] reset duration: 5 t_dstCycle: 6 previous: 1 II: 129
[DEBUG] in allocateReg() t_cycle: 1; i: 1 CGRA node: 2; link: 0 duration 5
[DEBUG] done reg allocation
[DEBUG] occupy link[6]-->[2] (bypass:0) dfgNode: 34 at cycle 1
[DEBUG] success in schedule()
[DEBUG] schedule dfg node[50] onto fu[1] at cycle 7 within II: 129
[DEBUG] setDFGNode 50 onto CGRANode 1 at cycle: 7
[DEBUG] occupy link[10]-->[6] (bypass:1) dfgNode: 0 at cycle 4
[DEBUG] occupy link[6]-->[2] (bypass:1) dfgNode: 0 at cycle 5
[DEBUG] in allocateReg() t_cycle: 6; i: 0 CGRA node: 1; link: 3 duration 1
[DEBUG] done reg allocation
[DEBUG] occupy link[2]-->[1] (bypass:0) dfgNode: 0 at cycle 6
[DEBUG] skip predecessor routing -- dfgNode: 0
[DEBUG] tryToRoute -- srcDFGNode: 34, srcCGRANode: 6; dstDFGNode: 50, dstCGRANode: 1; backEdge: 0
[DEBUG] in shareSameCycle is true: node 50
[DEBUG] cannot route due to II is violated for backward cycle
DEBUG target DFG node: 50 on fu: 1 failed, mapped pred DFG node: 34; return false
[DEBUG] fail1 in schedule() II: 129
[DEBUG] the failed path -- cycle: 7 CGRANode: 1
[DEBUG] the failed path -- cycle: 6 CGRANode: 2
[DEBUG] the failed path -- cycle: 5 CGRANode: 6
[DEBUG] the failed path -- cycle: 4 CGRANode: 10
----------------------------------------
[DEBUG] start heuristic algorithm with II=130
[DEBUG] schedule dfg node[33] onto fu[5] at cycle 0 within II: 130
[DEBUG] setDFGNode 33 onto CGRANode 5 at cycle: 0
[DEBUG] success in schedule()
[DEBUG] schedule dfg node[34] onto fu[6] at cycle 1 within II: 130
[DEBUG] setDFGNode 34 onto CGRANode 6 at cycle: 1
[DEBUG] in allocateReg() t_cycle: 0; i: 0 CGRA node: 6; link: 2 duration 1
[DEBUG] done reg allocation
[DEBUG] occupy link[5]-->[6] (bypass:0) dfgNode: 33 at cycle 0
[DEBUG] skip predecessor routing -- dfgNode: 33
[DEBUG] success in schedule()
[DEBUG] schedule dfg node[51] onto fu[10] at cycle 2 within II: 130
[DEBUG] setDFGNode 51 onto CGRANode 10 at cycle: 2
[DEBUG] in allocateReg() t_cycle: 1; i: 0 CGRA node: 10; link: 1 duration 1
[DEBUG] done reg allocation
[DEBUG] occupy link[6]-->[10] (bypass:0) dfgNode: 34 at cycle 1
[DEBUG] skip predecessor routing -- dfgNode: 34
[DEBUG] success in schedule()
[DEBUG] schedule dfg node[52] onto fu[9] at cycle 3 within II: 130
[DEBUG] setDFGNode 52 onto CGRANode 9 at cycle: 3
[DEBUG] in allocateReg() t_cycle: 2; i: 0 CGRA node: 9; link: 3 duration 1
[DEBUG] done reg allocation
[DEBUG] occupy link[10]-->[9] (bypass:0) dfgNode: 51 at cycle 2
[DEBUG] skip predecessor routing -- dfgNode: 51
[DEBUG] success in schedule()
[DEBUG] schedule dfg node[0] onto fu[10] at cycle 4 within II: 130
[DEBUG] setDFGNode 0 onto CGRANode 10 at cycle: 4
[DEBUG] in allocateReg() t_cycle: 3; i: 0 CGRA node: 10; link: 2 duration 1
[DEBUG] done reg allocation
[DEBUG] occupy link[9]-->[10] (bypass:0) dfgNode: 52 at cycle 3
[DEBUG] skip predecessor routing -- dfgNode: 52
[DEBUG] in shareSameCycle is true: node 0
[DEBUG] tryToRoute -- srcDFGNode: 0, srcCGRANode: 10; dstDFGNode: 33, dstCGRANode: 5; backEdge: 1
[DEBUG] in shareSameCycle is true: node 33
[DEBUG] check route size: 3
[DEBUG] occupy link[10]-->[6] (bypass:1) dfgNode: 0 at cycle 4
[DEBUG] reset duration: 125 t_dstCycle: 0 previous: 5 II: 130
[DEBUG] in allocateReg() t_cycle: 5; i: 0 CGRA node: 5; link: 3 duration 125
[DEBUG] done reg allocation
[DEBUG] occupy link[6]-->[5] (bypass:0) dfgNode: 0 at cycle 5
[DEBUG] in shareSameCycle is true: node 0
[DEBUG] tryToRoute -- srcDFGNode: 0, srcCGRANode: 10; dstDFGNode: 51, dstCGRANode: 10; backEdge: 1
[DEBUG] in shareSameCycle is true: node 51
[DEBUG] check route size: 1
[DEBUG] allocate for local reg maintain... duration=128 last cycle: 4
[DEBUG] in allocateReg() t_cycle: 4; i: 1 CGRA node: 10; link: 4 duration 128
[DEBUG] done reg allocation
[DEBUG] success in schedule()
[DEBUG] schedule dfg node[1] onto fu[14] at cycle 5 within II: 130
[DEBUG] setDFGNode 1 onto CGRANode 14 at cycle: 5
[DEBUG] in allocateReg() t_cycle: 4; i: 0 CGRA node: 14; link: 1 duration 1
[DEBUG] done reg allocation
[DEBUG] occupy link[10]-->[14] (bypass:0) dfgNode: 0 at cycle 4
[DEBUG] skip predecessor routing -- dfgNode: 0
[DEBUG] success in schedule()
[DEBUG] schedule dfg node[4] onto fu[6] at cycle 5 within II: 130
[DEBUG] setDFGNode 4 onto CGRANode 6 at cycle: 5
[DEBUG] in allocateReg() t_cycle: 4; i: 0 CGRA node: 6; link: 0 duration 1
[DEBUG] done reg allocation
[DEBUG] occupy link[10]-->[6] (bypass:0) dfgNode: 0 at cycle 4
[DEBUG] skip predecessor routing -- dfgNode: 0
[DEBUG] success in schedule()
[DEBUG] schedule dfg node[8] onto fu[9] at cycle 5 within II: 130
[DEBUG] setDFGNode 8 onto CGRANode 9 at cycle: 5
[DEBUG] in allocateReg() t_cycle: 4; i: 0 CGRA node: 9; link: 3 duration 1
[DEBUG] done reg allocation
[DEBUG] occupy link[10]-->[9] (bypass:0) dfgNode: 0 at cycle 4
[DEBUG] skip predecessor routing -- dfgNode: 0
[DEBUG] success in schedule()
[DEBUG] schedule dfg node[16] onto fu[5] at cycle 6 within II: 130
[DEBUG] setDFGNode 16 onto CGRANode 5 at cycle: 6
[DEBUG] occupy link[10]-->[6] (bypass:1) dfgNode: 0 at cycle 4
[DEBUG] in allocateReg() t_cycle: 5; i: 1 CGRA node: 5; link: 3 duration 1
[DEBUG] done reg allocation
[DEBUG] occupy link[6]-->[5] (bypass:0) dfgNode: 0 at cycle 5
[DEBUG] skip predecessor routing -- dfgNode: 0
[DEBUG] success in schedule()
[DEBUG] schedule dfg node[24] onto fu[10] at cycle 5 within II: 130
[DEBUG] setDFGNode 24 onto CGRANode 10 at cycle: 5
[DEBUG] tryToRoute -- srcDFGNode: 0, srcCGRANode: 10; dstDFGNode: 24, dstCGRANode: 10; backEdge: 0
[DEBUG] check route size: 1
[DEBUG] allocate for local reg maintain... duration=1 last cycle: 4
[DEBUG] in allocateReg() t_cycle: 4; i: 0 CGRA node: 10; link: 4 duration 1
[DEBUG] done reg allocation
[DEBUG] success in schedule()
[DEBUG] schedule dfg node[32] onto fu[13] at cycle 6 within II: 130
[DEBUG] setDFGNode 32 onto CGRANode 13 at cycle: 6
[DEBUG] occupy link[10]-->[9] (bypass:1) dfgNode: 0 at cycle 4
[DEBUG] in allocateReg() t_cycle: 5; i: 0 CGRA node: 13; link: 1 duration 1
[DEBUG] done reg allocation
[DEBUG] occupy link[9]-->[13] (bypass:0) dfgNode: 0 at cycle 5
[DEBUG] skip predecessor routing -- dfgNode: 0
[DEBUG] success in schedule()
[DEBUG] schedule dfg node[42] onto fu[2] at cycle 6 within II: 130
[DEBUG] setDFGNode 42 onto CGRANode 2 at cycle: 6
[DEBUG] occupy link[10]-->[6] (bypass:1) dfgNode: 0 at cycle 4
[DEBUG] in allocateReg() t_cycle: 5; i: 0 CGRA node: 2; link: 0 duration 1
[DEBUG] done reg allocation
[DEBUG] occupy link[6]-->[2] (bypass:0) dfgNode: 0 at cycle 5
[DEBUG] skip predecessor routing -- dfgNode: 0
[DEBUG] tryToRoute -- srcDFGNode: 34, srcCGRANode: 6; dstDFGNode: 42, dstCGRANode: 2; backEdge: 0
[DEBUG] check route size: 2
[DEBUG] reset duration: 5 t_dstCycle: 6 previous: 1 II: 130
[DEBUG] in allocateReg() t_cycle: 1; i: 1 CGRA node: 2; link: 0 duration 5
[DEBUG] done reg allocation
[DEBUG] occupy link[6]-->[2] (bypass:0) dfgNode: 34 at cycle 1
[DEBUG] success in schedule()
[DEBUG] schedule dfg node[50] onto fu[1] at cycle 7 within II: 130
[DEBUG] setDFGNode 50 onto CGRANode 1 at cycle: 7
[DEBUG] occupy link[10]-->[6] (bypass:1) dfgNode: 0 at cycle 4
[DEBUG] occupy link[6]-->[2] (bypass:1) dfgNode: 0 at cycle 5
[DEBUG] in allocateReg() t_cycle: 6; i: 0 CGRA node: 1; link: 3 duration 1
[DEBUG] done reg allocation
[DEBUG] occupy link[2]-->[1] (bypass:0) dfgNode: 0 at cycle 6
[DEBUG] skip predecessor routing -- dfgNode: 0
[DEBUG] tryToRoute -- srcDFGNode: 34, srcCGRANode: 6; dstDFGNode: 50, dstCGRANode: 1; backEdge: 0
[DEBUG] in shareSameCycle is true: node 50
[DEBUG] cannot route due to II is violated for backward cycle
DEBUG target DFG node: 50 on fu: 1 failed, mapped pred DFG node: 34; return false
[DEBUG] fail1 in schedule() II: 130
[DEBUG] the failed path -- cycle: 7 CGRANode: 1
[DEBUG] the failed path -- cycle: 6 CGRANode: 2
[DEBUG] the failed path -- cycle: 5 CGRANode: 6
[DEBUG] the failed path -- cycle: 4 CGRANode: 10
----------------------------------------
[DEBUG] start heuristic algorithm with II=131
[DEBUG] schedule dfg node[33] onto fu[5] at cycle 0 within II: 131
[DEBUG] setDFGNode 33 onto CGRANode 5 at cycle: 0
[DEBUG] success in schedule()
[DEBUG] schedule dfg node[34] onto fu[6] at cycle 1 within II: 131
[DEBUG] setDFGNode 34 onto CGRANode 6 at cycle: 1
[DEBUG] in allocateReg() t_cycle: 0; i: 0 CGRA node: 6; link: 2 duration 1
[DEBUG] done reg allocation
[DEBUG] occupy link[5]-->[6] (bypass:0) dfgNode: 33 at cycle 0
[DEBUG] skip predecessor routing -- dfgNode: 33
[DEBUG] success in schedule()
[DEBUG] schedule dfg node[51] onto fu[10] at cycle 2 within II: 131
[DEBUG] setDFGNode 51 onto CGRANode 10 at cycle: 2
[DEBUG] in allocateReg() t_cycle: 1; i: 0 CGRA node: 10; link: 1 duration 1
[DEBUG] done reg allocation
[DEBUG] occupy link[6]-->[10] (bypass:0) dfgNode: 34 at cycle 1
[DEBUG] skip predecessor routing -- dfgNode: 34
[DEBUG] success in schedule()
[DEBUG] schedule dfg node[52] onto fu[9] at cycle 3 within II: 131
[DEBUG] setDFGNode 52 onto CGRANode 9 at cycle: 3
[DEBUG] in allocateReg() t_cycle: 2; i: 0 CGRA node: 9; link: 3 duration 1
[DEBUG] done reg allocation
[DEBUG] occupy link[10]-->[9] (bypass:0) dfgNode: 51 at cycle 2
[DEBUG] skip predecessor routing -- dfgNode: 51
[DEBUG] success in schedule()
[DEBUG] schedule dfg node[0] onto fu[10] at cycle 4 within II: 131
[DEBUG] setDFGNode 0 onto CGRANode 10 at cycle: 4
[DEBUG] in allocateReg() t_cycle: 3; i: 0 CGRA node: 10; link: 2 duration 1
[DEBUG] done reg allocation
[DEBUG] occupy link[9]-->[10] (bypass:0) dfgNode: 52 at cycle 3
[DEBUG] skip predecessor routing -- dfgNode: 52
[DEBUG] in shareSameCycle is true: node 0
[DEBUG] tryToRoute -- srcDFGNode: 0, srcCGRANode: 10; dstDFGNode: 33, dstCGRANode: 5; backEdge: 1
[DEBUG] in shareSameCycle is true: node 33
[DEBUG] check route size: 3
[DEBUG] occupy link[10]-->[6] (bypass:1) dfgNode: 0 at cycle 4
[DEBUG] reset duration: 126 t_dstCycle: 0 previous: 5 II: 131
[DEBUG] in allocateReg() t_cycle: 5; i: 0 CGRA node: 5; link: 3 duration 126
[DEBUG] done reg allocation
[DEBUG] occupy link[6]-->[5] (bypass:0) dfgNode: 0 at cycle 5
[DEBUG] in shareSameCycle is true: node 0
[DEBUG] tryToRoute -- srcDFGNode: 0, srcCGRANode: 10; dstDFGNode: 51, dstCGRANode: 10; backEdge: 1
[DEBUG] in shareSameCycle is true: node 51
[DEBUG] check route size: 1
[DEBUG] allocate for local reg maintain... duration=129 last cycle: 4
[DEBUG] in allocateReg() t_cycle: 4; i: 1 CGRA node: 10; link: 4 duration 129
[DEBUG] done reg allocation
[DEBUG] success in schedule()
[DEBUG] schedule dfg node[1] onto fu[14] at cycle 5 within II: 131
[DEBUG] setDFGNode 1 onto CGRANode 14 at cycle: 5
[DEBUG] in allocateReg() t_cycle: 4; i: 0 CGRA node: 14; link: 1 duration 1
[DEBUG] done reg allocation
[DEBUG] occupy link[10]-->[14] (bypass:0) dfgNode: 0 at cycle 4
[DEBUG] skip predecessor routing -- dfgNode: 0
[DEBUG] success in schedule()
[DEBUG] schedule dfg node[4] onto fu[6] at cycle 5 within II: 131
[DEBUG] setDFGNode 4 onto CGRANode 6 at cycle: 5
[DEBUG] in allocateReg() t_cycle: 4; i: 0 CGRA node: 6; link: 0 duration 1
[DEBUG] done reg allocation
[DEBUG] occupy link[10]-->[6] (bypass:0) dfgNode: 0 at cycle 4
[DEBUG] skip predecessor routing -- dfgNode: 0
[DEBUG] success in schedule()
[DEBUG] schedule dfg node[8] onto fu[9] at cycle 5 within II: 131
[DEBUG] setDFGNode 8 onto CGRANode 9 at cycle: 5
[DEBUG] in allocateReg() t_cycle: 4; i: 0 CGRA node: 9; link: 3 duration 1
[DEBUG] done reg allocation
[DEBUG] occupy link[10]-->[9] (bypass:0) dfgNode: 0 at cycle 4
[DEBUG] skip predecessor routing -- dfgNode: 0
[DEBUG] success in schedule()
[DEBUG] schedule dfg node[16] onto fu[5] at cycle 6 within II: 131
[DEBUG] setDFGNode 16 onto CGRANode 5 at cycle: 6
[DEBUG] occupy link[10]-->[6] (bypass:1) dfgNode: 0 at cycle 4
[DEBUG] in allocateReg() t_cycle: 5; i: 1 CGRA node: 5; link: 3 duration 1
[DEBUG] done reg allocation
[DEBUG] occupy link[6]-->[5] (bypass:0) dfgNode: 0 at cycle 5
[DEBUG] skip predecessor routing -- dfgNode: 0
[DEBUG] success in schedule()
[DEBUG] schedule dfg node[24] onto fu[10] at cycle 5 within II: 131
[DEBUG] setDFGNode 24 onto CGRANode 10 at cycle: 5
[DEBUG] tryToRoute -- srcDFGNode: 0, srcCGRANode: 10; dstDFGNode: 24, dstCGRANode: 10; backEdge: 0
[DEBUG] check route size: 1
[DEBUG] allocate for local reg maintain... duration=1 last cycle: 4
[DEBUG] in allocateReg() t_cycle: 4; i: 0 CGRA node: 10; link: 4 duration 1
[DEBUG] done reg allocation
[DEBUG] success in schedule()
[DEBUG] schedule dfg node[32] onto fu[13] at cycle 6 within II: 131
[DEBUG] setDFGNode 32 onto CGRANode 13 at cycle: 6
[DEBUG] occupy link[10]-->[9] (bypass:1) dfgNode: 0 at cycle 4
[DEBUG] in allocateReg() t_cycle: 5; i: 0 CGRA node: 13; link: 1 duration 1
[DEBUG] done reg allocation
[DEBUG] occupy link[9]-->[13] (bypass:0) dfgNode: 0 at cycle 5
[DEBUG] skip predecessor routing -- dfgNode: 0
[DEBUG] success in schedule()
[DEBUG] schedule dfg node[42] onto fu[2] at cycle 6 within II: 131
[DEBUG] setDFGNode 42 onto CGRANode 2 at cycle: 6
[DEBUG] occupy link[10]-->[6] (bypass:1) dfgNode: 0 at cycle 4
[DEBUG] in allocateReg() t_cycle: 5; i: 0 CGRA node: 2; link: 0 duration 1
[DEBUG] done reg allocation
[DEBUG] occupy link[6]-->[2] (bypass:0) dfgNode: 0 at cycle 5
[DEBUG] skip predecessor routing -- dfgNode: 0
[DEBUG] tryToRoute -- srcDFGNode: 34, srcCGRANode: 6; dstDFGNode: 42, dstCGRANode: 2; backEdge: 0
[DEBUG] check route size: 2
[DEBUG] reset duration: 5 t_dstCycle: 6 previous: 1 II: 131
[DEBUG] in allocateReg() t_cycle: 1; i: 1 CGRA node: 2; link: 0 duration 5
[DEBUG] done reg allocation
[DEBUG] occupy link[6]-->[2] (bypass:0) dfgNode: 34 at cycle 1
[DEBUG] success in schedule()
[DEBUG] schedule dfg node[50] onto fu[1] at cycle 7 within II: 131
[DEBUG] setDFGNode 50 onto CGRANode 1 at cycle: 7
[DEBUG] occupy link[10]-->[6] (bypass:1) dfgNode: 0 at cycle 4
[DEBUG] occupy link[6]-->[2] (bypass:1) dfgNode: 0 at cycle 5
[DEBUG] in allocateReg() t_cycle: 6; i: 0 CGRA node: 1; link: 3 duration 1
[DEBUG] done reg allocation
[DEBUG] occupy link[2]-->[1] (bypass:0) dfgNode: 0 at cycle 6
[DEBUG] skip predecessor routing -- dfgNode: 0
[DEBUG] tryToRoute -- srcDFGNode: 34, srcCGRANode: 6; dstDFGNode: 50, dstCGRANode: 1; backEdge: 0
[DEBUG] in shareSameCycle is true: node 50
[DEBUG] cannot route due to II is violated for backward cycle
DEBUG target DFG node: 50 on fu: 1 failed, mapped pred DFG node: 34; return false
[DEBUG] fail1 in schedule() II: 131
[DEBUG] the failed path -- cycle: 7 CGRANode: 1
[DEBUG] the failed path -- cycle: 6 CGRANode: 2
[DEBUG] the failed path -- cycle: 5 CGRANode: 6
[DEBUG] the failed path -- cycle: 4 CGRANode: 10
----------------------------------------
[DEBUG] start heuristic algorithm with II=132
[DEBUG] schedule dfg node[33] onto fu[5] at cycle 0 within II: 132
[DEBUG] setDFGNode 33 onto CGRANode 5 at cycle: 0
[DEBUG] success in schedule()
[DEBUG] schedule dfg node[34] onto fu[6] at cycle 1 within II: 132
[DEBUG] setDFGNode 34 onto CGRANode 6 at cycle: 1
[DEBUG] in allocateReg() t_cycle: 0; i: 0 CGRA node: 6; link: 2 duration 1
[DEBUG] done reg allocation
[DEBUG] occupy link[5]-->[6] (bypass:0) dfgNode: 33 at cycle 0
[DEBUG] skip predecessor routing -- dfgNode: 33
[DEBUG] success in schedule()
[DEBUG] schedule dfg node[51] onto fu[10] at cycle 2 within II: 132
[DEBUG] setDFGNode 51 onto CGRANode 10 at cycle: 2
[DEBUG] in allocateReg() t_cycle: 1; i: 0 CGRA node: 10; link: 1 duration 1
[DEBUG] done reg allocation
[DEBUG] occupy link[6]-->[10] (bypass:0) dfgNode: 34 at cycle 1
[DEBUG] skip predecessor routing -- dfgNode: 34
[DEBUG] success in schedule()
[DEBUG] schedule dfg node[52] onto fu[9] at cycle 3 within II: 132
[DEBUG] setDFGNode 52 onto CGRANode 9 at cycle: 3
[DEBUG] in allocateReg() t_cycle: 2; i: 0 CGRA node: 9; link: 3 duration 1
[DEBUG] done reg allocation
[DEBUG] occupy link[10]-->[9] (bypass:0) dfgNode: 51 at cycle 2
[DEBUG] skip predecessor routing -- dfgNode: 51
[DEBUG] success in schedule()
[DEBUG] schedule dfg node[0] onto fu[10] at cycle 4 within II: 132
[DEBUG] setDFGNode 0 onto CGRANode 10 at cycle: 4
[DEBUG] in allocateReg() t_cycle: 3; i: 0 CGRA node: 10; link: 2 duration 1
[DEBUG] done reg allocation
[DEBUG] occupy link[9]-->[10] (bypass:0) dfgNode: 52 at cycle 3
[DEBUG] skip predecessor routing -- dfgNode: 52
[DEBUG] in shareSameCycle is true: node 0
[DEBUG] tryToRoute -- srcDFGNode: 0, srcCGRANode: 10; dstDFGNode: 33, dstCGRANode: 5; backEdge: 1
[DEBUG] in shareSameCycle is true: node 33
[DEBUG] check route size: 3
[DEBUG] occupy link[10]-->[6] (bypass:1) dfgNode: 0 at cycle 4
[DEBUG] reset duration: 127 t_dstCycle: 0 previous: 5 II: 132
[DEBUG] in allocateReg() t_cycle: 5; i: 0 CGRA node: 5; link: 3 duration 127
[DEBUG] done reg allocation
[DEBUG] occupy link[6]-->[5] (bypass:0) dfgNode: 0 at cycle 5
[DEBUG] in shareSameCycle is true: node 0
[DEBUG] tryToRoute -- srcDFGNode: 0, srcCGRANode: 10; dstDFGNode: 51, dstCGRANode: 10; backEdge: 1
[DEBUG] in shareSameCycle is true: node 51
[DEBUG] check route size: 1
[DEBUG] allocate for local reg maintain... duration=130 last cycle: 4
[DEBUG] in allocateReg() t_cycle: 4; i: 1 CGRA node: 10; link: 4 duration 130
[DEBUG] done reg allocation
[DEBUG] success in schedule()
[DEBUG] schedule dfg node[1] onto fu[14] at cycle 5 within II: 132
[DEBUG] setDFGNode 1 onto CGRANode 14 at cycle: 5
[DEBUG] in allocateReg() t_cycle: 4; i: 0 CGRA node: 14; link: 1 duration 1
[DEBUG] done reg allocation
[DEBUG] occupy link[10]-->[14] (bypass:0) dfgNode: 0 at cycle 4
[DEBUG] skip predecessor routing -- dfgNode: 0
[DEBUG] success in schedule()
[DEBUG] schedule dfg node[4] onto fu[6] at cycle 5 within II: 132
[DEBUG] setDFGNode 4 onto CGRANode 6 at cycle: 5
[DEBUG] in allocateReg() t_cycle: 4; i: 0 CGRA node: 6; link: 0 duration 1
[DEBUG] done reg allocation
[DEBUG] occupy link[10]-->[6] (bypass:0) dfgNode: 0 at cycle 4
[DEBUG] skip predecessor routing -- dfgNode: 0
[DEBUG] success in schedule()
[DEBUG] schedule dfg node[8] onto fu[9] at cycle 5 within II: 132
[DEBUG] setDFGNode 8 onto CGRANode 9 at cycle: 5
[DEBUG] in allocateReg() t_cycle: 4; i: 0 CGRA node: 9; link: 3 duration 1
[DEBUG] done reg allocation
[DEBUG] occupy link[10]-->[9] (bypass:0) dfgNode: 0 at cycle 4
[DEBUG] skip predecessor routing -- dfgNode: 0
[DEBUG] success in schedule()
[DEBUG] schedule dfg node[16] onto fu[5] at cycle 6 within II: 132
[DEBUG] setDFGNode 16 onto CGRANode 5 at cycle: 6
[DEBUG] occupy link[10]-->[6] (bypass:1) dfgNode: 0 at cycle 4
[DEBUG] in allocateReg() t_cycle: 5; i: 1 CGRA node: 5; link: 3 duration 1
[DEBUG] done reg allocation
[DEBUG] occupy link[6]-->[5] (bypass:0) dfgNode: 0 at cycle 5
[DEBUG] skip predecessor routing -- dfgNode: 0
[DEBUG] success in schedule()
[DEBUG] schedule dfg node[24] onto fu[10] at cycle 5 within II: 132
[DEBUG] setDFGNode 24 onto CGRANode 10 at cycle: 5
[DEBUG] tryToRoute -- srcDFGNode: 0, srcCGRANode: 10; dstDFGNode: 24, dstCGRANode: 10; backEdge: 0
[DEBUG] check route size: 1
[DEBUG] allocate for local reg maintain... duration=1 last cycle: 4
[DEBUG] in allocateReg() t_cycle: 4; i: 0 CGRA node: 10; link: 4 duration 1
[DEBUG] done reg allocation
[DEBUG] success in schedule()
[DEBUG] schedule dfg node[32] onto fu[13] at cycle 6 within II: 132
[DEBUG] setDFGNode 32 onto CGRANode 13 at cycle: 6
[DEBUG] occupy link[10]-->[9] (bypass:1) dfgNode: 0 at cycle 4
[DEBUG] in allocateReg() t_cycle: 5; i: 0 CGRA node: 13; link: 1 duration 1
[DEBUG] done reg allocation
[DEBUG] occupy link[9]-->[13] (bypass:0) dfgNode: 0 at cycle 5
[DEBUG] skip predecessor routing -- dfgNode: 0
[DEBUG] success in schedule()
[DEBUG] schedule dfg node[42] onto fu[2] at cycle 6 within II: 132
[DEBUG] setDFGNode 42 onto CGRANode 2 at cycle: 6
[DEBUG] occupy link[10]-->[6] (bypass:1) dfgNode: 0 at cycle 4
[DEBUG] in allocateReg() t_cycle: 5; i: 0 CGRA node: 2; link: 0 duration 1
[DEBUG] done reg allocation
[DEBUG] occupy link[6]-->[2] (bypass:0) dfgNode: 0 at cycle 5
[DEBUG] skip predecessor routing -- dfgNode: 0
[DEBUG] tryToRoute -- srcDFGNode: 34, srcCGRANode: 6; dstDFGNode: 42, dstCGRANode: 2; backEdge: 0
[DEBUG] check route size: 2
[DEBUG] reset duration: 5 t_dstCycle: 6 previous: 1 II: 132
[DEBUG] in allocateReg() t_cycle: 1; i: 1 CGRA node: 2; link: 0 duration 5
[DEBUG] done reg allocation
[DEBUG] occupy link[6]-->[2] (bypass:0) dfgNode: 34 at cycle 1
[DEBUG] success in schedule()
[DEBUG] schedule dfg node[50] onto fu[1] at cycle 7 within II: 132
[DEBUG] setDFGNode 50 onto CGRANode 1 at cycle: 7
[DEBUG] occupy link[10]-->[6] (bypass:1) dfgNode: 0 at cycle 4
[DEBUG] occupy link[6]-->[2] (bypass:1) dfgNode: 0 at cycle 5
[DEBUG] in allocateReg() t_cycle: 6; i: 0 CGRA node: 1; link: 3 duration 1
[DEBUG] done reg allocation
[DEBUG] occupy link[2]-->[1] (bypass:0) dfgNode: 0 at cycle 6
[DEBUG] skip predecessor routing -- dfgNode: 0
[DEBUG] tryToRoute -- srcDFGNode: 34, srcCGRANode: 6; dstDFGNode: 50, dstCGRANode: 1; backEdge: 0
[DEBUG] in shareSameCycle is true: node 50
[DEBUG] cannot route due to II is violated for backward cycle
DEBUG target DFG node: 50 on fu: 1 failed, mapped pred DFG node: 34; return false
[DEBUG] fail1 in schedule() II: 132
[DEBUG] the failed path -- cycle: 7 CGRANode: 1
[DEBUG] the failed path -- cycle: 6 CGRANode: 2
[DEBUG] the failed path -- cycle: 5 CGRANode: 6
[DEBUG] the failed path -- cycle: 4 CGRANode: 10
----------------------------------------
[DEBUG] start heuristic algorithm with II=133
[DEBUG] schedule dfg node[33] onto fu[5] at cycle 0 within II: 133
[DEBUG] setDFGNode 33 onto CGRANode 5 at cycle: 0
[DEBUG] success in schedule()
[DEBUG] schedule dfg node[34] onto fu[6] at cycle 1 within II: 133
[DEBUG] setDFGNode 34 onto CGRANode 6 at cycle: 1
[DEBUG] in allocateReg() t_cycle: 0; i: 0 CGRA node: 6; link: 2 duration 1
[DEBUG] done reg allocation
[DEBUG] occupy link[5]-->[6] (bypass:0) dfgNode: 33 at cycle 0
[DEBUG] skip predecessor routing -- dfgNode: 33
[DEBUG] success in schedule()
[DEBUG] schedule dfg node[51] onto fu[10] at cycle 2 within II: 133
[DEBUG] setDFGNode 51 onto CGRANode 10 at cycle: 2
[DEBUG] in allocateReg() t_cycle: 1; i: 0 CGRA node: 10; link: 1 duration 1
[DEBUG] done reg allocation
[DEBUG] occupy link[6]-->[10] (bypass:0) dfgNode: 34 at cycle 1
[DEBUG] skip predecessor routing -- dfgNode: 34
[DEBUG] success in schedule()
[DEBUG] schedule dfg node[52] onto fu[9] at cycle 3 within II: 133
[DEBUG] setDFGNode 52 onto CGRANode 9 at cycle: 3
[DEBUG] in allocateReg() t_cycle: 2; i: 0 CGRA node: 9; link: 3 duration 1
[DEBUG] done reg allocation
[DEBUG] occupy link[10]-->[9] (bypass:0) dfgNode: 51 at cycle 2
[DEBUG] skip predecessor routing -- dfgNode: 51
[DEBUG] success in schedule()
[DEBUG] schedule dfg node[0] onto fu[10] at cycle 4 within II: 133
[DEBUG] setDFGNode 0 onto CGRANode 10 at cycle: 4
[DEBUG] in allocateReg() t_cycle: 3; i: 0 CGRA node: 10; link: 2 duration 1
[DEBUG] done reg allocation
[DEBUG] occupy link[9]-->[10] (bypass:0) dfgNode: 52 at cycle 3
[DEBUG] skip predecessor routing -- dfgNode: 52
[DEBUG] in shareSameCycle is true: node 0
[DEBUG] tryToRoute -- srcDFGNode: 0, srcCGRANode: 10; dstDFGNode: 33, dstCGRANode: 5; backEdge: 1
[DEBUG] in shareSameCycle is true: node 33
[DEBUG] check route size: 3
[DEBUG] occupy link[10]-->[6] (bypass:1) dfgNode: 0 at cycle 4
[DEBUG] reset duration: 128 t_dstCycle: 0 previous: 5 II: 133
[DEBUG] in allocateReg() t_cycle: 5; i: 0 CGRA node: 5; link: 3 duration 128
[DEBUG] done reg allocation
[DEBUG] occupy link[6]-->[5] (bypass:0) dfgNode: 0 at cycle 5
[DEBUG] in shareSameCycle is true: node 0
[DEBUG] tryToRoute -- srcDFGNode: 0, srcCGRANode: 10; dstDFGNode: 51, dstCGRANode: 10; backEdge: 1
[DEBUG] in shareSameCycle is true: node 51
[DEBUG] check route size: 1
[DEBUG] allocate for local reg maintain... duration=131 last cycle: 4
[DEBUG] in allocateReg() t_cycle: 4; i: 1 CGRA node: 10; link: 4 duration 131
[DEBUG] done reg allocation
[DEBUG] success in schedule()
[DEBUG] schedule dfg node[1] onto fu[14] at cycle 5 within II: 133
[DEBUG] setDFGNode 1 onto CGRANode 14 at cycle: 5
[DEBUG] in allocateReg() t_cycle: 4; i: 0 CGRA node: 14; link: 1 duration 1
[DEBUG] done reg allocation
[DEBUG] occupy link[10]-->[14] (bypass:0) dfgNode: 0 at cycle 4
[DEBUG] skip predecessor routing -- dfgNode: 0
[DEBUG] success in schedule()
[DEBUG] schedule dfg node[4] onto fu[6] at cycle 5 within II: 133
[DEBUG] setDFGNode 4 onto CGRANode 6 at cycle: 5
[DEBUG] in allocateReg() t_cycle: 4; i: 0 CGRA node: 6; link: 0 duration 1
[DEBUG] done reg allocation
[DEBUG] occupy link[10]-->[6] (bypass:0) dfgNode: 0 at cycle 4
[DEBUG] skip predecessor routing -- dfgNode: 0
[DEBUG] success in schedule()
[DEBUG] schedule dfg node[8] onto fu[9] at cycle 5 within II: 133
[DEBUG] setDFGNode 8 onto CGRANode 9 at cycle: 5
[DEBUG] in allocateReg() t_cycle: 4; i: 0 CGRA node: 9; link: 3 duration 1
[DEBUG] done reg allocation
[DEBUG] occupy link[10]-->[9] (bypass:0) dfgNode: 0 at cycle 4
[DEBUG] skip predecessor routing -- dfgNode: 0
[DEBUG] success in schedule()
[DEBUG] schedule dfg node[16] onto fu[5] at cycle 6 within II: 133
[DEBUG] setDFGNode 16 onto CGRANode 5 at cycle: 6
[DEBUG] occupy link[10]-->[6] (bypass:1) dfgNode: 0 at cycle 4
[DEBUG] in allocateReg() t_cycle: 5; i: 1 CGRA node: 5; link: 3 duration 1
[DEBUG] done reg allocation
[DEBUG] occupy link[6]-->[5] (bypass:0) dfgNode: 0 at cycle 5
[DEBUG] skip predecessor routing -- dfgNode: 0
[DEBUG] success in schedule()
[DEBUG] schedule dfg node[24] onto fu[10] at cycle 5 within II: 133
[DEBUG] setDFGNode 24 onto CGRANode 10 at cycle: 5
[DEBUG] tryToRoute -- srcDFGNode: 0, srcCGRANode: 10; dstDFGNode: 24, dstCGRANode: 10; backEdge: 0
[DEBUG] check route size: 1
[DEBUG] allocate for local reg maintain... duration=1 last cycle: 4
[DEBUG] in allocateReg() t_cycle: 4; i: 0 CGRA node: 10; link: 4 duration 1
[DEBUG] done reg allocation
[DEBUG] success in schedule()
[DEBUG] schedule dfg node[32] onto fu[13] at cycle 6 within II: 133
[DEBUG] setDFGNode 32 onto CGRANode 13 at cycle: 6
[DEBUG] occupy link[10]-->[9] (bypass:1) dfgNode: 0 at cycle 4
[DEBUG] in allocateReg() t_cycle: 5; i: 0 CGRA node: 13; link: 1 duration 1
[DEBUG] done reg allocation
[DEBUG] occupy link[9]-->[13] (bypass:0) dfgNode: 0 at cycle 5
[DEBUG] skip predecessor routing -- dfgNode: 0
[DEBUG] success in schedule()
[DEBUG] schedule dfg node[42] onto fu[2] at cycle 6 within II: 133
[DEBUG] setDFGNode 42 onto CGRANode 2 at cycle: 6
[DEBUG] occupy link[10]-->[6] (bypass:1) dfgNode: 0 at cycle 4
[DEBUG] in allocateReg() t_cycle: 5; i: 0 CGRA node: 2; link: 0 duration 1
[DEBUG] done reg allocation
[DEBUG] occupy link[6]-->[2] (bypass:0) dfgNode: 0 at cycle 5
[DEBUG] skip predecessor routing -- dfgNode: 0
[DEBUG] tryToRoute -- srcDFGNode: 34, srcCGRANode: 6; dstDFGNode: 42, dstCGRANode: 2; backEdge: 0
[DEBUG] check route size: 2
[DEBUG] reset duration: 5 t_dstCycle: 6 previous: 1 II: 133
[DEBUG] in allocateReg() t_cycle: 1; i: 1 CGRA node: 2; link: 0 duration 5
[DEBUG] done reg allocation
[DEBUG] occupy link[6]-->[2] (bypass:0) dfgNode: 34 at cycle 1
[DEBUG] success in schedule()
[DEBUG] schedule dfg node[50] onto fu[1] at cycle 7 within II: 133
[DEBUG] setDFGNode 50 onto CGRANode 1 at cycle: 7
[DEBUG] occupy link[10]-->[6] (bypass:1) dfgNode: 0 at cycle 4
[DEBUG] occupy link[6]-->[2] (bypass:1) dfgNode: 0 at cycle 5
[DEBUG] in allocateReg() t_cycle: 6; i: 0 CGRA node: 1; link: 3 duration 1
[DEBUG] done reg allocation
[DEBUG] occupy link[2]-->[1] (bypass:0) dfgNode: 0 at cycle 6
[DEBUG] skip predecessor routing -- dfgNode: 0
[DEBUG] tryToRoute -- srcDFGNode: 34, srcCGRANode: 6; dstDFGNode: 50, dstCGRANode: 1; backEdge: 0
[DEBUG] in shareSameCycle is true: node 50
[DEBUG] cannot route due to II is violated for backward cycle
DEBUG target DFG node: 50 on fu: 1 failed, mapped pred DFG node: 34; return false
[DEBUG] fail1 in schedule() II: 133
[DEBUG] the failed path -- cycle: 7 CGRANode: 1
[DEBUG] the failed path -- cycle: 6 CGRANode: 2
[DEBUG] the failed path -- cycle: 5 CGRANode: 6
[DEBUG] the failed path -- cycle: 4 CGRANode: 10
----------------------------------------
[DEBUG] start heuristic algorithm with II=134
[DEBUG] schedule dfg node[33] onto fu[5] at cycle 0 within II: 134
[DEBUG] setDFGNode 33 onto CGRANode 5 at cycle: 0
[DEBUG] success in schedule()
[DEBUG] schedule dfg node[34] onto fu[6] at cycle 1 within II: 134
[DEBUG] setDFGNode 34 onto CGRANode 6 at cycle: 1
[DEBUG] in allocateReg() t_cycle: 0; i: 0 CGRA node: 6; link: 2 duration 1
[DEBUG] done reg allocation
[DEBUG] occupy link[5]-->[6] (bypass:0) dfgNode: 33 at cycle 0
[DEBUG] skip predecessor routing -- dfgNode: 33
[DEBUG] success in schedule()
[DEBUG] schedule dfg node[51] onto fu[10] at cycle 2 within II: 134
[DEBUG] setDFGNode 51 onto CGRANode 10 at cycle: 2
[DEBUG] in allocateReg() t_cycle: 1; i: 0 CGRA node: 10; link: 1 duration 1
[DEBUG] done reg allocation
[DEBUG] occupy link[6]-->[10] (bypass:0) dfgNode: 34 at cycle 1
[DEBUG] skip predecessor routing -- dfgNode: 34
[DEBUG] success in schedule()
[DEBUG] schedule dfg node[52] onto fu[9] at cycle 3 within II: 134
[DEBUG] setDFGNode 52 onto CGRANode 9 at cycle: 3
[DEBUG] in allocateReg() t_cycle: 2; i: 0 CGRA node: 9; link: 3 duration 1
[DEBUG] done reg allocation
[DEBUG] occupy link[10]-->[9] (bypass:0) dfgNode: 51 at cycle 2
[DEBUG] skip predecessor routing -- dfgNode: 51
[DEBUG] success in schedule()
[DEBUG] schedule dfg node[0] onto fu[10] at cycle 4 within II: 134
[DEBUG] setDFGNode 0 onto CGRANode 10 at cycle: 4
[DEBUG] in allocateReg() t_cycle: 3; i: 0 CGRA node: 10; link: 2 duration 1
[DEBUG] done reg allocation
[DEBUG] occupy link[9]-->[10] (bypass:0) dfgNode: 52 at cycle 3
[DEBUG] skip predecessor routing -- dfgNode: 52
[DEBUG] in shareSameCycle is true: node 0
[DEBUG] tryToRoute -- srcDFGNode: 0, srcCGRANode: 10; dstDFGNode: 33, dstCGRANode: 5; backEdge: 1
[DEBUG] in shareSameCycle is true: node 33
[DEBUG] check route size: 3
[DEBUG] occupy link[10]-->[6] (bypass:1) dfgNode: 0 at cycle 4
[DEBUG] reset duration: 129 t_dstCycle: 0 previous: 5 II: 134
[DEBUG] in allocateReg() t_cycle: 5; i: 0 CGRA node: 5; link: 3 duration 129
[DEBUG] done reg allocation
[DEBUG] occupy link[6]-->[5] (bypass:0) dfgNode: 0 at cycle 5
[DEBUG] in shareSameCycle is true: node 0
[DEBUG] tryToRoute -- srcDFGNode: 0, srcCGRANode: 10; dstDFGNode: 51, dstCGRANode: 10; backEdge: 1
[DEBUG] in shareSameCycle is true: node 51
[DEBUG] check route size: 1
[DEBUG] allocate for local reg maintain... duration=132 last cycle: 4
[DEBUG] in allocateReg() t_cycle: 4; i: 1 CGRA node: 10; link: 4 duration 132
[DEBUG] done reg allocation
[DEBUG] success in schedule()
[DEBUG] schedule dfg node[1] onto fu[14] at cycle 5 within II: 134
[DEBUG] setDFGNode 1 onto CGRANode 14 at cycle: 5
[DEBUG] in allocateReg() t_cycle: 4; i: 0 CGRA node: 14; link: 1 duration 1
[DEBUG] done reg allocation
[DEBUG] occupy link[10]-->[14] (bypass:0) dfgNode: 0 at cycle 4
[DEBUG] skip predecessor routing -- dfgNode: 0
[DEBUG] success in schedule()
[DEBUG] schedule dfg node[4] onto fu[6] at cycle 5 within II: 134
[DEBUG] setDFGNode 4 onto CGRANode 6 at cycle: 5
[DEBUG] in allocateReg() t_cycle: 4; i: 0 CGRA node: 6; link: 0 duration 1
[DEBUG] done reg allocation
[DEBUG] occupy link[10]-->[6] (bypass:0) dfgNode: 0 at cycle 4
[DEBUG] skip predecessor routing -- dfgNode: 0
[DEBUG] success in schedule()
[DEBUG] schedule dfg node[8] onto fu[9] at cycle 5 within II: 134
[DEBUG] setDFGNode 8 onto CGRANode 9 at cycle: 5
[DEBUG] in allocateReg() t_cycle: 4; i: 0 CGRA node: 9; link: 3 duration 1
[DEBUG] done reg allocation
[DEBUG] occupy link[10]-->[9] (bypass:0) dfgNode: 0 at cycle 4
[DEBUG] skip predecessor routing -- dfgNode: 0
[DEBUG] success in schedule()
[DEBUG] schedule dfg node[16] onto fu[5] at cycle 6 within II: 134
[DEBUG] setDFGNode 16 onto CGRANode 5 at cycle: 6
[DEBUG] occupy link[10]-->[6] (bypass:1) dfgNode: 0 at cycle 4
[DEBUG] in allocateReg() t_cycle: 5; i: 1 CGRA node: 5; link: 3 duration 1
[DEBUG] done reg allocation
[DEBUG] occupy link[6]-->[5] (bypass:0) dfgNode: 0 at cycle 5
[DEBUG] skip predecessor routing -- dfgNode: 0
[DEBUG] success in schedule()
[DEBUG] schedule dfg node[24] onto fu[10] at cycle 5 within II: 134
[DEBUG] setDFGNode 24 onto CGRANode 10 at cycle: 5
[DEBUG] tryToRoute -- srcDFGNode: 0, srcCGRANode: 10; dstDFGNode: 24, dstCGRANode: 10; backEdge: 0
[DEBUG] check route size: 1
[DEBUG] allocate for local reg maintain... duration=1 last cycle: 4
[DEBUG] in allocateReg() t_cycle: 4; i: 0 CGRA node: 10; link: 4 duration 1
[DEBUG] done reg allocation
[DEBUG] success in schedule()
[DEBUG] schedule dfg node[32] onto fu[13] at cycle 6 within II: 134
[DEBUG] setDFGNode 32 onto CGRANode 13 at cycle: 6
[DEBUG] occupy link[10]-->[9] (bypass:1) dfgNode: 0 at cycle 4
[DEBUG] in allocateReg() t_cycle: 5; i: 0 CGRA node: 13; link: 1 duration 1
[DEBUG] done reg allocation
[DEBUG] occupy link[9]-->[13] (bypass:0) dfgNode: 0 at cycle 5
[DEBUG] skip predecessor routing -- dfgNode: 0
[DEBUG] success in schedule()
[DEBUG] schedule dfg node[42] onto fu[2] at cycle 6 within II: 134
[DEBUG] setDFGNode 42 onto CGRANode 2 at cycle: 6
[DEBUG] occupy link[10]-->[6] (bypass:1) dfgNode: 0 at cycle 4
[DEBUG] in allocateReg() t_cycle: 5; i: 0 CGRA node: 2; link: 0 duration 1
[DEBUG] done reg allocation
[DEBUG] occupy link[6]-->[2] (bypass:0) dfgNode: 0 at cycle 5
[DEBUG] skip predecessor routing -- dfgNode: 0
[DEBUG] tryToRoute -- srcDFGNode: 34, srcCGRANode: 6; dstDFGNode: 42, dstCGRANode: 2; backEdge: 0
[DEBUG] check route size: 2
[DEBUG] reset duration: 5 t_dstCycle: 6 previous: 1 II: 134
[DEBUG] in allocateReg() t_cycle: 1; i: 1 CGRA node: 2; link: 0 duration 5
[DEBUG] done reg allocation
[DEBUG] occupy link[6]-->[2] (bypass:0) dfgNode: 34 at cycle 1
[DEBUG] success in schedule()
[DEBUG] schedule dfg node[50] onto fu[1] at cycle 7 within II: 134
[DEBUG] setDFGNode 50 onto CGRANode 1 at cycle: 7
[DEBUG] occupy link[10]-->[6] (bypass:1) dfgNode: 0 at cycle 4
[DEBUG] occupy link[6]-->[2] (bypass:1) dfgNode: 0 at cycle 5
[DEBUG] in allocateReg() t_cycle: 6; i: 0 CGRA node: 1; link: 3 duration 1
[DEBUG] done reg allocation
[DEBUG] occupy link[2]-->[1] (bypass:0) dfgNode: 0 at cycle 6
[DEBUG] skip predecessor routing -- dfgNode: 0
[DEBUG] tryToRoute -- srcDFGNode: 34, srcCGRANode: 6; dstDFGNode: 50, dstCGRANode: 1; backEdge: 0
[DEBUG] in shareSameCycle is true: node 50
[DEBUG] cannot route due to II is violated for backward cycle
DEBUG target DFG node: 50 on fu: 1 failed, mapped pred DFG node: 34; return false
[DEBUG] fail1 in schedule() II: 134
[DEBUG] the failed path -- cycle: 7 CGRANode: 1
[DEBUG] the failed path -- cycle: 6 CGRANode: 2
[DEBUG] the failed path -- cycle: 5 CGRANode: 6
[DEBUG] the failed path -- cycle: 4 CGRANode: 10
----------------------------------------
[DEBUG] start heuristic algorithm with II=135
[DEBUG] schedule dfg node[33] onto fu[5] at cycle 0 within II: 135
[DEBUG] setDFGNode 33 onto CGRANode 5 at cycle: 0
[DEBUG] success in schedule()
[DEBUG] schedule dfg node[34] onto fu[6] at cycle 1 within II: 135
[DEBUG] setDFGNode 34 onto CGRANode 6 at cycle: 1
[DEBUG] in allocateReg() t_cycle: 0; i: 0 CGRA node: 6; link: 2 duration 1
[DEBUG] done reg allocation
[DEBUG] occupy link[5]-->[6] (bypass:0) dfgNode: 33 at cycle 0
[DEBUG] skip predecessor routing -- dfgNode: 33
[DEBUG] success in schedule()
[DEBUG] schedule dfg node[51] onto fu[10] at cycle 2 within II: 135
[DEBUG] setDFGNode 51 onto CGRANode 10 at cycle: 2
[DEBUG] in allocateReg() t_cycle: 1; i: 0 CGRA node: 10; link: 1 duration 1
[DEBUG] done reg allocation
[DEBUG] occupy link[6]-->[10] (bypass:0) dfgNode: 34 at cycle 1
[DEBUG] skip predecessor routing -- dfgNode: 34
[DEBUG] success in schedule()
[DEBUG] schedule dfg node[52] onto fu[9] at cycle 3 within II: 135
[DEBUG] setDFGNode 52 onto CGRANode 9 at cycle: 3
[DEBUG] in allocateReg() t_cycle: 2; i: 0 CGRA node: 9; link: 3 duration 1
[DEBUG] done reg allocation
[DEBUG] occupy link[10]-->[9] (bypass:0) dfgNode: 51 at cycle 2
[DEBUG] skip predecessor routing -- dfgNode: 51
[DEBUG] success in schedule()
[DEBUG] schedule dfg node[0] onto fu[10] at cycle 4 within II: 135
[DEBUG] setDFGNode 0 onto CGRANode 10 at cycle: 4
[DEBUG] in allocateReg() t_cycle: 3; i: 0 CGRA node: 10; link: 2 duration 1
[DEBUG] done reg allocation
[DEBUG] occupy link[9]-->[10] (bypass:0) dfgNode: 52 at cycle 3
[DEBUG] skip predecessor routing -- dfgNode: 52
[DEBUG] in shareSameCycle is true: node 0
[DEBUG] tryToRoute -- srcDFGNode: 0, srcCGRANode: 10; dstDFGNode: 33, dstCGRANode: 5; backEdge: 1
[DEBUG] in shareSameCycle is true: node 33
[DEBUG] check route size: 3
[DEBUG] occupy link[10]-->[6] (bypass:1) dfgNode: 0 at cycle 4
[DEBUG] reset duration: 130 t_dstCycle: 0 previous: 5 II: 135
[DEBUG] in allocateReg() t_cycle: 5; i: 0 CGRA node: 5; link: 3 duration 130
[DEBUG] done reg allocation
[DEBUG] occupy link[6]-->[5] (bypass:0) dfgNode: 0 at cycle 5
[DEBUG] in shareSameCycle is true: node 0
[DEBUG] tryToRoute -- srcDFGNode: 0, srcCGRANode: 10; dstDFGNode: 51, dstCGRANode: 10; backEdge: 1
[DEBUG] in shareSameCycle is true: node 51
[DEBUG] check route size: 1
[DEBUG] allocate for local reg maintain... duration=133 last cycle: 4
[DEBUG] in allocateReg() t_cycle: 4; i: 1 CGRA node: 10; link: 4 duration 133
[DEBUG] done reg allocation
[DEBUG] success in schedule()
[DEBUG] schedule dfg node[1] onto fu[14] at cycle 5 within II: 135
[DEBUG] setDFGNode 1 onto CGRANode 14 at cycle: 5
[DEBUG] in allocateReg() t_cycle: 4; i: 0 CGRA node: 14; link: 1 duration 1
[DEBUG] done reg allocation
[DEBUG] occupy link[10]-->[14] (bypass:0) dfgNode: 0 at cycle 4
[DEBUG] skip predecessor routing -- dfgNode: 0
[DEBUG] success in schedule()
[DEBUG] schedule dfg node[4] onto fu[6] at cycle 5 within II: 135
[DEBUG] setDFGNode 4 onto CGRANode 6 at cycle: 5
[DEBUG] in allocateReg() t_cycle: 4; i: 0 CGRA node: 6; link: 0 duration 1
[DEBUG] done reg allocation
[DEBUG] occupy link[10]-->[6] (bypass:0) dfgNode: 0 at cycle 4
[DEBUG] skip predecessor routing -- dfgNode: 0
[DEBUG] success in schedule()
[DEBUG] schedule dfg node[8] onto fu[9] at cycle 5 within II: 135
[DEBUG] setDFGNode 8 onto CGRANode 9 at cycle: 5
[DEBUG] in allocateReg() t_cycle: 4; i: 0 CGRA node: 9; link: 3 duration 1
[DEBUG] done reg allocation
[DEBUG] occupy link[10]-->[9] (bypass:0) dfgNode: 0 at cycle 4
[DEBUG] skip predecessor routing -- dfgNode: 0
[DEBUG] success in schedule()
[DEBUG] schedule dfg node[16] onto fu[5] at cycle 6 within II: 135
[DEBUG] setDFGNode 16 onto CGRANode 5 at cycle: 6
[DEBUG] occupy link[10]-->[6] (bypass:1) dfgNode: 0 at cycle 4
[DEBUG] in allocateReg() t_cycle: 5; i: 1 CGRA node: 5; link: 3 duration 1
[DEBUG] done reg allocation
[DEBUG] occupy link[6]-->[5] (bypass:0) dfgNode: 0 at cycle 5
[DEBUG] skip predecessor routing -- dfgNode: 0
[DEBUG] success in schedule()
[DEBUG] schedule dfg node[24] onto fu[10] at cycle 5 within II: 135
[DEBUG] setDFGNode 24 onto CGRANode 10 at cycle: 5
[DEBUG] tryToRoute -- srcDFGNode: 0, srcCGRANode: 10; dstDFGNode: 24, dstCGRANode: 10; backEdge: 0
[DEBUG] check route size: 1
[DEBUG] allocate for local reg maintain... duration=1 last cycle: 4
[DEBUG] in allocateReg() t_cycle: 4; i: 0 CGRA node: 10; link: 4 duration 1
[DEBUG] done reg allocation
[DEBUG] success in schedule()
[DEBUG] schedule dfg node[32] onto fu[13] at cycle 6 within II: 135
[DEBUG] setDFGNode 32 onto CGRANode 13 at cycle: 6
[DEBUG] occupy link[10]-->[9] (bypass:1) dfgNode: 0 at cycle 4
[DEBUG] in allocateReg() t_cycle: 5; i: 0 CGRA node: 13; link: 1 duration 1
[DEBUG] done reg allocation
[DEBUG] occupy link[9]-->[13] (bypass:0) dfgNode: 0 at cycle 5
[DEBUG] skip predecessor routing -- dfgNode: 0
[DEBUG] success in schedule()
[DEBUG] schedule dfg node[42] onto fu[2] at cycle 6 within II: 135
[DEBUG] setDFGNode 42 onto CGRANode 2 at cycle: 6
[DEBUG] occupy link[10]-->[6] (bypass:1) dfgNode: 0 at cycle 4
[DEBUG] in allocateReg() t_cycle: 5; i: 0 CGRA node: 2; link: 0 duration 1
[DEBUG] done reg allocation
[DEBUG] occupy link[6]-->[2] (bypass:0) dfgNode: 0 at cycle 5
[DEBUG] skip predecessor routing -- dfgNode: 0
[DEBUG] tryToRoute -- srcDFGNode: 34, srcCGRANode: 6; dstDFGNode: 42, dstCGRANode: 2; backEdge: 0
[DEBUG] check route size: 2
[DEBUG] reset duration: 5 t_dstCycle: 6 previous: 1 II: 135
[DEBUG] in allocateReg() t_cycle: 1; i: 1 CGRA node: 2; link: 0 duration 5
[DEBUG] done reg allocation
[DEBUG] occupy link[6]-->[2] (bypass:0) dfgNode: 34 at cycle 1
[DEBUG] success in schedule()
[DEBUG] schedule dfg node[50] onto fu[1] at cycle 7 within II: 135
[DEBUG] setDFGNode 50 onto CGRANode 1 at cycle: 7
[DEBUG] occupy link[10]-->[6] (bypass:1) dfgNode: 0 at cycle 4
[DEBUG] occupy link[6]-->[2] (bypass:1) dfgNode: 0 at cycle 5
[DEBUG] in allocateReg() t_cycle: 6; i: 0 CGRA node: 1; link: 3 duration 1
[DEBUG] done reg allocation
[DEBUG] occupy link[2]-->[1] (bypass:0) dfgNode: 0 at cycle 6
[DEBUG] skip predecessor routing -- dfgNode: 0
[DEBUG] tryToRoute -- srcDFGNode: 34, srcCGRANode: 6; dstDFGNode: 50, dstCGRANode: 1; backEdge: 0
[DEBUG] in shareSameCycle is true: node 50
[DEBUG] cannot route due to II is violated for backward cycle
DEBUG target DFG node: 50 on fu: 1 failed, mapped pred DFG node: 34; return false
[DEBUG] fail1 in schedule() II: 135
[DEBUG] the failed path -- cycle: 7 CGRANode: 1
[DEBUG] the failed path -- cycle: 6 CGRANode: 2
[DEBUG] the failed path -- cycle: 5 CGRANode: 6
[DEBUG] the failed path -- cycle: 4 CGRANode: 10
----------------------------------------
[DEBUG] start heuristic algorithm with II=136
[DEBUG] schedule dfg node[33] onto fu[5] at cycle 0 within II: 136
[DEBUG] setDFGNode 33 onto CGRANode 5 at cycle: 0
[DEBUG] success in schedule()
[DEBUG] schedule dfg node[34] onto fu[6] at cycle 1 within II: 136
[DEBUG] setDFGNode 34 onto CGRANode 6 at cycle: 1
[DEBUG] in allocateReg() t_cycle: 0; i: 0 CGRA node: 6; link: 2 duration 1
[DEBUG] done reg allocation
[DEBUG] occupy link[5]-->[6] (bypass:0) dfgNode: 33 at cycle 0
[DEBUG] skip predecessor routing -- dfgNode: 33
[DEBUG] success in schedule()
[DEBUG] schedule dfg node[51] onto fu[10] at cycle 2 within II: 136
[DEBUG] setDFGNode 51 onto CGRANode 10 at cycle: 2
[DEBUG] in allocateReg() t_cycle: 1; i: 0 CGRA node: 10; link: 1 duration 1
[DEBUG] done reg allocation
[DEBUG] occupy link[6]-->[10] (bypass:0) dfgNode: 34 at cycle 1
[DEBUG] skip predecessor routing -- dfgNode: 34
[DEBUG] success in schedule()
[DEBUG] schedule dfg node[52] onto fu[9] at cycle 3 within II: 136
[DEBUG] setDFGNode 52 onto CGRANode 9 at cycle: 3
[DEBUG] in allocateReg() t_cycle: 2; i: 0 CGRA node: 9; link: 3 duration 1
[DEBUG] done reg allocation
[DEBUG] occupy link[10]-->[9] (bypass:0) dfgNode: 51 at cycle 2
[DEBUG] skip predecessor routing -- dfgNode: 51
[DEBUG] success in schedule()
[DEBUG] schedule dfg node[0] onto fu[10] at cycle 4 within II: 136
[DEBUG] setDFGNode 0 onto CGRANode 10 at cycle: 4
[DEBUG] in allocateReg() t_cycle: 3; i: 0 CGRA node: 10; link: 2 duration 1
[DEBUG] done reg allocation
[DEBUG] occupy link[9]-->[10] (bypass:0) dfgNode: 52 at cycle 3
[DEBUG] skip predecessor routing -- dfgNode: 52
[DEBUG] in shareSameCycle is true: node 0
[DEBUG] tryToRoute -- srcDFGNode: 0, srcCGRANode: 10; dstDFGNode: 33, dstCGRANode: 5; backEdge: 1
[DEBUG] in shareSameCycle is true: node 33
[DEBUG] check route size: 3
[DEBUG] occupy link[10]-->[6] (bypass:1) dfgNode: 0 at cycle 4
[DEBUG] reset duration: 131 t_dstCycle: 0 previous: 5 II: 136
[DEBUG] in allocateReg() t_cycle: 5; i: 0 CGRA node: 5; link: 3 duration 131
[DEBUG] done reg allocation
[DEBUG] occupy link[6]-->[5] (bypass:0) dfgNode: 0 at cycle 5
[DEBUG] in shareSameCycle is true: node 0
[DEBUG] tryToRoute -- srcDFGNode: 0, srcCGRANode: 10; dstDFGNode: 51, dstCGRANode: 10; backEdge: 1
[DEBUG] in shareSameCycle is true: node 51
[DEBUG] check route size: 1
[DEBUG] allocate for local reg maintain... duration=134 last cycle: 4
[DEBUG] in allocateReg() t_cycle: 4; i: 1 CGRA node: 10; link: 4 duration 134
[DEBUG] done reg allocation
[DEBUG] success in schedule()
[DEBUG] schedule dfg node[1] onto fu[14] at cycle 5 within II: 136
[DEBUG] setDFGNode 1 onto CGRANode 14 at cycle: 5
[DEBUG] in allocateReg() t_cycle: 4; i: 0 CGRA node: 14; link: 1 duration 1
[DEBUG] done reg allocation
[DEBUG] occupy link[10]-->[14] (bypass:0) dfgNode: 0 at cycle 4
[DEBUG] skip predecessor routing -- dfgNode: 0
[DEBUG] success in schedule()
[DEBUG] schedule dfg node[4] onto fu[6] at cycle 5 within II: 136
[DEBUG] setDFGNode 4 onto CGRANode 6 at cycle: 5
[DEBUG] in allocateReg() t_cycle: 4; i: 0 CGRA node: 6; link: 0 duration 1
[DEBUG] done reg allocation
[DEBUG] occupy link[10]-->[6] (bypass:0) dfgNode: 0 at cycle 4
[DEBUG] skip predecessor routing -- dfgNode: 0
[DEBUG] success in schedule()
[DEBUG] schedule dfg node[8] onto fu[9] at cycle 5 within II: 136
[DEBUG] setDFGNode 8 onto CGRANode 9 at cycle: 5
[DEBUG] in allocateReg() t_cycle: 4; i: 0 CGRA node: 9; link: 3 duration 1
[DEBUG] done reg allocation
[DEBUG] occupy link[10]-->[9] (bypass:0) dfgNode: 0 at cycle 4
[DEBUG] skip predecessor routing -- dfgNode: 0
[DEBUG] success in schedule()
[DEBUG] schedule dfg node[16] onto fu[5] at cycle 6 within II: 136
[DEBUG] setDFGNode 16 onto CGRANode 5 at cycle: 6
[DEBUG] occupy link[10]-->[6] (bypass:1) dfgNode: 0 at cycle 4
[DEBUG] in allocateReg() t_cycle: 5; i: 1 CGRA node: 5; link: 3 duration 1
[DEBUG] done reg allocation
[DEBUG] occupy link[6]-->[5] (bypass:0) dfgNode: 0 at cycle 5
[DEBUG] skip predecessor routing -- dfgNode: 0
[DEBUG] success in schedule()
[DEBUG] schedule dfg node[24] onto fu[10] at cycle 5 within II: 136
[DEBUG] setDFGNode 24 onto CGRANode 10 at cycle: 5
[DEBUG] tryToRoute -- srcDFGNode: 0, srcCGRANode: 10; dstDFGNode: 24, dstCGRANode: 10; backEdge: 0
[DEBUG] check route size: 1
[DEBUG] allocate for local reg maintain... duration=1 last cycle: 4
[DEBUG] in allocateReg() t_cycle: 4; i: 0 CGRA node: 10; link: 4 duration 1
[DEBUG] done reg allocation
[DEBUG] success in schedule()
[DEBUG] schedule dfg node[32] onto fu[13] at cycle 6 within II: 136
[DEBUG] setDFGNode 32 onto CGRANode 13 at cycle: 6
[DEBUG] occupy link[10]-->[9] (bypass:1) dfgNode: 0 at cycle 4
[DEBUG] in allocateReg() t_cycle: 5; i: 0 CGRA node: 13; link: 1 duration 1
[DEBUG] done reg allocation
[DEBUG] occupy link[9]-->[13] (bypass:0) dfgNode: 0 at cycle 5
[DEBUG] skip predecessor routing -- dfgNode: 0
[DEBUG] success in schedule()
[DEBUG] schedule dfg node[42] onto fu[2] at cycle 6 within II: 136
[DEBUG] setDFGNode 42 onto CGRANode 2 at cycle: 6
[DEBUG] occupy link[10]-->[6] (bypass:1) dfgNode: 0 at cycle 4
[DEBUG] in allocateReg() t_cycle: 5; i: 0 CGRA node: 2; link: 0 duration 1
[DEBUG] done reg allocation
[DEBUG] occupy link[6]-->[2] (bypass:0) dfgNode: 0 at cycle 5
[DEBUG] skip predecessor routing -- dfgNode: 0
[DEBUG] tryToRoute -- srcDFGNode: 34, srcCGRANode: 6; dstDFGNode: 42, dstCGRANode: 2; backEdge: 0
[DEBUG] check route size: 2
[DEBUG] reset duration: 5 t_dstCycle: 6 previous: 1 II: 136
[DEBUG] in allocateReg() t_cycle: 1; i: 1 CGRA node: 2; link: 0 duration 5
[DEBUG] done reg allocation
[DEBUG] occupy link[6]-->[2] (bypass:0) dfgNode: 34 at cycle 1
[DEBUG] success in schedule()
[DEBUG] schedule dfg node[50] onto fu[1] at cycle 7 within II: 136
[DEBUG] setDFGNode 50 onto CGRANode 1 at cycle: 7
[DEBUG] occupy link[10]-->[6] (bypass:1) dfgNode: 0 at cycle 4
[DEBUG] occupy link[6]-->[2] (bypass:1) dfgNode: 0 at cycle 5
[DEBUG] in allocateReg() t_cycle: 6; i: 0 CGRA node: 1; link: 3 duration 1
[DEBUG] done reg allocation
[DEBUG] occupy link[2]-->[1] (bypass:0) dfgNode: 0 at cycle 6
[DEBUG] skip predecessor routing -- dfgNode: 0
[DEBUG] tryToRoute -- srcDFGNode: 34, srcCGRANode: 6; dstDFGNode: 50, dstCGRANode: 1; backEdge: 0
[DEBUG] in shareSameCycle is true: node 50
[DEBUG] cannot route due to II is violated for backward cycle
DEBUG target DFG node: 50 on fu: 1 failed, mapped pred DFG node: 34; return false
[DEBUG] fail1 in schedule() II: 136
[DEBUG] the failed path -- cycle: 7 CGRANode: 1
[DEBUG] the failed path -- cycle: 6 CGRANode: 2
[DEBUG] the failed path -- cycle: 5 CGRANode: 6
[DEBUG] the failed path -- cycle: 4 CGRANode: 10
----------------------------------------
[DEBUG] start heuristic algorithm with II=137
[DEBUG] schedule dfg node[33] onto fu[5] at cycle 0 within II: 137
[DEBUG] setDFGNode 33 onto CGRANode 5 at cycle: 0
[DEBUG] success in schedule()
[DEBUG] schedule dfg node[34] onto fu[6] at cycle 1 within II: 137
[DEBUG] setDFGNode 34 onto CGRANode 6 at cycle: 1
[DEBUG] in allocateReg() t_cycle: 0; i: 0 CGRA node: 6; link: 2 duration 1
[DEBUG] done reg allocation
[DEBUG] occupy link[5]-->[6] (bypass:0) dfgNode: 33 at cycle 0
[DEBUG] skip predecessor routing -- dfgNode: 33
[DEBUG] success in schedule()
[DEBUG] schedule dfg node[51] onto fu[10] at cycle 2 within II: 137
[DEBUG] setDFGNode 51 onto CGRANode 10 at cycle: 2
[DEBUG] in allocateReg() t_cycle: 1; i: 0 CGRA node: 10; link: 1 duration 1
[DEBUG] done reg allocation
[DEBUG] occupy link[6]-->[10] (bypass:0) dfgNode: 34 at cycle 1
[DEBUG] skip predecessor routing -- dfgNode: 34
[DEBUG] success in schedule()
[DEBUG] schedule dfg node[52] onto fu[9] at cycle 3 within II: 137
[DEBUG] setDFGNode 52 onto CGRANode 9 at cycle: 3
[DEBUG] in allocateReg() t_cycle: 2; i: 0 CGRA node: 9; link: 3 duration 1
[DEBUG] done reg allocation
[DEBUG] occupy link[10]-->[9] (bypass:0) dfgNode: 51 at cycle 2
[DEBUG] skip predecessor routing -- dfgNode: 51
[DEBUG] success in schedule()
[DEBUG] schedule dfg node[0] onto fu[10] at cycle 4 within II: 137
[DEBUG] setDFGNode 0 onto CGRANode 10 at cycle: 4
[DEBUG] in allocateReg() t_cycle: 3; i: 0 CGRA node: 10; link: 2 duration 1
[DEBUG] done reg allocation
[DEBUG] occupy link[9]-->[10] (bypass:0) dfgNode: 52 at cycle 3
[DEBUG] skip predecessor routing -- dfgNode: 52
[DEBUG] in shareSameCycle is true: node 0
[DEBUG] tryToRoute -- srcDFGNode: 0, srcCGRANode: 10; dstDFGNode: 33, dstCGRANode: 5; backEdge: 1
[DEBUG] in shareSameCycle is true: node 33
[DEBUG] check route size: 3
[DEBUG] occupy link[10]-->[6] (bypass:1) dfgNode: 0 at cycle 4
[DEBUG] reset duration: 132 t_dstCycle: 0 previous: 5 II: 137
[DEBUG] in allocateReg() t_cycle: 5; i: 0 CGRA node: 5; link: 3 duration 132
[DEBUG] done reg allocation
[DEBUG] occupy link[6]-->[5] (bypass:0) dfgNode: 0 at cycle 5
[DEBUG] in shareSameCycle is true: node 0
[DEBUG] tryToRoute -- srcDFGNode: 0, srcCGRANode: 10; dstDFGNode: 51, dstCGRANode: 10; backEdge: 1
[DEBUG] in shareSameCycle is true: node 51
[DEBUG] check route size: 1
[DEBUG] allocate for local reg maintain... duration=135 last cycle: 4
[DEBUG] in allocateReg() t_cycle: 4; i: 1 CGRA node: 10; link: 4 duration 135
[DEBUG] done reg allocation
[DEBUG] success in schedule()
[DEBUG] schedule dfg node[1] onto fu[14] at cycle 5 within II: 137
[DEBUG] setDFGNode 1 onto CGRANode 14 at cycle: 5
[DEBUG] in allocateReg() t_cycle: 4; i: 0 CGRA node: 14; link: 1 duration 1
[DEBUG] done reg allocation
[DEBUG] occupy link[10]-->[14] (bypass:0) dfgNode: 0 at cycle 4
[DEBUG] skip predecessor routing -- dfgNode: 0
[DEBUG] success in schedule()
[DEBUG] schedule dfg node[4] onto fu[6] at cycle 5 within II: 137
[DEBUG] setDFGNode 4 onto CGRANode 6 at cycle: 5
[DEBUG] in allocateReg() t_cycle: 4; i: 0 CGRA node: 6; link: 0 duration 1
[DEBUG] done reg allocation
[DEBUG] occupy link[10]-->[6] (bypass:0) dfgNode: 0 at cycle 4
[DEBUG] skip predecessor routing -- dfgNode: 0
[DEBUG] success in schedule()
[DEBUG] schedule dfg node[8] onto fu[9] at cycle 5 within II: 137
[DEBUG] setDFGNode 8 onto CGRANode 9 at cycle: 5
[DEBUG] in allocateReg() t_cycle: 4; i: 0 CGRA node: 9; link: 3 duration 1
[DEBUG] done reg allocation
[DEBUG] occupy link[10]-->[9] (bypass:0) dfgNode: 0 at cycle 4
[DEBUG] skip predecessor routing -- dfgNode: 0
[DEBUG] success in schedule()
[DEBUG] schedule dfg node[16] onto fu[5] at cycle 6 within II: 137
[DEBUG] setDFGNode 16 onto CGRANode 5 at cycle: 6
[DEBUG] occupy link[10]-->[6] (bypass:1) dfgNode: 0 at cycle 4
[DEBUG] in allocateReg() t_cycle: 5; i: 1 CGRA node: 5; link: 3 duration 1
[DEBUG] done reg allocation
[DEBUG] occupy link[6]-->[5] (bypass:0) dfgNode: 0 at cycle 5
[DEBUG] skip predecessor routing -- dfgNode: 0
[DEBUG] success in schedule()
[DEBUG] schedule dfg node[24] onto fu[10] at cycle 5 within II: 137
[DEBUG] setDFGNode 24 onto CGRANode 10 at cycle: 5
[DEBUG] tryToRoute -- srcDFGNode: 0, srcCGRANode: 10; dstDFGNode: 24, dstCGRANode: 10; backEdge: 0
[DEBUG] check route size: 1
[DEBUG] allocate for local reg maintain... duration=1 last cycle: 4
[DEBUG] in allocateReg() t_cycle: 4; i: 0 CGRA node: 10; link: 4 duration 1
[DEBUG] done reg allocation
[DEBUG] success in schedule()
[DEBUG] schedule dfg node[32] onto fu[13] at cycle 6 within II: 137
[DEBUG] setDFGNode 32 onto CGRANode 13 at cycle: 6
[DEBUG] occupy link[10]-->[9] (bypass:1) dfgNode: 0 at cycle 4
[DEBUG] in allocateReg() t_cycle: 5; i: 0 CGRA node: 13; link: 1 duration 1
[DEBUG] done reg allocation
[DEBUG] occupy link[9]-->[13] (bypass:0) dfgNode: 0 at cycle 5
[DEBUG] skip predecessor routing -- dfgNode: 0
[DEBUG] success in schedule()
[DEBUG] schedule dfg node[42] onto fu[2] at cycle 6 within II: 137
[DEBUG] setDFGNode 42 onto CGRANode 2 at cycle: 6
[DEBUG] occupy link[10]-->[6] (bypass:1) dfgNode: 0 at cycle 4
[DEBUG] in allocateReg() t_cycle: 5; i: 0 CGRA node: 2; link: 0 duration 1
[DEBUG] done reg allocation
[DEBUG] occupy link[6]-->[2] (bypass:0) dfgNode: 0 at cycle 5
[DEBUG] skip predecessor routing -- dfgNode: 0
[DEBUG] tryToRoute -- srcDFGNode: 34, srcCGRANode: 6; dstDFGNode: 42, dstCGRANode: 2; backEdge: 0
[DEBUG] check route size: 2
[DEBUG] reset duration: 5 t_dstCycle: 6 previous: 1 II: 137
[DEBUG] in allocateReg() t_cycle: 1; i: 1 CGRA node: 2; link: 0 duration 5
[DEBUG] done reg allocation
[DEBUG] occupy link[6]-->[2] (bypass:0) dfgNode: 34 at cycle 1
[DEBUG] success in schedule()
[DEBUG] schedule dfg node[50] onto fu[1] at cycle 7 within II: 137
[DEBUG] setDFGNode 50 onto CGRANode 1 at cycle: 7
[DEBUG] occupy link[10]-->[6] (bypass:1) dfgNode: 0 at cycle 4
[DEBUG] occupy link[6]-->[2] (bypass:1) dfgNode: 0 at cycle 5
[DEBUG] in allocateReg() t_cycle: 6; i: 0 CGRA node: 1; link: 3 duration 1
[DEBUG] done reg allocation
[DEBUG] occupy link[2]-->[1] (bypass:0) dfgNode: 0 at cycle 6
[DEBUG] skip predecessor routing -- dfgNode: 0
[DEBUG] tryToRoute -- srcDFGNode: 34, srcCGRANode: 6; dstDFGNode: 50, dstCGRANode: 1; backEdge: 0
[DEBUG] in shareSameCycle is true: node 50
[DEBUG] cannot route due to II is violated for backward cycle
DEBUG target DFG node: 50 on fu: 1 failed, mapped pred DFG node: 34; return false
[DEBUG] fail1 in schedule() II: 137
[DEBUG] the failed path -- cycle: 7 CGRANode: 1
[DEBUG] the failed path -- cycle: 6 CGRANode: 2
[DEBUG] the failed path -- cycle: 5 CGRANode: 6
[DEBUG] the failed path -- cycle: 4 CGRANode: 10
----------------------------------------
[DEBUG] start heuristic algorithm with II=138
[DEBUG] schedule dfg node[33] onto fu[5] at cycle 0 within II: 138
[DEBUG] setDFGNode 33 onto CGRANode 5 at cycle: 0
[DEBUG] success in schedule()
[DEBUG] schedule dfg node[34] onto fu[6] at cycle 1 within II: 138
[DEBUG] setDFGNode 34 onto CGRANode 6 at cycle: 1
[DEBUG] in allocateReg() t_cycle: 0; i: 0 CGRA node: 6; link: 2 duration 1
[DEBUG] done reg allocation
[DEBUG] occupy link[5]-->[6] (bypass:0) dfgNode: 33 at cycle 0
[DEBUG] skip predecessor routing -- dfgNode: 33
[DEBUG] success in schedule()
[DEBUG] schedule dfg node[51] onto fu[10] at cycle 2 within II: 138
[DEBUG] setDFGNode 51 onto CGRANode 10 at cycle: 2
[DEBUG] in allocateReg() t_cycle: 1; i: 0 CGRA node: 10; link: 1 duration 1
[DEBUG] done reg allocation
[DEBUG] occupy link[6]-->[10] (bypass:0) dfgNode: 34 at cycle 1
[DEBUG] skip predecessor routing -- dfgNode: 34
[DEBUG] success in schedule()
[DEBUG] schedule dfg node[52] onto fu[9] at cycle 3 within II: 138
[DEBUG] setDFGNode 52 onto CGRANode 9 at cycle: 3
[DEBUG] in allocateReg() t_cycle: 2; i: 0 CGRA node: 9; link: 3 duration 1
[DEBUG] done reg allocation
[DEBUG] occupy link[10]-->[9] (bypass:0) dfgNode: 51 at cycle 2
[DEBUG] skip predecessor routing -- dfgNode: 51
[DEBUG] success in schedule()
[DEBUG] schedule dfg node[0] onto fu[10] at cycle 4 within II: 138
[DEBUG] setDFGNode 0 onto CGRANode 10 at cycle: 4
[DEBUG] in allocateReg() t_cycle: 3; i: 0 CGRA node: 10; link: 2 duration 1
[DEBUG] done reg allocation
[DEBUG] occupy link[9]-->[10] (bypass:0) dfgNode: 52 at cycle 3
[DEBUG] skip predecessor routing -- dfgNode: 52
[DEBUG] in shareSameCycle is true: node 0
[DEBUG] tryToRoute -- srcDFGNode: 0, srcCGRANode: 10; dstDFGNode: 33, dstCGRANode: 5; backEdge: 1
[DEBUG] in shareSameCycle is true: node 33
[DEBUG] check route size: 3
[DEBUG] occupy link[10]-->[6] (bypass:1) dfgNode: 0 at cycle 4
[DEBUG] reset duration: 133 t_dstCycle: 0 previous: 5 II: 138
[DEBUG] in allocateReg() t_cycle: 5; i: 0 CGRA node: 5; link: 3 duration 133
[DEBUG] done reg allocation
[DEBUG] occupy link[6]-->[5] (bypass:0) dfgNode: 0 at cycle 5
[DEBUG] in shareSameCycle is true: node 0
[DEBUG] tryToRoute -- srcDFGNode: 0, srcCGRANode: 10; dstDFGNode: 51, dstCGRANode: 10; backEdge: 1
[DEBUG] in shareSameCycle is true: node 51
[DEBUG] check route size: 1
[DEBUG] allocate for local reg maintain... duration=136 last cycle: 4
[DEBUG] in allocateReg() t_cycle: 4; i: 1 CGRA node: 10; link: 4 duration 136
[DEBUG] done reg allocation
[DEBUG] success in schedule()
[DEBUG] schedule dfg node[1] onto fu[14] at cycle 5 within II: 138
[DEBUG] setDFGNode 1 onto CGRANode 14 at cycle: 5
[DEBUG] in allocateReg() t_cycle: 4; i: 0 CGRA node: 14; link: 1 duration 1
[DEBUG] done reg allocation
[DEBUG] occupy link[10]-->[14] (bypass:0) dfgNode: 0 at cycle 4
[DEBUG] skip predecessor routing -- dfgNode: 0
[DEBUG] success in schedule()
[DEBUG] schedule dfg node[4] onto fu[6] at cycle 5 within II: 138
[DEBUG] setDFGNode 4 onto CGRANode 6 at cycle: 5
[DEBUG] in allocateReg() t_cycle: 4; i: 0 CGRA node: 6; link: 0 duration 1
[DEBUG] done reg allocation
[DEBUG] occupy link[10]-->[6] (bypass:0) dfgNode: 0 at cycle 4
[DEBUG] skip predecessor routing -- dfgNode: 0
[DEBUG] success in schedule()
[DEBUG] schedule dfg node[8] onto fu[9] at cycle 5 within II: 138
[DEBUG] setDFGNode 8 onto CGRANode 9 at cycle: 5
[DEBUG] in allocateReg() t_cycle: 4; i: 0 CGRA node: 9; link: 3 duration 1
[DEBUG] done reg allocation
[DEBUG] occupy link[10]-->[9] (bypass:0) dfgNode: 0 at cycle 4
[DEBUG] skip predecessor routing -- dfgNode: 0
[DEBUG] success in schedule()
[DEBUG] schedule dfg node[16] onto fu[5] at cycle 6 within II: 138
[DEBUG] setDFGNode 16 onto CGRANode 5 at cycle: 6
[DEBUG] occupy link[10]-->[6] (bypass:1) dfgNode: 0 at cycle 4
[DEBUG] in allocateReg() t_cycle: 5; i: 1 CGRA node: 5; link: 3 duration 1
[DEBUG] done reg allocation
[DEBUG] occupy link[6]-->[5] (bypass:0) dfgNode: 0 at cycle 5
[DEBUG] skip predecessor routing -- dfgNode: 0
[DEBUG] success in schedule()
[DEBUG] schedule dfg node[24] onto fu[10] at cycle 5 within II: 138
[DEBUG] setDFGNode 24 onto CGRANode 10 at cycle: 5
[DEBUG] tryToRoute -- srcDFGNode: 0, srcCGRANode: 10; dstDFGNode: 24, dstCGRANode: 10; backEdge: 0
[DEBUG] check route size: 1
[DEBUG] allocate for local reg maintain... duration=1 last cycle: 4
[DEBUG] in allocateReg() t_cycle: 4; i: 0 CGRA node: 10; link: 4 duration 1
[DEBUG] done reg allocation
[DEBUG] success in schedule()
[DEBUG] schedule dfg node[32] onto fu[13] at cycle 6 within II: 138
[DEBUG] setDFGNode 32 onto CGRANode 13 at cycle: 6
[DEBUG] occupy link[10]-->[9] (bypass:1) dfgNode: 0 at cycle 4
[DEBUG] in allocateReg() t_cycle: 5; i: 0 CGRA node: 13; link: 1 duration 1
[DEBUG] done reg allocation
[DEBUG] occupy link[9]-->[13] (bypass:0) dfgNode: 0 at cycle 5
[DEBUG] skip predecessor routing -- dfgNode: 0
[DEBUG] success in schedule()
[DEBUG] schedule dfg node[42] onto fu[2] at cycle 6 within II: 138
[DEBUG] setDFGNode 42 onto CGRANode 2 at cycle: 6
[DEBUG] occupy link[10]-->[6] (bypass:1) dfgNode: 0 at cycle 4
[DEBUG] in allocateReg() t_cycle: 5; i: 0 CGRA node: 2; link: 0 duration 1
[DEBUG] done reg allocation
[DEBUG] occupy link[6]-->[2] (bypass:0) dfgNode: 0 at cycle 5
[DEBUG] skip predecessor routing -- dfgNode: 0
[DEBUG] tryToRoute -- srcDFGNode: 34, srcCGRANode: 6; dstDFGNode: 42, dstCGRANode: 2; backEdge: 0
[DEBUG] check route size: 2
[DEBUG] reset duration: 5 t_dstCycle: 6 previous: 1 II: 138
[DEBUG] in allocateReg() t_cycle: 1; i: 1 CGRA node: 2; link: 0 duration 5
[DEBUG] done reg allocation
[DEBUG] occupy link[6]-->[2] (bypass:0) dfgNode: 34 at cycle 1
[DEBUG] success in schedule()
[DEBUG] schedule dfg node[50] onto fu[1] at cycle 7 within II: 138
[DEBUG] setDFGNode 50 onto CGRANode 1 at cycle: 7
[DEBUG] occupy link[10]-->[6] (bypass:1) dfgNode: 0 at cycle 4
[DEBUG] occupy link[6]-->[2] (bypass:1) dfgNode: 0 at cycle 5
[DEBUG] in allocateReg() t_cycle: 6; i: 0 CGRA node: 1; link: 3 duration 1
[DEBUG] done reg allocation
[DEBUG] occupy link[2]-->[1] (bypass:0) dfgNode: 0 at cycle 6
[DEBUG] skip predecessor routing -- dfgNode: 0
[DEBUG] tryToRoute -- srcDFGNode: 34, srcCGRANode: 6; dstDFGNode: 50, dstCGRANode: 1; backEdge: 0
[DEBUG] in shareSameCycle is true: node 50
[DEBUG] cannot route due to II is violated for backward cycle
DEBUG target DFG node: 50 on fu: 1 failed, mapped pred DFG node: 34; return false
[DEBUG] fail1 in schedule() II: 138
[DEBUG] the failed path -- cycle: 7 CGRANode: 1
[DEBUG] the failed path -- cycle: 6 CGRANode: 2
[DEBUG] the failed path -- cycle: 5 CGRANode: 6
[DEBUG] the failed path -- cycle: 4 CGRANode: 10
----------------------------------------
[DEBUG] start heuristic algorithm with II=139
[DEBUG] schedule dfg node[33] onto fu[5] at cycle 0 within II: 139
[DEBUG] setDFGNode 33 onto CGRANode 5 at cycle: 0
[DEBUG] success in schedule()
[DEBUG] schedule dfg node[34] onto fu[6] at cycle 1 within II: 139
[DEBUG] setDFGNode 34 onto CGRANode 6 at cycle: 1
[DEBUG] in allocateReg() t_cycle: 0; i: 0 CGRA node: 6; link: 2 duration 1
[DEBUG] done reg allocation
[DEBUG] occupy link[5]-->[6] (bypass:0) dfgNode: 33 at cycle 0
[DEBUG] skip predecessor routing -- dfgNode: 33
[DEBUG] success in schedule()
[DEBUG] schedule dfg node[51] onto fu[10] at cycle 2 within II: 139
[DEBUG] setDFGNode 51 onto CGRANode 10 at cycle: 2
[DEBUG] in allocateReg() t_cycle: 1; i: 0 CGRA node: 10; link: 1 duration 1
[DEBUG] done reg allocation
[DEBUG] occupy link[6]-->[10] (bypass:0) dfgNode: 34 at cycle 1
[DEBUG] skip predecessor routing -- dfgNode: 34
[DEBUG] success in schedule()
[DEBUG] schedule dfg node[52] onto fu[9] at cycle 3 within II: 139
[DEBUG] setDFGNode 52 onto CGRANode 9 at cycle: 3
[DEBUG] in allocateReg() t_cycle: 2; i: 0 CGRA node: 9; link: 3 duration 1
[DEBUG] done reg allocation
[DEBUG] occupy link[10]-->[9] (bypass:0) dfgNode: 51 at cycle 2
[DEBUG] skip predecessor routing -- dfgNode: 51
[DEBUG] success in schedule()
[DEBUG] schedule dfg node[0] onto fu[10] at cycle 4 within II: 139
[DEBUG] setDFGNode 0 onto CGRANode 10 at cycle: 4
[DEBUG] in allocateReg() t_cycle: 3; i: 0 CGRA node: 10; link: 2 duration 1
[DEBUG] done reg allocation
[DEBUG] occupy link[9]-->[10] (bypass:0) dfgNode: 52 at cycle 3
[DEBUG] skip predecessor routing -- dfgNode: 52
[DEBUG] in shareSameCycle is true: node 0
[DEBUG] tryToRoute -- srcDFGNode: 0, srcCGRANode: 10; dstDFGNode: 33, dstCGRANode: 5; backEdge: 1
[DEBUG] in shareSameCycle is true: node 33
[DEBUG] check route size: 3
[DEBUG] occupy link[10]-->[6] (bypass:1) dfgNode: 0 at cycle 4
[DEBUG] reset duration: 134 t_dstCycle: 0 previous: 5 II: 139
[DEBUG] in allocateReg() t_cycle: 5; i: 0 CGRA node: 5; link: 3 duration 134
[DEBUG] done reg allocation
[DEBUG] occupy link[6]-->[5] (bypass:0) dfgNode: 0 at cycle 5
[DEBUG] in shareSameCycle is true: node 0
[DEBUG] tryToRoute -- srcDFGNode: 0, srcCGRANode: 10; dstDFGNode: 51, dstCGRANode: 10; backEdge: 1
[DEBUG] in shareSameCycle is true: node 51
[DEBUG] check route size: 1
[DEBUG] allocate for local reg maintain... duration=137 last cycle: 4
[DEBUG] in allocateReg() t_cycle: 4; i: 1 CGRA node: 10; link: 4 duration 137
[DEBUG] done reg allocation
[DEBUG] success in schedule()
[DEBUG] schedule dfg node[1] onto fu[14] at cycle 5 within II: 139
[DEBUG] setDFGNode 1 onto CGRANode 14 at cycle: 5
[DEBUG] in allocateReg() t_cycle: 4; i: 0 CGRA node: 14; link: 1 duration 1
[DEBUG] done reg allocation
[DEBUG] occupy link[10]-->[14] (bypass:0) dfgNode: 0 at cycle 4
[DEBUG] skip predecessor routing -- dfgNode: 0
[DEBUG] success in schedule()
[DEBUG] schedule dfg node[4] onto fu[6] at cycle 5 within II: 139
[DEBUG] setDFGNode 4 onto CGRANode 6 at cycle: 5
[DEBUG] in allocateReg() t_cycle: 4; i: 0 CGRA node: 6; link: 0 duration 1
[DEBUG] done reg allocation
[DEBUG] occupy link[10]-->[6] (bypass:0) dfgNode: 0 at cycle 4
[DEBUG] skip predecessor routing -- dfgNode: 0
[DEBUG] success in schedule()
[DEBUG] schedule dfg node[8] onto fu[9] at cycle 5 within II: 139
[DEBUG] setDFGNode 8 onto CGRANode 9 at cycle: 5
[DEBUG] in allocateReg() t_cycle: 4; i: 0 CGRA node: 9; link: 3 duration 1
[DEBUG] done reg allocation
[DEBUG] occupy link[10]-->[9] (bypass:0) dfgNode: 0 at cycle 4
[DEBUG] skip predecessor routing -- dfgNode: 0
[DEBUG] success in schedule()
[DEBUG] schedule dfg node[16] onto fu[5] at cycle 6 within II: 139
[DEBUG] setDFGNode 16 onto CGRANode 5 at cycle: 6
[DEBUG] occupy link[10]-->[6] (bypass:1) dfgNode: 0 at cycle 4
[DEBUG] in allocateReg() t_cycle: 5; i: 1 CGRA node: 5; link: 3 duration 1
[DEBUG] done reg allocation
[DEBUG] occupy link[6]-->[5] (bypass:0) dfgNode: 0 at cycle 5
[DEBUG] skip predecessor routing -- dfgNode: 0
[DEBUG] success in schedule()
[DEBUG] schedule dfg node[24] onto fu[10] at cycle 5 within II: 139
[DEBUG] setDFGNode 24 onto CGRANode 10 at cycle: 5
[DEBUG] tryToRoute -- srcDFGNode: 0, srcCGRANode: 10; dstDFGNode: 24, dstCGRANode: 10; backEdge: 0
[DEBUG] check route size: 1
[DEBUG] allocate for local reg maintain... duration=1 last cycle: 4
[DEBUG] in allocateReg() t_cycle: 4; i: 0 CGRA node: 10; link: 4 duration 1
[DEBUG] done reg allocation
[DEBUG] success in schedule()
[DEBUG] schedule dfg node[32] onto fu[13] at cycle 6 within II: 139
[DEBUG] setDFGNode 32 onto CGRANode 13 at cycle: 6
[DEBUG] occupy link[10]-->[9] (bypass:1) dfgNode: 0 at cycle 4
[DEBUG] in allocateReg() t_cycle: 5; i: 0 CGRA node: 13; link: 1 duration 1
[DEBUG] done reg allocation
[DEBUG] occupy link[9]-->[13] (bypass:0) dfgNode: 0 at cycle 5
[DEBUG] skip predecessor routing -- dfgNode: 0
[DEBUG] success in schedule()
[DEBUG] schedule dfg node[42] onto fu[2] at cycle 6 within II: 139
[DEBUG] setDFGNode 42 onto CGRANode 2 at cycle: 6
[DEBUG] occupy link[10]-->[6] (bypass:1) dfgNode: 0 at cycle 4
[DEBUG] in allocateReg() t_cycle: 5; i: 0 CGRA node: 2; link: 0 duration 1
[DEBUG] done reg allocation
[DEBUG] occupy link[6]-->[2] (bypass:0) dfgNode: 0 at cycle 5
[DEBUG] skip predecessor routing -- dfgNode: 0
[DEBUG] tryToRoute -- srcDFGNode: 34, srcCGRANode: 6; dstDFGNode: 42, dstCGRANode: 2; backEdge: 0
[DEBUG] check route size: 2
[DEBUG] reset duration: 5 t_dstCycle: 6 previous: 1 II: 139
[DEBUG] in allocateReg() t_cycle: 1; i: 1 CGRA node: 2; link: 0 duration 5
[DEBUG] done reg allocation
[DEBUG] occupy link[6]-->[2] (bypass:0) dfgNode: 34 at cycle 1
[DEBUG] success in schedule()
[DEBUG] schedule dfg node[50] onto fu[1] at cycle 7 within II: 139
[DEBUG] setDFGNode 50 onto CGRANode 1 at cycle: 7
[DEBUG] occupy link[10]-->[6] (bypass:1) dfgNode: 0 at cycle 4
[DEBUG] occupy link[6]-->[2] (bypass:1) dfgNode: 0 at cycle 5
[DEBUG] in allocateReg() t_cycle: 6; i: 0 CGRA node: 1; link: 3 duration 1
[DEBUG] done reg allocation
[DEBUG] occupy link[2]-->[1] (bypass:0) dfgNode: 0 at cycle 6
[DEBUG] skip predecessor routing -- dfgNode: 0
[DEBUG] tryToRoute -- srcDFGNode: 34, srcCGRANode: 6; dstDFGNode: 50, dstCGRANode: 1; backEdge: 0
[DEBUG] in shareSameCycle is true: node 50
[DEBUG] cannot route due to II is violated for backward cycle
DEBUG target DFG node: 50 on fu: 1 failed, mapped pred DFG node: 34; return false
[DEBUG] fail1 in schedule() II: 139
[DEBUG] the failed path -- cycle: 7 CGRANode: 1
[DEBUG] the failed path -- cycle: 6 CGRANode: 2
[DEBUG] the failed path -- cycle: 5 CGRANode: 6
[DEBUG] the failed path -- cycle: 4 CGRANode: 10
----------------------------------------
[DEBUG] start heuristic algorithm with II=140
[DEBUG] schedule dfg node[33] onto fu[5] at cycle 0 within II: 140
[DEBUG] setDFGNode 33 onto CGRANode 5 at cycle: 0
[DEBUG] success in schedule()
[DEBUG] schedule dfg node[34] onto fu[6] at cycle 1 within II: 140
[DEBUG] setDFGNode 34 onto CGRANode 6 at cycle: 1
[DEBUG] in allocateReg() t_cycle: 0; i: 0 CGRA node: 6; link: 2 duration 1
[DEBUG] done reg allocation
[DEBUG] occupy link[5]-->[6] (bypass:0) dfgNode: 33 at cycle 0
[DEBUG] skip predecessor routing -- dfgNode: 33
[DEBUG] success in schedule()
[DEBUG] schedule dfg node[51] onto fu[10] at cycle 2 within II: 140
[DEBUG] setDFGNode 51 onto CGRANode 10 at cycle: 2
[DEBUG] in allocateReg() t_cycle: 1; i: 0 CGRA node: 10; link: 1 duration 1
[DEBUG] done reg allocation
[DEBUG] occupy link[6]-->[10] (bypass:0) dfgNode: 34 at cycle 1
[DEBUG] skip predecessor routing -- dfgNode: 34
[DEBUG] success in schedule()
[DEBUG] schedule dfg node[52] onto fu[9] at cycle 3 within II: 140
[DEBUG] setDFGNode 52 onto CGRANode 9 at cycle: 3
[DEBUG] in allocateReg() t_cycle: 2; i: 0 CGRA node: 9; link: 3 duration 1
[DEBUG] done reg allocation
[DEBUG] occupy link[10]-->[9] (bypass:0) dfgNode: 51 at cycle 2
[DEBUG] skip predecessor routing -- dfgNode: 51
[DEBUG] success in schedule()
[DEBUG] schedule dfg node[0] onto fu[10] at cycle 4 within II: 140
[DEBUG] setDFGNode 0 onto CGRANode 10 at cycle: 4
[DEBUG] in allocateReg() t_cycle: 3; i: 0 CGRA node: 10; link: 2 duration 1
[DEBUG] done reg allocation
[DEBUG] occupy link[9]-->[10] (bypass:0) dfgNode: 52 at cycle 3
[DEBUG] skip predecessor routing -- dfgNode: 52
[DEBUG] in shareSameCycle is true: node 0
[DEBUG] tryToRoute -- srcDFGNode: 0, srcCGRANode: 10; dstDFGNode: 33, dstCGRANode: 5; backEdge: 1
[DEBUG] in shareSameCycle is true: node 33
[DEBUG] check route size: 3
[DEBUG] occupy link[10]-->[6] (bypass:1) dfgNode: 0 at cycle 4
[DEBUG] reset duration: 135 t_dstCycle: 0 previous: 5 II: 140
[DEBUG] in allocateReg() t_cycle: 5; i: 0 CGRA node: 5; link: 3 duration 135
[DEBUG] done reg allocation
[DEBUG] occupy link[6]-->[5] (bypass:0) dfgNode: 0 at cycle 5
[DEBUG] in shareSameCycle is true: node 0
[DEBUG] tryToRoute -- srcDFGNode: 0, srcCGRANode: 10; dstDFGNode: 51, dstCGRANode: 10; backEdge: 1
[DEBUG] in shareSameCycle is true: node 51
[DEBUG] check route size: 1
[DEBUG] allocate for local reg maintain... duration=138 last cycle: 4
[DEBUG] in allocateReg() t_cycle: 4; i: 1 CGRA node: 10; link: 4 duration 138
[DEBUG] done reg allocation
[DEBUG] success in schedule()
[DEBUG] schedule dfg node[1] onto fu[14] at cycle 5 within II: 140
[DEBUG] setDFGNode 1 onto CGRANode 14 at cycle: 5
[DEBUG] in allocateReg() t_cycle: 4; i: 0 CGRA node: 14; link: 1 duration 1
[DEBUG] done reg allocation
[DEBUG] occupy link[10]-->[14] (bypass:0) dfgNode: 0 at cycle 4
[DEBUG] skip predecessor routing -- dfgNode: 0
[DEBUG] success in schedule()
[DEBUG] schedule dfg node[4] onto fu[6] at cycle 5 within II: 140
[DEBUG] setDFGNode 4 onto CGRANode 6 at cycle: 5
[DEBUG] in allocateReg() t_cycle: 4; i: 0 CGRA node: 6; link: 0 duration 1
[DEBUG] done reg allocation
[DEBUG] occupy link[10]-->[6] (bypass:0) dfgNode: 0 at cycle 4
[DEBUG] skip predecessor routing -- dfgNode: 0
[DEBUG] success in schedule()
[DEBUG] schedule dfg node[8] onto fu[9] at cycle 5 within II: 140
[DEBUG] setDFGNode 8 onto CGRANode 9 at cycle: 5
[DEBUG] in allocateReg() t_cycle: 4; i: 0 CGRA node: 9; link: 3 duration 1
[DEBUG] done reg allocation
[DEBUG] occupy link[10]-->[9] (bypass:0) dfgNode: 0 at cycle 4
[DEBUG] skip predecessor routing -- dfgNode: 0
[DEBUG] success in schedule()
[DEBUG] schedule dfg node[16] onto fu[5] at cycle 6 within II: 140
[DEBUG] setDFGNode 16 onto CGRANode 5 at cycle: 6
[DEBUG] occupy link[10]-->[6] (bypass:1) dfgNode: 0 at cycle 4
[DEBUG] in allocateReg() t_cycle: 5; i: 1 CGRA node: 5; link: 3 duration 1
[DEBUG] done reg allocation
[DEBUG] occupy link[6]-->[5] (bypass:0) dfgNode: 0 at cycle 5
[DEBUG] skip predecessor routing -- dfgNode: 0
[DEBUG] success in schedule()
[DEBUG] schedule dfg node[24] onto fu[10] at cycle 5 within II: 140
[DEBUG] setDFGNode 24 onto CGRANode 10 at cycle: 5
[DEBUG] tryToRoute -- srcDFGNode: 0, srcCGRANode: 10; dstDFGNode: 24, dstCGRANode: 10; backEdge: 0
[DEBUG] check route size: 1
[DEBUG] allocate for local reg maintain... duration=1 last cycle: 4
[DEBUG] in allocateReg() t_cycle: 4; i: 0 CGRA node: 10; link: 4 duration 1
[DEBUG] done reg allocation
[DEBUG] success in schedule()
[DEBUG] schedule dfg node[32] onto fu[13] at cycle 6 within II: 140
[DEBUG] setDFGNode 32 onto CGRANode 13 at cycle: 6
[DEBUG] occupy link[10]-->[9] (bypass:1) dfgNode: 0 at cycle 4
[DEBUG] in allocateReg() t_cycle: 5; i: 0 CGRA node: 13; link: 1 duration 1
[DEBUG] done reg allocation
[DEBUG] occupy link[9]-->[13] (bypass:0) dfgNode: 0 at cycle 5
[DEBUG] skip predecessor routing -- dfgNode: 0
[DEBUG] success in schedule()
[DEBUG] schedule dfg node[42] onto fu[2] at cycle 6 within II: 140
[DEBUG] setDFGNode 42 onto CGRANode 2 at cycle: 6
[DEBUG] occupy link[10]-->[6] (bypass:1) dfgNode: 0 at cycle 4
[DEBUG] in allocateReg() t_cycle: 5; i: 0 CGRA node: 2; link: 0 duration 1
[DEBUG] done reg allocation
[DEBUG] occupy link[6]-->[2] (bypass:0) dfgNode: 0 at cycle 5
[DEBUG] skip predecessor routing -- dfgNode: 0
[DEBUG] tryToRoute -- srcDFGNode: 34, srcCGRANode: 6; dstDFGNode: 42, dstCGRANode: 2; backEdge: 0
[DEBUG] check route size: 2
[DEBUG] reset duration: 5 t_dstCycle: 6 previous: 1 II: 140
[DEBUG] in allocateReg() t_cycle: 1; i: 1 CGRA node: 2; link: 0 duration 5
[DEBUG] done reg allocation
[DEBUG] occupy link[6]-->[2] (bypass:0) dfgNode: 34 at cycle 1
[DEBUG] success in schedule()
[DEBUG] schedule dfg node[50] onto fu[1] at cycle 7 within II: 140
[DEBUG] setDFGNode 50 onto CGRANode 1 at cycle: 7
[DEBUG] occupy link[10]-->[6] (bypass:1) dfgNode: 0 at cycle 4
[DEBUG] occupy link[6]-->[2] (bypass:1) dfgNode: 0 at cycle 5
[DEBUG] in allocateReg() t_cycle: 6; i: 0 CGRA node: 1; link: 3 duration 1
[DEBUG] done reg allocation
[DEBUG] occupy link[2]-->[1] (bypass:0) dfgNode: 0 at cycle 6
[DEBUG] skip predecessor routing -- dfgNode: 0
[DEBUG] tryToRoute -- srcDFGNode: 34, srcCGRANode: 6; dstDFGNode: 50, dstCGRANode: 1; backEdge: 0
[DEBUG] in shareSameCycle is true: node 50
[DEBUG] cannot route due to II is violated for backward cycle
DEBUG target DFG node: 50 on fu: 1 failed, mapped pred DFG node: 34; return false
[DEBUG] fail1 in schedule() II: 140
[DEBUG] the failed path -- cycle: 7 CGRANode: 1
[DEBUG] the failed path -- cycle: 6 CGRANode: 2
[DEBUG] the failed path -- cycle: 5 CGRANode: 6
[DEBUG] the failed path -- cycle: 4 CGRANode: 10
----------------------------------------
[DEBUG] start heuristic algorithm with II=141
[DEBUG] schedule dfg node[33] onto fu[5] at cycle 0 within II: 141
[DEBUG] setDFGNode 33 onto CGRANode 5 at cycle: 0
[DEBUG] success in schedule()
[DEBUG] schedule dfg node[34] onto fu[6] at cycle 1 within II: 141
[DEBUG] setDFGNode 34 onto CGRANode 6 at cycle: 1
[DEBUG] in allocateReg() t_cycle: 0; i: 0 CGRA node: 6; link: 2 duration 1
[DEBUG] done reg allocation
[DEBUG] occupy link[5]-->[6] (bypass:0) dfgNode: 33 at cycle 0
[DEBUG] skip predecessor routing -- dfgNode: 33
[DEBUG] success in schedule()
[DEBUG] schedule dfg node[51] onto fu[10] at cycle 2 within II: 141
[DEBUG] setDFGNode 51 onto CGRANode 10 at cycle: 2
[DEBUG] in allocateReg() t_cycle: 1; i: 0 CGRA node: 10; link: 1 duration 1
[DEBUG] done reg allocation
[DEBUG] occupy link[6]-->[10] (bypass:0) dfgNode: 34 at cycle 1
[DEBUG] skip predecessor routing -- dfgNode: 34
[DEBUG] success in schedule()
[DEBUG] schedule dfg node[52] onto fu[9] at cycle 3 within II: 141
[DEBUG] setDFGNode 52 onto CGRANode 9 at cycle: 3
[DEBUG] in allocateReg() t_cycle: 2; i: 0 CGRA node: 9; link: 3 duration 1
[DEBUG] done reg allocation
[DEBUG] occupy link[10]-->[9] (bypass:0) dfgNode: 51 at cycle 2
[DEBUG] skip predecessor routing -- dfgNode: 51
[DEBUG] success in schedule()
[DEBUG] schedule dfg node[0] onto fu[10] at cycle 4 within II: 141
[DEBUG] setDFGNode 0 onto CGRANode 10 at cycle: 4
[DEBUG] in allocateReg() t_cycle: 3; i: 0 CGRA node: 10; link: 2 duration 1
[DEBUG] done reg allocation
[DEBUG] occupy link[9]-->[10] (bypass:0) dfgNode: 52 at cycle 3
[DEBUG] skip predecessor routing -- dfgNode: 52
[DEBUG] in shareSameCycle is true: node 0
[DEBUG] tryToRoute -- srcDFGNode: 0, srcCGRANode: 10; dstDFGNode: 33, dstCGRANode: 5; backEdge: 1
[DEBUG] in shareSameCycle is true: node 33
[DEBUG] check route size: 3
[DEBUG] occupy link[10]-->[6] (bypass:1) dfgNode: 0 at cycle 4
[DEBUG] reset duration: 136 t_dstCycle: 0 previous: 5 II: 141
[DEBUG] in allocateReg() t_cycle: 5; i: 0 CGRA node: 5; link: 3 duration 136
[DEBUG] done reg allocation
[DEBUG] occupy link[6]-->[5] (bypass:0) dfgNode: 0 at cycle 5
[DEBUG] in shareSameCycle is true: node 0
[DEBUG] tryToRoute -- srcDFGNode: 0, srcCGRANode: 10; dstDFGNode: 51, dstCGRANode: 10; backEdge: 1
[DEBUG] in shareSameCycle is true: node 51
[DEBUG] check route size: 1
[DEBUG] allocate for local reg maintain... duration=139 last cycle: 4
[DEBUG] in allocateReg() t_cycle: 4; i: 1 CGRA node: 10; link: 4 duration 139
[DEBUG] done reg allocation
[DEBUG] success in schedule()
[DEBUG] schedule dfg node[1] onto fu[14] at cycle 5 within II: 141
[DEBUG] setDFGNode 1 onto CGRANode 14 at cycle: 5
[DEBUG] in allocateReg() t_cycle: 4; i: 0 CGRA node: 14; link: 1 duration 1
[DEBUG] done reg allocation
[DEBUG] occupy link[10]-->[14] (bypass:0) dfgNode: 0 at cycle 4
[DEBUG] skip predecessor routing -- dfgNode: 0
[DEBUG] success in schedule()
[DEBUG] schedule dfg node[4] onto fu[6] at cycle 5 within II: 141
[DEBUG] setDFGNode 4 onto CGRANode 6 at cycle: 5
[DEBUG] in allocateReg() t_cycle: 4; i: 0 CGRA node: 6; link: 0 duration 1
[DEBUG] done reg allocation
[DEBUG] occupy link[10]-->[6] (bypass:0) dfgNode: 0 at cycle 4
[DEBUG] skip predecessor routing -- dfgNode: 0
[DEBUG] success in schedule()
[DEBUG] schedule dfg node[8] onto fu[9] at cycle 5 within II: 141
[DEBUG] setDFGNode 8 onto CGRANode 9 at cycle: 5
[DEBUG] in allocateReg() t_cycle: 4; i: 0 CGRA node: 9; link: 3 duration 1
[DEBUG] done reg allocation
[DEBUG] occupy link[10]-->[9] (bypass:0) dfgNode: 0 at cycle 4
[DEBUG] skip predecessor routing -- dfgNode: 0
[DEBUG] success in schedule()
[DEBUG] schedule dfg node[16] onto fu[5] at cycle 6 within II: 141
[DEBUG] setDFGNode 16 onto CGRANode 5 at cycle: 6
[DEBUG] occupy link[10]-->[6] (bypass:1) dfgNode: 0 at cycle 4
[DEBUG] in allocateReg() t_cycle: 5; i: 1 CGRA node: 5; link: 3 duration 1
[DEBUG] done reg allocation
[DEBUG] occupy link[6]-->[5] (bypass:0) dfgNode: 0 at cycle 5
[DEBUG] skip predecessor routing -- dfgNode: 0
[DEBUG] success in schedule()
[DEBUG] schedule dfg node[24] onto fu[10] at cycle 5 within II: 141
[DEBUG] setDFGNode 24 onto CGRANode 10 at cycle: 5
[DEBUG] tryToRoute -- srcDFGNode: 0, srcCGRANode: 10; dstDFGNode: 24, dstCGRANode: 10; backEdge: 0
[DEBUG] check route size: 1
[DEBUG] allocate for local reg maintain... duration=1 last cycle: 4
[DEBUG] in allocateReg() t_cycle: 4; i: 0 CGRA node: 10; link: 4 duration 1
[DEBUG] done reg allocation
[DEBUG] success in schedule()
[DEBUG] schedule dfg node[32] onto fu[13] at cycle 6 within II: 141
[DEBUG] setDFGNode 32 onto CGRANode 13 at cycle: 6
[DEBUG] occupy link[10]-->[9] (bypass:1) dfgNode: 0 at cycle 4
[DEBUG] in allocateReg() t_cycle: 5; i: 0 CGRA node: 13; link: 1 duration 1
[DEBUG] done reg allocation
[DEBUG] occupy link[9]-->[13] (bypass:0) dfgNode: 0 at cycle 5
[DEBUG] skip predecessor routing -- dfgNode: 0
[DEBUG] success in schedule()
[DEBUG] schedule dfg node[42] onto fu[2] at cycle 6 within II: 141
[DEBUG] setDFGNode 42 onto CGRANode 2 at cycle: 6
[DEBUG] occupy link[10]-->[6] (bypass:1) dfgNode: 0 at cycle 4
[DEBUG] in allocateReg() t_cycle: 5; i: 0 CGRA node: 2; link: 0 duration 1
[DEBUG] done reg allocation
[DEBUG] occupy link[6]-->[2] (bypass:0) dfgNode: 0 at cycle 5
[DEBUG] skip predecessor routing -- dfgNode: 0
[DEBUG] tryToRoute -- srcDFGNode: 34, srcCGRANode: 6; dstDFGNode: 42, dstCGRANode: 2; backEdge: 0
[DEBUG] check route size: 2
[DEBUG] reset duration: 5 t_dstCycle: 6 previous: 1 II: 141
[DEBUG] in allocateReg() t_cycle: 1; i: 1 CGRA node: 2; link: 0 duration 5
[DEBUG] done reg allocation
[DEBUG] occupy link[6]-->[2] (bypass:0) dfgNode: 34 at cycle 1
[DEBUG] success in schedule()
[DEBUG] schedule dfg node[50] onto fu[1] at cycle 7 within II: 141
[DEBUG] setDFGNode 50 onto CGRANode 1 at cycle: 7
[DEBUG] occupy link[10]-->[6] (bypass:1) dfgNode: 0 at cycle 4
[DEBUG] occupy link[6]-->[2] (bypass:1) dfgNode: 0 at cycle 5
[DEBUG] in allocateReg() t_cycle: 6; i: 0 CGRA node: 1; link: 3 duration 1
[DEBUG] done reg allocation
[DEBUG] occupy link[2]-->[1] (bypass:0) dfgNode: 0 at cycle 6
[DEBUG] skip predecessor routing -- dfgNode: 0
[DEBUG] tryToRoute -- srcDFGNode: 34, srcCGRANode: 6; dstDFGNode: 50, dstCGRANode: 1; backEdge: 0
[DEBUG] in shareSameCycle is true: node 50
[DEBUG] cannot route due to II is violated for backward cycle
DEBUG target DFG node: 50 on fu: 1 failed, mapped pred DFG node: 34; return false
[DEBUG] fail1 in schedule() II: 141
[DEBUG] the failed path -- cycle: 7 CGRANode: 1
[DEBUG] the failed path -- cycle: 6 CGRANode: 2
[DEBUG] the failed path -- cycle: 5 CGRANode: 6
[DEBUG] the failed path -- cycle: 4 CGRANode: 10
----------------------------------------
[DEBUG] start heuristic algorithm with II=142
[DEBUG] schedule dfg node[33] onto fu[5] at cycle 0 within II: 142
[DEBUG] setDFGNode 33 onto CGRANode 5 at cycle: 0
[DEBUG] success in schedule()
[DEBUG] schedule dfg node[34] onto fu[6] at cycle 1 within II: 142
[DEBUG] setDFGNode 34 onto CGRANode 6 at cycle: 1
[DEBUG] in allocateReg() t_cycle: 0; i: 0 CGRA node: 6; link: 2 duration 1
[DEBUG] done reg allocation
[DEBUG] occupy link[5]-->[6] (bypass:0) dfgNode: 33 at cycle 0
[DEBUG] skip predecessor routing -- dfgNode: 33
[DEBUG] success in schedule()
[DEBUG] schedule dfg node[51] onto fu[10] at cycle 2 within II: 142
[DEBUG] setDFGNode 51 onto CGRANode 10 at cycle: 2
[DEBUG] in allocateReg() t_cycle: 1; i: 0 CGRA node: 10; link: 1 duration 1
[DEBUG] done reg allocation
[DEBUG] occupy link[6]-->[10] (bypass:0) dfgNode: 34 at cycle 1
[DEBUG] skip predecessor routing -- dfgNode: 34
[DEBUG] success in schedule()
[DEBUG] schedule dfg node[52] onto fu[9] at cycle 3 within II: 142
[DEBUG] setDFGNode 52 onto CGRANode 9 at cycle: 3
[DEBUG] in allocateReg() t_cycle: 2; i: 0 CGRA node: 9; link: 3 duration 1
[DEBUG] done reg allocation
[DEBUG] occupy link[10]-->[9] (bypass:0) dfgNode: 51 at cycle 2
[DEBUG] skip predecessor routing -- dfgNode: 51
[DEBUG] success in schedule()
[DEBUG] schedule dfg node[0] onto fu[10] at cycle 4 within II: 142
[DEBUG] setDFGNode 0 onto CGRANode 10 at cycle: 4
[DEBUG] in allocateReg() t_cycle: 3; i: 0 CGRA node: 10; link: 2 duration 1
[DEBUG] done reg allocation
[DEBUG] occupy link[9]-->[10] (bypass:0) dfgNode: 52 at cycle 3
[DEBUG] skip predecessor routing -- dfgNode: 52
[DEBUG] in shareSameCycle is true: node 0
[DEBUG] tryToRoute -- srcDFGNode: 0, srcCGRANode: 10; dstDFGNode: 33, dstCGRANode: 5; backEdge: 1
[DEBUG] in shareSameCycle is true: node 33
[DEBUG] check route size: 3
[DEBUG] occupy link[10]-->[6] (bypass:1) dfgNode: 0 at cycle 4
[DEBUG] reset duration: 137 t_dstCycle: 0 previous: 5 II: 142
[DEBUG] in allocateReg() t_cycle: 5; i: 0 CGRA node: 5; link: 3 duration 137
[DEBUG] done reg allocation
[DEBUG] occupy link[6]-->[5] (bypass:0) dfgNode: 0 at cycle 5
[DEBUG] in shareSameCycle is true: node 0
[DEBUG] tryToRoute -- srcDFGNode: 0, srcCGRANode: 10; dstDFGNode: 51, dstCGRANode: 10; backEdge: 1
[DEBUG] in shareSameCycle is true: node 51
[DEBUG] check route size: 1
[DEBUG] allocate for local reg maintain... duration=140 last cycle: 4
[DEBUG] in allocateReg() t_cycle: 4; i: 1 CGRA node: 10; link: 4 duration 140
[DEBUG] done reg allocation
[DEBUG] success in schedule()
[DEBUG] schedule dfg node[1] onto fu[14] at cycle 5 within II: 142
[DEBUG] setDFGNode 1 onto CGRANode 14 at cycle: 5
[DEBUG] in allocateReg() t_cycle: 4; i: 0 CGRA node: 14; link: 1 duration 1
[DEBUG] done reg allocation
[DEBUG] occupy link[10]-->[14] (bypass:0) dfgNode: 0 at cycle 4
[DEBUG] skip predecessor routing -- dfgNode: 0
[DEBUG] success in schedule()
[DEBUG] schedule dfg node[4] onto fu[6] at cycle 5 within II: 142
[DEBUG] setDFGNode 4 onto CGRANode 6 at cycle: 5
[DEBUG] in allocateReg() t_cycle: 4; i: 0 CGRA node: 6; link: 0 duration 1
[DEBUG] done reg allocation
[DEBUG] occupy link[10]-->[6] (bypass:0) dfgNode: 0 at cycle 4
[DEBUG] skip predecessor routing -- dfgNode: 0
[DEBUG] success in schedule()
[DEBUG] schedule dfg node[8] onto fu[9] at cycle 5 within II: 142
[DEBUG] setDFGNode 8 onto CGRANode 9 at cycle: 5
[DEBUG] in allocateReg() t_cycle: 4; i: 0 CGRA node: 9; link: 3 duration 1
[DEBUG] done reg allocation
[DEBUG] occupy link[10]-->[9] (bypass:0) dfgNode: 0 at cycle 4
[DEBUG] skip predecessor routing -- dfgNode: 0
[DEBUG] success in schedule()
[DEBUG] schedule dfg node[16] onto fu[5] at cycle 6 within II: 142
[DEBUG] setDFGNode 16 onto CGRANode 5 at cycle: 6
[DEBUG] occupy link[10]-->[6] (bypass:1) dfgNode: 0 at cycle 4
[DEBUG] in allocateReg() t_cycle: 5; i: 1 CGRA node: 5; link: 3 duration 1
[DEBUG] done reg allocation
[DEBUG] occupy link[6]-->[5] (bypass:0) dfgNode: 0 at cycle 5
[DEBUG] skip predecessor routing -- dfgNode: 0
[DEBUG] success in schedule()
[DEBUG] schedule dfg node[24] onto fu[10] at cycle 5 within II: 142
[DEBUG] setDFGNode 24 onto CGRANode 10 at cycle: 5
[DEBUG] tryToRoute -- srcDFGNode: 0, srcCGRANode: 10; dstDFGNode: 24, dstCGRANode: 10; backEdge: 0
[DEBUG] check route size: 1
[DEBUG] allocate for local reg maintain... duration=1 last cycle: 4
[DEBUG] in allocateReg() t_cycle: 4; i: 0 CGRA node: 10; link: 4 duration 1
[DEBUG] done reg allocation
[DEBUG] success in schedule()
[DEBUG] schedule dfg node[32] onto fu[13] at cycle 6 within II: 142
[DEBUG] setDFGNode 32 onto CGRANode 13 at cycle: 6
[DEBUG] occupy link[10]-->[9] (bypass:1) dfgNode: 0 at cycle 4
[DEBUG] in allocateReg() t_cycle: 5; i: 0 CGRA node: 13; link: 1 duration 1
[DEBUG] done reg allocation
[DEBUG] occupy link[9]-->[13] (bypass:0) dfgNode: 0 at cycle 5
[DEBUG] skip predecessor routing -- dfgNode: 0
[DEBUG] success in schedule()
[DEBUG] schedule dfg node[42] onto fu[2] at cycle 6 within II: 142
[DEBUG] setDFGNode 42 onto CGRANode 2 at cycle: 6
[DEBUG] occupy link[10]-->[6] (bypass:1) dfgNode: 0 at cycle 4
[DEBUG] in allocateReg() t_cycle: 5; i: 0 CGRA node: 2; link: 0 duration 1
[DEBUG] done reg allocation
[DEBUG] occupy link[6]-->[2] (bypass:0) dfgNode: 0 at cycle 5
[DEBUG] skip predecessor routing -- dfgNode: 0
[DEBUG] tryToRoute -- srcDFGNode: 34, srcCGRANode: 6; dstDFGNode: 42, dstCGRANode: 2; backEdge: 0
[DEBUG] check route size: 2
[DEBUG] reset duration: 5 t_dstCycle: 6 previous: 1 II: 142
[DEBUG] in allocateReg() t_cycle: 1; i: 1 CGRA node: 2; link: 0 duration 5
[DEBUG] done reg allocation
[DEBUG] occupy link[6]-->[2] (bypass:0) dfgNode: 34 at cycle 1
[DEBUG] success in schedule()
[DEBUG] schedule dfg node[50] onto fu[1] at cycle 7 within II: 142
[DEBUG] setDFGNode 50 onto CGRANode 1 at cycle: 7
[DEBUG] occupy link[10]-->[6] (bypass:1) dfgNode: 0 at cycle 4
[DEBUG] occupy link[6]-->[2] (bypass:1) dfgNode: 0 at cycle 5
[DEBUG] in allocateReg() t_cycle: 6; i: 0 CGRA node: 1; link: 3 duration 1
[DEBUG] done reg allocation
[DEBUG] occupy link[2]-->[1] (bypass:0) dfgNode: 0 at cycle 6
[DEBUG] skip predecessor routing -- dfgNode: 0
[DEBUG] tryToRoute -- srcDFGNode: 34, srcCGRANode: 6; dstDFGNode: 50, dstCGRANode: 1; backEdge: 0
[DEBUG] in shareSameCycle is true: node 50
[DEBUG] cannot route due to II is violated for backward cycle
DEBUG target DFG node: 50 on fu: 1 failed, mapped pred DFG node: 34; return false
[DEBUG] fail1 in schedule() II: 142
[DEBUG] the failed path -- cycle: 7 CGRANode: 1
[DEBUG] the failed path -- cycle: 6 CGRANode: 2
[DEBUG] the failed path -- cycle: 5 CGRANode: 6
[DEBUG] the failed path -- cycle: 4 CGRANode: 10
----------------------------------------
[DEBUG] start heuristic algorithm with II=143
[DEBUG] schedule dfg node[33] onto fu[5] at cycle 0 within II: 143
[DEBUG] setDFGNode 33 onto CGRANode 5 at cycle: 0
[DEBUG] success in schedule()
[DEBUG] schedule dfg node[34] onto fu[6] at cycle 1 within II: 143
[DEBUG] setDFGNode 34 onto CGRANode 6 at cycle: 1
[DEBUG] in allocateReg() t_cycle: 0; i: 0 CGRA node: 6; link: 2 duration 1
[DEBUG] done reg allocation
[DEBUG] occupy link[5]-->[6] (bypass:0) dfgNode: 33 at cycle 0
[DEBUG] skip predecessor routing -- dfgNode: 33
[DEBUG] success in schedule()
[DEBUG] schedule dfg node[51] onto fu[10] at cycle 2 within II: 143
[DEBUG] setDFGNode 51 onto CGRANode 10 at cycle: 2
[DEBUG] in allocateReg() t_cycle: 1; i: 0 CGRA node: 10; link: 1 duration 1
[DEBUG] done reg allocation
[DEBUG] occupy link[6]-->[10] (bypass:0) dfgNode: 34 at cycle 1
[DEBUG] skip predecessor routing -- dfgNode: 34
[DEBUG] success in schedule()
[DEBUG] schedule dfg node[52] onto fu[9] at cycle 3 within II: 143
[DEBUG] setDFGNode 52 onto CGRANode 9 at cycle: 3
[DEBUG] in allocateReg() t_cycle: 2; i: 0 CGRA node: 9; link: 3 duration 1
[DEBUG] done reg allocation
[DEBUG] occupy link[10]-->[9] (bypass:0) dfgNode: 51 at cycle 2
[DEBUG] skip predecessor routing -- dfgNode: 51
[DEBUG] success in schedule()
[DEBUG] schedule dfg node[0] onto fu[10] at cycle 4 within II: 143
[DEBUG] setDFGNode 0 onto CGRANode 10 at cycle: 4
[DEBUG] in allocateReg() t_cycle: 3; i: 0 CGRA node: 10; link: 2 duration 1
[DEBUG] done reg allocation
[DEBUG] occupy link[9]-->[10] (bypass:0) dfgNode: 52 at cycle 3
[DEBUG] skip predecessor routing -- dfgNode: 52
[DEBUG] in shareSameCycle is true: node 0
[DEBUG] tryToRoute -- srcDFGNode: 0, srcCGRANode: 10; dstDFGNode: 33, dstCGRANode: 5; backEdge: 1
[DEBUG] in shareSameCycle is true: node 33
[DEBUG] check route size: 3
[DEBUG] occupy link[10]-->[6] (bypass:1) dfgNode: 0 at cycle 4
[DEBUG] reset duration: 138 t_dstCycle: 0 previous: 5 II: 143
[DEBUG] in allocateReg() t_cycle: 5; i: 0 CGRA node: 5; link: 3 duration 138
[DEBUG] done reg allocation
[DEBUG] occupy link[6]-->[5] (bypass:0) dfgNode: 0 at cycle 5
[DEBUG] in shareSameCycle is true: node 0
[DEBUG] tryToRoute -- srcDFGNode: 0, srcCGRANode: 10; dstDFGNode: 51, dstCGRANode: 10; backEdge: 1
[DEBUG] in shareSameCycle is true: node 51
[DEBUG] check route size: 1
[DEBUG] allocate for local reg maintain... duration=141 last cycle: 4
[DEBUG] in allocateReg() t_cycle: 4; i: 1 CGRA node: 10; link: 4 duration 141
[DEBUG] done reg allocation
[DEBUG] success in schedule()
[DEBUG] schedule dfg node[1] onto fu[14] at cycle 5 within II: 143
[DEBUG] setDFGNode 1 onto CGRANode 14 at cycle: 5
[DEBUG] in allocateReg() t_cycle: 4; i: 0 CGRA node: 14; link: 1 duration 1
[DEBUG] done reg allocation
[DEBUG] occupy link[10]-->[14] (bypass:0) dfgNode: 0 at cycle 4
[DEBUG] skip predecessor routing -- dfgNode: 0
[DEBUG] success in schedule()
[DEBUG] schedule dfg node[4] onto fu[6] at cycle 5 within II: 143
[DEBUG] setDFGNode 4 onto CGRANode 6 at cycle: 5
[DEBUG] in allocateReg() t_cycle: 4; i: 0 CGRA node: 6; link: 0 duration 1
[DEBUG] done reg allocation
[DEBUG] occupy link[10]-->[6] (bypass:0) dfgNode: 0 at cycle 4
[DEBUG] skip predecessor routing -- dfgNode: 0
[DEBUG] success in schedule()
[DEBUG] schedule dfg node[8] onto fu[9] at cycle 5 within II: 143
[DEBUG] setDFGNode 8 onto CGRANode 9 at cycle: 5
[DEBUG] in allocateReg() t_cycle: 4; i: 0 CGRA node: 9; link: 3 duration 1
[DEBUG] done reg allocation
[DEBUG] occupy link[10]-->[9] (bypass:0) dfgNode: 0 at cycle 4
[DEBUG] skip predecessor routing -- dfgNode: 0
[DEBUG] success in schedule()
[DEBUG] schedule dfg node[16] onto fu[5] at cycle 6 within II: 143
[DEBUG] setDFGNode 16 onto CGRANode 5 at cycle: 6
[DEBUG] occupy link[10]-->[6] (bypass:1) dfgNode: 0 at cycle 4
[DEBUG] in allocateReg() t_cycle: 5; i: 1 CGRA node: 5; link: 3 duration 1
[DEBUG] done reg allocation
[DEBUG] occupy link[6]-->[5] (bypass:0) dfgNode: 0 at cycle 5
[DEBUG] skip predecessor routing -- dfgNode: 0
[DEBUG] success in schedule()
[DEBUG] schedule dfg node[24] onto fu[10] at cycle 5 within II: 143
[DEBUG] setDFGNode 24 onto CGRANode 10 at cycle: 5
[DEBUG] tryToRoute -- srcDFGNode: 0, srcCGRANode: 10; dstDFGNode: 24, dstCGRANode: 10; backEdge: 0
[DEBUG] check route size: 1
[DEBUG] allocate for local reg maintain... duration=1 last cycle: 4
[DEBUG] in allocateReg() t_cycle: 4; i: 0 CGRA node: 10; link: 4 duration 1
[DEBUG] done reg allocation
[DEBUG] success in schedule()
[DEBUG] schedule dfg node[32] onto fu[13] at cycle 6 within II: 143
[DEBUG] setDFGNode 32 onto CGRANode 13 at cycle: 6
[DEBUG] occupy link[10]-->[9] (bypass:1) dfgNode: 0 at cycle 4
[DEBUG] in allocateReg() t_cycle: 5; i: 0 CGRA node: 13; link: 1 duration 1
[DEBUG] done reg allocation
[DEBUG] occupy link[9]-->[13] (bypass:0) dfgNode: 0 at cycle 5
[DEBUG] skip predecessor routing -- dfgNode: 0
[DEBUG] success in schedule()
[DEBUG] schedule dfg node[42] onto fu[2] at cycle 6 within II: 143
[DEBUG] setDFGNode 42 onto CGRANode 2 at cycle: 6
[DEBUG] occupy link[10]-->[6] (bypass:1) dfgNode: 0 at cycle 4
[DEBUG] in allocateReg() t_cycle: 5; i: 0 CGRA node: 2; link: 0 duration 1
[DEBUG] done reg allocation
[DEBUG] occupy link[6]-->[2] (bypass:0) dfgNode: 0 at cycle 5
[DEBUG] skip predecessor routing -- dfgNode: 0
[DEBUG] tryToRoute -- srcDFGNode: 34, srcCGRANode: 6; dstDFGNode: 42, dstCGRANode: 2; backEdge: 0
[DEBUG] check route size: 2
[DEBUG] reset duration: 5 t_dstCycle: 6 previous: 1 II: 143
[DEBUG] in allocateReg() t_cycle: 1; i: 1 CGRA node: 2; link: 0 duration 5
[DEBUG] done reg allocation
[DEBUG] occupy link[6]-->[2] (bypass:0) dfgNode: 34 at cycle 1
[DEBUG] success in schedule()
[DEBUG] schedule dfg node[50] onto fu[1] at cycle 7 within II: 143
[DEBUG] setDFGNode 50 onto CGRANode 1 at cycle: 7
[DEBUG] occupy link[10]-->[6] (bypass:1) dfgNode: 0 at cycle 4
[DEBUG] occupy link[6]-->[2] (bypass:1) dfgNode: 0 at cycle 5
[DEBUG] in allocateReg() t_cycle: 6; i: 0 CGRA node: 1; link: 3 duration 1
[DEBUG] done reg allocation
[DEBUG] occupy link[2]-->[1] (bypass:0) dfgNode: 0 at cycle 6
[DEBUG] skip predecessor routing -- dfgNode: 0
[DEBUG] tryToRoute -- srcDFGNode: 34, srcCGRANode: 6; dstDFGNode: 50, dstCGRANode: 1; backEdge: 0
[DEBUG] in shareSameCycle is true: node 50
[DEBUG] cannot route due to II is violated for backward cycle
DEBUG target DFG node: 50 on fu: 1 failed, mapped pred DFG node: 34; return false
[DEBUG] fail1 in schedule() II: 143
[DEBUG] the failed path -- cycle: 7 CGRANode: 1
[DEBUG] the failed path -- cycle: 6 CGRANode: 2
[DEBUG] the failed path -- cycle: 5 CGRANode: 6
[DEBUG] the failed path -- cycle: 4 CGRANode: 10
----------------------------------------
[DEBUG] start heuristic algorithm with II=144
[DEBUG] schedule dfg node[33] onto fu[5] at cycle 0 within II: 144
[DEBUG] setDFGNode 33 onto CGRANode 5 at cycle: 0
[DEBUG] success in schedule()
[DEBUG] schedule dfg node[34] onto fu[6] at cycle 1 within II: 144
[DEBUG] setDFGNode 34 onto CGRANode 6 at cycle: 1
[DEBUG] in allocateReg() t_cycle: 0; i: 0 CGRA node: 6; link: 2 duration 1
[DEBUG] done reg allocation
[DEBUG] occupy link[5]-->[6] (bypass:0) dfgNode: 33 at cycle 0
[DEBUG] skip predecessor routing -- dfgNode: 33
[DEBUG] success in schedule()
[DEBUG] schedule dfg node[51] onto fu[10] at cycle 2 within II: 144
[DEBUG] setDFGNode 51 onto CGRANode 10 at cycle: 2
[DEBUG] in allocateReg() t_cycle: 1; i: 0 CGRA node: 10; link: 1 duration 1
[DEBUG] done reg allocation
[DEBUG] occupy link[6]-->[10] (bypass:0) dfgNode: 34 at cycle 1
[DEBUG] skip predecessor routing -- dfgNode: 34
[DEBUG] success in schedule()
[DEBUG] schedule dfg node[52] onto fu[9] at cycle 3 within II: 144
[DEBUG] setDFGNode 52 onto CGRANode 9 at cycle: 3
[DEBUG] in allocateReg() t_cycle: 2; i: 0 CGRA node: 9; link: 3 duration 1
[DEBUG] done reg allocation
[DEBUG] occupy link[10]-->[9] (bypass:0) dfgNode: 51 at cycle 2
[DEBUG] skip predecessor routing -- dfgNode: 51
[DEBUG] success in schedule()
[DEBUG] schedule dfg node[0] onto fu[10] at cycle 4 within II: 144
[DEBUG] setDFGNode 0 onto CGRANode 10 at cycle: 4
[DEBUG] in allocateReg() t_cycle: 3; i: 0 CGRA node: 10; link: 2 duration 1
[DEBUG] done reg allocation
[DEBUG] occupy link[9]-->[10] (bypass:0) dfgNode: 52 at cycle 3
[DEBUG] skip predecessor routing -- dfgNode: 52
[DEBUG] in shareSameCycle is true: node 0
[DEBUG] tryToRoute -- srcDFGNode: 0, srcCGRANode: 10; dstDFGNode: 33, dstCGRANode: 5; backEdge: 1
[DEBUG] in shareSameCycle is true: node 33
[DEBUG] check route size: 3
[DEBUG] occupy link[10]-->[6] (bypass:1) dfgNode: 0 at cycle 4
[DEBUG] reset duration: 139 t_dstCycle: 0 previous: 5 II: 144
[DEBUG] in allocateReg() t_cycle: 5; i: 0 CGRA node: 5; link: 3 duration 139
[DEBUG] done reg allocation
[DEBUG] occupy link[6]-->[5] (bypass:0) dfgNode: 0 at cycle 5
[DEBUG] in shareSameCycle is true: node 0
[DEBUG] tryToRoute -- srcDFGNode: 0, srcCGRANode: 10; dstDFGNode: 51, dstCGRANode: 10; backEdge: 1
[DEBUG] in shareSameCycle is true: node 51
[DEBUG] check route size: 1
[DEBUG] allocate for local reg maintain... duration=142 last cycle: 4
[DEBUG] in allocateReg() t_cycle: 4; i: 1 CGRA node: 10; link: 4 duration 142
[DEBUG] done reg allocation
[DEBUG] success in schedule()
[DEBUG] schedule dfg node[1] onto fu[14] at cycle 5 within II: 144
[DEBUG] setDFGNode 1 onto CGRANode 14 at cycle: 5
[DEBUG] in allocateReg() t_cycle: 4; i: 0 CGRA node: 14; link: 1 duration 1
[DEBUG] done reg allocation
[DEBUG] occupy link[10]-->[14] (bypass:0) dfgNode: 0 at cycle 4
[DEBUG] skip predecessor routing -- dfgNode: 0
[DEBUG] success in schedule()
[DEBUG] schedule dfg node[4] onto fu[6] at cycle 5 within II: 144
[DEBUG] setDFGNode 4 onto CGRANode 6 at cycle: 5
[DEBUG] in allocateReg() t_cycle: 4; i: 0 CGRA node: 6; link: 0 duration 1
[DEBUG] done reg allocation
[DEBUG] occupy link[10]-->[6] (bypass:0) dfgNode: 0 at cycle 4
[DEBUG] skip predecessor routing -- dfgNode: 0
[DEBUG] success in schedule()
[DEBUG] schedule dfg node[8] onto fu[9] at cycle 5 within II: 144
[DEBUG] setDFGNode 8 onto CGRANode 9 at cycle: 5
[DEBUG] in allocateReg() t_cycle: 4; i: 0 CGRA node: 9; link: 3 duration 1
[DEBUG] done reg allocation
[DEBUG] occupy link[10]-->[9] (bypass:0) dfgNode: 0 at cycle 4
[DEBUG] skip predecessor routing -- dfgNode: 0
[DEBUG] success in schedule()
[DEBUG] schedule dfg node[16] onto fu[5] at cycle 6 within II: 144
[DEBUG] setDFGNode 16 onto CGRANode 5 at cycle: 6
[DEBUG] occupy link[10]-->[6] (bypass:1) dfgNode: 0 at cycle 4
[DEBUG] in allocateReg() t_cycle: 5; i: 1 CGRA node: 5; link: 3 duration 1
[DEBUG] done reg allocation
[DEBUG] occupy link[6]-->[5] (bypass:0) dfgNode: 0 at cycle 5
[DEBUG] skip predecessor routing -- dfgNode: 0
[DEBUG] success in schedule()
[DEBUG] schedule dfg node[24] onto fu[10] at cycle 5 within II: 144
[DEBUG] setDFGNode 24 onto CGRANode 10 at cycle: 5
[DEBUG] tryToRoute -- srcDFGNode: 0, srcCGRANode: 10; dstDFGNode: 24, dstCGRANode: 10; backEdge: 0
[DEBUG] check route size: 1
[DEBUG] allocate for local reg maintain... duration=1 last cycle: 4
[DEBUG] in allocateReg() t_cycle: 4; i: 0 CGRA node: 10; link: 4 duration 1
[DEBUG] done reg allocation
[DEBUG] success in schedule()
[DEBUG] schedule dfg node[32] onto fu[13] at cycle 6 within II: 144
[DEBUG] setDFGNode 32 onto CGRANode 13 at cycle: 6
[DEBUG] occupy link[10]-->[9] (bypass:1) dfgNode: 0 at cycle 4
[DEBUG] in allocateReg() t_cycle: 5; i: 0 CGRA node: 13; link: 1 duration 1
[DEBUG] done reg allocation
[DEBUG] occupy link[9]-->[13] (bypass:0) dfgNode: 0 at cycle 5
[DEBUG] skip predecessor routing -- dfgNode: 0
[DEBUG] success in schedule()
[DEBUG] schedule dfg node[42] onto fu[2] at cycle 6 within II: 144
[DEBUG] setDFGNode 42 onto CGRANode 2 at cycle: 6
[DEBUG] occupy link[10]-->[6] (bypass:1) dfgNode: 0 at cycle 4
[DEBUG] in allocateReg() t_cycle: 5; i: 0 CGRA node: 2; link: 0 duration 1
[DEBUG] done reg allocation
[DEBUG] occupy link[6]-->[2] (bypass:0) dfgNode: 0 at cycle 5
[DEBUG] skip predecessor routing -- dfgNode: 0
[DEBUG] tryToRoute -- srcDFGNode: 34, srcCGRANode: 6; dstDFGNode: 42, dstCGRANode: 2; backEdge: 0
[DEBUG] check route size: 2
[DEBUG] reset duration: 5 t_dstCycle: 6 previous: 1 II: 144
[DEBUG] in allocateReg() t_cycle: 1; i: 1 CGRA node: 2; link: 0 duration 5
[DEBUG] done reg allocation
[DEBUG] occupy link[6]-->[2] (bypass:0) dfgNode: 34 at cycle 1
[DEBUG] success in schedule()
[DEBUG] schedule dfg node[50] onto fu[1] at cycle 7 within II: 144
[DEBUG] setDFGNode 50 onto CGRANode 1 at cycle: 7
[DEBUG] occupy link[10]-->[6] (bypass:1) dfgNode: 0 at cycle 4
[DEBUG] occupy link[6]-->[2] (bypass:1) dfgNode: 0 at cycle 5
[DEBUG] in allocateReg() t_cycle: 6; i: 0 CGRA node: 1; link: 3 duration 1
[DEBUG] done reg allocation
[DEBUG] occupy link[2]-->[1] (bypass:0) dfgNode: 0 at cycle 6
[DEBUG] skip predecessor routing -- dfgNode: 0
[DEBUG] tryToRoute -- srcDFGNode: 34, srcCGRANode: 6; dstDFGNode: 50, dstCGRANode: 1; backEdge: 0
[DEBUG] in shareSameCycle is true: node 50
[DEBUG] cannot route due to II is violated for backward cycle
DEBUG target DFG node: 50 on fu: 1 failed, mapped pred DFG node: 34; return false
[DEBUG] fail1 in schedule() II: 144
[DEBUG] the failed path -- cycle: 7 CGRANode: 1
[DEBUG] the failed path -- cycle: 6 CGRANode: 2
[DEBUG] the failed path -- cycle: 5 CGRANode: 6
[DEBUG] the failed path -- cycle: 4 CGRANode: 10
----------------------------------------
[DEBUG] start heuristic algorithm with II=145
[DEBUG] schedule dfg node[33] onto fu[5] at cycle 0 within II: 145
[DEBUG] setDFGNode 33 onto CGRANode 5 at cycle: 0
[DEBUG] success in schedule()
[DEBUG] schedule dfg node[34] onto fu[6] at cycle 1 within II: 145
[DEBUG] setDFGNode 34 onto CGRANode 6 at cycle: 1
[DEBUG] in allocateReg() t_cycle: 0; i: 0 CGRA node: 6; link: 2 duration 1
[DEBUG] done reg allocation
[DEBUG] occupy link[5]-->[6] (bypass:0) dfgNode: 33 at cycle 0
[DEBUG] skip predecessor routing -- dfgNode: 33
[DEBUG] success in schedule()
[DEBUG] schedule dfg node[51] onto fu[10] at cycle 2 within II: 145
[DEBUG] setDFGNode 51 onto CGRANode 10 at cycle: 2
[DEBUG] in allocateReg() t_cycle: 1; i: 0 CGRA node: 10; link: 1 duration 1
[DEBUG] done reg allocation
[DEBUG] occupy link[6]-->[10] (bypass:0) dfgNode: 34 at cycle 1
[DEBUG] skip predecessor routing -- dfgNode: 34
[DEBUG] success in schedule()
[DEBUG] schedule dfg node[52] onto fu[9] at cycle 3 within II: 145
[DEBUG] setDFGNode 52 onto CGRANode 9 at cycle: 3
[DEBUG] in allocateReg() t_cycle: 2; i: 0 CGRA node: 9; link: 3 duration 1
[DEBUG] done reg allocation
[DEBUG] occupy link[10]-->[9] (bypass:0) dfgNode: 51 at cycle 2
[DEBUG] skip predecessor routing -- dfgNode: 51
[DEBUG] success in schedule()
[DEBUG] schedule dfg node[0] onto fu[10] at cycle 4 within II: 145
[DEBUG] setDFGNode 0 onto CGRANode 10 at cycle: 4
[DEBUG] in allocateReg() t_cycle: 3; i: 0 CGRA node: 10; link: 2 duration 1
[DEBUG] done reg allocation
[DEBUG] occupy link[9]-->[10] (bypass:0) dfgNode: 52 at cycle 3
[DEBUG] skip predecessor routing -- dfgNode: 52
[DEBUG] in shareSameCycle is true: node 0
[DEBUG] tryToRoute -- srcDFGNode: 0, srcCGRANode: 10; dstDFGNode: 33, dstCGRANode: 5; backEdge: 1
[DEBUG] in shareSameCycle is true: node 33
[DEBUG] check route size: 3
[DEBUG] occupy link[10]-->[6] (bypass:1) dfgNode: 0 at cycle 4
[DEBUG] reset duration: 140 t_dstCycle: 0 previous: 5 II: 145
[DEBUG] in allocateReg() t_cycle: 5; i: 0 CGRA node: 5; link: 3 duration 140
[DEBUG] done reg allocation
[DEBUG] occupy link[6]-->[5] (bypass:0) dfgNode: 0 at cycle 5
[DEBUG] in shareSameCycle is true: node 0
[DEBUG] tryToRoute -- srcDFGNode: 0, srcCGRANode: 10; dstDFGNode: 51, dstCGRANode: 10; backEdge: 1
[DEBUG] in shareSameCycle is true: node 51
[DEBUG] check route size: 1
[DEBUG] allocate for local reg maintain... duration=143 last cycle: 4
[DEBUG] in allocateReg() t_cycle: 4; i: 1 CGRA node: 10; link: 4 duration 143
[DEBUG] done reg allocation
[DEBUG] success in schedule()
[DEBUG] schedule dfg node[1] onto fu[14] at cycle 5 within II: 145
[DEBUG] setDFGNode 1 onto CGRANode 14 at cycle: 5
[DEBUG] in allocateReg() t_cycle: 4; i: 0 CGRA node: 14; link: 1 duration 1
[DEBUG] done reg allocation
[DEBUG] occupy link[10]-->[14] (bypass:0) dfgNode: 0 at cycle 4
[DEBUG] skip predecessor routing -- dfgNode: 0
[DEBUG] success in schedule()
[DEBUG] schedule dfg node[4] onto fu[6] at cycle 5 within II: 145
[DEBUG] setDFGNode 4 onto CGRANode 6 at cycle: 5
[DEBUG] in allocateReg() t_cycle: 4; i: 0 CGRA node: 6; link: 0 duration 1
[DEBUG] done reg allocation
[DEBUG] occupy link[10]-->[6] (bypass:0) dfgNode: 0 at cycle 4
[DEBUG] skip predecessor routing -- dfgNode: 0
[DEBUG] success in schedule()
[DEBUG] schedule dfg node[8] onto fu[9] at cycle 5 within II: 145
[DEBUG] setDFGNode 8 onto CGRANode 9 at cycle: 5
[DEBUG] in allocateReg() t_cycle: 4; i: 0 CGRA node: 9; link: 3 duration 1
[DEBUG] done reg allocation
[DEBUG] occupy link[10]-->[9] (bypass:0) dfgNode: 0 at cycle 4
[DEBUG] skip predecessor routing -- dfgNode: 0
[DEBUG] success in schedule()
[DEBUG] schedule dfg node[16] onto fu[5] at cycle 6 within II: 145
[DEBUG] setDFGNode 16 onto CGRANode 5 at cycle: 6
[DEBUG] occupy link[10]-->[6] (bypass:1) dfgNode: 0 at cycle 4
[DEBUG] in allocateReg() t_cycle: 5; i: 1 CGRA node: 5; link: 3 duration 1
[DEBUG] done reg allocation
[DEBUG] occupy link[6]-->[5] (bypass:0) dfgNode: 0 at cycle 5
[DEBUG] skip predecessor routing -- dfgNode: 0
[DEBUG] success in schedule()
[DEBUG] schedule dfg node[24] onto fu[10] at cycle 5 within II: 145
[DEBUG] setDFGNode 24 onto CGRANode 10 at cycle: 5
[DEBUG] tryToRoute -- srcDFGNode: 0, srcCGRANode: 10; dstDFGNode: 24, dstCGRANode: 10; backEdge: 0
[DEBUG] check route size: 1
[DEBUG] allocate for local reg maintain... duration=1 last cycle: 4
[DEBUG] in allocateReg() t_cycle: 4; i: 0 CGRA node: 10; link: 4 duration 1
[DEBUG] done reg allocation
[DEBUG] success in schedule()
[DEBUG] schedule dfg node[32] onto fu[13] at cycle 6 within II: 145
[DEBUG] setDFGNode 32 onto CGRANode 13 at cycle: 6
[DEBUG] occupy link[10]-->[9] (bypass:1) dfgNode: 0 at cycle 4
[DEBUG] in allocateReg() t_cycle: 5; i: 0 CGRA node: 13; link: 1 duration 1
[DEBUG] done reg allocation
[DEBUG] occupy link[9]-->[13] (bypass:0) dfgNode: 0 at cycle 5
[DEBUG] skip predecessor routing -- dfgNode: 0
[DEBUG] success in schedule()
[DEBUG] schedule dfg node[42] onto fu[2] at cycle 6 within II: 145
[DEBUG] setDFGNode 42 onto CGRANode 2 at cycle: 6
[DEBUG] occupy link[10]-->[6] (bypass:1) dfgNode: 0 at cycle 4
[DEBUG] in allocateReg() t_cycle: 5; i: 0 CGRA node: 2; link: 0 duration 1
[DEBUG] done reg allocation
[DEBUG] occupy link[6]-->[2] (bypass:0) dfgNode: 0 at cycle 5
[DEBUG] skip predecessor routing -- dfgNode: 0
[DEBUG] tryToRoute -- srcDFGNode: 34, srcCGRANode: 6; dstDFGNode: 42, dstCGRANode: 2; backEdge: 0
[DEBUG] check route size: 2
[DEBUG] reset duration: 5 t_dstCycle: 6 previous: 1 II: 145
[DEBUG] in allocateReg() t_cycle: 1; i: 1 CGRA node: 2; link: 0 duration 5
[DEBUG] done reg allocation
[DEBUG] occupy link[6]-->[2] (bypass:0) dfgNode: 34 at cycle 1
[DEBUG] success in schedule()
[DEBUG] schedule dfg node[50] onto fu[1] at cycle 7 within II: 145
[DEBUG] setDFGNode 50 onto CGRANode 1 at cycle: 7
[DEBUG] occupy link[10]-->[6] (bypass:1) dfgNode: 0 at cycle 4
[DEBUG] occupy link[6]-->[2] (bypass:1) dfgNode: 0 at cycle 5
[DEBUG] in allocateReg() t_cycle: 6; i: 0 CGRA node: 1; link: 3 duration 1
[DEBUG] done reg allocation
[DEBUG] occupy link[2]-->[1] (bypass:0) dfgNode: 0 at cycle 6
[DEBUG] skip predecessor routing -- dfgNode: 0
[DEBUG] tryToRoute -- srcDFGNode: 34, srcCGRANode: 6; dstDFGNode: 50, dstCGRANode: 1; backEdge: 0
[DEBUG] in shareSameCycle is true: node 50
[DEBUG] cannot route due to II is violated for backward cycle
*** reach target loop ID: 0
... done detected loops.size(): 1
└── *** current basic block: ; First Inst:   %4 = shl nsw i32 %2, 8
│   └── *** ignored by pass because instruction "  %4 = shl nsw i32 %2, 8" is out of the scope (target loop).
│   └── *** ignored by pass because instruction "  %5 = sext i32 %4 to i64" is out of the scope (target loop).
│   └── *** ignored by pass because instruction "  %6 = sext i32 %2 to i64" is out of the scope (target loop).
│   └── *** ignored by pass because instruction "  br label %8" is out of the scope (target loop).
└── *** ignored by pass because basic block "" is out of the scope (target loop).
│
└── *** current basic block: ; First Inst:   ret void
│   └── *** ignored by pass because instruction "  ret void" is out of the scope (target loop).
└── *** ignored by pass because basic block "" is out of the scope (target loop).
│
└── *** current basic block: ; First Inst:   %9 = phi i64 [ 0, %3 ], [ %53, %39 ]
│   └── +++ "  %9 = phi i64 [ 0, %3 ], [ %53, %39 ]" (ID: 0)
│   └── +++ "  %10 = add nuw nsw i64 %9, %5" (ID: 1)
│   └── +++ "  %11 = getelementptr inbounds float, float* %0, i64 %10" (ID: 2)
│   └── +++ "  %12 = load float, float* %11, align 4, !tbaa !2" (ID: 3)
│   └── +++ "  %13 = shl nuw nsw i64 %9, 7" (ID: 4)
│   └── +++ "  %14 = add nsw i64 %13, %6" (ID: 5)
│   └── +++ "  %15 = getelementptr inbounds float, float* %1, i64 %14" (ID: 6)
│   └── +++ "  store float %12, float* %15, align 4, !tbaa !2" (ID: 7)
│   └── +++ "  %16 = or i64 %9, 1" (ID: 8)
│   └── +++ "  %17 = add nuw nsw i64 %16, %5" (ID: 9)
│   └── +++ "  %18 = getelementptr inbounds float, float* %0, i64 %17" (ID: 10)
│   └── +++ "  %19 = load float, float* %18, align 4, !tbaa !2" (ID: 11)
│   └── +++ "  %20 = shl nsw i64 %16, 7" (ID: 12)
│   └── +++ "  %21 = add nsw i64 %20, %6" (ID: 13)
│   └── +++ "  %22 = getelementptr inbounds float, float* %1, i64 %21" (ID: 14)
│   └── +++ "  store float %19, float* %22, align 4, !tbaa !2" (ID: 15)
│   └── +++ "  %23 = add nuw nsw i64 %9, 2" (ID: 16)
│   └── +++ "  %24 = add nuw nsw i64 %23, %5" (ID: 17)
│   └── +++ "  %25 = getelementptr inbounds float, float* %0, i64 %24" (ID: 18)
│   └── +++ "  %26 = load float, float* %25, align 4, !tbaa !2" (ID: 19)
│   └── +++ "  %27 = shl nuw nsw i64 %23, 7" (ID: 20)
│   └── +++ "  %28 = add nsw i64 %27, %6" (ID: 21)
│   └── +++ "  %29 = getelementptr inbounds float, float* %1, i64 %28" (ID: 22)
│   └── +++ "  store float %26, float* %29, align 4, !tbaa !2" (ID: 23)
│   └── +++ "  %30 = add nuw nsw i64 %9, 3" (ID: 24)
│   └── +++ "  %31 = add nuw nsw i64 %30, %5" (ID: 25)
│   └── +++ "  %32 = getelementptr inbounds float, float* %0, i64 %31" (ID: 26)
│   └── +++ "  %33 = load float, float* %32, align 4, !tbaa !2" (ID: 27)
│   └── +++ "  %34 = shl nuw nsw i64 %30, 7" (ID: 28)
│   └── +++ "  %35 = add nsw i64 %34, %6" (ID: 29)
│   └── +++ "  %36 = getelementptr inbounds float, float* %1, i64 %35" (ID: 30)
│   └── +++ "  store float %33, float* %36, align 4, !tbaa !2" (ID: 31)
│   └── +++ "  %37 = add nuw nsw i64 %9, 4" (ID: 32)
│   └── +++ "  %38 = icmp ult i64 %9, 252" (ID: 33)
│   └── +++ "  br i1 %38, label %39, label %7" (ID: 34)
└── +++ basic block "" got ID: 0
│
└── *** current basic block: ; First Inst:   %40 = add nsw i64 %37, %5
│   └── +++ "  %40 = add nsw i64 %37, %5" (ID: 35)
│   └── +++ "  %41 = getelementptr inbounds float, float* %0, i64 %40" (ID: 36)
│   └── +++ "  %42 = load float, float* %41, align 4, !tbaa !2" (ID: 37)
│   └── +++ "  %43 = shl nuw nsw i64 %37, 7" (ID: 38)
│   └── +++ "  %44 = add nsw i64 %43, %6" (ID: 39)
│   └── +++ "  %45 = getelementptr inbounds float, float* %1, i64 %44" (ID: 40)
│   └── +++ "  store float %42, float* %45, align 4, !tbaa !2" (ID: 41)
│   └── +++ "  %46 = add nuw nsw i64 %9, 5" (ID: 42)
│   └── +++ "  %47 = add nsw i64 %46, %5" (ID: 43)
│   └── +++ "  %48 = getelementptr inbounds float, float* %0, i64 %47" (ID: 44)
│   └── +++ "  %49 = load float, float* %48, align 4, !tbaa !2" (ID: 45)
│   └── +++ "  %50 = shl nuw nsw i64 %46, 7" (ID: 46)
│   └── +++ "  %51 = add nsw i64 %50, %6" (ID: 47)
│   └── +++ "  %52 = getelementptr inbounds float, float* %1, i64 %51" (ID: 48)
│   └── +++ "  store float %49, float* %52, align 4, !tbaa !2" (ID: 49)
│   └── +++ "  %53 = add nuw nsw i64 %9, 6" (ID: 50)
│   └── +++ "  %54 = icmp ult i64 %9, 250" (ID: 51)
│   └── +++ "  br i1 %54, label %8, label %7, !llvm.loop !6" (ID: 52)
└── +++ basic block "" got ID: 1
│
│
└── *** curBB: ; First Inst:   %9 = phi i64 [ 0, %3 ], [ %53, %39 ]
│   ├── *** find terminator instruction of curBB:   br i1 %38, label %39, label %7
│   ├── *** into sucBB ""
│   │   ├── Type: first inst of a BB.
│   │   ├── ctrl flow point to:   %40 = add nsw i64 %37, %5; In BB: 
│   │   └── +++ construct ctrl flow:   br i1 %38, label %39, label %7->  %40 = add nsw i64 %37, %5
│   │   ├── Type: inst without [intra-basicblock & intra-iteration data flow] nor [ctrl flow] pointed to it.
│   │   ├── ctrl flow point to:   %43 = shl nuw nsw i64 %37, 7; In BB: 
│   │   └── +++ construct ctrl flow:   br i1 %38, label %39, label %7->  %43 = shl nuw nsw i64 %37, 7
│   │   ├── Type: inst without [intra-basicblock & intra-iteration data flow] nor [ctrl flow] pointed to it.
│   │   ├── ctrl flow point to:   %46 = add nuw nsw i64 %9, 5; In BB: 
│   │   └── +++ construct ctrl flow:   br i1 %38, label %39, label %7->  %46 = add nuw nsw i64 %9, 5
│   │   ├── Type: inst without [intra-basicblock & intra-iteration data flow] nor [ctrl flow] pointed to it.
│   │   ├── ctrl flow point to:   %53 = add nuw nsw i64 %9, 6; In BB: 
│   │   └── +++ construct ctrl flow:   br i1 %38, label %39, label %7->  %53 = add nuw nsw i64 %9, 6
│   │   ├── Type: inst without [intra-basicblock & intra-iteration data flow] nor [ctrl flow] pointed to it.
│   │   ├── ctrl flow point to:   %54 = icmp ult i64 %9, 250; In BB: 
│   │   └── +++ construct ctrl flow:   br i1 %38, label %39, label %7->  %54 = icmp ult i64 %9, 250
│   └── *** ignore sucBB ""
│
└── *** curBB: ; First Inst:   %40 = add nsw i64 %37, %5
│   ├── *** find terminator instruction of curBB:   br i1 %54, label %8, label %7, !llvm.loop !6
│   ├── *** into sucBB ""
│   │   ├── Type: first inst of a BB.
│   │   ├── ctrl flow point to:   %9 = phi i64 [ 0, %3 ], [ %53, %39 ]; In BB: 
│   │   └── +++ construct ctrl flow:   br i1 %54, label %8, label %7, !llvm.loop !6->  %9 = phi i64 [ 0, %3 ], [ %53, %39 ]
│   └── *** ignore sucBB ""
[detected one cycle] head:   %9 = phi i64 [ 0, %3 ], [ %53, %39 ]
cycle edge: {  %9 = phi i64 [ 0, %3 ], [ %53, %39 ]  } -> {  %38 = icmp ult i64 %9, 252  } (0 -> 33)
cycle edge: {  %38 = icmp ult i64 %9, 252  } -> {  br i1 %38, label %39, label %7  } (33 -> 34)
cycle edge: {  br i1 %38, label %39, label %7  } -> {  %53 = add nuw nsw i64 %9, 6  } (34 -> 50)
cycle edge: {  %53 = add nuw nsw i64 %9, 6  } -> {  %9 = phi i64 [ 0, %3 ], [ %53, %39 ]  } (50 -> 0)
[detected one cycle] head:   %9 = phi i64 [ 0, %3 ], [ %53, %39 ]
cycle edge: {  %9 = phi i64 [ 0, %3 ], [ %53, %39 ]  } -> {  %38 = icmp ult i64 %9, 252  } (0 -> 33)
cycle edge: {  %38 = icmp ult i64 %9, 252  } -> {  br i1 %38, label %39, label %7  } (33 -> 34)
cycle edge: {  br i1 %38, label %39, label %7  } -> {  %54 = icmp ult i64 %9, 250  } (34 -> 51)
cycle edge: {  %54 = icmp ult i64 %9, 250  } -> {  br i1 %54, label %8, label %7, !llvm.loop !6  } (51 -> 52)
cycle edge: {  br i1 %54, label %8, label %7, !llvm.loop !6  } -> {  %9 = phi i64 [ 0, %3 ], [ %53, %39 ]  } (52 -> 0)
(33)   %38 = icmp ult i64 %9, 252, level: 0
(34)   br i1 %38, label %39, label %7, level: 1
(51)   %54 = icmp ult i64 %9, 250, level: 2
(52)   br i1 %54, label %8, label %7, !llvm.loop !6, level: 3
(0)   %9 = phi i64 [ 0, %3 ], [ %53, %39 ], level: 4
(1)   %10 = add nuw nsw i64 %9, %5, level: 5
(4)   %13 = shl nuw nsw i64 %9, 7, level: 5
(8)   %16 = or i64 %9, 1, level: 5
(16)   %23 = add nuw nsw i64 %9, 2, level: 5
(24)   %30 = add nuw nsw i64 %9, 3, level: 5
(32)   %37 = add nuw nsw i64 %9, 4, level: 5
(42)   %46 = add nuw nsw i64 %9, 5, level: 5
(50)   %53 = add nuw nsw i64 %9, 6, level: 5
(2)   %11 = getelementptr inbounds float, float* %0, i64 %10, level: 6
(5)   %14 = add nsw i64 %13, %6, level: 6
(9)   %17 = add nuw nsw i64 %16, %5, level: 6
(12)   %20 = shl nsw i64 %16, 7, level: 6
(17)   %24 = add nuw nsw i64 %23, %5, level: 6
(20)   %27 = shl nuw nsw i64 %23, 7, level: 6
(25)   %31 = add nuw nsw i64 %30, %5, level: 6
(28)   %34 = shl nuw nsw i64 %30, 7, level: 6
(35)   %40 = add nsw i64 %37, %5, level: 6
(38)   %43 = shl nuw nsw i64 %37, 7, level: 6
(43)   %47 = add nsw i64 %46, %5, level: 6
(46)   %50 = shl nuw nsw i64 %46, 7, level: 6
(3)   %12 = load float, float* %11, align 4, !tbaa !2, level: 7
(6)   %15 = getelementptr inbounds float, float* %1, i64 %14, level: 7
(10)   %18 = getelementptr inbounds float, float* %0, i64 %17, level: 7
(13)   %21 = add nsw i64 %20, %6, level: 7
(18)   %25 = getelementptr inbounds float, float* %0, i64 %24, level: 7
(21)   %28 = add nsw i64 %27, %6, level: 7
(26)   %32 = getelementptr inbounds float, float* %0, i64 %31, level: 7
(29)   %35 = add nsw i64 %34, %6, level: 7
(36)   %41 = getelementptr inbounds float, float* %0, i64 %40, level: 7
(39)   %44 = add nsw i64 %43, %6, level: 7
(44)   %48 = getelementptr inbounds float, float* %0, i64 %47, level: 7
(47)   %51 = add nsw i64 %50, %6, level: 7
(7)   store float %12, float* %15, align 4, !tbaa !2, level: 8
(11)   %19 = load float, float* %18, align 4, !tbaa !2, level: 8
(14)   %22 = getelementptr inbounds float, float* %1, i64 %21, level: 8
(19)   %26 = load float, float* %25, align 4, !tbaa !2, level: 8
(22)   %29 = getelementptr inbounds float, float* %1, i64 %28, level: 8
(27)   %33 = load float, float* %32, align 4, !tbaa !2, level: 8
(30)   %36 = getelementptr inbounds float, float* %1, i64 %35, level: 8
(37)   %42 = load float, float* %41, align 4, !tbaa !2, level: 8
(40)   %45 = getelementptr inbounds float, float* %1, i64 %44, level: 8
(45)   %49 = load float, float* %48, align 4, !tbaa !2, level: 8
(48)   %52 = getelementptr inbounds float, float* %1, i64 %51, level: 8
(15)   store float %19, float* %22, align 4, !tbaa !2, level: 9
(23)   store float %26, float* %29, align 4, !tbaa !2, level: 9
(31)   store float %33, float* %36, align 4, !tbaa !2, level: 9
(41)   store float %42, float* %45, align 4, !tbaa !2, level: 9
(49)   store float %49, float* %52, align 4, !tbaa !2, level: 9
[detected one cycle] head:   %38 = icmp ult i64 %9, 252
cycle edge: {  %38 = icmp ult i64 %9, 252  } -> {  br i1 %38, label %39, label %7  } (33 -> 34)
cycle edge: {  br i1 %38, label %39, label %7  } -> {  %53 = add nuw nsw i64 %9, 6  } (34 -> 50)
cycle edge: {  %53 = add nuw nsw i64 %9, 6  } -> {  %9 = phi i64 [ 0, %3 ], [ %53, %39 ]  } (50 -> 0)
cycle edge: {  %9 = phi i64 [ 0, %3 ], [ %53, %39 ]  } -> {  %38 = icmp ult i64 %9, 252  } (0 -> 33)
[detected one cycle] head:   %54 = icmp ult i64 %9, 250
cycle edge: {  %54 = icmp ult i64 %9, 250  } -> {  br i1 %54, label %8, label %7, !llvm.loop !6  } (51 -> 52)
cycle edge: {  br i1 %54, label %8, label %7, !llvm.loop !6  } -> {  %9 = phi i64 [ 0, %3 ], [ %53, %39 ]  } (52 -> 0)
cycle edge: {  %9 = phi i64 [ 0, %3 ], [ %53, %39 ]  } -> {  %54 = icmp ult i64 %9, 250  } (0 -> 51)
[detected one cycle] head:   %9 = phi i64 [ 0, %3 ], [ %53, %39 ]
cycle edge: {  %9 = phi i64 [ 0, %3 ], [ %53, %39 ]  } -> {  %53 = add nuw nsw i64 %9, 6  } (0 -> 50)
cycle edge: {  %53 = add nuw nsw i64 %9, 6  } -> {  %9 = phi i64 [ 0, %3 ], [ %53, %39 ]  } (50 -> 0)

mapper timeout
