Initialize opt latency for DFG nodes: 
Deciding fusion strategy for DFG nodes: 
Initialize additional functionality on CGRA nodes: 
Finding fusion pattern for DFG: 
[function 'fmcw_window_map' is not in our target list]
Initialize opt latency for DFG nodes: 
Deciding fusion strategy for DFG nodes: 
Initialize additional functionality on CGRA nodes: 
Finding fusion pattern for DFG: 
==================================
[function 'fmcw_fft_stage_map' is one of our targets]
*** current function: fmcw_fft_stage_map
==================================
==================================
[reorder DFG along with the longest path]
==================================
==================================
disabling multiple ops
disabling multiple ops
disabling multiple ops
disabling multiple ops
disabling multiple ops
disabling multiple ops
disabling multiple ops
disabling multiple ops
disabling multiple ops
disabling multiple ops
disabling multiple ops
disabling multiple ops
disabling multiple ops
disabling multiple ops
disabling multiple ops
disabling multiple ops
Node 0 supports: "Add" "Br" "Cmp" "Logic" "Phi" "Ret" "Sel" "Shift" "Ld" "Mul"  
 
Node 1 supports: "Add" "Br" "Cmp" "Logic" "Phi" "Ret" "Sel" "Shift" "Mul"  
 
Node 2 supports: "Add" "Br" "Cmp" "Logic" "Phi" "Ret" "Sel" "Shift" "Mul"  
 
Node 3 supports: "Add" "Br" "Cmp" "Logic" "Phi" "Ret" "Sel" "Shift" "St"  
 
Node 4 supports: "Add" "Br" "Cmp" "Logic" "Phi" "Ret" "Sel" "Shift" "Ld" "FAdd"  
 
Node 5 supports: "Add" "Br" "Cmp" "Logic" "Phi" "Ret" "Sel" "Shift" "Mul" "FAdd"  
 
Node 6 supports: "Add" "Br" "Cmp" "Logic" "Phi" "Ret" "Sel" "Shift" "Mul" "FAdd"  
 
Node 7 supports: "Add" "Br" "Cmp" "Logic" "Phi" "Ret" "Sel" "Shift" "St"  
 
Node 8 supports: "Add" "Br" "Cmp" "Logic" "Phi" "Ret" "Sel" "Shift" "Ld"  
 
Node 9 supports: "Add" "Br" "Cmp" "Logic" "Phi" "Ret" "Sel" "Shift" "Mul"  
 
Node 10 supports: "Add" "Br" "Cmp" "Logic" "Phi" "Ret" "Sel" "Shift" "Mul"  
 
Node 11 supports: "Add" "Br" "Cmp" "Logic" "Phi" "Ret" "Sel" "Shift" "St"  
 
Node 12 supports: "Add" "Br" "Cmp" "Logic" "Phi" "Ret" "Sel" "Shift" "Ld" "FAdd"  
 
Node 13 supports: "Add" "Br" "Cmp" "Logic" "Phi" "Ret" "Sel" "Shift" "Mul" "FAdd"  
 
Node 14 supports: "Add" "Br" "Cmp" "Logic" "Phi" "Ret" "Sel" "Shift" "Mul" "FAdd"  
 
Node 15 supports: "Add" "Br" "Cmp" "Logic" "Phi" "Ret" "Sel" "Shift" "St"  
 
==================================
[show opcode count]
add : 9
br : 1
cmp : 1
getelementptr : 12
load : 12
mul : 8
or : 1
phi : 1
store : 8
sub : 6
DFG node count: 59; DFG edge count: 88; SIMD node count: 0
==================================
[generate dot for DFG]
==================================
[generate JSON for DFG]
==================================
[ResMII: 4]
==================================
[RecMII: 3]
==================================
[heuristic]
----------------------------------------
[DEBUG] start heuristic algorithm with II=4
[DEBUG] schedule dfg node[57] onto fu[5] at cycle 0 within II: 4
[DEBUG] setDFGNode 57 onto CGRANode 5 at cycle: 0
[DEBUG] success in schedule()
[DEBUG] schedule dfg node[58] onto fu[6] at cycle 1 within II: 4
[DEBUG] setDFGNode 58 onto CGRANode 6 at cycle: 1
[DEBUG] in allocateReg() t_cycle: 0; i: 0 CGRA node: 6; link: 2 duration 1
[DEBUG] done reg allocation
[DEBUG] occupy link[5]-->[6] (bypass:0) dfgNode: 57 at cycle 0
[DEBUG] skip predecessor routing -- dfgNode: 57
[DEBUG] success in schedule()
[DEBUG] schedule dfg node[0] onto fu[10] at cycle 2 within II: 4
[DEBUG] setDFGNode 0 onto CGRANode 10 at cycle: 2
[DEBUG] in allocateReg() t_cycle: 1; i: 0 CGRA node: 10; link: 1 duration 1
[DEBUG] done reg allocation
[DEBUG] occupy link[6]-->[10] (bypass:0) dfgNode: 58 at cycle 1
[DEBUG] skip predecessor routing -- dfgNode: 58
[DEBUG] in shareSameCycle is true: node 0
[DEBUG] tryToRoute -- srcDFGNode: 0, srcCGRANode: 10; dstDFGNode: 57, dstCGRANode: 5; backEdge: 1
[DEBUG] in shareSameCycle is true: node 57
[DEBUG] check route size: 3
[DEBUG] occupy link[10]-->[6] (bypass:1) dfgNode: 0 at cycle 2
[DEBUG] reset duration: 1 t_dstCycle: 0 previous: 3 II: 4
[DEBUG] in allocateReg() t_cycle: 3; i: 0 CGRA node: 5; link: 3 duration 1
[DEBUG] done reg allocation
[DEBUG] occupy link[6]-->[5] (bypass:0) dfgNode: 0 at cycle 3
[DEBUG] success in schedule()
[DEBUG] schedule dfg node[1] onto fu[9] at cycle 3 within II: 4
[DEBUG] setDFGNode 1 onto CGRANode 9 at cycle: 3
[DEBUG] in allocateReg() t_cycle: 2; i: 0 CGRA node: 9; link: 3 duration 1
[DEBUG] done reg allocation
[DEBUG] occupy link[10]-->[9] (bypass:0) dfgNode: 0 at cycle 2
[DEBUG] skip predecessor routing -- dfgNode: 0
[DEBUG] success in schedule()
[DEBUG] schedule dfg node[6] onto fu[14] at cycle 3 within II: 4
[DEBUG] setDFGNode 6 onto CGRANode 14 at cycle: 3
[DEBUG] in allocateReg() t_cycle: 2; i: 0 CGRA node: 14; link: 1 duration 1
[DEBUG] done reg allocation
[DEBUG] occupy link[10]-->[14] (bypass:0) dfgNode: 0 at cycle 2
[DEBUG] skip predecessor routing -- dfgNode: 0
[DEBUG] success in schedule()
[DEBUG] schedule dfg node[9] onto fu[2] at cycle 4 within II: 4
[DEBUG] setDFGNode 9 onto CGRANode 2 at cycle: 4
[DEBUG] occupy link[10]-->[6] (bypass:1) dfgNode: 0 at cycle 2
[DEBUG] in allocateReg() t_cycle: 3; i: 0 CGRA node: 2; link: 0 duration 1
[DEBUG] done reg allocation
[DEBUG] occupy link[6]-->[2] (bypass:0) dfgNode: 0 at cycle 3
[DEBUG] skip predecessor routing -- dfgNode: 0
[DEBUG] success in schedule()
[DEBUG] schedule dfg node[16] onto fu[6] at cycle 3 within II: 4
[DEBUG] setDFGNode 16 onto CGRANode 6 at cycle: 3
[DEBUG] in allocateReg() t_cycle: 2; i: 0 CGRA node: 6; link: 0 duration 1
[DEBUG] done reg allocation
[DEBUG] occupy link[10]-->[6] (bypass:0) dfgNode: 0 at cycle 2
[DEBUG] skip predecessor routing -- dfgNode: 0
[DEBUG] success in schedule()
[DEBUG] schedule dfg node[18] onto fu[10] at cycle 3 within II: 4
[DEBUG] setDFGNode 18 onto CGRANode 10 at cycle: 3
[DEBUG] tryToRoute -- srcDFGNode: 0, srcCGRANode: 10; dstDFGNode: 18, dstCGRANode: 10; backEdge: 0
[DEBUG] check route size: 1
[DEBUG] allocate for local reg maintain... duration=1 last cycle: 2
[DEBUG] in allocateReg() t_cycle: 2; i: 0 CGRA node: 10; link: 4 duration 1
[DEBUG] done reg allocation
[DEBUG] success in schedule()
[DEBUG] schedule dfg node[28] onto fu[13] at cycle 4 within II: 4
[DEBUG] setDFGNode 28 onto CGRANode 13 at cycle: 4
[DEBUG] occupy link[10]-->[9] (bypass:1) dfgNode: 0 at cycle 2
[DEBUG] in allocateReg() t_cycle: 3; i: 0 CGRA node: 13; link: 1 duration 1
[DEBUG] done reg allocation
[DEBUG] occupy link[9]-->[13] (bypass:0) dfgNode: 0 at cycle 3
[DEBUG] skip predecessor routing -- dfgNode: 0
[DEBUG] success in schedule()
[DEBUG] schedule dfg node[56] onto fu[1] at cycle 5 within II: 4
[DEBUG] setDFGNode 56 onto CGRANode 1 at cycle: 5
[DEBUG] occupy link[10]-->[6] (bypass:1) dfgNode: 0 at cycle 2
[DEBUG] occupy link[6]-->[2] (bypass:1) dfgNode: 0 at cycle 3
[DEBUG] in allocateReg() t_cycle: 4; i: 0 CGRA node: 1; link: 3 duration 1
[DEBUG] done reg allocation
[DEBUG] occupy link[2]-->[1] (bypass:0) dfgNode: 0 at cycle 4
[DEBUG] skip predecessor routing -- dfgNode: 0
[DEBUG] in shareSameCycle is true: node 56
[DEBUG] tryToRoute -- srcDFGNode: 56, srcCGRANode: 1; dstDFGNode: 0, dstCGRANode: 10; backEdge: 1
[DEBUG] in shareSameCycle is true: node 0
[DEBUG] check route size: 4
[DEBUG] occupy link[1]-->[2] (bypass:1) dfgNode: 56 at cycle 5
[DEBUG] occupy link[2]-->[6] (bypass:1) dfgNode: 56 at cycle 6
[DEBUG] reset duration: 3 t_dstCycle: 2 previous: 7 II: 4
[DEBUG] in allocateReg() t_cycle: 7; i: 1 CGRA node: 10; link: 1 duration 3
[DEBUG] done reg allocation
[DEBUG] occupy link[6]-->[10] (bypass:0) dfgNode: 56 at cycle 7
[DEBUG] success in schedule()
[DEBUG] schedule dfg node[2] onto fu[10] at cycle 4 within II: 4
[DEBUG] setDFGNode 2 onto CGRANode 10 at cycle: 4
[DEBUG] in allocateReg() t_cycle: 3; i: 0 CGRA node: 10; link: 2 duration 1
[DEBUG] done reg allocation
[DEBUG] occupy link[9]-->[10] (bypass:0) dfgNode: 1 at cycle 3
[DEBUG] skip predecessor routing -- dfgNode: 1
[DEBUG] success in schedule()
[DEBUG] schedule dfg node[4] onto fu[9] at cycle 4 within II: 4
[DEBUG] setDFGNode 4 onto CGRANode 9 at cycle: 4
[DEBUG] tryToRoute -- srcDFGNode: 1, srcCGRANode: 9; dstDFGNode: 4, dstCGRANode: 9; backEdge: 0
[DEBUG] check route size: 1
[DEBUG] allocate for local reg maintain... duration=1 last cycle: 3
[DEBUG] in allocateReg() t_cycle: 3; i: 0 CGRA node: 9; link: 4 duration 1
[DEBUG] done reg allocation
[DEBUG] success in schedule()
[DEBUG] no available path for DFG node 7 on CGRA node 1 within II 4; path size: 1.
[DEBUG] no available path for DFG node 7 on CGRA node 2 within II 4; path size: 1.
[DEBUG] no available path for DFG node 7 on CGRA node 5 within II 4; path size: 3.
[DEBUG] no available path for DFG node 7 on CGRA node 6 within II 4; path size: 3.
[DEBUG] no available path for DFG node 7 on CGRA node 9 within II 4; path size: 5.
[DEBUG] no available path for DFG node 7 on CGRA node 10 within II 4; path size: 5.
[DEBUG] no available path for DFG node 7 on CGRA node 13 within II 4; path size: 7.
[DEBUG] no available path for DFG node 7 on CGRA node 14 within II 4; path size: 7.
[DEBUG] schedule dfg node[7] onto fu[11] at cycle 5 within II: 4
[DEBUG] setDFGNode 7 onto CGRANode 11 at cycle: 5
[DEBUG] occupy link[14]-->[10] (bypass:1) dfgNode: 6 at cycle 3
[DEBUG] in allocateReg() t_cycle: 4; i: 0 CGRA node: 11; link: 2 duration 1
[DEBUG] done reg allocation
[DEBUG] occupy link[10]-->[11] (bypass:0) dfgNode: 6 at cycle 4
[DEBUG] skip predecessor routing -- dfgNode: 6
[DEBUG] success in schedule()
[DEBUG] no available path for DFG node 10 on CGRA node 1 within II 4; path size: 1.
[DEBUG] no available path for DFG node 10 on CGRA node 2 within II 4; path size: 1.
[DEBUG] no available path for DFG node 10 on CGRA node 5 within II 4; path size: 3.
[DEBUG] no available path for DFG node 10 on CGRA node 6 within II 4; path size: 3.
[DEBUG] no available path for DFG node 10 on CGRA node 9 within II 4; path size: 5.
[DEBUG] no available path for DFG node 10 on CGRA node 10 within II 4; path size: 5.
[DEBUG] no available path for DFG node 10 on CGRA node 13 within II 4; path size: 7.
[DEBUG] no available path for DFG node 10 on CGRA node 14 within II 4; path size: 7.
[DEBUG] schedule dfg node[10] onto fu[7] at cycle 6 within II: 4
[DEBUG] setDFGNode 10 onto CGRANode 7 at cycle: 6
[DEBUG] occupy link[2]-->[3] (bypass:1) dfgNode: 9 at cycle 4
[DEBUG] in allocateReg() t_cycle: 5; i: 0 CGRA node: 7; link: 1 duration 1
[DEBUG] done reg allocation
[DEBUG] occupy link[3]-->[7] (bypass:0) dfgNode: 9 at cycle 5
[DEBUG] skip predecessor routing -- dfgNode: 9
[DEBUG] success in schedule()
[DEBUG] no available path for DFG node 17 on CGRA node 1 within II 4; path size: 1.
[DEBUG] no available path for DFG node 17 on CGRA node 2 within II 4; path size: 1.
[DEBUG] no available path for DFG node 17 on CGRA node 5 within II 4; path size: 3.
[DEBUG] no available path for DFG node 17 on CGRA node 6 within II 4; path size: 3.
[DEBUG] no available path for DFG node 17 on CGRA node 9 within II 4; path size: 5.
[DEBUG] no available path for DFG node 17 on CGRA node 10 within II 4; path size: 5.
[DEBUG] no available path for DFG node 17 on CGRA node 13 within II 4; path size: 7.
[DEBUG] no available path for DFG node 17 on CGRA node 14 within II 4; path size: 7.
[DEBUG] schedule dfg node[17] onto fu[7] at cycle 4 within II: 4
[DEBUG] setDFGNode 17 onto CGRANode 7 at cycle: 4
[DEBUG] in allocateReg() t_cycle: 3; i: 0 CGRA node: 7; link: 2 duration 1
[DEBUG] done reg allocation
[DEBUG] occupy link[6]-->[7] (bypass:0) dfgNode: 16 at cycle 3
[DEBUG] skip predecessor routing -- dfgNode: 16
[DEBUG] success in schedule()
[DEBUG] no available path for DFG node 19 on CGRA node 1 within II 4; path size: 1.
[DEBUG] no available path for DFG node 19 on CGRA node 2 within II 4; path size: 1.
[DEBUG] no available path for DFG node 19 on CGRA node 5 within II 4; path size: 3.
[DEBUG] no available path for DFG node 19 on CGRA node 6 within II 4; path size: 3.
[DEBUG] no available path for DFG node 19 on CGRA node 9 within II 4; path size: 5.
[DEBUG] no available path for DFG node 19 on CGRA node 10 within II 4; path size: 5.
[DEBUG] no available path for DFG node 19 on CGRA node 13 within II 4; path size: 7.
[DEBUG] no available path for DFG node 19 on CGRA node 14 within II 4; path size: 7.
[DEBUG] schedule dfg node[19] onto fu[8] at cycle 5 within II: 4
[DEBUG] setDFGNode 19 onto CGRANode 8 at cycle: 5
[DEBUG] occupy link[10]-->[9] (bypass:1) dfgNode: 18 at cycle 3
[DEBUG] in allocateReg() t_cycle: 4; i: 0 CGRA node: 8; link: 3 duration 1
[DEBUG] done reg allocation
[DEBUG] occupy link[9]-->[8] (bypass:0) dfgNode: 18 at cycle 4
[DEBUG] skip predecessor routing -- dfgNode: 18
[DEBUG] success in schedule()
[DEBUG] schedule dfg node[29] onto fu[9] at cycle 5 within II: 4
[DEBUG] setDFGNode 29 onto CGRANode 9 at cycle: 5
[DEBUG] in allocateReg() t_cycle: 4; i: 0 CGRA node: 9; link: 0 duration 1
[DEBUG] done reg allocation
[DEBUG] occupy link[13]-->[9] (bypass:0) dfgNode: 28 at cycle 4
[DEBUG] skip predecessor routing -- dfgNode: 28
[DEBUG] success in schedule()
[DEBUG] schedule dfg node[34] onto fu[5] at cycle 6 within II: 4
[DEBUG] setDFGNode 34 onto CGRANode 5 at cycle: 6
[DEBUG] occupy link[13]-->[9] (bypass:1) dfgNode: 28 at cycle 4
[DEBUG] in allocateReg() t_cycle: 5; i: 0 CGRA node: 5; link: 0 duration 1
[DEBUG] done reg allocation
[DEBUG] occupy link[9]-->[5] (bypass:0) dfgNode: 28 at cycle 5
[DEBUG] skip predecessor routing -- dfgNode: 28
[DEBUG] success in schedule()
[DEBUG] schedule dfg node[37] onto fu[14] at cycle 5 within II: 4
[DEBUG] setDFGNode 37 onto CGRANode 14 at cycle: 5
[DEBUG] in allocateReg() t_cycle: 4; i: 0 CGRA node: 14; link: 2 duration 1
[DEBUG] done reg allocation
[DEBUG] occupy link[13]-->[14] (bypass:0) dfgNode: 28 at cycle 4
[DEBUG] skip predecessor routing -- dfgNode: 28
[DEBUG] success in schedule()
[DEBUG] schedule dfg node[44] onto fu[13] at cycle 5 within II: 4
[DEBUG] setDFGNode 44 onto CGRANode 13 at cycle: 5
[DEBUG] tryToRoute -- srcDFGNode: 28, srcCGRANode: 13; dstDFGNode: 44, dstCGRANode: 13; backEdge: 0
[DEBUG] check route size: 1
[DEBUG] allocate for local reg maintain... duration=1 last cycle: 4
[DEBUG] in allocateReg() t_cycle: 4; i: 0 CGRA node: 13; link: 4 duration 1
[DEBUG] done reg allocation
[DEBUG] success in schedule()
[DEBUG] schedule dfg node[46] onto fu[1] at cycle 7 within II: 4
[DEBUG] setDFGNode 46 onto CGRANode 1 at cycle: 7
[DEBUG] occupy link[13]-->[9] (bypass:1) dfgNode: 28 at cycle 4
[DEBUG] occupy link[9]-->[5] (bypass:1) dfgNode: 28 at cycle 5
[DEBUG] in allocateReg() t_cycle: 6; i: 0 CGRA node: 1; link: 0 duration 1
[DEBUG] done reg allocation
[DEBUG] occupy link[5]-->[1] (bypass:0) dfgNode: 28 at cycle 6
[DEBUG] skip predecessor routing -- dfgNode: 28
[DEBUG] success in schedule()
[DEBUG] no available path for DFG node 3 on CGRA node 1 within II 4; path size: 1.
[DEBUG] no available path for DFG node 3 on CGRA node 2 within II 4; path size: 1.
[DEBUG] no available path for DFG node 3 on CGRA node 5 within II 4; path size: 3.
[DEBUG] no available path for DFG node 3 on CGRA node 6 within II 4; path size: 3.
[DEBUG] no available path for DFG node 3 on CGRA node 9 within II 4; path size: 5.
[DEBUG] no available path for DFG node 3 on CGRA node 10 within II 4; path size: 5.
[DEBUG] no available path for DFG node 3 on CGRA node 13 within II 4; path size: 7.
[DEBUG] no available path for DFG node 3 on CGRA node 14 within II 4; path size: 7.
[DEBUG] schedule dfg node[3] onto fu[8] at cycle 6 within II: 4
[DEBUG] setDFGNode 3 onto CGRANode 8 at cycle: 6
[DEBUG] occupy link[10]-->[9] (bypass:1) dfgNode: 2 at cycle 4
[DEBUG] in allocateReg() t_cycle: 5; i: 0 CGRA node: 8; link: 3 duration 1
[DEBUG] done reg allocation
[DEBUG] occupy link[9]-->[8] (bypass:0) dfgNode: 2 at cycle 5
[DEBUG] skip predecessor routing -- dfgNode: 2
[DEBUG] success in schedule()
[DEBUG] no available path for DFG node 5 on CGRA node 1 within II 4; path size: 1.
[DEBUG] no available path for DFG node 5 on CGRA node 2 within II 4; path size: 1.
[DEBUG] no available path for DFG node 5 on CGRA node 5 within II 4; path size: 3.
[DEBUG] no available path for DFG node 5 on CGRA node 6 within II 4; path size: 3.
[DEBUG] no available path for DFG node 5 on CGRA node 9 within II 4; path size: 5.
[DEBUG] no available path for DFG node 5 on CGRA node 10 within II 4; path size: 5.
[DEBUG] no available path for DFG node 5 on CGRA node 13 within II 4; path size: 7.
[DEBUG] no available path for DFG node 5 on CGRA node 14 within II 4; path size: 7.
[DEBUG] schedule dfg node[5] onto fu[11] at cycle 6 within II: 4
[DEBUG] setDFGNode 5 onto CGRANode 11 at cycle: 6
[DEBUG] occupy link[9]-->[10] (bypass:1) dfgNode: 4 at cycle 4
[DEBUG] in allocateReg() t_cycle: 5; i: 0 CGRA node: 11; link: 2 duration 1
[DEBUG] done reg allocation
[DEBUG] occupy link[10]-->[11] (bypass:0) dfgNode: 4 at cycle 5
[DEBUG] skip predecessor routing -- dfgNode: 4
[DEBUG] success in schedule()
[DEBUG] schedule dfg node[30] onto fu[13] at cycle 6 within II: 4
[DEBUG] setDFGNode 30 onto CGRANode 13 at cycle: 6
[DEBUG] in allocateReg() t_cycle: 5; i: 0 CGRA node: 13; link: 1 duration 1
[DEBUG] done reg allocation
[DEBUG] occupy link[9]-->[13] (bypass:0) dfgNode: 29 at cycle 5
[DEBUG] skip predecessor routing -- dfgNode: 29
[DEBUG] success in schedule()
[DEBUG] schedule dfg node[32] onto fu[5] at cycle 7 within II: 4
[DEBUG] setDFGNode 32 onto CGRANode 5 at cycle: 7
[DEBUG] in allocateReg() t_cycle: 5; i: 1 CGRA node: 5; link: 0 duration 2
[DEBUG] done reg allocation
[DEBUG] occupy link[9]-->[5] (bypass:0) dfgNode: 29 at cycle 5
[DEBUG] skip predecessor routing -- dfgNode: 29
[DEBUG] success in schedule()
[DEBUG] no available path for DFG node 35 on CGRA node 1 within II 4; path size: 1.
[DEBUG] no available path for DFG node 35 on CGRA node 2 within II 4; path size: 1.
[DEBUG] no available path for DFG node 35 on CGRA node 5 within II 4; path size: 3.
[DEBUG] no available path for DFG node 35 on CGRA node 6 within II 4; path size: 3.
[DEBUG] no available path for DFG node 35 on CGRA node 9 within II 4; path size: 5.
[DEBUG] no available path for DFG node 35 on CGRA node 10 within II 4; path size: 5.
[DEBUG] no available path for DFG node 35 on CGRA node 13 within II 4; path size: 7.
[DEBUG] no available path for DFG node 35 on CGRA node 14 within II 4; path size: 7.
[DEBUG] schedule dfg node[35] onto fu[4] at cycle 7 within II: 4
[DEBUG] setDFGNode 35 onto CGRANode 4 at cycle: 7
[DEBUG] in allocateReg() t_cycle: 6; i: 0 CGRA node: 4; link: 3 duration 1
[DEBUG] done reg allocation
[DEBUG] occupy link[5]-->[4] (bypass:0) dfgNode: 34 at cycle 6
[DEBUG] skip predecessor routing -- dfgNode: 34
[DEBUG] success in schedule()
[DEBUG] no available path for DFG node 38 on CGRA node 1 within II 4; path size: 1.
[DEBUG] no available path for DFG node 38 on CGRA node 2 within II 4; path size: 1.
[DEBUG] no available path for DFG node 38 on CGRA node 5 within II 4; path size: 3.
[DEBUG] no available path for DFG node 38 on CGRA node 6 within II 4; path size: 3.
[DEBUG] no available path for DFG node 38 on CGRA node 9 within II 4; path size: 5.
[DEBUG] no available path for DFG node 38 on CGRA node 10 within II 4; path size: 5.
[DEBUG] no available path for DFG node 38 on CGRA node 13 within II 4; path size: 7.
[DEBUG] no available path for DFG node 38 on CGRA node 14 within II 4; path size: 7.
[DEBUG] schedule dfg node[38] onto fu[15] at cycle 6 within II: 4
[DEBUG] setDFGNode 38 onto CGRANode 15 at cycle: 6
[DEBUG] in allocateReg() t_cycle: 5; i: 0 CGRA node: 15; link: 2 duration 1
[DEBUG] done reg allocation
[DEBUG] occupy link[14]-->[15] (bypass:0) dfgNode: 37 at cycle 5
[DEBUG] skip predecessor routing -- dfgNode: 37
[DEBUG] success in schedule()
[DEBUG] no available path for DFG node 45 on CGRA node 1 within II 4; path size: 1.
[DEBUG] no available path for DFG node 45 on CGRA node 2 within II 4; path size: 1.
[DEBUG] no available path for DFG node 45 on CGRA node 5 within II 4; path size: 3.
[DEBUG] no available path for DFG node 45 on CGRA node 6 within II 4; path size: 3.
[DEBUG] no available path for DFG node 45 on CGRA node 9 within II 4; path size: 5.
[DEBUG] no available path for DFG node 45 on CGRA node 10 within II 4; path size: 5.
[DEBUG] no available path for DFG node 45 on CGRA node 13 within II 4; path size: 7.
[DEBUG] no available path for DFG node 45 on CGRA node 14 within II 4; path size: 7.
[DEBUG] schedule dfg node[45] onto fu[8] at cycle 7 within II: 4
[DEBUG] setDFGNode 45 onto CGRANode 8 at cycle: 7
[DEBUG] occupy link[13]-->[9] (bypass:1) dfgNode: 44 at cycle 5
[DEBUG] in allocateReg() t_cycle: 6; i: 0 CGRA node: 8; link: 3 duration 1
[DEBUG] done reg allocation
[DEBUG] occupy link[9]-->[8] (bypass:0) dfgNode: 44 at cycle 6
[DEBUG] skip predecessor routing -- dfgNode: 44
[DEBUG] success in schedule()
[DEBUG] no available path for DFG node 47 on CGRA node 1 within II 4; path size: 1.
[DEBUG] no available path for DFG node 47 on CGRA node 2 within II 4; path size: 1.
[DEBUG] no available path for DFG node 47 on CGRA node 5 within II 4; path size: 3.
[DEBUG] no available path for DFG node 47 on CGRA node 6 within II 4; path size: 3.
[DEBUG] no available path for DFG node 47 on CGRA node 9 within II 4; path size: 5.
[DEBUG] no available path for DFG node 47 on CGRA node 10 within II 4; path size: 5.
[DEBUG] no available path for DFG node 47 on CGRA node 13 within II 4; path size: 7.
[DEBUG] no available path for DFG node 47 on CGRA node 14 within II 4; path size: 7.
[DEBUG] schedule dfg node[47] onto fu[4] at cycle 9 within II: 4
[DEBUG] setDFGNode 47 onto CGRANode 4 at cycle: 9
[DEBUG] occupy link[1]-->[0] (bypass:1) dfgNode: 46 at cycle 7
[DEBUG] in allocateReg() t_cycle: 8; i: 0 CGRA node: 4; link: 1 duration 1
[DEBUG] done reg allocation
[DEBUG] occupy link[0]-->[4] (bypass:0) dfgNode: 46 at cycle 8
[DEBUG] skip predecessor routing -- dfgNode: 46
[DEBUG] success in schedule()
[DEBUG] no available path for DFG node 8 on CGRA node 3 within II 4; path size: 3.
[DEBUG] no available path for DFG node 8 on CGRA node 4 within II 4; path size: 3.
[DEBUG] no available path for DFG node 8 on CGRA node 7 within II 4; path size: 5.
[DEBUG] no available path for DFG node 8 on CGRA node 8 within II 4; path size: 5.
[DEBUG] no available path for DFG node 8 on CGRA node 11 within II 4; path size: 7.
[DEBUG] no available path for DFG node 8 on CGRA node 12 within II 4; path size: 7.
[DEBUG] no available path for DFG node 8 on CGRA node 15 within II 4; path size: 9.
[DEBUG] schedule dfg node[8] onto fu[5] at cycle 9 within II: 4
[DEBUG] setDFGNode 8 onto CGRANode 5 at cycle: 9
[DEBUG] occupy link[8]-->[4] (bypass:1) dfgNode: 3 at cycle 6
[DEBUG] in allocateReg() t_cycle: 7; i: 1 CGRA node: 5; link: 2 duration 2
[DEBUG] done reg allocation
[DEBUG] occupy link[4]-->[5] (bypass:0) dfgNode: 3 at cycle 7
[DEBUG] skip predecessor routing -- dfgNode: 3
[DEBUG] tryToRoute -- srcDFGNode: 7, srcCGRANode: 11; dstDFGNode: 8, dstCGRANode: 5; backEdge: 0
[DEBUG] check route size: 4
[DEBUG] occupy link[11]-->[7] (bypass:1) dfgNode: 7 at cycle 5
[DEBUG] occupy link[7]-->[6] (bypass:1) dfgNode: 7 at cycle 6
[DEBUG] reset duration: 2 t_dstCycle: 9 previous: 7 II: 4
[DEBUG] in allocateReg() t_cycle: 7; i: 2 CGRA node: 5; link: 3 duration 2
[DEBUG] done reg allocation
[DEBUG] occupy link[6]-->[5] (bypass:0) dfgNode: 7 at cycle 7
[DEBUG] success in schedule()
[DEBUG] no available path for DFG node 11 on CGRA node 3 within II 4; path size: 3.
[DEBUG] no available path for DFG node 11 on CGRA node 4 within II 4; path size: 3.
[DEBUG] no available path for DFG node 11 on CGRA node 5 within II 4; path size: 3.
[DEBUG] no available path for DFG node 11 on CGRA node 7 within II 4; path size: 4.
[DEBUG] no available path for DFG node 11 on CGRA node 8 within II 4; path size: 4.
[DEBUG] no available path for DFG node 11 on CGRA node 11 within II 4; path size: 6.
[DEBUG] no available path for DFG node 11 on CGRA node 12 within II 4; path size: 6.
[DEBUG] no available path for DFG node 11 on CGRA node 15 within II 4; path size: 8.
[DEBUG] schedule dfg node[11] onto fu[6] at cycle 8 within II: 4
[DEBUG] setDFGNode 11 onto CGRANode 6 at cycle: 8
[DEBUG] occupy link[11]-->[7] (bypass:1) dfgNode: 5 at cycle 6
[DEBUG] in allocateReg() t_cycle: 7; i: 0 CGRA node: 6; link: 3 duration 1
[DEBUG] done reg allocation
[DEBUG] occupy link[7]-->[6] (bypass:0) dfgNode: 5 at cycle 7
[DEBUG] skip predecessor routing -- dfgNode: 5
[DEBUG] tryToRoute -- srcDFGNode: 10, srcCGRANode: 7; dstDFGNode: 11, dstCGRANode: 6; backEdge: 0
[DEBUG] check route size: 2
[DEBUG] reset duration: 2 t_dstCycle: 8 previous: 6 II: 4
[DEBUG] in allocateReg() t_cycle: 6; i: 1 CGRA node: 6; link: 3 duration 2
[DEBUG] done reg allocation
[DEBUG] occupy link[7]-->[6] (bypass:0) dfgNode: 10 at cycle 6
[DEBUG] success in schedule()
[DEBUG] no available path for DFG node 13 on CGRA node 3 within II 4; path size: 3.
[DEBUG] no available path for DFG node 13 on CGRA node 4 within II 4; path size: 3.
[DEBUG] no available path for DFG node 13 on CGRA node 5 within II 4; path size: 3.
[DEBUG] no available path for DFG node 13 on CGRA node 7 within II 4; path size: 4.
[DEBUG] no available path for DFG node 13 on CGRA node 8 within II 4; path size: 4.
[DEBUG] no available path for DFG node 13 on CGRA node 11 within II 4; path size: 6.
[DEBUG] no available path for DFG node 13 on CGRA node 12 within II 4; path size: 6.
[DEBUG] no available path for DFG node 13 on CGRA node 15 within II 4; path size: 8.
[DEBUG] schedule dfg node[13] onto fu[2] at cycle 9 within II: 4
[DEBUG] setDFGNode 13 onto CGRANode 2 at cycle: 9
[DEBUG] occupy link[11]-->[7] (bypass:1) dfgNode: 5 at cycle 6
[DEBUG] occupy link[7]-->[3] (bypass:1) dfgNode: 5 at cycle 7
[DEBUG] in allocateReg() t_cycle: 8; i: 0 CGRA node: 2; link: 3 duration 1
[DEBUG] done reg allocation
[DEBUG] occupy link[3]-->[2] (bypass:0) dfgNode: 5 at cycle 8
[DEBUG] skip predecessor routing -- dfgNode: 5
[DEBUG] tryToRoute -- srcDFGNode: 7, srcCGRANode: 11; dstDFGNode: 13, dstCGRANode: 2; backEdge: 0
[DEBUG] check route size: 4
[DEBUG] occupy link[11]-->[7] (bypass:1) dfgNode: 7 at cycle 5
[DEBUG] occupy link[7]-->[3] (bypass:1) dfgNode: 7 at cycle 6
[DEBUG] reset duration: 2 t_dstCycle: 9 previous: 7 II: 4
[DEBUG] in allocateReg() t_cycle: 7; i: 1 CGRA node: 2; link: 3 duration 2
[DEBUG] done reg allocation
[DEBUG] occupy link[3]-->[2] (bypass:0) dfgNode: 7 at cycle 7
[DEBUG] success in schedule()
[DEBUG] no available path for DFG node 14 on CGRA node 3 within II 4; path size: 3.
[DEBUG] no available path for DFG node 14 on CGRA node 4 within II 4; path size: 3.
[DEBUG] no available path for DFG node 14 on CGRA node 5 within II 4; path size: 3.
[DEBUG] no available path for DFG node 14 on CGRA node 7 within II 4; path size: 4.
[DEBUG] no available path for DFG node 14 on CGRA node 8 within II 4; path size: 4.
[DEBUG] no available path for DFG node 14 on CGRA node 11 within II 4; path size: 6.
[DEBUG] no available path for DFG node 14 on CGRA node 12 within II 4; path size: 6.
[DEBUG] no available path for DFG node 14 on CGRA node 15 within II 4; path size: 8.
[DEBUG] schedule dfg node[14] onto fu[1] at cycle 10 within II: 4
[DEBUG] setDFGNode 14 onto CGRANode 1 at cycle: 10
[DEBUG] occupy link[8]-->[4] (bypass:1) dfgNode: 3 at cycle 6
[DEBUG] occupy link[4]-->[0] (bypass:1) dfgNode: 3 at cycle 7
[DEBUG] in allocateReg() t_cycle: 8; i: 1 CGRA node: 1; link: 2 duration 2
[DEBUG] done reg allocation
[DEBUG] occupy link[0]-->[1] (bypass:0) dfgNode: 3 at cycle 8
[DEBUG] skip predecessor routing -- dfgNode: 3
[DEBUG] tryToRoute -- srcDFGNode: 10, srcCGRANode: 7; dstDFGNode: 14, dstCGRANode: 1; backEdge: 0
[DEBUG] check route size: 4
[DEBUG] occupy link[7]-->[6] (bypass:1) dfgNode: 10 at cycle 6
[DEBUG] reset duration: 3 t_dstCycle: 10 previous: 7 II: 4
[DEBUG] in allocateReg() t_cycle: 7; i: 2 CGRA node: 2; link: 0 duration 3
[DEBUG] done reg allocation
[DEBUG] occupy link[6]-->[2] (bypass:0) dfgNode: 10 at cycle 7
[DEBUG] reset duration: 1 t_dstCycle: 10 previous: 9 II: 4
[DEBUG] in allocateReg() t_cycle: 9; i: 0 CGRA node: 1; link: 3 duration 1
[DEBUG] done reg allocation
[DEBUG] occupy link[2]-->[1] (bypass:0) dfgNode: 10 at cycle 9
[DEBUG] success in schedule()
[DEBUG] no available path for DFG node 31 on CGRA node 1 within II 4; path size: 1.
[DEBUG] no available path for DFG node 31 on CGRA node 2 within II 4; path size: 1.
[DEBUG] no available path for DFG node 31 on CGRA node 5 within II 4; path size: 3.
[DEBUG] no available path for DFG node 31 on CGRA node 6 within II 4; path size: 3.
[DEBUG] no available path for DFG node 31 on CGRA node 9 within II 4; path size: 5.
[DEBUG] no available path for DFG node 31 on CGRA node 10 within II 4; path size: 5.
[DEBUG] no available path for DFG node 31 on CGRA node 13 within II 4; path size: 7.
[DEBUG] no available path for DFG node 31 on CGRA node 14 within II 4; path size: 7.
[DEBUG] schedule dfg node[31] onto fu[12] at cycle 7 within II: 4
[DEBUG] setDFGNode 31 onto CGRANode 12 at cycle: 7
[DEBUG] in allocateReg() t_cycle: 6; i: 0 CGRA node: 12; link: 3 duration 1
[DEBUG] done reg allocation
[DEBUG] occupy link[13]-->[12] (bypass:0) dfgNode: 30 at cycle 6
[DEBUG] skip predecessor routing -- dfgNode: 30
[DEBUG] success in schedule()
[DEBUG] no available path for DFG node 33 on CGRA node 1 within II 4; path size: 1.
[DEBUG] no available path for DFG node 33 on CGRA node 2 within II 4; path size: 1.
[DEBUG] no available path for DFG node 33 on CGRA node 5 within II 4; path size: 3.
[DEBUG] no available path for DFG node 33 on CGRA node 6 within II 4; path size: 3.
[DEBUG] no available path for DFG node 33 on CGRA node 9 within II 4; path size: 5.
[DEBUG] no available path for DFG node 33 on CGRA node 10 within II 4; path size: 5.
[DEBUG] no available path for DFG node 33 on CGRA node 13 within II 4; path size: 7.
[DEBUG] no available path for DFG node 33 on CGRA node 14 within II 4; path size: 7.
[DEBUG] schedule dfg node[33] onto fu[4] at cycle 8 within II: 4
[DEBUG] setDFGNode 33 onto CGRANode 4 at cycle: 8
[DEBUG] in allocateReg() t_cycle: 7; i: 0 CGRA node: 4; link: 3 duration 1
[DEBUG] done reg allocation
[DEBUG] occupy link[5]-->[4] (bypass:0) dfgNode: 32 at cycle 7
[DEBUG] skip predecessor routing -- dfgNode: 32
[DEBUG] success in schedule()
[DEBUG] no available path for DFG node 12 on CGRA node 5 within II 4; path size: 5.
[DEBUG] schedule dfg node[12] onto fu[9] at cycle 10 within II: 4
[DEBUG] setDFGNode 12 onto CGRANode 9 at cycle: 10
[DEBUG] in allocateReg() t_cycle: 9; i: 0 CGRA node: 9; link: 1 duration 1
[DEBUG] done reg allocation
[DEBUG] occupy link[5]-->[9] (bypass:0) dfgNode: 8 at cycle 9
[DEBUG] skip predecessor routing -- dfgNode: 8
[DEBUG] tryToRoute -- srcDFGNode: 11, srcCGRANode: 6; dstDFGNode: 12, dstCGRANode: 9; backEdge: 0
[DEBUG] check route size: 3
[DEBUG] occupy link[6]-->[5] (bypass:1) dfgNode: 11 at cycle 8
[DEBUG] reset duration: 1 t_dstCycle: 10 previous: 9 II: 4
[DEBUG] in allocateReg() t_cycle: 9; i: 1 CGRA node: 9; link: 1 duration 1
[DEBUG] done reg allocation
[DEBUG] occupy link[5]-->[9] (bypass:0) dfgNode: 11 at cycle 9
[DEBUG] success in schedule()
[DEBUG] no available path for DFG node 15 on CGRA node 5 within II 4; path size: 5.
[DEBUG] no available path for DFG node 15 on CGRA node 9 within II 4; path size: 8.
[DEBUG] schedule dfg node[15] onto fu[2] at cycle 11 within II: 4
[DEBUG] setDFGNode 15 onto CGRANode 2 at cycle: 11
[DEBUG] in allocateReg() t_cycle: 10; i: 0 CGRA node: 2; link: 2 duration 1
[DEBUG] done reg allocation
[DEBUG] occupy link[1]-->[2] (bypass:0) dfgNode: 14 at cycle 10
[DEBUG] tryToRoute -- srcDFGNode: 13, srcCGRANode: 2; dstDFGNode: 15, dstCGRANode: 2; backEdge: 0
[DEBUG] check route size: 1
[DEBUG] allocate for local reg maintain... duration=2 last cycle: 9
[DEBUG] in allocateReg() t_cycle: 9; i: 1 CGRA node: 2; link: 4 duration 2
[DEBUG] done reg allocation
[DEBUG] skip predecessor routing -- dfgNode: 14
[DEBUG] success in schedule()
[DEBUG] no available path for DFG node 36 on CGRA node 3 within II 4; path size: 3.
[DEBUG] no available path for DFG node 36 on CGRA node 4 within II 4; path size: 3.
[DEBUG] no available path for DFG node 36 on CGRA node 5 within II 4; path size: 3.
[DEBUG] no available path for DFG node 36 on CGRA node 7 within II 4; path size: 4.
[DEBUG] no available path for DFG node 36 on CGRA node 8 within II 4; path size: 4.
[DEBUG] no available path for DFG node 36 on CGRA node 9 within II 4; path size: 4.
[DEBUG] no available path for DFG node 36 on CGRA node 11 within II 4; path size: 5.
[DEBUG] no available path for DFG node 36 on CGRA node 12 within II 4; path size: 5.
[DEBUG] no available path for DFG node 36 on CGRA node 15 within II 4; path size: 7.
[DEBUG] schedule dfg node[36] onto fu[0] at cycle 10 within II: 4
[DEBUG] setDFGNode 36 onto CGRANode 0 at cycle: 10
[DEBUG] occupy link[12]-->[8] (bypass:1) dfgNode: 31 at cycle 7
[DEBUG] occupy link[8]-->[4] (bypass:1) dfgNode: 31 at cycle 8
[DEBUG] in allocateReg() t_cycle: 9; i: 0 CGRA node: 0; link: 0 duration 1
[DEBUG] done reg allocation
[DEBUG] occupy link[4]-->[0] (bypass:0) dfgNode: 31 at cycle 9
[DEBUG] skip predecessor routing -- dfgNode: 31
[DEBUG] tryToRoute -- srcDFGNode: 35, srcCGRANode: 4; dstDFGNode: 36, dstCGRANode: 0; backEdge: 0
[DEBUG] check route size: 4
[DEBUG] reset duration: 3 t_dstCycle: 10 previous: 7 II: 4
[DEBUG] in allocateReg() t_cycle: 7; i: 3 CGRA node: 5; link: 2 duration 3
[DEBUG] done reg allocation
[DEBUG] occupy link[4]-->[5] (bypass:0) dfgNode: 35 at cycle 7
[DEBUG] occupy link[5]-->[1] (bypass:1) dfgNode: 35 at cycle 9
[DEBUG] reset duration: 0 t_dstCycle: 10 previous: 10 II: 4
[DEBUG] reset duration is 0...
[DEBUG] in allocateReg() t_cycle: 10; i: 1 CGRA node: 0; link: 3 duration 4
[DEBUG] done reg allocation
[DEBUG] occupy link[1]-->[0] (bypass:0) dfgNode: 35 at cycle 10
[DEBUG] success in schedule()
[DEBUG] no available path for DFG node 39 on CGRA node 3 within II 4; path size: 3.
[DEBUG] no available path for DFG node 39 on CGRA node 4 within II 4; path size: 3.
[DEBUG] no available path for DFG node 39 on CGRA node 5 within II 4; path size: 3.
[DEBUG] no available path for DFG node 39 on CGRA node 7 within II 4; path size: 4.
[DEBUG] no available path for DFG node 39 on CGRA node 8 within II 4; path size: 4.
[DEBUG] no available path for DFG node 39 on CGRA node 9 within II 4; path size: 4.
[DEBUG] no available path for DFG node 39 on CGRA node 11 within II 4; path size: 5.
[DEBUG] no available path for DFG node 39 on CGRA node 12 within II 4; path size: 5.
[DEBUG] no available path for DFG node 39 on CGRA node 15 within II 4; path size: 7.
[DEBUG] schedule dfg node[39] onto fu[13] at cycle 11 within II: 4
[DEBUG] setDFGNode 39 onto CGRANode 13 at cycle: 11
[DEBUG] occupy link[4]-->[8] (bypass:1) dfgNode: 33 at cycle 8
[DEBUG] occupy link[8]-->[12] (bypass:1) dfgNode: 33 at cycle 9
[DEBUG] in allocateReg() t_cycle: 10; i: 0 CGRA node: 13; link: 2 duration 1
[DEBUG] done reg allocation
[DEBUG] occupy link[12]-->[13] (bypass:0) dfgNode: 33 at cycle 10
[DEBUG] skip predecessor routing -- dfgNode: 33
[DEBUG] tryToRoute -- srcDFGNode: 38, srcCGRANode: 15; dstDFGNode: 39, dstCGRANode: 13; backEdge: 0
[DEBUG] check route size: 3
[DEBUG] occupy link[15]-->[14] (bypass:1) dfgNode: 38 at cycle 6
[DEBUG] reset duration: 0 t_dstCycle: 11 previous: 7 II: 4
[DEBUG] reset duration is 0...
[DEBUG] in allocateReg() t_cycle: 7; i: 1 CGRA node: 13; link: 3 duration 4
[DEBUG] done reg allocation
[DEBUG] occupy link[14]-->[13] (bypass:0) dfgNode: 38 at cycle 7
[DEBUG] success in schedule()
[DEBUG] no available path for DFG node 41 on CGRA node 3 within II 4; path size: 3.
[DEBUG] no available path for DFG node 41 on CGRA node 4 within II 4; path size: 3.
[DEBUG] no available path for DFG node 41 on CGRA node 5 within II 4; path size: 3.
[DEBUG] no available path for DFG node 41 on CGRA node 7 within II 4; path size: 4.
[DEBUG] no available path for DFG node 41 on CGRA node 8 within II 4; path size: 4.
[DEBUG] no available path for DFG node 41 on CGRA node 9 within II 4; path size: 4.
[DEBUG] no available path for DFG node 41 on CGRA node 11 within II 4; path size: 5.
[DEBUG] no available path for DFG node 41 on CGRA node 12 within II 4; path size: 5.
[DEBUG] no available path for DFG node 41 on CGRA node 13 within II 4; path size: 5.
[DEBUG] no available path for DFG node 41 on CGRA node 15 within II 4; path size: 6.
[DEBUG] schedule dfg node[41] onto fu[14] at cycle 12 within II: 4
[DEBUG] setDFGNode 41 onto CGRANode 14 at cycle: 12
[DEBUG] occupy link[4]-->[8] (bypass:1) dfgNode: 33 at cycle 8
[DEBUG] occupy link[8]-->[12] (bypass:1) dfgNode: 33 at cycle 9
[DEBUG] occupy link[12]-->[13] (bypass:1) dfgNode: 33 at cycle 10
[DEBUG] in allocateReg() t_cycle: 11; i: 0 CGRA node: 14; link: 2 duration 1
[DEBUG] done reg allocation
[DEBUG] occupy link[13]-->[14] (bypass:0) dfgNode: 33 at cycle 11
[DEBUG] skip predecessor routing -- dfgNode: 33
[DEBUG] tryToRoute -- srcDFGNode: 35, srcCGRANode: 4; dstDFGNode: 41, dstCGRANode: 14; backEdge: 0
[DEBUG] check route size: 5
[DEBUG] occupy link[4]-->[8] (bypass:1) dfgNode: 35 at cycle 7
[DEBUG] occupy link[8]-->[12] (bypass:1) dfgNode: 35 at cycle 8
[DEBUG] occupy link[12]-->[13] (bypass:1) dfgNode: 35 at cycle 9
[DEBUG] reset duration: 2 t_dstCycle: 12 previous: 10 II: 4
[DEBUG] in allocateReg() t_cycle: 10; i: 1 CGRA node: 14; link: 2 duration 2
[DEBUG] done reg allocation
[DEBUG] occupy link[13]-->[14] (bypass:0) dfgNode: 35 at cycle 10
[DEBUG] success in schedule()
[DEBUG] no available path for DFG node 42 on CGRA node 3 within II 4; path size: 3.
[DEBUG] no available path for DFG node 42 on CGRA node 4 within II 4; path size: 3.
[DEBUG] no available path for DFG node 42 on CGRA node 5 within II 4; path size: 3.
[DEBUG] no available path for DFG node 42 on CGRA node 7 within II 4; path size: 4.
[DEBUG] no available path for DFG node 42 on CGRA node 8 within II 4; path size: 4.
[DEBUG] no available path for DFG node 42 on CGRA node 9 within II 4; path size: 4.
[DEBUG] no available path for DFG node 42 on CGRA node 11 within II 4; path size: 5.
[DEBUG] no available path for DFG node 42 on CGRA node 12 within II 4; path size: 5.
[DEBUG] no available path for DFG node 42 on CGRA node 13 within II 4; path size: 5.
[DEBUG] no available path for DFG node 42 on CGRA node 15 within II 4; path size: 6.
[DEBUG] schedule dfg node[42] onto fu[1] at cycle 12 within II: 4
[DEBUG] setDFGNode 42 onto CGRANode 1 at cycle: 12
[DEBUG] occupy link[12]-->[8] (bypass:1) dfgNode: 31 at cycle 7
[DEBUG] occupy link[8]-->[4] (bypass:1) dfgNode: 31 at cycle 8
[DEBUG] occupy link[4]-->[0] (bypass:1) dfgNode: 31 at cycle 9
[DEBUG] in allocateReg() t_cycle: 10; i: 1 CGRA node: 1; link: 2 duration 2
[DEBUG] done reg allocation
[DEBUG] occupy link[0]-->[1] (bypass:0) dfgNode: 31 at cycle 10
[DEBUG] skip predecessor routing -- dfgNode: 31
[DEBUG] tryToRoute -- srcDFGNode: 38, srcCGRANode: 15; dstDFGNode: 42, dstCGRANode: 1; backEdge: 0
[DEBUG] check route size: 6
[DEBUG] occupy link[15]-->[11] (bypass:1) dfgNode: 38 at cycle 6
[DEBUG] occupy link[11]-->[10] (bypass:1) dfgNode: 38 at cycle 7
[DEBUG] occupy link[10]-->[6] (bypass:1) dfgNode: 38 at cycle 8
[DEBUG] occupy link[6]-->[2] (bypass:1) dfgNode: 38 at cycle 9
[DEBUG] reset duration: 2 t_dstCycle: 12 previous: 10 II: 4
[DEBUG] in allocateReg() t_cycle: 10; i: 2 CGRA node: 1; link: 3 duration 2
[DEBUG] done reg allocation
[DEBUG] occupy link[2]-->[1] (bypass:0) dfgNode: 38 at cycle 10
[DEBUG] success in schedule()
[DEBUG] no available path for DFG node 20 on CGRA node 1 within II 4; path size: 1.
[DEBUG] no available path for DFG node 20 on CGRA node 5 within II 4; path size: 4.
[DEBUG] no available path for DFG node 20 on CGRA node 9 within II 4; path size: 7.
[DEBUG] no available path for DFG node 20 on CGRA node 13 within II 4; path size: 10.
[DEBUG] schedule dfg node[20] onto fu[11] at cycle 12 within II: 4
[DEBUG] setDFGNode 20 onto CGRANode 11 at cycle: 12
[DEBUG] occupy link[9]-->[10] (bypass:1) dfgNode: 12 at cycle 10
[DEBUG] in allocateReg() t_cycle: 11; i: 0 CGRA node: 11; link: 2 duration 1
[DEBUG] done reg allocation
[DEBUG] occupy link[10]-->[11] (bypass:0) dfgNode: 12 at cycle 11
[DEBUG] tryToRoute -- srcDFGNode: 17, srcCGRANode: 7; dstDFGNode: 20, dstCGRANode: 11; backEdge: 0
[DEBUG] check route size: 2
[DEBUG] reset duration: 0 t_dstCycle: 12 previous: 4 II: 4
[DEBUG] reset duration is 0...
[DEBUG] in allocateReg() t_cycle: 4; i: 1 CGRA node: 11; link: 1 duration 4
[DEBUG] done reg allocation
[DEBUG] occupy link[7]-->[11] (bypass:0) dfgNode: 17 at cycle 4
[DEBUG] skip predecessor routing -- dfgNode: 12
[DEBUG] success in schedule()
[DEBUG] no available path for DFG node 22 on CGRA node 1 within II 4; path size: 1.
[DEBUG] no available path for DFG node 22 on CGRA node 5 within II 4; path size: 4.
[DEBUG] no available path for DFG node 22 on CGRA node 9 within II 4; path size: 7.
[DEBUG] no available path for DFG node 22 on CGRA node 13 within II 4; path size: 10.
[DEBUG] schedule dfg node[22] onto fu[3] at cycle 12 within II: 4
[DEBUG] setDFGNode 22 onto CGRANode 3 at cycle: 12
[DEBUG] in allocateReg() t_cycle: 11; i: 0 CGRA node: 3; link: 2 duration 1
[DEBUG] done reg allocation
[DEBUG] occupy link[2]-->[3] (bypass:0) dfgNode: 15 at cycle 11
[DEBUG] tryToRoute -- srcDFGNode: 19, srcCGRANode: 8; dstDFGNode: 22, dstCGRANode: 3; backEdge: 0
[DEBUG] check route size: 6
[DEBUG] occupy link[8]-->[4] (bypass:1) dfgNode: 19 at cycle 5
[DEBUG] occupy link[4]-->[0] (bypass:1) dfgNode: 19 at cycle 6
[DEBUG] occupy link[0]-->[1] (bypass:1) dfgNode: 19 at cycle 7
[DEBUG] occupy link[1]-->[2] (bypass:1) dfgNode: 19 at cycle 8
[DEBUG] reset duration: 3 t_dstCycle: 12 previous: 9 II: 4
[DEBUG] in allocateReg() t_cycle: 9; i: 1 CGRA node: 3; link: 2 duration 3
[DEBUG] done reg allocation
[DEBUG] occupy link[2]-->[3] (bypass:0) dfgNode: 19 at cycle 9
[DEBUG] skip predecessor routing -- dfgNode: 15
[DEBUG] success in schedule()
[DEBUG] no available path for DFG node 24 on CGRA node 1 within II 4; path size: 1.
[DEBUG] no available path for DFG node 24 on CGRA node 5 within II 4; path size: 4.
[DEBUG] no available path for DFG node 24 on CGRA node 9 within II 4; path size: 7.
[DEBUG] no available path for DFG node 24 on CGRA node 13 within II 4; path size: 10.
[DEBUG] schedule dfg node[24] onto fu[15] at cycle 13 within II: 4
[DEBUG] setDFGNode 24 onto CGRANode 15 at cycle: 13
[DEBUG] occupy link[9]-->[10] (bypass:1) dfgNode: 12 at cycle 10
[DEBUG] occupy link[10]-->[11] (bypass:1) dfgNode: 12 at cycle 11
[DEBUG] in allocateReg() t_cycle: 12; i: 0 CGRA node: 15; link: 1 duration 1
[DEBUG] done reg allocation
[DEBUG] occupy link[11]-->[15] (bypass:0) dfgNode: 12 at cycle 12
[DEBUG] tryToRoute -- srcDFGNode: 17, srcCGRANode: 7; dstDFGNode: 24, dstCGRANode: 15; backEdge: 0
[DEBUG] check route size: 3
[DEBUG] occupy link[7]-->[11] (bypass:1) dfgNode: 17 at cycle 4
[DEBUG] reset duration: 0 t_dstCycle: 13 previous: 5 II: 4
[DEBUG] reset duration is 0...
[DEBUG] in allocateReg() t_cycle: 5; i: 1 CGRA node: 15; link: 1 duration 4
[DEBUG] done reg allocation
[DEBUG] occupy link[11]-->[15] (bypass:0) dfgNode: 17 at cycle 5
[DEBUG] skip predecessor routing -- dfgNode: 12
[DEBUG] success in schedule()
[DEBUG] no available path for DFG node 26 on CGRA node 1 within II 4; path size: 1.
[DEBUG] no available path for DFG node 26 on CGRA node 5 within II 4; path size: 4.
[DEBUG] no available path for DFG node 26 on CGRA node 9 within II 4; path size: 7.
[DEBUG] no available path for DFG node 26 on CGRA node 13 within II 4; path size: 10.
[DEBUG] schedule dfg node[26] onto fu[10] at cycle 13 within II: 4
[DEBUG] setDFGNode 26 onto CGRANode 10 at cycle: 13
[DEBUG] occupy link[2]-->[6] (bypass:1) dfgNode: 15 at cycle 11
[DEBUG] in allocateReg() t_cycle: 12; i: 0 CGRA node: 10; link: 1 duration 1
[DEBUG] done reg allocation
[DEBUG] occupy link[6]-->[10] (bypass:0) dfgNode: 15 at cycle 12
[DEBUG] tryToRoute -- srcDFGNode: 19, srcCGRANode: 8; dstDFGNode: 26, dstCGRANode: 10; backEdge: 0
[DEBUG] check route size: 7
[DEBUG] occupy link[8]-->[4] (bypass:1) dfgNode: 19 at cycle 5
[DEBUG] occupy link[4]-->[5] (bypass:1) dfgNode: 19 at cycle 6
[DEBUG] occupy link[5]-->[6] (bypass:1) dfgNode: 19 at cycle 7
[DEBUG] reset duration: 1 t_dstCycle: 13 previous: 8 II: 4
[DEBUG] in allocateReg() t_cycle: 8; i: 0 CGRA node: 7; link: 2 duration 1
[DEBUG] done reg allocation
[DEBUG] occupy link[6]-->[7] (bypass:0) dfgNode: 19 at cycle 8
[DEBUG] occupy link[7]-->[11] (bypass:1) dfgNode: 19 at cycle 10
[DEBUG] reset duration: 2 t_dstCycle: 13 previous: 11 II: 4
[DEBUG] in allocateReg() t_cycle: 11; i: 2 CGRA node: 10; link: 3 duration 2
[DEBUG] done reg allocation
[DEBUG] occupy link[11]-->[10] (bypass:0) dfgNode: 19 at cycle 11
[DEBUG] skip predecessor routing -- dfgNode: 15
[DEBUG] success in schedule()
[DEBUG] no available path for DFG node 40 on CGRA node 1 within II 4; path size: 1.
[DEBUG] no available path for DFG node 40 on CGRA node 2 within II 4; path size: 1.
[DEBUG] no available path for DFG node 40 on CGRA node 3 within II 4; path size: 1.
[DEBUG] no available path for DFG node 40 on CGRA node 5 within II 4; path size: 2.
[DEBUG] no available path for DFG node 40 on CGRA node 6 within II 4; path size: 2.
[DEBUG] no available path for DFG node 40 on CGRA node 7 within II 4; path size: 2.
[DEBUG] no available path for DFG node 40 on CGRA node 9 within II 4; path size: 3.
[DEBUG] no available path for DFG node 40 on CGRA node 10 within II 4; path size: 3.
[DEBUG] no available path for DFG node 40 on CGRA node 11 within II 4; path size: 3.
[DEBUG] no available path for DFG node 40 on CGRA node 13 within II 4; path size: 4.
[DEBUG] no available path for DFG node 40 on CGRA node 14 within II 4; path size: 4.
[DEBUG] no available path for DFG node 40 on CGRA node 15 within II 4; path size: 4.
[DEBUG] schedule dfg node[40] onto fu[4] at cycle 14 within II: 4
[DEBUG] setDFGNode 40 onto CGRANode 4 at cycle: 14
[DEBUG] in allocateReg() t_cycle: 10; i: 0 CGRA node: 4; link: 1 duration 0
[DEBUG] done reg allocation
[DEBUG] occupy link[0]-->[4] (bypass:0) dfgNode: 36 at cycle 10
[DEBUG] skip predecessor routing -- dfgNode: 36
[DEBUG] tryToRoute -- srcDFGNode: 39, srcCGRANode: 13; dstDFGNode: 40, dstCGRANode: 4; backEdge: 0
[DEBUG] check route size: 4
[DEBUG] occupy link[13]-->[9] (bypass:1) dfgNode: 39 at cycle 11
[DEBUG] occupy link[9]-->[5] (bypass:1) dfgNode: 39 at cycle 12
[DEBUG] reset duration: 1 t_dstCycle: 14 previous: 13 II: 4
[DEBUG] in allocateReg() t_cycle: 13; i: 0 CGRA node: 4; link: 3 duration 1
[DEBUG] done reg allocation
[DEBUG] occupy link[5]-->[4] (bypass:0) dfgNode: 39 at cycle 13
[DEBUG] success in schedule()
[DEBUG] no available path for DFG node 43 on CGRA node 1 within II 4; path size: 1.
[DEBUG] no available path for DFG node 43 on CGRA node 2 within II 4; path size: 1.
[DEBUG] no available path for DFG node 43 on CGRA node 3 within II 4; path size: 1.
[DEBUG] no available path for DFG node 43 on CGRA node 4 within II 4; path size: 1.
[DEBUG] no available path for DFG node 43 on CGRA node 5 within II 4; path size: 1.
[DEBUG] no available path for DFG node 43 on CGRA node 6 within II 4; path size: 1.
[DEBUG] no available path for DFG node 43 on CGRA node 7 within II 4; path size: 1.
[DEBUG] no available path for DFG node 43 on CGRA node 9 within II 4; path size: 2.
[DEBUG] no available path for DFG node 43 on CGRA node 10 within II 4; path size: 2.
[DEBUG] no available path for DFG node 43 on CGRA node 11 within II 4; path size: 2.
[DEBUG] no available path for DFG node 43 on CGRA node 13 within II 4; path size: 3.
[DEBUG] no available path for DFG node 43 on CGRA node 14 within II 4; path size: 3.
[DEBUG] no available path for DFG node 43 on CGRA node 15 within II 4; path size: 3.
[DEBUG] schedule dfg node[43] onto fu[12] at cycle 16 within II: 4
[DEBUG] setDFGNode 43 onto CGRANode 12 at cycle: 16
[DEBUG] occupy link[1]-->[0] (bypass:1) dfgNode: 42 at cycle 12
[DEBUG] occupy link[0]-->[4] (bypass:1) dfgNode: 42 at cycle 13
[DEBUG] occupy link[4]-->[8] (bypass:1) dfgNode: 42 at cycle 14
[DEBUG] in allocateReg() t_cycle: 15; i: 0 CGRA node: 12; link: 1 duration 1
[DEBUG] done reg allocation
[DEBUG] occupy link[8]-->[12] (bypass:0) dfgNode: 42 at cycle 15
[DEBUG] tryToRoute -- srcDFGNode: 41, srcCGRANode: 14; dstDFGNode: 43, dstCGRANode: 12; backEdge: 0
[DEBUG] check route size: 3
[DEBUG] occupy link[14]-->[13] (bypass:1) dfgNode: 41 at cycle 12
[DEBUG] reset duration: 3 t_dstCycle: 16 previous: 13 II: 4
[DEBUG] in allocateReg() t_cycle: 13; i: 1 CGRA node: 12; link: 3 duration 3
[DEBUG] done reg allocation
[DEBUG] occupy link[13]-->[12] (bypass:0) dfgNode: 41 at cycle 13
[DEBUG] skip predecessor routing -- dfgNode: 42
[DEBUG] success in schedule()
[DEBUG] no available path for DFG node 21 on CGRA node 0 within II 4; path size: 0.
[DEBUG] no available path for DFG node 21 on CGRA node 1 within II 4; path size: 0.
[DEBUG] no available path for DFG node 21 on CGRA node 2 within II 4; path size: 0.
[DEBUG] no available path for DFG node 21 on CGRA node 4 within II 4; path size: 1.
[DEBUG] no available path for DFG node 21 on CGRA node 5 within II 4; path size: 1.
[DEBUG] no available path for DFG node 21 on CGRA node 6 within II 4; path size: 1.
[DEBUG] no available path for DFG node 21 on CGRA node 9 within II 4; path size: 3.
[DEBUG] no available path for DFG node 21 on CGRA node 10 within II 4; path size: 3.
[DEBUG] no available path for DFG node 21 on CGRA node 13 within II 4; path size: 5.
[DEBUG] no available path for DFG node 21 on CGRA node 14 within II 4; path size: 5.
[DEBUG] schedule dfg node[21] onto fu[7] at cycle 13 within II: 4
[DEBUG] setDFGNode 21 onto CGRANode 7 at cycle: 13
[DEBUG] in allocateReg() t_cycle: 12; i: 1 CGRA node: 7; link: 0 duration 1
[DEBUG] done reg allocation
[DEBUG] occupy link[11]-->[7] (bypass:0) dfgNode: 20 at cycle 12
[DEBUG] skip predecessor routing -- dfgNode: 20
[DEBUG] tryToRoute -- srcDFGNode: 16, srcCGRANode: 6; dstDFGNode: 21, dstCGRANode: 7; backEdge: 0
[DEBUG] check route size: 2
[DEBUG] reset duration: 2 t_dstCycle: 13 previous: 3 II: 4
[DEBUG] in allocateReg() t_cycle: 3; i: 2 CGRA node: 7; link: 2 duration 2
[DEBUG] done reg allocation
[DEBUG] occupy link[6]-->[7] (bypass:0) dfgNode: 16 at cycle 3
[DEBUG] success in schedule()
[DEBUG] no available path for DFG node 23 on CGRA node 0 within II 4; path size: 0.
[DEBUG] no available path for DFG node 23 on CGRA node 1 within II 4; path size: 0.
[DEBUG] no available path for DFG node 23 on CGRA node 2 within II 4; path size: 0.
[DEBUG] no available path for DFG node 23 on CGRA node 4 within II 4; path size: 1.
[DEBUG] no available path for DFG node 23 on CGRA node 5 within II 4; path size: 1.
[DEBUG] no available path for DFG node 23 on CGRA node 6 within II 4; path size: 1.
[DEBUG] no available path for DFG node 23 on CGRA node 9 within II 4; path size: 3.
[DEBUG] no available path for DFG node 23 on CGRA node 10 within II 4; path size: 3.
[DEBUG] no available path for DFG node 23 on CGRA node 13 within II 4; path size: 5.
[DEBUG] no available path for DFG node 23 on CGRA node 14 within II 4; path size: 5.
[DEBUG] schedule dfg node[23] onto fu[3] at cycle 13 within II: 4
[DEBUG] setDFGNode 23 onto CGRANode 3 at cycle: 13
[DEBUG] tryToRoute -- srcDFGNode: 22, srcCGRANode: 3; dstDFGNode: 23, dstCGRANode: 3; backEdge: 0
[DEBUG] check route size: 1
[DEBUG] allocate for local reg maintain... duration=1 last cycle: 12
[DEBUG] in allocateReg() t_cycle: 12; i: 0 CGRA node: 3; link: 4 duration 1
[DEBUG] done reg allocation
[DEBUG] tryToRoute -- srcDFGNode: 18, srcCGRANode: 10; dstDFGNode: 23, dstCGRANode: 3; backEdge: 0
[DEBUG] check route size: 4
[DEBUG] reset duration: 2 t_dstCycle: 13 previous: 3 II: 4
[DEBUG] in allocateReg() t_cycle: 3; i: 2 CGRA node: 6; link: 0 duration 2
[DEBUG] done reg allocation
[DEBUG] occupy link[10]-->[6] (bypass:0) dfgNode: 18 at cycle 3
[DEBUG] occupy link[6]-->[7] (bypass:1) dfgNode: 18 at cycle 6
[DEBUG] reset duration: 2 t_dstCycle: 13 previous: 7 II: 4
[DEBUG] in allocateReg() t_cycle: 7; i: 2 CGRA node: 3; link: 0 duration 2
[DEBUG] done reg allocation
[DEBUG] occupy link[7]-->[3] (bypass:0) dfgNode: 18 at cycle 7
[DEBUG] success in schedule()
[DEBUG] no available path for DFG node 25 on CGRA node 0 within II 4; path size: 0.
[DEBUG] no available path for DFG node 25 on CGRA node 1 within II 4; path size: 0.
[DEBUG] no available path for DFG node 25 on CGRA node 2 within II 4; path size: 0.
[DEBUG] no available path for DFG node 25 on CGRA node 4 within II 4; path size: 1.
[DEBUG] no available path for DFG node 25 on CGRA node 5 within II 4; path size: 1.
[DEBUG] no available path for DFG node 25 on CGRA node 6 within II 4; path size: 1.
[DEBUG] no available path for DFG node 25 on CGRA node 9 within II 4; path size: 3.
[DEBUG] no available path for DFG node 25 on CGRA node 10 within II 4; path size: 3.
[DEBUG] no available path for DFG node 25 on CGRA node 13 within II 4; path size: 5.
[DEBUG] no available path for DFG node 25 on CGRA node 14 within II 4; path size: 5.
[DEBUG] schedule dfg node[25] onto fu[15] at cycle 15 within II: 4
[DEBUG] setDFGNode 25 onto CGRANode 15 at cycle: 15
[DEBUG] tryToRoute -- srcDFGNode: 24, srcCGRANode: 15; dstDFGNode: 25, dstCGRANode: 15; backEdge: 0
[DEBUG] check route size: 1
[DEBUG] allocate for local reg maintain... duration=2 last cycle: 13
[DEBUG] in allocateReg() t_cycle: 13; i: 2 CGRA node: 15; link: 4 duration 2
[DEBUG] done reg allocation
[DEBUG] tryToRoute -- srcDFGNode: 2, srcCGRANode: 10; dstDFGNode: 25, dstCGRANode: 15; backEdge: 0
[DEBUG] check route size: 3
[DEBUG] occupy link[10]-->[14] (bypass:1) dfgNode: 2 at cycle 4
[DEBUG] reset duration: 2 t_dstCycle: 15 previous: 5 II: 4
[DEBUG] in allocateReg() t_cycle: 5; i: 3 CGRA node: 15; link: 2 duration 2
[DEBUG] done reg allocation
[DEBUG] occupy link[14]-->[15] (bypass:0) dfgNode: 2 at cycle 5
[DEBUG] success in schedule()
[DEBUG] no available path for DFG node 27 on CGRA node 0 within II 4; path size: 0.
[DEBUG] no available path for DFG node 27 on CGRA node 1 within II 4; path size: 0.
[DEBUG] no available path for DFG node 27 on CGRA node 2 within II 4; path size: 0.
[DEBUG] no available path for DFG node 27 on CGRA node 4 within II 4; path size: 1.
[DEBUG] no available path for DFG node 27 on CGRA node 5 within II 4; path size: 1.
[DEBUG] no available path for DFG node 27 on CGRA node 6 within II 4; path size: 1.
[DEBUG] no available path for DFG node 27 on CGRA node 9 within II 4; path size: 3.
[DEBUG] no available path for DFG node 27 on CGRA node 10 within II 4; path size: 3.
[DEBUG] no available path for DFG node 27 on CGRA node 13 within II 4; path size: 5.
[DEBUG] no available path for DFG node 27 on CGRA node 14 within II 4; path size: 5.
[DEBUG] schedule dfg node[27] onto fu[8] at cycle 16 within II: 4
[DEBUG] setDFGNode 27 onto CGRANode 8 at cycle: 16
[DEBUG] occupy link[10]-->[9] (bypass:1) dfgNode: 26 at cycle 13
[DEBUG] in allocateReg() t_cycle: 14; i: 1 CGRA node: 8; link: 3 duration 2
[DEBUG] done reg allocation
[DEBUG] occupy link[9]-->[8] (bypass:0) dfgNode: 26 at cycle 14
[DEBUG] skip predecessor routing -- dfgNode: 26
[DEBUG] tryToRoute -- srcDFGNode: 4, srcCGRANode: 9; dstDFGNode: 27, dstCGRANode: 8; backEdge: 0
[DEBUG] check route size: 4
[DEBUG] occupy link[9]-->[13] (bypass:1) dfgNode: 4 at cycle 4
[DEBUG] reset duration: 3 t_dstCycle: 16 previous: 5 II: 4
[DEBUG] in allocateReg() t_cycle: 5; i: 2 CGRA node: 12; link: 3 duration 3
[DEBUG] done reg allocation
[DEBUG] occupy link[13]-->[12] (bypass:0) dfgNode: 4 at cycle 5
[DEBUG] reset duration: 3 t_dstCycle: 16 previous: 9 II: 4
[DEBUG] in allocateReg() t_cycle: 9; i: 2 CGRA node: 8; link: 0 duration 3
[DEBUG] done reg allocation
[DEBUG] occupy link[12]-->[8] (bypass:0) dfgNode: 4 at cycle 9
[DEBUG] success in schedule()
[DEBUG] no available path for DFG node 48 on CGRA node 0 within II 4; path size: 0.
[DEBUG] no available path for DFG node 48 on CGRA node 1 within II 4; path size: 0.
[DEBUG] no available path for DFG node 48 on CGRA node 2 within II 4; path size: 0.
[DEBUG] no available path for DFG node 48 on CGRA node 3 within II 4; path size: 0.
[DEBUG] no available path for DFG node 48 on CGRA node 4 within II 4; path size: 0.
[DEBUG] no available path for DFG node 48 on CGRA node 5 within II 4; path size: 0.
[DEBUG] no available path for DFG node 48 on CGRA node 6 within II 4; path size: 0.
[DEBUG] no available path for DFG node 48 on CGRA node 7 within II 4; path size: 0.
[DEBUG] no available path for DFG node 48 on CGRA node 8 within II 4; path size: 0.
[DEBUG] no available path for DFG node 48 on CGRA node 9 within II 4; path size: 0.
[DEBUG] no available path for DFG node 48 on CGRA node 10 within II 4; path size: 0.
[DEBUG] no available path for DFG node 48 on CGRA node 11 within II 4; path size: 0.
[DEBUG] no available path for DFG node 48 on CGRA node 12 within II 4; path size: 0.
[DEBUG] no available path for DFG node 48 on CGRA node 13 within II 4; path size: 0.
[DEBUG] no available path for DFG node 48 on CGRA node 14 within II 4; path size: 0.
[DEBUG] no available path for DFG node 48 on CGRA node 15 within II 4; path size: 0.
[DEBUG] *else* no available path for DFG node 48 within II 4.
----------------------------------------
[DEBUG] start heuristic algorithm with II=5
[DEBUG] schedule dfg node[57] onto fu[5] at cycle 0 within II: 5
[DEBUG] setDFGNode 57 onto CGRANode 5 at cycle: 0
[DEBUG] success in schedule()
[DEBUG] schedule dfg node[58] onto fu[6] at cycle 1 within II: 5
[DEBUG] setDFGNode 58 onto CGRANode 6 at cycle: 1
[DEBUG] in allocateReg() t_cycle: 0; i: 0 CGRA node: 6; link: 2 duration 1
[DEBUG] done reg allocation
[DEBUG] occupy link[5]-->[6] (bypass:0) dfgNode: 57 at cycle 0
[DEBUG] skip predecessor routing -- dfgNode: 57
[DEBUG] success in schedule()
[DEBUG] schedule dfg node[0] onto fu[10] at cycle 2 within II: 5
[DEBUG] setDFGNode 0 onto CGRANode 10 at cycle: 2
[DEBUG] in allocateReg() t_cycle: 1; i: 0 CGRA node: 10; link: 1 duration 1
[DEBUG] done reg allocation
[DEBUG] occupy link[6]-->[10] (bypass:0) dfgNode: 58 at cycle 1
[DEBUG] skip predecessor routing -- dfgNode: 58
[DEBUG] in shareSameCycle is true: node 0
[DEBUG] tryToRoute -- srcDFGNode: 0, srcCGRANode: 10; dstDFGNode: 57, dstCGRANode: 5; backEdge: 1
[DEBUG] in shareSameCycle is true: node 57
[DEBUG] check route size: 3
[DEBUG] occupy link[10]-->[6] (bypass:1) dfgNode: 0 at cycle 2
[DEBUG] reset duration: 2 t_dstCycle: 0 previous: 3 II: 5
[DEBUG] in allocateReg() t_cycle: 3; i: 0 CGRA node: 5; link: 3 duration 2
[DEBUG] done reg allocation
[DEBUG] occupy link[6]-->[5] (bypass:0) dfgNode: 0 at cycle 3
[DEBUG] success in schedule()
[DEBUG] schedule dfg node[1] onto fu[9] at cycle 3 within II: 5
[DEBUG] setDFGNode 1 onto CGRANode 9 at cycle: 3
[DEBUG] in allocateReg() t_cycle: 2; i: 0 CGRA node: 9; link: 3 duration 1
[DEBUG] done reg allocation
[DEBUG] occupy link[10]-->[9] (bypass:0) dfgNode: 0 at cycle 2
[DEBUG] skip predecessor routing -- dfgNode: 0
[DEBUG] success in schedule()
[DEBUG] schedule dfg node[6] onto fu[5] at cycle 4 within II: 5
[DEBUG] setDFGNode 6 onto CGRANode 5 at cycle: 4
[DEBUG] occupy link[10]-->[6] (bypass:1) dfgNode: 0 at cycle 2
[DEBUG] in allocateReg() t_cycle: 3; i: 1 CGRA node: 5; link: 3 duration 1
[DEBUG] done reg allocation
[DEBUG] occupy link[6]-->[5] (bypass:0) dfgNode: 0 at cycle 3
[DEBUG] skip predecessor routing -- dfgNode: 0
[DEBUG] success in schedule()
[DEBUG] schedule dfg node[9] onto fu[14] at cycle 3 within II: 5
[DEBUG] setDFGNode 9 onto CGRANode 14 at cycle: 3
[DEBUG] in allocateReg() t_cycle: 2; i: 0 CGRA node: 14; link: 1 duration 1
[DEBUG] done reg allocation
[DEBUG] occupy link[10]-->[14] (bypass:0) dfgNode: 0 at cycle 2
[DEBUG] skip predecessor routing -- dfgNode: 0
[DEBUG] success in schedule()
[DEBUG] schedule dfg node[16] onto fu[6] at cycle 3 within II: 5
[DEBUG] setDFGNode 16 onto CGRANode 6 at cycle: 3
[DEBUG] in allocateReg() t_cycle: 2; i: 0 CGRA node: 6; link: 0 duration 1
[DEBUG] done reg allocation
[DEBUG] occupy link[10]-->[6] (bypass:0) dfgNode: 0 at cycle 2
[DEBUG] skip predecessor routing -- dfgNode: 0
[DEBUG] success in schedule()
[DEBUG] schedule dfg node[18] onto fu[10] at cycle 3 within II: 5
[DEBUG] setDFGNode 18 onto CGRANode 10 at cycle: 3
[DEBUG] tryToRoute -- srcDFGNode: 0, srcCGRANode: 10; dstDFGNode: 18, dstCGRANode: 10; backEdge: 0
[DEBUG] check route size: 1
[DEBUG] allocate for local reg maintain... duration=1 last cycle: 2
[DEBUG] in allocateReg() t_cycle: 2; i: 0 CGRA node: 10; link: 4 duration 1
[DEBUG] done reg allocation
[DEBUG] success in schedule()
[DEBUG] schedule dfg node[28] onto fu[2] at cycle 4 within II: 5
[DEBUG] setDFGNode 28 onto CGRANode 2 at cycle: 4
[DEBUG] occupy link[10]-->[6] (bypass:1) dfgNode: 0 at cycle 2
[DEBUG] in allocateReg() t_cycle: 3; i: 0 CGRA node: 2; link: 0 duration 1
[DEBUG] done reg allocation
[DEBUG] occupy link[6]-->[2] (bypass:0) dfgNode: 0 at cycle 3
[DEBUG] skip predecessor routing -- dfgNode: 0
[DEBUG] success in schedule()
[DEBUG] schedule dfg node[56] onto fu[13] at cycle 4 within II: 5
[DEBUG] setDFGNode 56 onto CGRANode 13 at cycle: 4
[DEBUG] occupy link[10]-->[9] (bypass:1) dfgNode: 0 at cycle 2
[DEBUG] in allocateReg() t_cycle: 3; i: 0 CGRA node: 13; link: 1 duration 1
[DEBUG] done reg allocation
[DEBUG] occupy link[9]-->[13] (bypass:0) dfgNode: 0 at cycle 3
[DEBUG] skip predecessor routing -- dfgNode: 0
[DEBUG] in shareSameCycle is true: node 56
[DEBUG] tryToRoute -- srcDFGNode: 56, srcCGRANode: 13; dstDFGNode: 0, dstCGRANode: 10; backEdge: 1
[DEBUG] in shareSameCycle is true: node 0
[DEBUG] check route size: 3
[DEBUG] occupy link[13]-->[9] (bypass:1) dfgNode: 56 at cycle 4
[DEBUG] reset duration: 2 t_dstCycle: 2 previous: 5 II: 5
[DEBUG] in allocateReg() t_cycle: 5; i: 1 CGRA node: 10; link: 2 duration 2
[DEBUG] done reg allocation
[DEBUG] occupy link[9]-->[10] (bypass:0) dfgNode: 56 at cycle 5
[DEBUG] success in schedule()
[DEBUG] schedule dfg node[2] onto fu[10] at cycle 4 within II: 5
[DEBUG] setDFGNode 2 onto CGRANode 10 at cycle: 4
[DEBUG] in allocateReg() t_cycle: 3; i: 0 CGRA node: 10; link: 2 duration 1
[DEBUG] done reg allocation
[DEBUG] occupy link[9]-->[10] (bypass:0) dfgNode: 1 at cycle 3
[DEBUG] skip predecessor routing -- dfgNode: 1
[DEBUG] success in schedule()
[DEBUG] schedule dfg node[4] onto fu[14] at cycle 5 within II: 5
[DEBUG] setDFGNode 4 onto CGRANode 14 at cycle: 5
[DEBUG] occupy link[9]-->[10] (bypass:1) dfgNode: 1 at cycle 3
[DEBUG] in allocateReg() t_cycle: 4; i: 0 CGRA node: 14; link: 1 duration 1
[DEBUG] done reg allocation
[DEBUG] occupy link[10]-->[14] (bypass:0) dfgNode: 1 at cycle 4
[DEBUG] skip predecessor routing -- dfgNode: 1
[DEBUG] success in schedule()
[DEBUG] no available path for DFG node 7 on CGRA node 1 within II 5; path size: 1.
[DEBUG] no available path for DFG node 7 on CGRA node 2 within II 5; path size: 1.
[DEBUG] no available path for DFG node 7 on CGRA node 5 within II 5; path size: 3.
[DEBUG] no available path for DFG node 7 on CGRA node 6 within II 5; path size: 3.
[DEBUG] no available path for DFG node 7 on CGRA node 9 within II 5; path size: 5.
[DEBUG] no available path for DFG node 7 on CGRA node 10 within II 5; path size: 5.
[DEBUG] no available path for DFG node 7 on CGRA node 13 within II 5; path size: 7.
[DEBUG] no available path for DFG node 7 on CGRA node 14 within II 5; path size: 7.
[DEBUG] schedule dfg node[7] onto fu[4] at cycle 5 within II: 5
[DEBUG] setDFGNode 7 onto CGRANode 4 at cycle: 5
[DEBUG] in allocateReg() t_cycle: 4; i: 0 CGRA node: 4; link: 3 duration 1
[DEBUG] done reg allocation
[DEBUG] occupy link[5]-->[4] (bypass:0) dfgNode: 6 at cycle 4
[DEBUG] skip predecessor routing -- dfgNode: 6
[DEBUG] success in schedule()
[DEBUG] no available path for DFG node 10 on CGRA node 1 within II 5; path size: 1.
[DEBUG] no available path for DFG node 10 on CGRA node 2 within II 5; path size: 1.
[DEBUG] no available path for DFG node 10 on CGRA node 5 within II 5; path size: 3.
[DEBUG] no available path for DFG node 10 on CGRA node 6 within II 5; path size: 3.
[DEBUG] no available path for DFG node 10 on CGRA node 9 within II 5; path size: 5.
[DEBUG] no available path for DFG node 10 on CGRA node 10 within II 5; path size: 5.
[DEBUG] no available path for DFG node 10 on CGRA node 13 within II 5; path size: 7.
[DEBUG] no available path for DFG node 10 on CGRA node 14 within II 5; path size: 7.
[DEBUG] schedule dfg node[10] onto fu[11] at cycle 5 within II: 5
[DEBUG] setDFGNode 10 onto CGRANode 11 at cycle: 5
[DEBUG] occupy link[14]-->[10] (bypass:1) dfgNode: 9 at cycle 3
[DEBUG] in allocateReg() t_cycle: 4; i: 0 CGRA node: 11; link: 2 duration 1
[DEBUG] done reg allocation
[DEBUG] occupy link[10]-->[11] (bypass:0) dfgNode: 9 at cycle 4
[DEBUG] skip predecessor routing -- dfgNode: 9
[DEBUG] success in schedule()
[DEBUG] no available path for DFG node 17 on CGRA node 1 within II 5; path size: 1.
[DEBUG] no available path for DFG node 17 on CGRA node 2 within II 5; path size: 1.
[DEBUG] no available path for DFG node 17 on CGRA node 5 within II 5; path size: 3.
[DEBUG] no available path for DFG node 17 on CGRA node 6 within II 5; path size: 3.
[DEBUG] no available path for DFG node 17 on CGRA node 9 within II 5; path size: 5.
[DEBUG] no available path for DFG node 17 on CGRA node 10 within II 5; path size: 5.
[DEBUG] no available path for DFG node 17 on CGRA node 13 within II 5; path size: 7.
[DEBUG] no available path for DFG node 17 on CGRA node 14 within II 5; path size: 7.
[DEBUG] schedule dfg node[17] onto fu[7] at cycle 4 within II: 5
[DEBUG] setDFGNode 17 onto CGRANode 7 at cycle: 4
[DEBUG] in allocateReg() t_cycle: 3; i: 0 CGRA node: 7; link: 2 duration 1
[DEBUG] done reg allocation
[DEBUG] occupy link[6]-->[7] (bypass:0) dfgNode: 16 at cycle 3
[DEBUG] skip predecessor routing -- dfgNode: 16
[DEBUG] success in schedule()
[DEBUG] no available path for DFG node 19 on CGRA node 1 within II 5; path size: 1.
[DEBUG] no available path for DFG node 19 on CGRA node 2 within II 5; path size: 1.
[DEBUG] no available path for DFG node 19 on CGRA node 5 within II 5; path size: 3.
[DEBUG] no available path for DFG node 19 on CGRA node 6 within II 5; path size: 3.
[DEBUG] no available path for DFG node 19 on CGRA node 9 within II 5; path size: 5.
[DEBUG] no available path for DFG node 19 on CGRA node 10 within II 5; path size: 5.
[DEBUG] no available path for DFG node 19 on CGRA node 13 within II 5; path size: 7.
[DEBUG] no available path for DFG node 19 on CGRA node 14 within II 5; path size: 7.
[DEBUG] schedule dfg node[19] onto fu[8] at cycle 5 within II: 5
[DEBUG] setDFGNode 19 onto CGRANode 8 at cycle: 5
[DEBUG] occupy link[10]-->[9] (bypass:1) dfgNode: 18 at cycle 3
[DEBUG] in allocateReg() t_cycle: 4; i: 0 CGRA node: 8; link: 3 duration 1
[DEBUG] done reg allocation
[DEBUG] occupy link[9]-->[8] (bypass:0) dfgNode: 18 at cycle 4
[DEBUG] skip predecessor routing -- dfgNode: 18
[DEBUG] success in schedule()
[DEBUG] schedule dfg node[29] onto fu[6] at cycle 5 within II: 5
[DEBUG] setDFGNode 29 onto CGRANode 6 at cycle: 5
[DEBUG] in allocateReg() t_cycle: 4; i: 0 CGRA node: 6; link: 1 duration 1
[DEBUG] done reg allocation
[DEBUG] occupy link[2]-->[6] (bypass:0) dfgNode: 28 at cycle 4
[DEBUG] skip predecessor routing -- dfgNode: 28
[DEBUG] success in schedule()
[DEBUG] schedule dfg node[34] onto fu[1] at cycle 5 within II: 5
[DEBUG] setDFGNode 34 onto CGRANode 1 at cycle: 5
[DEBUG] in allocateReg() t_cycle: 4; i: 0 CGRA node: 1; link: 3 duration 1
[DEBUG] done reg allocation
[DEBUG] occupy link[2]-->[1] (bypass:0) dfgNode: 28 at cycle 4
[DEBUG] skip predecessor routing -- dfgNode: 28
[DEBUG] success in schedule()
[DEBUG] schedule dfg node[37] onto fu[5] at cycle 6 within II: 5
[DEBUG] setDFGNode 37 onto CGRANode 5 at cycle: 6
[DEBUG] occupy link[2]-->[1] (bypass:1) dfgNode: 28 at cycle 4
[DEBUG] in allocateReg() t_cycle: 5; i: 0 CGRA node: 5; link: 1 duration 1
[DEBUG] done reg allocation
[DEBUG] occupy link[1]-->[5] (bypass:0) dfgNode: 28 at cycle 5
[DEBUG] skip predecessor routing -- dfgNode: 28
[DEBUG] success in schedule()
[DEBUG] schedule dfg node[44] onto fu[9] at cycle 7 within II: 5
[DEBUG] setDFGNode 44 onto CGRANode 9 at cycle: 7
[DEBUG] occupy link[2]-->[1] (bypass:1) dfgNode: 28 at cycle 4
[DEBUG] occupy link[1]-->[5] (bypass:1) dfgNode: 28 at cycle 5
[DEBUG] in allocateReg() t_cycle: 6; i: 0 CGRA node: 9; link: 1 duration 1
[DEBUG] done reg allocation
[DEBUG] occupy link[5]-->[9] (bypass:0) dfgNode: 28 at cycle 6
[DEBUG] skip predecessor routing -- dfgNode: 28
[DEBUG] success in schedule()
[DEBUG] schedule dfg node[46] onto fu[10] at cycle 6 within II: 5
[DEBUG] setDFGNode 46 onto CGRANode 10 at cycle: 6
[DEBUG] occupy link[2]-->[6] (bypass:1) dfgNode: 28 at cycle 4
[DEBUG] in allocateReg() t_cycle: 5; i: 0 CGRA node: 10; link: 1 duration 1
[DEBUG] done reg allocation
[DEBUG] occupy link[6]-->[10] (bypass:0) dfgNode: 28 at cycle 5
[DEBUG] skip predecessor routing -- dfgNode: 28
[DEBUG] success in schedule()
[DEBUG] no available path for DFG node 3 on CGRA node 1 within II 5; path size: 1.
[DEBUG] no available path for DFG node 3 on CGRA node 2 within II 5; path size: 1.
[DEBUG] no available path for DFG node 3 on CGRA node 5 within II 5; path size: 3.
[DEBUG] no available path for DFG node 3 on CGRA node 6 within II 5; path size: 3.
[DEBUG] no available path for DFG node 3 on CGRA node 9 within II 5; path size: 5.
[DEBUG] no available path for DFG node 3 on CGRA node 10 within II 5; path size: 5.
[DEBUG] no available path for DFG node 3 on CGRA node 13 within II 5; path size: 7.
[DEBUG] no available path for DFG node 3 on CGRA node 14 within II 5; path size: 7.
[DEBUG] schedule dfg node[3] onto fu[7] at cycle 6 within II: 5
[DEBUG] setDFGNode 3 onto CGRANode 7 at cycle: 6
[DEBUG] occupy link[10]-->[6] (bypass:1) dfgNode: 2 at cycle 4
[DEBUG] in allocateReg() t_cycle: 5; i: 0 CGRA node: 7; link: 2 duration 1
[DEBUG] done reg allocation
[DEBUG] occupy link[6]-->[7] (bypass:0) dfgNode: 2 at cycle 5
[DEBUG] skip predecessor routing -- dfgNode: 2
[DEBUG] success in schedule()
[DEBUG] no available path for DFG node 5 on CGRA node 1 within II 5; path size: 1.
[DEBUG] no available path for DFG node 5 on CGRA node 2 within II 5; path size: 1.
[DEBUG] no available path for DFG node 5 on CGRA node 5 within II 5; path size: 3.
[DEBUG] no available path for DFG node 5 on CGRA node 6 within II 5; path size: 3.
[DEBUG] no available path for DFG node 5 on CGRA node 9 within II 5; path size: 5.
[DEBUG] no available path for DFG node 5 on CGRA node 10 within II 5; path size: 5.
[DEBUG] no available path for DFG node 5 on CGRA node 13 within II 5; path size: 7.
[DEBUG] no available path for DFG node 5 on CGRA node 14 within II 5; path size: 7.
[DEBUG] schedule dfg node[5] onto fu[11] at cycle 7 within II: 5
[DEBUG] setDFGNode 5 onto CGRANode 11 at cycle: 7
[DEBUG] occupy link[14]-->[10] (bypass:1) dfgNode: 4 at cycle 5
[DEBUG] in allocateReg() t_cycle: 6; i: 0 CGRA node: 11; link: 2 duration 1
[DEBUG] done reg allocation
[DEBUG] occupy link[10]-->[11] (bypass:0) dfgNode: 4 at cycle 6
[DEBUG] skip predecessor routing -- dfgNode: 4
[DEBUG] success in schedule()
[DEBUG] schedule dfg node[30] onto fu[2] at cycle 6 within II: 5
[DEBUG] setDFGNode 30 onto CGRANode 2 at cycle: 6
[DEBUG] in allocateReg() t_cycle: 5; i: 0 CGRA node: 2; link: 0 duration 1
[DEBUG] done reg allocation
[DEBUG] occupy link[6]-->[2] (bypass:0) dfgNode: 29 at cycle 5
[DEBUG] skip predecessor routing -- dfgNode: 29
[DEBUG] success in schedule()
[DEBUG] schedule dfg node[32] onto fu[1] at cycle 7 within II: 5
[DEBUG] setDFGNode 32 onto CGRANode 1 at cycle: 7
[DEBUG] occupy link[6]-->[2] (bypass:1) dfgNode: 29 at cycle 5
[DEBUG] in allocateReg() t_cycle: 6; i: 0 CGRA node: 1; link: 3 duration 1
[DEBUG] done reg allocation
[DEBUG] occupy link[2]-->[1] (bypass:0) dfgNode: 29 at cycle 6
[DEBUG] skip predecessor routing -- dfgNode: 29
[DEBUG] success in schedule()
[DEBUG] no available path for DFG node 35 on CGRA node 1 within II 5; path size: 1.
[DEBUG] no available path for DFG node 35 on CGRA node 2 within II 5; path size: 1.
[DEBUG] no available path for DFG node 35 on CGRA node 5 within II 5; path size: 3.
[DEBUG] no available path for DFG node 35 on CGRA node 6 within II 5; path size: 3.
[DEBUG] no available path for DFG node 35 on CGRA node 9 within II 5; path size: 5.
[DEBUG] no available path for DFG node 35 on CGRA node 10 within II 5; path size: 5.
[DEBUG] no available path for DFG node 35 on CGRA node 13 within II 5; path size: 7.
[DEBUG] no available path for DFG node 35 on CGRA node 14 within II 5; path size: 7.
[DEBUG] schedule dfg node[35] onto fu[4] at cycle 7 within II: 5
[DEBUG] setDFGNode 35 onto CGRANode 4 at cycle: 7
[DEBUG] occupy link[1]-->[0] (bypass:1) dfgNode: 34 at cycle 5
[DEBUG] in allocateReg() t_cycle: 6; i: 0 CGRA node: 4; link: 1 duration 1
[DEBUG] done reg allocation
[DEBUG] occupy link[0]-->[4] (bypass:0) dfgNode: 34 at cycle 6
[DEBUG] skip predecessor routing -- dfgNode: 34
[DEBUG] success in schedule()
[DEBUG] no available path for DFG node 38 on CGRA node 1 within II 5; path size: 1.
[DEBUG] no available path for DFG node 38 on CGRA node 2 within II 5; path size: 1.
[DEBUG] no available path for DFG node 38 on CGRA node 5 within II 5; path size: 3.
[DEBUG] no available path for DFG node 38 on CGRA node 6 within II 5; path size: 3.
[DEBUG] no available path for DFG node 38 on CGRA node 9 within II 5; path size: 5.
[DEBUG] no available path for DFG node 38 on CGRA node 10 within II 5; path size: 5.
[DEBUG] no available path for DFG node 38 on CGRA node 13 within II 5; path size: 7.
[DEBUG] no available path for DFG node 38 on CGRA node 14 within II 5; path size: 7.
[DEBUG] schedule dfg node[38] onto fu[8] at cycle 8 within II: 5
[DEBUG] setDFGNode 38 onto CGRANode 8 at cycle: 8
[DEBUG] occupy link[5]-->[4] (bypass:1) dfgNode: 37 at cycle 6
[DEBUG] in allocateReg() t_cycle: 7; i: 0 CGRA node: 8; link: 1 duration 1
[DEBUG] done reg allocation
[DEBUG] occupy link[4]-->[8] (bypass:0) dfgNode: 37 at cycle 7
[DEBUG] skip predecessor routing -- dfgNode: 37
[DEBUG] success in schedule()
[DEBUG] no available path for DFG node 45 on CGRA node 1 within II 5; path size: 1.
[DEBUG] no available path for DFG node 45 on CGRA node 2 within II 5; path size: 1.
[DEBUG] no available path for DFG node 45 on CGRA node 5 within II 5; path size: 3.
[DEBUG] no available path for DFG node 45 on CGRA node 6 within II 5; path size: 3.
[DEBUG] no available path for DFG node 45 on CGRA node 9 within II 5; path size: 5.
[DEBUG] no available path for DFG node 45 on CGRA node 10 within II 5; path size: 5.
[DEBUG] no available path for DFG node 45 on CGRA node 13 within II 5; path size: 7.
[DEBUG] no available path for DFG node 45 on CGRA node 14 within II 5; path size: 7.
[DEBUG] schedule dfg node[45] onto fu[11] at cycle 9 within II: 5
[DEBUG] setDFGNode 45 onto CGRANode 11 at cycle: 9
[DEBUG] occupy link[9]-->[10] (bypass:1) dfgNode: 44 at cycle 7
[DEBUG] in allocateReg() t_cycle: 8; i: 0 CGRA node: 11; link: 2 duration 1
[DEBUG] done reg allocation
[DEBUG] occupy link[10]-->[11] (bypass:0) dfgNode: 44 at cycle 8
[DEBUG] skip predecessor routing -- dfgNode: 44
[DEBUG] success in schedule()
[DEBUG] no available path for DFG node 47 on CGRA node 1 within II 5; path size: 1.
[DEBUG] no available path for DFG node 47 on CGRA node 2 within II 5; path size: 1.
[DEBUG] no available path for DFG node 47 on CGRA node 5 within II 5; path size: 3.
[DEBUG] no available path for DFG node 47 on CGRA node 6 within II 5; path size: 3.
[DEBUG] no available path for DFG node 47 on CGRA node 9 within II 5; path size: 5.
[DEBUG] no available path for DFG node 47 on CGRA node 10 within II 5; path size: 5.
[DEBUG] no available path for DFG node 47 on CGRA node 13 within II 5; path size: 7.
[DEBUG] no available path for DFG node 47 on CGRA node 14 within II 5; path size: 7.
[DEBUG] schedule dfg node[47] onto fu[15] at cycle 8 within II: 5
[DEBUG] setDFGNode 47 onto CGRANode 15 at cycle: 8
[DEBUG] occupy link[10]-->[14] (bypass:1) dfgNode: 46 at cycle 6
[DEBUG] in allocateReg() t_cycle: 7; i: 0 CGRA node: 15; link: 2 duration 1
[DEBUG] done reg allocation
[DEBUG] occupy link[14]-->[15] (bypass:0) dfgNode: 46 at cycle 7
[DEBUG] skip predecessor routing -- dfgNode: 46
[DEBUG] success in schedule()
[DEBUG] no available path for DFG node 8 on CGRA node 3 within II 5; path size: 3.
[DEBUG] no available path for DFG node 8 on CGRA node 4 within II 5; path size: 3.
[DEBUG] no available path for DFG node 8 on CGRA node 7 within II 5; path size: 5.
[DEBUG] no available path for DFG node 8 on CGRA node 8 within II 5; path size: 5.
[DEBUG] no available path for DFG node 8 on CGRA node 11 within II 5; path size: 7.
[DEBUG] no available path for DFG node 8 on CGRA node 12 within II 5; path size: 7.
[DEBUG] no available path for DFG node 8 on CGRA node 15 within II 5; path size: 9.
[DEBUG] schedule dfg node[8] onto fu[2] at cycle 8 within II: 5
[DEBUG] setDFGNode 8 onto CGRANode 2 at cycle: 8
[DEBUG] occupy link[7]-->[3] (bypass:1) dfgNode: 3 at cycle 6
[DEBUG] in allocateReg() t_cycle: 7; i: 0 CGRA node: 2; link: 3 duration 1
[DEBUG] done reg allocation
[DEBUG] occupy link[3]-->[2] (bypass:0) dfgNode: 3 at cycle 7
[DEBUG] skip predecessor routing -- dfgNode: 3
[DEBUG] tryToRoute -- srcDFGNode: 7, srcCGRANode: 4; dstDFGNode: 8, dstCGRANode: 2; backEdge: 0
[DEBUG] check route size: 4
[DEBUG] occupy link[4]-->[0] (bypass:1) dfgNode: 7 at cycle 5
[DEBUG] occupy link[0]-->[1] (bypass:1) dfgNode: 7 at cycle 6
[DEBUG] reset duration: 1 t_dstCycle: 8 previous: 7 II: 5
[DEBUG] in allocateReg() t_cycle: 7; i: 1 CGRA node: 2; link: 2 duration 1
[DEBUG] done reg allocation
[DEBUG] occupy link[1]-->[2] (bypass:0) dfgNode: 7 at cycle 7
[DEBUG] success in schedule()
[DEBUG] no available path for DFG node 11 on CGRA node 3 within II 5; path size: 3.
[DEBUG] no available path for DFG node 11 on CGRA node 4 within II 5; path size: 3.
[DEBUG] no available path for DFG node 11 on CGRA node 7 within II 5; path size: 5.
[DEBUG] no available path for DFG node 11 on CGRA node 8 within II 5; path size: 5.
[DEBUG] no available path for DFG node 11 on CGRA node 11 within II 5; path size: 7.
[DEBUG] no available path for DFG node 11 on CGRA node 12 within II 5; path size: 7.
[DEBUG] no available path for DFG node 11 on CGRA node 15 within II 5; path size: 9.
[DEBUG] schedule dfg node[11] onto fu[13] at cycle 10 within II: 5
[DEBUG] setDFGNode 11 onto CGRANode 13 at cycle: 10
[DEBUG] occupy link[11]-->[15] (bypass:1) dfgNode: 5 at cycle 7
[DEBUG] occupy link[15]-->[14] (bypass:1) dfgNode: 5 at cycle 8
[DEBUG] in allocateReg() t_cycle: 9; i: 0 CGRA node: 13; link: 3 duration 1
[DEBUG] done reg allocation
[DEBUG] occupy link[14]-->[13] (bypass:0) dfgNode: 5 at cycle 9
[DEBUG] skip predecessor routing -- dfgNode: 5
[DEBUG] tryToRoute -- srcDFGNode: 10, srcCGRANode: 11; dstDFGNode: 11, dstCGRANode: 13; backEdge: 0
[DEBUG] check route size: 4
[DEBUG] occupy link[11]-->[10] (bypass:1) dfgNode: 10 at cycle 5
[DEBUG] occupy link[10]-->[9] (bypass:1) dfgNode: 10 at cycle 6
[DEBUG] reset duration: 3 t_dstCycle: 10 previous: 7 II: 5
[DEBUG] in allocateReg() t_cycle: 7; i: 1 CGRA node: 13; link: 1 duration 3
[DEBUG] done reg allocation
[DEBUG] occupy link[9]-->[13] (bypass:0) dfgNode: 10 at cycle 7
[DEBUG] success in schedule()
[DEBUG] no available path for DFG node 13 on CGRA node 3 within II 5; path size: 3.
[DEBUG] no available path for DFG node 13 on CGRA node 4 within II 5; path size: 3.
[DEBUG] no available path for DFG node 13 on CGRA node 7 within II 5; path size: 5.
[DEBUG] no available path for DFG node 13 on CGRA node 8 within II 5; path size: 5.
[DEBUG] no available path for DFG node 13 on CGRA node 11 within II 5; path size: 7.
[DEBUG] no available path for DFG node 13 on CGRA node 12 within II 5; path size: 7.
[DEBUG] no available path for DFG node 13 on CGRA node 15 within II 5; path size: 9.
[DEBUG] schedule dfg node[13] onto fu[14] at cycle 9 within II: 5
[DEBUG] setDFGNode 13 onto CGRANode 14 at cycle: 9
[DEBUG] occupy link[11]-->[15] (bypass:1) dfgNode: 5 at cycle 7
[DEBUG] in allocateReg() t_cycle: 8; i: 0 CGRA node: 14; link: 3 duration 1
[DEBUG] done reg allocation
[DEBUG] occupy link[15]-->[14] (bypass:0) dfgNode: 5 at cycle 8
[DEBUG] skip predecessor routing -- dfgNode: 5
[DEBUG] tryToRoute -- srcDFGNode: 7, srcCGRANode: 4; dstDFGNode: 13, dstCGRANode: 14; backEdge: 0
[DEBUG] check route size: 5
[DEBUG] occupy link[4]-->[8] (bypass:1) dfgNode: 7 at cycle 5
[DEBUG] occupy link[8]-->[12] (bypass:1) dfgNode: 7 at cycle 6
[DEBUG] occupy link[12]-->[13] (bypass:1) dfgNode: 7 at cycle 7
[DEBUG] reset duration: 1 t_dstCycle: 9 previous: 8 II: 5
[DEBUG] in allocateReg() t_cycle: 8; i: 1 CGRA node: 14; link: 2 duration 1
[DEBUG] done reg allocation
[DEBUG] occupy link[13]-->[14] (bypass:0) dfgNode: 7 at cycle 8
[DEBUG] success in schedule()
[DEBUG] no available path for DFG node 14 on CGRA node 3 within II 5; path size: 3.
[DEBUG] no available path for DFG node 14 on CGRA node 4 within II 5; path size: 3.
[DEBUG] no available path for DFG node 14 on CGRA node 7 within II 5; path size: 5.
[DEBUG] no available path for DFG node 14 on CGRA node 8 within II 5; path size: 5.
[DEBUG] no available path for DFG node 14 on CGRA node 11 within II 5; path size: 7.
[DEBUG] no available path for DFG node 14 on CGRA node 12 within II 5; path size: 7.
[DEBUG] no available path for DFG node 14 on CGRA node 15 within II 5; path size: 9.
[DEBUG] schedule dfg node[14] onto fu[6] at cycle 7 within II: 5
[DEBUG] setDFGNode 14 onto CGRANode 6 at cycle: 7
[DEBUG] in allocateReg() t_cycle: 6; i: 0 CGRA node: 6; link: 3 duration 1
[DEBUG] done reg allocation
[DEBUG] occupy link[7]-->[6] (bypass:0) dfgNode: 3 at cycle 6
[DEBUG] skip predecessor routing -- dfgNode: 3
[DEBUG] tryToRoute -- srcDFGNode: 10, srcCGRANode: 11; dstDFGNode: 14, dstCGRANode: 6; backEdge: 0
[DEBUG] check route size: 3
[DEBUG] occupy link[11]-->[10] (bypass:1) dfgNode: 10 at cycle 5
[DEBUG] reset duration: 1 t_dstCycle: 7 previous: 6 II: 5
[DEBUG] in allocateReg() t_cycle: 6; i: 1 CGRA node: 6; link: 0 duration 1
[DEBUG] done reg allocation
[DEBUG] occupy link[10]-->[6] (bypass:0) dfgNode: 10 at cycle 6
[DEBUG] success in schedule()
[DEBUG] no available path for DFG node 31 on CGRA node 1 within II 5; path size: 1.
[DEBUG] no available path for DFG node 31 on CGRA node 2 within II 5; path size: 1.
[DEBUG] no available path for DFG node 31 on CGRA node 5 within II 5; path size: 3.
[DEBUG] no available path for DFG node 31 on CGRA node 6 within II 5; path size: 3.
[DEBUG] no available path for DFG node 31 on CGRA node 9 within II 5; path size: 5.
[DEBUG] no available path for DFG node 31 on CGRA node 10 within II 5; path size: 5.
[DEBUG] no available path for DFG node 31 on CGRA node 13 within II 5; path size: 7.
[DEBUG] no available path for DFG node 31 on CGRA node 14 within II 5; path size: 7.
[DEBUG] schedule dfg node[31] onto fu[3] at cycle 7 within II: 5
[DEBUG] setDFGNode 31 onto CGRANode 3 at cycle: 7
[DEBUG] in allocateReg() t_cycle: 6; i: 0 CGRA node: 3; link: 2 duration 1
[DEBUG] done reg allocation
[DEBUG] occupy link[2]-->[3] (bypass:0) dfgNode: 30 at cycle 6
[DEBUG] skip predecessor routing -- dfgNode: 30
[DEBUG] success in schedule()
[DEBUG] no available path for DFG node 33 on CGRA node 1 within II 5; path size: 1.
[DEBUG] no available path for DFG node 33 on CGRA node 2 within II 5; path size: 1.
[DEBUG] no available path for DFG node 33 on CGRA node 5 within II 5; path size: 3.
[DEBUG] no available path for DFG node 33 on CGRA node 6 within II 5; path size: 3.
[DEBUG] no available path for DFG node 33 on CGRA node 9 within II 5; path size: 5.
[DEBUG] no available path for DFG node 33 on CGRA node 10 within II 5; path size: 5.
[DEBUG] no available path for DFG node 33 on CGRA node 13 within II 5; path size: 7.
[DEBUG] no available path for DFG node 33 on CGRA node 14 within II 5; path size: 7.
[DEBUG] schedule dfg node[33] onto fu[0] at cycle 8 within II: 5
[DEBUG] setDFGNode 33 onto CGRANode 0 at cycle: 8
[DEBUG] in allocateReg() t_cycle: 7; i: 0 CGRA node: 0; link: 3 duration 1
[DEBUG] done reg allocation
[DEBUG] occupy link[1]-->[0] (bypass:0) dfgNode: 32 at cycle 7
[DEBUG] skip predecessor routing -- dfgNode: 32
[DEBUG] success in schedule()
[DEBUG] schedule dfg node[12] onto fu[9] at cycle 11 within II: 5
[DEBUG] setDFGNode 12 onto CGRANode 9 at cycle: 11
[DEBUG] occupy link[2]-->[1] (bypass:1) dfgNode: 8 at cycle 8
[DEBUG] occupy link[1]-->[5] (bypass:1) dfgNode: 8 at cycle 9
[DEBUG] in allocateReg() t_cycle: 10; i: 0 CGRA node: 9; link: 1 duration 1
[DEBUG] done reg allocation
[DEBUG] occupy link[5]-->[9] (bypass:0) dfgNode: 8 at cycle 10
[DEBUG] skip predecessor routing -- dfgNode: 8
[DEBUG] tryToRoute -- srcDFGNode: 11, srcCGRANode: 13; dstDFGNode: 12, dstCGRANode: 9; backEdge: 0
[DEBUG] check route size: 2
[DEBUG] reset duration: 1 t_dstCycle: 11 previous: 10 II: 5
[DEBUG] in allocateReg() t_cycle: 10; i: 1 CGRA node: 9; link: 0 duration 1
[DEBUG] done reg allocation
[DEBUG] occupy link[13]-->[9] (bypass:0) dfgNode: 11 at cycle 10
[DEBUG] success in schedule()
[DEBUG] schedule dfg node[15] onto fu[10] at cycle 10 within II: 5
[DEBUG] setDFGNode 15 onto CGRANode 10 at cycle: 10
[DEBUG] in allocateReg() t_cycle: 9; i: 0 CGRA node: 10; link: 0 duration 1
[DEBUG] done reg allocation
[DEBUG] occupy link[14]-->[10] (bypass:0) dfgNode: 13 at cycle 9
[DEBUG] skip predecessor routing -- dfgNode: 13
[DEBUG] tryToRoute -- srcDFGNode: 14, srcCGRANode: 6; dstDFGNode: 15, dstCGRANode: 10; backEdge: 0
[DEBUG] check route size: 2
[DEBUG] reset duration: 3 t_dstCycle: 10 previous: 7 II: 5
[DEBUG] in allocateReg() t_cycle: 7; i: 1 CGRA node: 10; link: 1 duration 3
[DEBUG] done reg allocation
[DEBUG] occupy link[6]-->[10] (bypass:0) dfgNode: 14 at cycle 7
[DEBUG] success in schedule()
[DEBUG] no available path for DFG node 36 on CGRA node 3 within II 5; path size: 3.
[DEBUG] no available path for DFG node 36 on CGRA node 4 within II 5; path size: 3.
[DEBUG] no available path for DFG node 36 on CGRA node 7 within II 5; path size: 5.
[DEBUG] no available path for DFG node 36 on CGRA node 8 within II 5; path size: 5.
[DEBUG] no available path for DFG node 36 on CGRA node 10 within II 5; path size: 6.
[DEBUG] no available path for DFG node 36 on CGRA node 11 within II 5; path size: 6.
[DEBUG] no available path for DFG node 36 on CGRA node 12 within II 5; path size: 6.
[DEBUG] no available path for DFG node 36 on CGRA node 15 within II 5; path size: 8.
[DEBUG] schedule dfg node[36] onto fu[6] at cycle 9 within II: 5
[DEBUG] setDFGNode 36 onto CGRANode 6 at cycle: 9
[DEBUG] occupy link[3]-->[7] (bypass:1) dfgNode: 31 at cycle 7
[DEBUG] in allocateReg() t_cycle: 8; i: 0 CGRA node: 6; link: 3 duration 1
[DEBUG] done reg allocation
[DEBUG] occupy link[7]-->[6] (bypass:0) dfgNode: 31 at cycle 8
[DEBUG] skip predecessor routing -- dfgNode: 31
[DEBUG] tryToRoute -- srcDFGNode: 35, srcCGRANode: 4; dstDFGNode: 36, dstCGRANode: 6; backEdge: 0
[DEBUG] check route size: 3
[DEBUG] occupy link[4]-->[5] (bypass:1) dfgNode: 35 at cycle 7
[DEBUG] reset duration: 1 t_dstCycle: 9 previous: 8 II: 5
[DEBUG] in allocateReg() t_cycle: 8; i: 1 CGRA node: 6; link: 2 duration 1
[DEBUG] done reg allocation
[DEBUG] occupy link[5]-->[6] (bypass:0) dfgNode: 35 at cycle 8
[DEBUG] success in schedule()
[DEBUG] no available path for DFG node 39 on CGRA node 3 within II 5; path size: 3.
[DEBUG] no available path for DFG node 39 on CGRA node 4 within II 5; path size: 3.
[DEBUG] no available path for DFG node 39 on CGRA node 6 within II 5; path size: 4.
[DEBUG] no available path for DFG node 39 on CGRA node 7 within II 5; path size: 4.
[DEBUG] no available path for DFG node 39 on CGRA node 8 within II 5; path size: 4.
[DEBUG] no available path for DFG node 39 on CGRA node 10 within II 5; path size: 5.
[DEBUG] no available path for DFG node 39 on CGRA node 11 within II 5; path size: 5.
[DEBUG] no available path for DFG node 39 on CGRA node 12 within II 5; path size: 5.
[DEBUG] no available path for DFG node 39 on CGRA node 15 within II 5; path size: 7.
[DEBUG] schedule dfg node[39] onto fu[1] at cycle 11 within II: 5
[DEBUG] setDFGNode 39 onto CGRANode 1 at cycle: 11
[DEBUG] occupy link[8]-->[4] (bypass:1) dfgNode: 38 at cycle 8
[DEBUG] occupy link[4]-->[0] (bypass:1) dfgNode: 38 at cycle 9
[DEBUG] in allocateReg() t_cycle: 10; i: 0 CGRA node: 1; link: 2 duration 1
[DEBUG] done reg allocation
[DEBUG] occupy link[0]-->[1] (bypass:0) dfgNode: 38 at cycle 10
[DEBUG] tryToRoute -- srcDFGNode: 33, srcCGRANode: 0; dstDFGNode: 39, dstCGRANode: 1; backEdge: 0
[DEBUG] check route size: 2
[DEBUG] reset duration: 3 t_dstCycle: 11 previous: 8 II: 5
[DEBUG] in allocateReg() t_cycle: 8; i: 1 CGRA node: 1; link: 2 duration 3
[DEBUG] done reg allocation
[DEBUG] occupy link[0]-->[1] (bypass:0) dfgNode: 33 at cycle 8
[DEBUG] skip predecessor routing -- dfgNode: 38
[DEBUG] success in schedule()
[DEBUG] no available path for DFG node 41 on CGRA node 3 within II 5; path size: 3.
[DEBUG] no available path for DFG node 41 on CGRA node 4 within II 5; path size: 3.
[DEBUG] no available path for DFG node 41 on CGRA node 6 within II 5; path size: 4.
[DEBUG] no available path for DFG node 41 on CGRA node 7 within II 5; path size: 4.
[DEBUG] no available path for DFG node 41 on CGRA node 8 within II 5; path size: 4.
[DEBUG] no available path for DFG node 41 on CGRA node 10 within II 5; path size: 5.
[DEBUG] no available path for DFG node 41 on CGRA node 11 within II 5; path size: 5.
[DEBUG] no available path for DFG node 41 on CGRA node 12 within II 5; path size: 5.
[DEBUG] no available path for DFG node 41 on CGRA node 15 within II 5; path size: 7.
[DEBUG] schedule dfg node[41] onto fu[1] at cycle 9 within II: 5
[DEBUG] setDFGNode 41 onto CGRANode 1 at cycle: 9
[DEBUG] in allocateReg() t_cycle: 8; i: 0 CGRA node: 1; link: 2 duration 1
[DEBUG] done reg allocation
[DEBUG] occupy link[0]-->[1] (bypass:0) dfgNode: 33 at cycle 8
[DEBUG] skip predecessor routing -- dfgNode: 33
[DEBUG] tryToRoute -- srcDFGNode: 35, srcCGRANode: 4; dstDFGNode: 41, dstCGRANode: 1; backEdge: 0
[DEBUG] check route size: 3
[DEBUG] occupy link[4]-->[5] (bypass:1) dfgNode: 35 at cycle 7
[DEBUG] reset duration: 1 t_dstCycle: 9 previous: 8 II: 5
[DEBUG] in allocateReg() t_cycle: 8; i: 2 CGRA node: 1; link: 0 duration 1
[DEBUG] done reg allocation
[DEBUG] occupy link[5]-->[1] (bypass:0) dfgNode: 35 at cycle 8
[DEBUG] success in schedule()
[DEBUG] no available path for DFG node 42 on CGRA node 3 within II 5; path size: 3.
[DEBUG] no available path for DFG node 42 on CGRA node 4 within II 5; path size: 3.
[DEBUG] no available path for DFG node 42 on CGRA node 6 within II 5; path size: 4.
[DEBUG] no available path for DFG node 42 on CGRA node 7 within II 5; path size: 4.
[DEBUG] no available path for DFG node 42 on CGRA node 8 within II 5; path size: 4.
[DEBUG] no available path for DFG node 42 on CGRA node 10 within II 5; path size: 5.
[DEBUG] no available path for DFG node 42 on CGRA node 11 within II 5; path size: 5.
[DEBUG] no available path for DFG node 42 on CGRA node 12 within II 5; path size: 5.
[DEBUG] no available path for DFG node 42 on CGRA node 15 within II 5; path size: 7.
[DEBUG] schedule dfg node[42] onto fu[13] at cycle 12 within II: 5
[DEBUG] setDFGNode 42 onto CGRANode 13 at cycle: 12
[DEBUG] occupy link[3]-->[7] (bypass:1) dfgNode: 31 at cycle 7
[DEBUG] occupy link[7]-->[6] (bypass:1) dfgNode: 31 at cycle 8
[DEBUG] occupy link[6]-->[10] (bypass:1) dfgNode: 31 at cycle 9
[DEBUG] occupy link[10]-->[9] (bypass:1) dfgNode: 31 at cycle 10
[DEBUG] in allocateReg() t_cycle: 11; i: 0 CGRA node: 13; link: 1 duration 1
[DEBUG] done reg allocation
[DEBUG] occupy link[9]-->[13] (bypass:0) dfgNode: 31 at cycle 11
[DEBUG] skip predecessor routing -- dfgNode: 31
[DEBUG] tryToRoute -- srcDFGNode: 38, srcCGRANode: 8; dstDFGNode: 42, dstCGRANode: 13; backEdge: 0
[DEBUG] check route size: 3
[DEBUG] occupy link[8]-->[9] (bypass:1) dfgNode: 38 at cycle 8
[DEBUG] reset duration: 3 t_dstCycle: 12 previous: 9 II: 5
[DEBUG] in allocateReg() t_cycle: 9; i: 2 CGRA node: 13; link: 1 duration 3
[DEBUG] done reg allocation
[DEBUG] occupy link[9]-->[13] (bypass:0) dfgNode: 38 at cycle 9
[DEBUG] success in schedule()
[DEBUG] no available path for DFG node 20 on CGRA node 6 within II 5; path size: 6.
[DEBUG] no available path for DFG node 20 on CGRA node 10 within II 5; path size: 9.
[DEBUG] schedule dfg node[20] onto fu[5] at cycle 12 within II: 5
[DEBUG] setDFGNode 20 onto CGRANode 5 at cycle: 12
[DEBUG] in allocateReg() t_cycle: 11; i: 0 CGRA node: 5; link: 0 duration 1
[DEBUG] done reg allocation
[DEBUG] occupy link[9]-->[5] (bypass:0) dfgNode: 12 at cycle 11
[DEBUG] tryToRoute -- srcDFGNode: 17, srcCGRANode: 7; dstDFGNode: 20, dstCGRANode: 5; backEdge: 0
[DEBUG] check route size: 3
[DEBUG] occupy link[7]-->[6] (bypass:1) dfgNode: 17 at cycle 4
[DEBUG] reset duration: 2 t_dstCycle: 12 previous: 5 II: 5
[DEBUG] in allocateReg() t_cycle: 5; i: 1 CGRA node: 5; link: 3 duration 2
[DEBUG] done reg allocation
[DEBUG] occupy link[6]-->[5] (bypass:0) dfgNode: 17 at cycle 5
[DEBUG] skip predecessor routing -- dfgNode: 12
[DEBUG] success in schedule()
[DEBUG] no available path for DFG node 22 on CGRA node 6 within II 5; path size: 6.
[DEBUG] no available path for DFG node 22 on CGRA node 10 within II 5; path size: 9.
[DEBUG] schedule dfg node[22] onto fu[12] at cycle 13 within II: 5
[DEBUG] setDFGNode 22 onto CGRANode 12 at cycle: 13
[DEBUG] occupy link[10]-->[14] (bypass:1) dfgNode: 15 at cycle 10
[DEBUG] occupy link[14]-->[13] (bypass:1) dfgNode: 15 at cycle 11
[DEBUG] in allocateReg() t_cycle: 12; i: 0 CGRA node: 12; link: 3 duration 1
[DEBUG] done reg allocation
[DEBUG] occupy link[13]-->[12] (bypass:0) dfgNode: 15 at cycle 12
[DEBUG] tryToRoute -- srcDFGNode: 19, srcCGRANode: 8; dstDFGNode: 22, dstCGRANode: 12; backEdge: 0
[DEBUG] check route size: 2
[DEBUG] reset duration: 3 t_dstCycle: 13 previous: 5 II: 5
[DEBUG] in allocateReg() t_cycle: 5; i: 1 CGRA node: 12; link: 1 duration 3
[DEBUG] done reg allocation
[DEBUG] occupy link[8]-->[12] (bypass:0) dfgNode: 19 at cycle 5
[DEBUG] skip predecessor routing -- dfgNode: 15
[DEBUG] success in schedule()
[DEBUG] no available path for DFG node 24 on CGRA node 6 within II 5; path size: 6.
[DEBUG] no available path for DFG node 24 on CGRA node 10 within II 5; path size: 9.
[DEBUG] schedule dfg node[24] onto fu[8] at cycle 12 within II: 5
[DEBUG] setDFGNode 24 onto CGRANode 8 at cycle: 12
[DEBUG] in allocateReg() t_cycle: 11; i: 0 CGRA node: 8; link: 3 duration 1
[DEBUG] done reg allocation
[DEBUG] occupy link[9]-->[8] (bypass:0) dfgNode: 12 at cycle 11
[DEBUG] tryToRoute -- srcDFGNode: 17, srcCGRANode: 7; dstDFGNode: 24, dstCGRANode: 8; backEdge: 0
[DEBUG] check route size: 5
[DEBUG] occupy link[7]-->[6] (bypass:1) dfgNode: 17 at cycle 4
[DEBUG] occupy link[6]-->[5] (bypass:1) dfgNode: 17 at cycle 5
[DEBUG] reset duration: 1 t_dstCycle: 12 previous: 6 II: 5
[DEBUG] in allocateReg() t_cycle: 6; i: 1 CGRA node: 9; link: 1 duration 1
[DEBUG] done reg allocation
[DEBUG] occupy link[5]-->[9] (bypass:0) dfgNode: 17 at cycle 6
[DEBUG] reset duration: 4 t_dstCycle: 12 previous: 8 II: 5
[DEBUG] in allocateReg() t_cycle: 8; i: 1 CGRA node: 8; link: 3 duration 4
[DEBUG] done reg allocation
[DEBUG] occupy link[9]-->[8] (bypass:0) dfgNode: 17 at cycle 8
[DEBUG] skip predecessor routing -- dfgNode: 12
[DEBUG] success in schedule()
[DEBUG] no available path for DFG node 26 on CGRA node 6 within II 5; path size: 6.
[DEBUG] no available path for DFG node 26 on CGRA node 10 within II 5; path size: 9.
[DEBUG] schedule dfg node[26] onto fu[15] at cycle 12 within II: 5
[DEBUG] setDFGNode 26 onto CGRANode 15 at cycle: 12
[DEBUG] occupy link[10]-->[14] (bypass:1) dfgNode: 15 at cycle 10
[DEBUG] in allocateReg() t_cycle: 11; i: 0 CGRA node: 15; link: 2 duration 1
[DEBUG] done reg allocation
[DEBUG] occupy link[14]-->[15] (bypass:0) dfgNode: 15 at cycle 11
[DEBUG] tryToRoute -- srcDFGNode: 19, srcCGRANode: 8; dstDFGNode: 26, dstCGRANode: 15; backEdge: 0
[DEBUG] check route size: 5
[DEBUG] occupy link[8]-->[12] (bypass:1) dfgNode: 19 at cycle 5
[DEBUG] occupy link[12]-->[13] (bypass:1) dfgNode: 19 at cycle 6
[DEBUG] occupy link[13]-->[14] (bypass:1) dfgNode: 19 at cycle 7
[DEBUG] reset duration: 4 t_dstCycle: 12 previous: 8 II: 5
[DEBUG] in allocateReg() t_cycle: 8; i: 1 CGRA node: 15; link: 2 duration 4
[DEBUG] done reg allocation
[DEBUG] occupy link[14]-->[15] (bypass:0) dfgNode: 19 at cycle 8
[DEBUG] skip predecessor routing -- dfgNode: 15
[DEBUG] success in schedule()
[DEBUG] no available path for DFG node 40 on CGRA node 6 within II 5; path size: 6.
[DEBUG] no available path for DFG node 40 on CGRA node 10 within II 5; path size: 9.
[DEBUG] schedule dfg node[40] onto fu[5] at cycle 13 within II: 5
[DEBUG] setDFGNode 40 onto CGRANode 5 at cycle: 13
[DEBUG] in allocateReg() t_cycle: 9; i: 2 CGRA node: 5; link: 3 duration 4
[DEBUG] done reg allocation
[DEBUG] occupy link[6]-->[5] (bypass:0) dfgNode: 36 at cycle 9
[DEBUG] skip predecessor routing -- dfgNode: 36
[DEBUG] tryToRoute -- srcDFGNode: 39, srcCGRANode: 1; dstDFGNode: 40, dstCGRANode: 5; backEdge: 0
[DEBUG] check route size: 2
[DEBUG] reset duration: 2 t_dstCycle: 13 previous: 11 II: 5
[DEBUG] in allocateReg() t_cycle: 11; i: 3 CGRA node: 5; link: 1 duration 2
[DEBUG] done reg allocation
[DEBUG] occupy link[1]-->[5] (bypass:0) dfgNode: 39 at cycle 11
[DEBUG] success in schedule()
[DEBUG] no available path for DFG node 43 on CGRA node 5 within II 5; path size: 5.
[DEBUG] no available path for DFG node 43 on CGRA node 6 within II 5; path size: 5.
[DEBUG] no available path for DFG node 43 on CGRA node 10 within II 5; path size: 8.
[DEBUG] schedule dfg node[43] onto fu[9] at cycle 14 within II: 5
[DEBUG] setDFGNode 43 onto CGRANode 9 at cycle: 14
[DEBUG] occupy link[1]-->[0] (bypass:1) dfgNode: 41 at cycle 9
[DEBUG] occupy link[0]-->[4] (bypass:1) dfgNode: 41 at cycle 10
[DEBUG] occupy link[4]-->[5] (bypass:1) dfgNode: 41 at cycle 11
[DEBUG] in allocateReg() t_cycle: 12; i: 1 CGRA node: 9; link: 1 duration 2
[DEBUG] done reg allocation
[DEBUG] occupy link[5]-->[9] (bypass:0) dfgNode: 41 at cycle 12
[DEBUG] skip predecessor routing -- dfgNode: 41
[DEBUG] tryToRoute -- srcDFGNode: 42, srcCGRANode: 13; dstDFGNode: 43, dstCGRANode: 9; backEdge: 0
[DEBUG] check route size: 2
[DEBUG] reset duration: 2 t_dstCycle: 14 previous: 12 II: 5
[DEBUG] in allocateReg() t_cycle: 12; i: 2 CGRA node: 9; link: 0 duration 2
[DEBUG] done reg allocation
[DEBUG] occupy link[13]-->[9] (bypass:0) dfgNode: 42 at cycle 12
[DEBUG] success in schedule()
[DEBUG] no available path for DFG node 21 on CGRA node 1 within II 5; path size: 1.
[DEBUG] no available path for DFG node 21 on CGRA node 2 within II 5; path size: 1.
[DEBUG] no available path for DFG node 21 on CGRA node 5 within II 5; path size: 3.
[DEBUG] no available path for DFG node 21 on CGRA node 6 within II 5; path size: 3.
[DEBUG] no available path for DFG node 21 on CGRA node 9 within II 5; path size: 5.
[DEBUG] no available path for DFG node 21 on CGRA node 10 within II 5; path size: 5.
[DEBUG] no available path for DFG node 21 on CGRA node 13 within II 5; path size: 7.
[DEBUG] no available path for DFG node 21 on CGRA node 14 within II 5; path size: 7.
[DEBUG] schedule dfg node[21] onto fu[4] at cycle 13 within II: 5
[DEBUG] setDFGNode 21 onto CGRANode 4 at cycle: 13
[DEBUG] in allocateReg() t_cycle: 12; i: 0 CGRA node: 4; link: 3 duration 1
[DEBUG] done reg allocation
[DEBUG] occupy link[5]-->[4] (bypass:0) dfgNode: 20 at cycle 12
[DEBUG] skip predecessor routing -- dfgNode: 20
[DEBUG] tryToRoute -- srcDFGNode: 16, srcCGRANode: 6; dstDFGNode: 21, dstCGRANode: 4; backEdge: 0
[DEBUG] check route size: 9
[DEBUG] occupy link[6]-->[7] (bypass:1) dfgNode: 16 at cycle 3
[DEBUG] occupy link[7]-->[11] (bypass:1) dfgNode: 16 at cycle 4
[DEBUG] occupy link[11]-->[15] (bypass:1) dfgNode: 16 at cycle 5
[DEBUG] occupy link[15]-->[14] (bypass:1) dfgNode: 16 at cycle 6
[DEBUG] occupy link[14]-->[13] (bypass:1) dfgNode: 16 at cycle 7
[DEBUG] occupy link[13]-->[12] (bypass:1) dfgNode: 16 at cycle 8
[DEBUG] occupy link[12]-->[8] (bypass:1) dfgNode: 16 at cycle 9
[DEBUG] reset duration: 3 t_dstCycle: 13 previous: 10 II: 5
[DEBUG] in allocateReg() t_cycle: 10; i: 1 CGRA node: 4; link: 0 duration 3
[DEBUG] done reg allocation
[DEBUG] occupy link[8]-->[4] (bypass:0) dfgNode: 16 at cycle 10
[DEBUG] success in schedule()
[DEBUG] no available path for DFG node 23 on CGRA node 1 within II 5; path size: 1.
[DEBUG] no available path for DFG node 23 on CGRA node 2 within II 5; path size: 1.
[DEBUG] no available path for DFG node 23 on CGRA node 5 within II 5; path size: 3.
[DEBUG] no available path for DFG node 23 on CGRA node 6 within II 5; path size: 3.
[DEBUG] no available path for DFG node 23 on CGRA node 9 within II 5; path size: 5.
[DEBUG] no available path for DFG node 23 on CGRA node 10 within II 5; path size: 5.
[DEBUG] no available path for DFG node 23 on CGRA node 13 within II 5; path size: 7.
[DEBUG] no available path for DFG node 23 on CGRA node 14 within II 5; path size: 7.
[DEBUG] schedule dfg node[23] onto fu[12] at cycle 14 within II: 5
[DEBUG] setDFGNode 23 onto CGRANode 12 at cycle: 14
[DEBUG] tryToRoute -- srcDFGNode: 22, srcCGRANode: 12; dstDFGNode: 23, dstCGRANode: 12; backEdge: 0
[DEBUG] check route size: 1
[DEBUG] allocate for local reg maintain... duration=1 last cycle: 13
[DEBUG] in allocateReg() t_cycle: 13; i: 0 CGRA node: 12; link: 4 duration 1
[DEBUG] done reg allocation
[DEBUG] tryToRoute -- srcDFGNode: 18, srcCGRANode: 10; dstDFGNode: 23, dstCGRANode: 12; backEdge: 0
[DEBUG] check route size: 4
[DEBUG] occupy link[10]-->[9] (bypass:1) dfgNode: 18 at cycle 3
[DEBUG] reset duration: 0 t_dstCycle: 14 previous: 4 II: 5
[DEBUG] reset duration is 0...
[DEBUG] in allocateReg() t_cycle: 4; i: 3 CGRA node: 13; link: 1 duration 5
[DEBUG] done reg allocation
[DEBUG] occupy link[9]-->[13] (bypass:0) dfgNode: 18 at cycle 4
[DEBUG] reset duration: 3 t_dstCycle: 14 previous: 6 II: 5
[DEBUG] in allocateReg() t_cycle: 6; i: 2 CGRA node: 12; link: 3 duration 3
[DEBUG] done reg allocation
[DEBUG] occupy link[13]-->[12] (bypass:0) dfgNode: 18 at cycle 6
[DEBUG] success in schedule()
[DEBUG] no available path for DFG node 25 on CGRA node 1 within II 5; path size: 1.
[DEBUG] no available path for DFG node 25 on CGRA node 2 within II 5; path size: 1.
[DEBUG] no available path for DFG node 25 on CGRA node 5 within II 5; path size: 3.
[DEBUG] no available path for DFG node 25 on CGRA node 6 within II 5; path size: 3.
[DEBUG] no available path for DFG node 25 on CGRA node 9 within II 5; path size: 5.
[DEBUG] no available path for DFG node 25 on CGRA node 10 within II 5; path size: 5.
[DEBUG] no available path for DFG node 25 on CGRA node 13 within II 5; path size: 7.
[DEBUG] no available path for DFG node 25 on CGRA node 14 within II 5; path size: 7.
[DEBUG] schedule dfg node[25] onto fu[0] at cycle 14 within II: 5
[DEBUG] setDFGNode 25 onto CGRANode 0 at cycle: 14
[DEBUG] occupy link[8]-->[4] (bypass:1) dfgNode: 24 at cycle 12
[DEBUG] in allocateReg() t_cycle: 13; i: 0 CGRA node: 0; link: 0 duration 1
[DEBUG] done reg allocation
[DEBUG] occupy link[4]-->[0] (bypass:0) dfgNode: 24 at cycle 13
[DEBUG] skip predecessor routing -- dfgNode: 24
[DEBUG] tryToRoute -- srcDFGNode: 2, srcCGRANode: 10; dstDFGNode: 25, dstCGRANode: 0; backEdge: 0
[DEBUG] check route size: 7
[DEBUG] occupy link[10]-->[6] (bypass:1) dfgNode: 2 at cycle 4
[DEBUG] reset duration: 4 t_dstCycle: 14 previous: 5 II: 5
[DEBUG] in allocateReg() t_cycle: 5; i: 4 CGRA node: 5; link: 3 duration 4
[DEBUG] done reg allocation
[DEBUG] occupy link[6]-->[5] (bypass:0) dfgNode: 2 at cycle 5
[DEBUG] reset duration: 2 t_dstCycle: 14 previous: 7 II: 5
[DEBUG] in allocateReg() t_cycle: 7; i: 3 CGRA node: 9; link: 1 duration 2
[DEBUG] done reg allocation
[DEBUG] occupy link[5]-->[9] (bypass:0) dfgNode: 2 at cycle 7
[DEBUG] reset duration: 0 t_dstCycle: 14 previous: 9 II: 5
[DEBUG] reset duration is 0...
[DEBUG] in allocateReg() t_cycle: 9; i: 2 CGRA node: 8; link: 3 duration 5
[DEBUG] done reg allocation
[DEBUG] occupy link[9]-->[8] (bypass:0) dfgNode: 2 at cycle 9
[DEBUG] occupy link[8]-->[4] (bypass:1) dfgNode: 2 at cycle 11
[DEBUG] reset duration: 2 t_dstCycle: 14 previous: 12 II: 5
[DEBUG] in allocateReg() t_cycle: 12; i: 1 CGRA node: 0; link: 0 duration 2
[DEBUG] done reg allocation
[DEBUG] occupy link[4]-->[0] (bypass:0) dfgNode: 2 at cycle 12
[DEBUG] success in schedule()
[DEBUG] no available path for DFG node 27 on CGRA node 1 within II 5; path size: 1.
[DEBUG] no available path for DFG node 27 on CGRA node 2 within II 5; path size: 1.
[DEBUG] no available path for DFG node 27 on CGRA node 5 within II 5; path size: 3.
[DEBUG] no available path for DFG node 27 on CGRA node 6 within II 5; path size: 3.
[DEBUG] no available path for DFG node 27 on CGRA node 9 within II 5; path size: 5.
[DEBUG] no available path for DFG node 27 on CGRA node 10 within II 5; path size: 5.
[DEBUG] no available path for DFG node 27 on CGRA node 13 within II 5; path size: 7.
[DEBUG] no available path for DFG node 27 on CGRA node 14 within II 5; path size: 7.
[DEBUG] schedule dfg node[27] onto fu[0] at cycle 0 within II: 5
[DEBUG] setDFGNode 27 onto CGRANode 0 at cycle: 0
[DEBUG] tryToRoute -- srcDFGNode: 26, srcCGRANode: 15; dstDFGNode: 27, dstCGRANode: 0; backEdge: 0
[DEBUG] cannot route due to a path cannot be constructed
DEBUG target DFG node: 27 on fu: 0 failed, mapped pred DFG node: 26; return false
[DEBUG] fail1 in schedule() II: 5
[DEBUG] the failed path -- cycle: 0 CGRANode: 0
----------------------------------------
[DEBUG] start heuristic algorithm with II=6
[DEBUG] schedule dfg node[57] onto fu[9] at cycle 0 within II: 6
[DEBUG] setDFGNode 57 onto CGRANode 9 at cycle: 0
[DEBUG] success in schedule()
[DEBUG] schedule dfg node[58] onto fu[5] at cycle 1 within II: 6
[DEBUG] setDFGNode 58 onto CGRANode 5 at cycle: 1
[DEBUG] in allocateReg() t_cycle: 0; i: 0 CGRA node: 5; link: 0 duration 1
[DEBUG] done reg allocation
[DEBUG] occupy link[9]-->[5] (bypass:0) dfgNode: 57 at cycle 0
[DEBUG] skip predecessor routing -- dfgNode: 57
[DEBUG] success in schedule()
[DEBUG] schedule dfg node[0] onto fu[6] at cycle 2 within II: 6
[DEBUG] setDFGNode 0 onto CGRANode 6 at cycle: 2
[DEBUG] in allocateReg() t_cycle: 1; i: 0 CGRA node: 6; link: 2 duration 1
[DEBUG] done reg allocation
[DEBUG] occupy link[5]-->[6] (bypass:0) dfgNode: 58 at cycle 1
[DEBUG] skip predecessor routing -- dfgNode: 58
[DEBUG] in shareSameCycle is true: node 0
[DEBUG] tryToRoute -- srcDFGNode: 0, srcCGRANode: 6; dstDFGNode: 57, dstCGRANode: 9; backEdge: 1
[DEBUG] in shareSameCycle is true: node 57
[DEBUG] check route size: 3
[DEBUG] occupy link[6]-->[5] (bypass:1) dfgNode: 0 at cycle 2
[DEBUG] reset duration: 3 t_dstCycle: 0 previous: 3 II: 6
[DEBUG] in allocateReg() t_cycle: 3; i: 0 CGRA node: 9; link: 1 duration 3
[DEBUG] done reg allocation
[DEBUG] occupy link[5]-->[9] (bypass:0) dfgNode: 0 at cycle 3
[DEBUG] success in schedule()
[DEBUG] schedule dfg node[1] onto fu[10] at cycle 3 within II: 6
[DEBUG] setDFGNode 1 onto CGRANode 10 at cycle: 3
[DEBUG] in allocateReg() t_cycle: 2; i: 0 CGRA node: 10; link: 1 duration 1
[DEBUG] done reg allocation
[DEBUG] occupy link[6]-->[10] (bypass:0) dfgNode: 0 at cycle 2
[DEBUG] skip predecessor routing -- dfgNode: 0
[DEBUG] success in schedule()
[DEBUG] schedule dfg node[6] onto fu[9] at cycle 4 within II: 6
[DEBUG] setDFGNode 6 onto CGRANode 9 at cycle: 4
[DEBUG] occupy link[6]-->[5] (bypass:1) dfgNode: 0 at cycle 2
[DEBUG] in allocateReg() t_cycle: 3; i: 1 CGRA node: 9; link: 1 duration 1
[DEBUG] done reg allocation
[DEBUG] occupy link[5]-->[9] (bypass:0) dfgNode: 0 at cycle 3
[DEBUG] skip predecessor routing -- dfgNode: 0
[DEBUG] success in schedule()
[DEBUG] schedule dfg node[9] onto fu[2] at cycle 3 within II: 6
[DEBUG] setDFGNode 9 onto CGRANode 2 at cycle: 3
[DEBUG] in allocateReg() t_cycle: 2; i: 0 CGRA node: 2; link: 0 duration 1
[DEBUG] done reg allocation
[DEBUG] occupy link[6]-->[2] (bypass:0) dfgNode: 0 at cycle 2
[DEBUG] skip predecessor routing -- dfgNode: 0
[DEBUG] success in schedule()
[DEBUG] schedule dfg node[16] onto fu[14] at cycle 4 within II: 6
[DEBUG] setDFGNode 16 onto CGRANode 14 at cycle: 4
[DEBUG] occupy link[6]-->[10] (bypass:1) dfgNode: 0 at cycle 2
[DEBUG] in allocateReg() t_cycle: 3; i: 0 CGRA node: 14; link: 1 duration 1
[DEBUG] done reg allocation
[DEBUG] occupy link[10]-->[14] (bypass:0) dfgNode: 0 at cycle 3
[DEBUG] skip predecessor routing -- dfgNode: 0
[DEBUG] success in schedule()
[DEBUG] schedule dfg node[18] onto fu[5] at cycle 3 within II: 6
[DEBUG] setDFGNode 18 onto CGRANode 5 at cycle: 3
[DEBUG] in allocateReg() t_cycle: 2; i: 0 CGRA node: 5; link: 3 duration 1
[DEBUG] done reg allocation
[DEBUG] occupy link[6]-->[5] (bypass:0) dfgNode: 0 at cycle 2
[DEBUG] skip predecessor routing -- dfgNode: 0
[DEBUG] success in schedule()
[DEBUG] schedule dfg node[28] onto fu[10] at cycle 4 within II: 6
[DEBUG] setDFGNode 28 onto CGRANode 10 at cycle: 4
[DEBUG] in allocateReg() t_cycle: 2; i: 1 CGRA node: 10; link: 1 duration 2
[DEBUG] done reg allocation
[DEBUG] occupy link[6]-->[10] (bypass:0) dfgNode: 0 at cycle 2
[DEBUG] skip predecessor routing -- dfgNode: 0
[DEBUG] success in schedule()
[DEBUG] schedule dfg node[56] onto fu[1] at cycle 4 within II: 6
[DEBUG] setDFGNode 56 onto CGRANode 1 at cycle: 4
[DEBUG] occupy link[6]-->[2] (bypass:1) dfgNode: 0 at cycle 2
[DEBUG] in allocateReg() t_cycle: 3; i: 0 CGRA node: 1; link: 3 duration 1
[DEBUG] done reg allocation
[DEBUG] occupy link[2]-->[1] (bypass:0) dfgNode: 0 at cycle 3
[DEBUG] skip predecessor routing -- dfgNode: 0
[DEBUG] in shareSameCycle is true: node 56
[DEBUG] tryToRoute -- srcDFGNode: 56, srcCGRANode: 1; dstDFGNode: 0, dstCGRANode: 6; backEdge: 1
[DEBUG] in shareSameCycle is true: node 0
[DEBUG] check route size: 3
[DEBUG] occupy link[1]-->[2] (bypass:1) dfgNode: 56 at cycle 4
[DEBUG] reset duration: 3 t_dstCycle: 2 previous: 5 II: 6
[DEBUG] in allocateReg() t_cycle: 5; i: 1 CGRA node: 6; link: 1 duration 3
[DEBUG] done reg allocation
[DEBUG] occupy link[2]-->[6] (bypass:0) dfgNode: 56 at cycle 5
[DEBUG] success in schedule()
[DEBUG] schedule dfg node[2] onto fu[6] at cycle 4 within II: 6
[DEBUG] setDFGNode 2 onto CGRANode 6 at cycle: 4
[DEBUG] in allocateReg() t_cycle: 3; i: 0 CGRA node: 6; link: 0 duration 1
[DEBUG] done reg allocation
[DEBUG] occupy link[10]-->[6] (bypass:0) dfgNode: 1 at cycle 3
[DEBUG] skip predecessor routing -- dfgNode: 1
[DEBUG] success in schedule()
[DEBUG] schedule dfg node[4] onto fu[13] at cycle 5 within II: 6
[DEBUG] setDFGNode 4 onto CGRANode 13 at cycle: 5
[DEBUG] occupy link[10]-->[9] (bypass:1) dfgNode: 1 at cycle 3
[DEBUG] in allocateReg() t_cycle: 4; i: 0 CGRA node: 13; link: 1 duration 1
[DEBUG] done reg allocation
[DEBUG] occupy link[9]-->[13] (bypass:0) dfgNode: 1 at cycle 4
[DEBUG] skip predecessor routing -- dfgNode: 1
[DEBUG] success in schedule()
[DEBUG] no available path for DFG node 7 on CGRA node 1 within II 6; path size: 1.
[DEBUG] no available path for DFG node 7 on CGRA node 2 within II 6; path size: 1.
[DEBUG] no available path for DFG node 7 on CGRA node 5 within II 6; path size: 3.
[DEBUG] no available path for DFG node 7 on CGRA node 6 within II 6; path size: 3.
[DEBUG] no available path for DFG node 7 on CGRA node 9 within II 6; path size: 5.
[DEBUG] no available path for DFG node 7 on CGRA node 10 within II 6; path size: 5.
[DEBUG] no available path for DFG node 7 on CGRA node 13 within II 6; path size: 7.
[DEBUG] no available path for DFG node 7 on CGRA node 14 within II 6; path size: 7.
[DEBUG] schedule dfg node[7] onto fu[8] at cycle 5 within II: 6
[DEBUG] setDFGNode 7 onto CGRANode 8 at cycle: 5
[DEBUG] in allocateReg() t_cycle: 4; i: 0 CGRA node: 8; link: 3 duration 1
[DEBUG] done reg allocation
[DEBUG] occupy link[9]-->[8] (bypass:0) dfgNode: 6 at cycle 4
[DEBUG] skip predecessor routing -- dfgNode: 6
[DEBUG] success in schedule()
[DEBUG] no available path for DFG node 10 on CGRA node 1 within II 6; path size: 1.
[DEBUG] no available path for DFG node 10 on CGRA node 2 within II 6; path size: 1.
[DEBUG] no available path for DFG node 10 on CGRA node 5 within II 6; path size: 3.
[DEBUG] no available path for DFG node 10 on CGRA node 6 within II 6; path size: 3.
[DEBUG] no available path for DFG node 10 on CGRA node 9 within II 6; path size: 5.
[DEBUG] no available path for DFG node 10 on CGRA node 10 within II 6; path size: 5.
[DEBUG] no available path for DFG node 10 on CGRA node 13 within II 6; path size: 7.
[DEBUG] no available path for DFG node 10 on CGRA node 14 within II 6; path size: 7.
[DEBUG] schedule dfg node[10] onto fu[7] at cycle 5 within II: 6
[DEBUG] setDFGNode 10 onto CGRANode 7 at cycle: 5
[DEBUG] occupy link[2]-->[3] (bypass:1) dfgNode: 9 at cycle 3
[DEBUG] in allocateReg() t_cycle: 4; i: 0 CGRA node: 7; link: 1 duration 1
[DEBUG] done reg allocation
[DEBUG] occupy link[3]-->[7] (bypass:0) dfgNode: 9 at cycle 4
[DEBUG] skip predecessor routing -- dfgNode: 9
[DEBUG] success in schedule()
[DEBUG] no available path for DFG node 17 on CGRA node 1 within II 6; path size: 1.
[DEBUG] no available path for DFG node 17 on CGRA node 2 within II 6; path size: 1.
[DEBUG] no available path for DFG node 17 on CGRA node 5 within II 6; path size: 3.
[DEBUG] no available path for DFG node 17 on CGRA node 6 within II 6; path size: 3.
[DEBUG] no available path for DFG node 17 on CGRA node 9 within II 6; path size: 5.
[DEBUG] no available path for DFG node 17 on CGRA node 10 within II 6; path size: 5.
[DEBUG] no available path for DFG node 17 on CGRA node 13 within II 6; path size: 7.
[DEBUG] no available path for DFG node 17 on CGRA node 14 within II 6; path size: 7.
[DEBUG] schedule dfg node[17] onto fu[11] at cycle 6 within II: 6
[DEBUG] setDFGNode 17 onto CGRANode 11 at cycle: 6
[DEBUG] occupy link[14]-->[10] (bypass:1) dfgNode: 16 at cycle 4
[DEBUG] in allocateReg() t_cycle: 5; i: 0 CGRA node: 11; link: 2 duration 1
[DEBUG] done reg allocation
[DEBUG] occupy link[10]-->[11] (bypass:0) dfgNode: 16 at cycle 5
[DEBUG] skip predecessor routing -- dfgNode: 16
[DEBUG] success in schedule()
[DEBUG] no available path for DFG node 19 on CGRA node 1 within II 6; path size: 1.
[DEBUG] no available path for DFG node 19 on CGRA node 2 within II 6; path size: 1.
[DEBUG] no available path for DFG node 19 on CGRA node 5 within II 6; path size: 3.
[DEBUG] no available path for DFG node 19 on CGRA node 6 within II 6; path size: 3.
[DEBUG] no available path for DFG node 19 on CGRA node 9 within II 6; path size: 5.
[DEBUG] no available path for DFG node 19 on CGRA node 10 within II 6; path size: 5.
[DEBUG] no available path for DFG node 19 on CGRA node 13 within II 6; path size: 7.
[DEBUG] no available path for DFG node 19 on CGRA node 14 within II 6; path size: 7.
[DEBUG] schedule dfg node[19] onto fu[4] at cycle 4 within II: 6
[DEBUG] setDFGNode 19 onto CGRANode 4 at cycle: 4
[DEBUG] in allocateReg() t_cycle: 3; i: 0 CGRA node: 4; link: 3 duration 1
[DEBUG] done reg allocation
[DEBUG] occupy link[5]-->[4] (bypass:0) dfgNode: 18 at cycle 3
[DEBUG] skip predecessor routing -- dfgNode: 18
[DEBUG] success in schedule()
[DEBUG] schedule dfg node[29] onto fu[9] at cycle 5 within II: 6
[DEBUG] setDFGNode 29 onto CGRANode 9 at cycle: 5
[DEBUG] in allocateReg() t_cycle: 4; i: 1 CGRA node: 9; link: 3 duration 1
[DEBUG] done reg allocation
[DEBUG] occupy link[10]-->[9] (bypass:0) dfgNode: 28 at cycle 4
[DEBUG] skip predecessor routing -- dfgNode: 28
[DEBUG] success in schedule()
[DEBUG] schedule dfg node[34] onto fu[14] at cycle 5 within II: 6
[DEBUG] setDFGNode 34 onto CGRANode 14 at cycle: 5
[DEBUG] in allocateReg() t_cycle: 4; i: 0 CGRA node: 14; link: 1 duration 1
[DEBUG] done reg allocation
[DEBUG] occupy link[10]-->[14] (bypass:0) dfgNode: 28 at cycle 4
[DEBUG] skip predecessor routing -- dfgNode: 28
[DEBUG] success in schedule()
[DEBUG] schedule dfg node[37] onto fu[13] at cycle 6 within II: 6
[DEBUG] setDFGNode 37 onto CGRANode 13 at cycle: 6
[DEBUG] occupy link[10]-->[9] (bypass:1) dfgNode: 28 at cycle 4
[DEBUG] in allocateReg() t_cycle: 5; i: 0 CGRA node: 13; link: 1 duration 1
[DEBUG] done reg allocation
[DEBUG] occupy link[9]-->[13] (bypass:0) dfgNode: 28 at cycle 5
[DEBUG] skip predecessor routing -- dfgNode: 28
[DEBUG] success in schedule()
[DEBUG] schedule dfg node[44] onto fu[6] at cycle 5 within II: 6
[DEBUG] setDFGNode 44 onto CGRANode 6 at cycle: 5
[DEBUG] in allocateReg() t_cycle: 4; i: 0 CGRA node: 6; link: 0 duration 1
[DEBUG] done reg allocation
[DEBUG] occupy link[10]-->[6] (bypass:0) dfgNode: 28 at cycle 4
[DEBUG] skip predecessor routing -- dfgNode: 28
[DEBUG] success in schedule()
[DEBUG] schedule dfg node[46] onto fu[10] at cycle 5 within II: 6
[DEBUG] setDFGNode 46 onto CGRANode 10 at cycle: 5
[DEBUG] tryToRoute -- srcDFGNode: 28, srcCGRANode: 10; dstDFGNode: 46, dstCGRANode: 10; backEdge: 0
[DEBUG] check route size: 1
[DEBUG] allocate for local reg maintain... duration=1 last cycle: 4
[DEBUG] in allocateReg() t_cycle: 4; i: 0 CGRA node: 10; link: 4 duration 1
[DEBUG] done reg allocation
[DEBUG] success in schedule()
[DEBUG] no available path for DFG node 3 on CGRA node 1 within II 6; path size: 1.
[DEBUG] no available path for DFG node 3 on CGRA node 2 within II 6; path size: 1.
[DEBUG] no available path for DFG node 3 on CGRA node 5 within II 6; path size: 3.
[DEBUG] no available path for DFG node 3 on CGRA node 6 within II 6; path size: 3.
[DEBUG] no available path for DFG node 3 on CGRA node 9 within II 6; path size: 5.
[DEBUG] no available path for DFG node 3 on CGRA node 10 within II 6; path size: 5.
[DEBUG] no available path for DFG node 3 on CGRA node 13 within II 6; path size: 7.
[DEBUG] no available path for DFG node 3 on CGRA node 14 within II 6; path size: 7.
[DEBUG] schedule dfg node[3] onto fu[4] at cycle 6 within II: 6
[DEBUG] setDFGNode 3 onto CGRANode 4 at cycle: 6
[DEBUG] occupy link[6]-->[5] (bypass:1) dfgNode: 2 at cycle 4
[DEBUG] in allocateReg() t_cycle: 5; i: 0 CGRA node: 4; link: 3 duration 1
[DEBUG] done reg allocation
[DEBUG] occupy link[5]-->[4] (bypass:0) dfgNode: 2 at cycle 5
[DEBUG] skip predecessor routing -- dfgNode: 2
[DEBUG] success in schedule()
[DEBUG] no available path for DFG node 5 on CGRA node 1 within II 6; path size: 1.
[DEBUG] no available path for DFG node 5 on CGRA node 2 within II 6; path size: 1.
[DEBUG] no available path for DFG node 5 on CGRA node 5 within II 6; path size: 3.
[DEBUG] no available path for DFG node 5 on CGRA node 6 within II 6; path size: 3.
[DEBUG] no available path for DFG node 5 on CGRA node 9 within II 6; path size: 5.
[DEBUG] no available path for DFG node 5 on CGRA node 10 within II 6; path size: 5.
[DEBUG] no available path for DFG node 5 on CGRA node 13 within II 6; path size: 7.
[DEBUG] no available path for DFG node 5 on CGRA node 14 within II 6; path size: 7.
[DEBUG] schedule dfg node[5] onto fu[8] at cycle 7 within II: 6
[DEBUG] setDFGNode 5 onto CGRANode 8 at cycle: 7
[DEBUG] occupy link[13]-->[9] (bypass:1) dfgNode: 4 at cycle 5
[DEBUG] in allocateReg() t_cycle: 6; i: 0 CGRA node: 8; link: 3 duration 1
[DEBUG] done reg allocation
[DEBUG] occupy link[9]-->[8] (bypass:0) dfgNode: 4 at cycle 6
[DEBUG] skip predecessor routing -- dfgNode: 4
[DEBUG] success in schedule()
[DEBUG] schedule dfg node[30] onto fu[10] at cycle 6 within II: 6
[DEBUG] setDFGNode 30 onto CGRANode 10 at cycle: 6
[DEBUG] in allocateReg() t_cycle: 5; i: 0 CGRA node: 10; link: 2 duration 1
[DEBUG] done reg allocation
[DEBUG] occupy link[9]-->[10] (bypass:0) dfgNode: 29 at cycle 5
[DEBUG] skip predecessor routing -- dfgNode: 29
[DEBUG] success in schedule()
[DEBUG] schedule dfg node[32] onto fu[5] at cycle 6 within II: 6
[DEBUG] setDFGNode 32 onto CGRANode 5 at cycle: 6
[DEBUG] in allocateReg() t_cycle: 5; i: 0 CGRA node: 5; link: 0 duration 1
[DEBUG] done reg allocation
[DEBUG] occupy link[9]-->[5] (bypass:0) dfgNode: 29 at cycle 5
[DEBUG] skip predecessor routing -- dfgNode: 29
[DEBUG] success in schedule()
[DEBUG] no available path for DFG node 35 on CGRA node 1 within II 6; path size: 1.
[DEBUG] no available path for DFG node 35 on CGRA node 2 within II 6; path size: 1.
[DEBUG] no available path for DFG node 35 on CGRA node 5 within II 6; path size: 3.
[DEBUG] no available path for DFG node 35 on CGRA node 6 within II 6; path size: 3.
[DEBUG] no available path for DFG node 35 on CGRA node 9 within II 6; path size: 5.
[DEBUG] no available path for DFG node 35 on CGRA node 10 within II 6; path size: 5.
[DEBUG] no available path for DFG node 35 on CGRA node 13 within II 6; path size: 7.
[DEBUG] no available path for DFG node 35 on CGRA node 14 within II 6; path size: 7.
[DEBUG] schedule dfg node[35] onto fu[11] at cycle 7 within II: 6
[DEBUG] setDFGNode 35 onto CGRANode 11 at cycle: 7
[DEBUG] occupy link[14]-->[10] (bypass:1) dfgNode: 34 at cycle 5
[DEBUG] in allocateReg() t_cycle: 6; i: 0 CGRA node: 11; link: 2 duration 1
[DEBUG] done reg allocation
[DEBUG] occupy link[10]-->[11] (bypass:0) dfgNode: 34 at cycle 6
[DEBUG] skip predecessor routing -- dfgNode: 34
[DEBUG] success in schedule()
[DEBUG] no available path for DFG node 38 on CGRA node 1 within II 6; path size: 1.
[DEBUG] no available path for DFG node 38 on CGRA node 2 within II 6; path size: 1.
[DEBUG] no available path for DFG node 38 on CGRA node 5 within II 6; path size: 3.
[DEBUG] no available path for DFG node 38 on CGRA node 6 within II 6; path size: 3.
[DEBUG] no available path for DFG node 38 on CGRA node 9 within II 6; path size: 5.
[DEBUG] no available path for DFG node 38 on CGRA node 10 within II 6; path size: 5.
[DEBUG] no available path for DFG node 38 on CGRA node 13 within II 6; path size: 7.
[DEBUG] no available path for DFG node 38 on CGRA node 14 within II 6; path size: 7.
[DEBUG] schedule dfg node[38] onto fu[12] at cycle 7 within II: 6
[DEBUG] setDFGNode 38 onto CGRANode 12 at cycle: 7
[DEBUG] in allocateReg() t_cycle: 6; i: 0 CGRA node: 12; link: 3 duration 1
[DEBUG] done reg allocation
[DEBUG] occupy link[13]-->[12] (bypass:0) dfgNode: 37 at cycle 6
[DEBUG] skip predecessor routing -- dfgNode: 37
[DEBUG] success in schedule()
[DEBUG] no available path for DFG node 45 on CGRA node 1 within II 6; path size: 1.
[DEBUG] no available path for DFG node 45 on CGRA node 2 within II 6; path size: 1.
[DEBUG] no available path for DFG node 45 on CGRA node 5 within II 6; path size: 3.
[DEBUG] no available path for DFG node 45 on CGRA node 6 within II 6; path size: 3.
[DEBUG] no available path for DFG node 45 on CGRA node 9 within II 6; path size: 5.
[DEBUG] no available path for DFG node 45 on CGRA node 10 within II 6; path size: 5.
[DEBUG] no available path for DFG node 45 on CGRA node 13 within II 6; path size: 7.
[DEBUG] no available path for DFG node 45 on CGRA node 14 within II 6; path size: 7.
[DEBUG] schedule dfg node[45] onto fu[7] at cycle 6 within II: 6
[DEBUG] setDFGNode 45 onto CGRANode 7 at cycle: 6
[DEBUG] in allocateReg() t_cycle: 5; i: 0 CGRA node: 7; link: 2 duration 1
[DEBUG] done reg allocation
[DEBUG] occupy link[6]-->[7] (bypass:0) dfgNode: 44 at cycle 5
[DEBUG] skip predecessor routing -- dfgNode: 44
[DEBUG] success in schedule()
[DEBUG] no available path for DFG node 47 on CGRA node 1 within II 6; path size: 1.
[DEBUG] no available path for DFG node 47 on CGRA node 2 within II 6; path size: 1.
[DEBUG] no available path for DFG node 47 on CGRA node 5 within II 6; path size: 3.
[DEBUG] no available path for DFG node 47 on CGRA node 6 within II 6; path size: 3.
[DEBUG] no available path for DFG node 47 on CGRA node 9 within II 6; path size: 5.
[DEBUG] no available path for DFG node 47 on CGRA node 10 within II 6; path size: 5.
[DEBUG] no available path for DFG node 47 on CGRA node 13 within II 6; path size: 7.
[DEBUG] no available path for DFG node 47 on CGRA node 14 within II 6; path size: 7.
[DEBUG] schedule dfg node[47] onto fu[15] at cycle 7 within II: 6
[DEBUG] setDFGNode 47 onto CGRANode 15 at cycle: 7
[DEBUG] occupy link[10]-->[14] (bypass:1) dfgNode: 46 at cycle 5
[DEBUG] in allocateReg() t_cycle: 6; i: 0 CGRA node: 15; link: 2 duration 1
[DEBUG] done reg allocation
[DEBUG] occupy link[14]-->[15] (bypass:0) dfgNode: 46 at cycle 6
[DEBUG] skip predecessor routing -- dfgNode: 46
[DEBUG] success in schedule()
[DEBUG] no available path for DFG node 8 on CGRA node 3 within II 6; path size: 3.
[DEBUG] no available path for DFG node 8 on CGRA node 4 within II 6; path size: 3.
[DEBUG] no available path for DFG node 8 on CGRA node 7 within II 6; path size: 5.
[DEBUG] no available path for DFG node 8 on CGRA node 8 within II 6; path size: 5.
[DEBUG] no available path for DFG node 8 on CGRA node 11 within II 6; path size: 7.
[DEBUG] no available path for DFG node 8 on CGRA node 12 within II 6; path size: 7.
[DEBUG] no available path for DFG node 8 on CGRA node 15 within II 6; path size: 9.
[DEBUG] schedule dfg node[8] onto fu[1] at cycle 8 within II: 6
[DEBUG] setDFGNode 8 onto CGRANode 1 at cycle: 8
[DEBUG] occupy link[4]-->[0] (bypass:1) dfgNode: 3 at cycle 6
[DEBUG] in allocateReg() t_cycle: 7; i: 0 CGRA node: 1; link: 2 duration 1
[DEBUG] done reg allocation
[DEBUG] occupy link[0]-->[1] (bypass:0) dfgNode: 3 at cycle 7
[DEBUG] skip predecessor routing -- dfgNode: 3
[DEBUG] tryToRoute -- srcDFGNode: 7, srcCGRANode: 8; dstDFGNode: 8, dstCGRANode: 1; backEdge: 0
[DEBUG] check route size: 4
[DEBUG] occupy link[8]-->[4] (bypass:1) dfgNode: 7 at cycle 5
[DEBUG] occupy link[4]-->[5] (bypass:1) dfgNode: 7 at cycle 6
[DEBUG] reset duration: 1 t_dstCycle: 8 previous: 7 II: 6
[DEBUG] in allocateReg() t_cycle: 7; i: 1 CGRA node: 1; link: 0 duration 1
[DEBUG] done reg allocation
[DEBUG] occupy link[5]-->[1] (bypass:0) dfgNode: 7 at cycle 7
[DEBUG] success in schedule()
[DEBUG] no available path for DFG node 11 on CGRA node 3 within II 6; path size: 3.
[DEBUG] no available path for DFG node 11 on CGRA node 4 within II 6; path size: 3.
[DEBUG] no available path for DFG node 11 on CGRA node 7 within II 6; path size: 5.
[DEBUG] no available path for DFG node 11 on CGRA node 8 within II 6; path size: 5.
[DEBUG] no available path for DFG node 11 on CGRA node 11 within II 6; path size: 7.
[DEBUG] no available path for DFG node 11 on CGRA node 12 within II 6; path size: 7.
[DEBUG] no available path for DFG node 11 on CGRA node 15 within II 6; path size: 9.
[DEBUG] schedule dfg node[11] onto fu[9] at cycle 8 within II: 6
[DEBUG] setDFGNode 11 onto CGRANode 9 at cycle: 8
[DEBUG] in allocateReg() t_cycle: 7; i: 0 CGRA node: 9; link: 2 duration 1
[DEBUG] done reg allocation
[DEBUG] occupy link[8]-->[9] (bypass:0) dfgNode: 5 at cycle 7
[DEBUG] skip predecessor routing -- dfgNode: 5
[DEBUG] tryToRoute -- srcDFGNode: 10, srcCGRANode: 7; dstDFGNode: 11, dstCGRANode: 9; backEdge: 0
[DEBUG] check route size: 4
[DEBUG] occupy link[7]-->[6] (bypass:1) dfgNode: 10 at cycle 5
[DEBUG] occupy link[6]-->[5] (bypass:1) dfgNode: 10 at cycle 6
[DEBUG] reset duration: 1 t_dstCycle: 8 previous: 7 II: 6
[DEBUG] in allocateReg() t_cycle: 7; i: 1 CGRA node: 9; link: 1 duration 1
[DEBUG] done reg allocation
[DEBUG] occupy link[5]-->[9] (bypass:0) dfgNode: 10 at cycle 7
[DEBUG] success in schedule()
[DEBUG] no available path for DFG node 13 on CGRA node 3 within II 6; path size: 3.
[DEBUG] no available path for DFG node 13 on CGRA node 4 within II 6; path size: 3.
[DEBUG] no available path for DFG node 13 on CGRA node 7 within II 6; path size: 5.
[DEBUG] no available path for DFG node 13 on CGRA node 8 within II 6; path size: 5.
[DEBUG] no available path for DFG node 13 on CGRA node 11 within II 6; path size: 7.
[DEBUG] no available path for DFG node 13 on CGRA node 12 within II 6; path size: 7.
[DEBUG] no available path for DFG node 13 on CGRA node 15 within II 6; path size: 9.
[DEBUG] schedule dfg node[13] onto fu[13] at cycle 9 within II: 6
[DEBUG] setDFGNode 13 onto CGRANode 13 at cycle: 9
[DEBUG] occupy link[8]-->[9] (bypass:1) dfgNode: 5 at cycle 7
[DEBUG] in allocateReg() t_cycle: 8; i: 0 CGRA node: 13; link: 1 duration 1
[DEBUG] done reg allocation
[DEBUG] occupy link[9]-->[13] (bypass:0) dfgNode: 5 at cycle 8
[DEBUG] skip predecessor routing -- dfgNode: 5
[DEBUG] tryToRoute -- srcDFGNode: 7, srcCGRANode: 8; dstDFGNode: 13, dstCGRANode: 13; backEdge: 0
[DEBUG] check route size: 3
[DEBUG] occupy link[8]-->[9] (bypass:1) dfgNode: 7 at cycle 5
[DEBUG] reset duration: 3 t_dstCycle: 9 previous: 6 II: 6
[DEBUG] in allocateReg() t_cycle: 6; i: 1 CGRA node: 13; link: 1 duration 3
[DEBUG] done reg allocation
[DEBUG] occupy link[9]-->[13] (bypass:0) dfgNode: 7 at cycle 6
[DEBUG] success in schedule()
[DEBUG] no available path for DFG node 14 on CGRA node 3 within II 6; path size: 3.
[DEBUG] no available path for DFG node 14 on CGRA node 4 within II 6; path size: 3.
[DEBUG] no available path for DFG node 14 on CGRA node 7 within II 6; path size: 5.
[DEBUG] no available path for DFG node 14 on CGRA node 8 within II 6; path size: 5.
[DEBUG] no available path for DFG node 14 on CGRA node 11 within II 6; path size: 7.
[DEBUG] no available path for DFG node 14 on CGRA node 12 within II 6; path size: 7.
[DEBUG] no available path for DFG node 14 on CGRA node 15 within II 6; path size: 9.
[DEBUG] schedule dfg node[14] onto fu[0] at cycle 9 within II: 6
[DEBUG] setDFGNode 14 onto CGRANode 0 at cycle: 9
[DEBUG] occupy link[7]-->[3] (bypass:1) dfgNode: 10 at cycle 5
[DEBUG] occupy link[3]-->[2] (bypass:1) dfgNode: 10 at cycle 6
[DEBUG] occupy link[2]-->[1] (bypass:1) dfgNode: 10 at cycle 7
[DEBUG] in allocateReg() t_cycle: 8; i: 0 CGRA node: 0; link: 3 duration 1
[DEBUG] done reg allocation
[DEBUG] occupy link[1]-->[0] (bypass:0) dfgNode: 10 at cycle 8
[DEBUG] tryToRoute -- srcDFGNode: 3, srcCGRANode: 4; dstDFGNode: 14, dstCGRANode: 0; backEdge: 0
[DEBUG] check route size: 2
[DEBUG] reset duration: 3 t_dstCycle: 9 previous: 6 II: 6
[DEBUG] in allocateReg() t_cycle: 6; i: 1 CGRA node: 0; link: 0 duration 3
[DEBUG] done reg allocation
[DEBUG] occupy link[4]-->[0] (bypass:0) dfgNode: 3 at cycle 6
[DEBUG] skip predecessor routing -- dfgNode: 10
[DEBUG] success in schedule()
[DEBUG] no available path for DFG node 31 on CGRA node 1 within II 6; path size: 1.
[DEBUG] no available path for DFG node 31 on CGRA node 2 within II 6; path size: 1.
[DEBUG] no available path for DFG node 31 on CGRA node 5 within II 6; path size: 3.
[DEBUG] no available path for DFG node 31 on CGRA node 6 within II 6; path size: 3.
[DEBUG] no available path for DFG node 31 on CGRA node 9 within II 6; path size: 5.
[DEBUG] no available path for DFG node 31 on CGRA node 10 within II 6; path size: 5.
[DEBUG] no available path for DFG node 31 on CGRA node 13 within II 6; path size: 7.
[DEBUG] no available path for DFG node 31 on CGRA node 14 within II 6; path size: 7.
[DEBUG] schedule dfg node[31] onto fu[8] at cycle 8 within II: 6
[DEBUG] setDFGNode 31 onto CGRANode 8 at cycle: 8
[DEBUG] occupy link[10]-->[9] (bypass:1) dfgNode: 30 at cycle 6
[DEBUG] in allocateReg() t_cycle: 7; i: 0 CGRA node: 8; link: 3 duration 1
[DEBUG] done reg allocation
[DEBUG] occupy link[9]-->[8] (bypass:0) dfgNode: 30 at cycle 7
[DEBUG] skip predecessor routing -- dfgNode: 30
[DEBUG] success in schedule()
[DEBUG] no available path for DFG node 33 on CGRA node 1 within II 6; path size: 1.
[DEBUG] no available path for DFG node 33 on CGRA node 2 within II 6; path size: 1.
[DEBUG] no available path for DFG node 33 on CGRA node 5 within II 6; path size: 3.
[DEBUG] no available path for DFG node 33 on CGRA node 6 within II 6; path size: 3.
[DEBUG] no available path for DFG node 33 on CGRA node 9 within II 6; path size: 5.
[DEBUG] no available path for DFG node 33 on CGRA node 10 within II 6; path size: 5.
[DEBUG] no available path for DFG node 33 on CGRA node 13 within II 6; path size: 7.
[DEBUG] no available path for DFG node 33 on CGRA node 14 within II 6; path size: 7.
[DEBUG] schedule dfg node[33] onto fu[4] at cycle 7 within II: 6
[DEBUG] setDFGNode 33 onto CGRANode 4 at cycle: 7
[DEBUG] in allocateReg() t_cycle: 6; i: 0 CGRA node: 4; link: 3 duration 1
[DEBUG] done reg allocation
[DEBUG] occupy link[5]-->[4] (bypass:0) dfgNode: 32 at cycle 6
[DEBUG] skip predecessor routing -- dfgNode: 32
[DEBUG] success in schedule()
[DEBUG] schedule dfg node[12] onto fu[2] at cycle 11 within II: 6
[DEBUG] setDFGNode 12 onto CGRANode 2 at cycle: 11
[DEBUG] occupy link[9]-->[5] (bypass:1) dfgNode: 11 at cycle 8
[DEBUG] occupy link[5]-->[6] (bypass:1) dfgNode: 11 at cycle 9
[DEBUG] in allocateReg() t_cycle: 10; i: 0 CGRA node: 2; link: 0 duration 1
[DEBUG] done reg allocation
[DEBUG] occupy link[6]-->[2] (bypass:0) dfgNode: 11 at cycle 10
[DEBUG] tryToRoute -- srcDFGNode: 8, srcCGRANode: 1; dstDFGNode: 12, dstCGRANode: 2; backEdge: 0
[DEBUG] check route size: 2
[DEBUG] reset duration: 3 t_dstCycle: 11 previous: 8 II: 6
[DEBUG] in allocateReg() t_cycle: 8; i: 1 CGRA node: 2; link: 2 duration 3
[DEBUG] done reg allocation
[DEBUG] occupy link[1]-->[2] (bypass:0) dfgNode: 8 at cycle 8
[DEBUG] skip predecessor routing -- dfgNode: 11
[DEBUG] success in schedule()
[DEBUG] schedule dfg node[15] onto fu[6] at cycle 12 within II: 6
[DEBUG] setDFGNode 15 onto CGRANode 6 at cycle: 12
[DEBUG] occupy link[13]-->[9] (bypass:1) dfgNode: 13 at cycle 9
[DEBUG] occupy link[9]-->[5] (bypass:1) dfgNode: 13 at cycle 10
[DEBUG] in allocateReg() t_cycle: 11; i: 0 CGRA node: 6; link: 2 duration 1
[DEBUG] done reg allocation
[DEBUG] occupy link[5]-->[6] (bypass:0) dfgNode: 13 at cycle 11
[DEBUG] skip predecessor routing -- dfgNode: 13
[DEBUG] tryToRoute -- srcDFGNode: 14, srcCGRANode: 0; dstDFGNode: 15, dstCGRANode: 6; backEdge: 0
[DEBUG] check route size: 4
[DEBUG] occupy link[0]-->[1] (bypass:1) dfgNode: 14 at cycle 9
[DEBUG] occupy link[1]-->[5] (bypass:1) dfgNode: 14 at cycle 10
[DEBUG] reset duration: 1 t_dstCycle: 12 previous: 11 II: 6
[DEBUG] in allocateReg() t_cycle: 11; i: 2 CGRA node: 6; link: 2 duration 1
[DEBUG] done reg allocation
[DEBUG] occupy link[5]-->[6] (bypass:0) dfgNode: 14 at cycle 11
[DEBUG] success in schedule()
[DEBUG] no available path for DFG node 36 on CGRA node 3 within II 6; path size: 3.
[DEBUG] no available path for DFG node 36 on CGRA node 4 within II 6; path size: 3.
[DEBUG] no available path for DFG node 36 on CGRA node 7 within II 6; path size: 5.
[DEBUG] no available path for DFG node 36 on CGRA node 8 within II 6; path size: 5.
[DEBUG] no available path for DFG node 36 on CGRA node 11 within II 6; path size: 7.
[DEBUG] no available path for DFG node 36 on CGRA node 12 within II 6; path size: 7.
[DEBUG] no available path for DFG node 36 on CGRA node 15 within II 6; path size: 9.
[DEBUG] schedule dfg node[36] onto fu[1] at cycle 11 within II: 6
[DEBUG] setDFGNode 36 onto CGRANode 1 at cycle: 11
[DEBUG] occupy link[8]-->[4] (bypass:1) dfgNode: 31 at cycle 8
[DEBUG] occupy link[4]-->[5] (bypass:1) dfgNode: 31 at cycle 9
[DEBUG] in allocateReg() t_cycle: 10; i: 0 CGRA node: 1; link: 0 duration 1
[DEBUG] done reg allocation
[DEBUG] occupy link[5]-->[1] (bypass:0) dfgNode: 31 at cycle 10
[DEBUG] skip predecessor routing -- dfgNode: 31
[DEBUG] tryToRoute -- srcDFGNode: 35, srcCGRANode: 11; dstDFGNode: 36, dstCGRANode: 1; backEdge: 0
[DEBUG] check route size: 5
[DEBUG] occupy link[11]-->[7] (bypass:1) dfgNode: 35 at cycle 7
[DEBUG] occupy link[7]-->[3] (bypass:1) dfgNode: 35 at cycle 8
[DEBUG] occupy link[3]-->[2] (bypass:1) dfgNode: 35 at cycle 9
[DEBUG] reset duration: 1 t_dstCycle: 11 previous: 10 II: 6
[DEBUG] in allocateReg() t_cycle: 10; i: 1 CGRA node: 1; link: 3 duration 1
[DEBUG] done reg allocation
[DEBUG] occupy link[2]-->[1] (bypass:0) dfgNode: 35 at cycle 10
[DEBUG] success in schedule()
[DEBUG] no available path for DFG node 39 on CGRA node 3 within II 6; path size: 3.
[DEBUG] no available path for DFG node 39 on CGRA node 4 within II 6; path size: 3.
[DEBUG] no available path for DFG node 39 on CGRA node 7 within II 6; path size: 5.
[DEBUG] no available path for DFG node 39 on CGRA node 8 within II 6; path size: 5.
[DEBUG] no available path for DFG node 39 on CGRA node 11 within II 6; path size: 7.
[DEBUG] no available path for DFG node 39 on CGRA node 12 within II 6; path size: 7.
[DEBUG] no available path for DFG node 39 on CGRA node 15 within II 6; path size: 9.
[DEBUG] schedule dfg node[39] onto fu[13] at cycle 10 within II: 6
[DEBUG] setDFGNode 39 onto CGRANode 13 at cycle: 10
[DEBUG] occupy link[4]-->[5] (bypass:1) dfgNode: 33 at cycle 7
[DEBUG] occupy link[5]-->[9] (bypass:1) dfgNode: 33 at cycle 8
[DEBUG] in allocateReg() t_cycle: 9; i: 0 CGRA node: 13; link: 1 duration 1
[DEBUG] done reg allocation
[DEBUG] occupy link[9]-->[13] (bypass:0) dfgNode: 33 at cycle 9
[DEBUG] skip predecessor routing -- dfgNode: 33
[DEBUG] tryToRoute -- srcDFGNode: 38, srcCGRANode: 12; dstDFGNode: 39, dstCGRANode: 13; backEdge: 0
[DEBUG] check route size: 2
[DEBUG] reset duration: 3 t_dstCycle: 10 previous: 7 II: 6
[DEBUG] in allocateReg() t_cycle: 7; i: 2 CGRA node: 13; link: 2 duration 3
[DEBUG] done reg allocation
[DEBUG] occupy link[12]-->[13] (bypass:0) dfgNode: 38 at cycle 7
[DEBUG] success in schedule()
[DEBUG] no available path for DFG node 41 on CGRA node 3 within II 6; path size: 3.
[DEBUG] no available path for DFG node 41 on CGRA node 4 within II 6; path size: 3.
[DEBUG] no available path for DFG node 41 on CGRA node 7 within II 6; path size: 5.
[DEBUG] no available path for DFG node 41 on CGRA node 8 within II 6; path size: 5.
[DEBUG] no available path for DFG node 41 on CGRA node 11 within II 6; path size: 7.
[DEBUG] no available path for DFG node 41 on CGRA node 12 within II 6; path size: 7.
[DEBUG] no available path for DFG node 41 on CGRA node 15 within II 6; path size: 9.
[DEBUG] schedule dfg node[41] onto fu[9] at cycle 9 within II: 6
[DEBUG] setDFGNode 41 onto CGRANode 9 at cycle: 9
[DEBUG] occupy link[4]-->[5] (bypass:1) dfgNode: 33 at cycle 7
[DEBUG] in allocateReg() t_cycle: 8; i: 0 CGRA node: 9; link: 1 duration 1
[DEBUG] done reg allocation
[DEBUG] occupy link[5]-->[9] (bypass:0) dfgNode: 33 at cycle 8
[DEBUG] skip predecessor routing -- dfgNode: 33
[DEBUG] tryToRoute -- srcDFGNode: 35, srcCGRANode: 11; dstDFGNode: 41, dstCGRANode: 9; backEdge: 0
[DEBUG] check route size: 3
[DEBUG] occupy link[11]-->[10] (bypass:1) dfgNode: 35 at cycle 7
[DEBUG] reset duration: 1 t_dstCycle: 9 previous: 8 II: 6
[DEBUG] in allocateReg() t_cycle: 8; i: 1 CGRA node: 9; link: 3 duration 1
[DEBUG] done reg allocation
[DEBUG] occupy link[10]-->[9] (bypass:0) dfgNode: 35 at cycle 8
[DEBUG] success in schedule()
[DEBUG] no available path for DFG node 42 on CGRA node 3 within II 6; path size: 3.
[DEBUG] no available path for DFG node 42 on CGRA node 4 within II 6; path size: 3.
[DEBUG] no available path for DFG node 42 on CGRA node 7 within II 6; path size: 5.
[DEBUG] no available path for DFG node 42 on CGRA node 8 within II 6; path size: 5.
[DEBUG] no available path for DFG node 42 on CGRA node 11 within II 6; path size: 7.
[DEBUG] no available path for DFG node 42 on CGRA node 12 within II 6; path size: 7.
[DEBUG] no available path for DFG node 42 on CGRA node 15 within II 6; path size: 9.
[DEBUG] schedule dfg node[42] onto fu[14] at cycle 12 within II: 6
[DEBUG] setDFGNode 42 onto CGRANode 14 at cycle: 12
[DEBUG] occupy link[8]-->[12] (bypass:1) dfgNode: 31 at cycle 8
[DEBUG] occupy link[12]-->[13] (bypass:1) dfgNode: 31 at cycle 9
[DEBUG] in allocateReg() t_cycle: 10; i: 1 CGRA node: 14; link: 2 duration 2
[DEBUG] done reg allocation
[DEBUG] occupy link[13]-->[14] (bypass:0) dfgNode: 31 at cycle 10
[DEBUG] skip predecessor routing -- dfgNode: 31
[DEBUG] tryToRoute -- srcDFGNode: 38, srcCGRANode: 12; dstDFGNode: 42, dstCGRANode: 14; backEdge: 0
[DEBUG] check route size: 3
[DEBUG] occupy link[12]-->[13] (bypass:1) dfgNode: 38 at cycle 7
[DEBUG] reset duration: 4 t_dstCycle: 12 previous: 8 II: 6
[DEBUG] in allocateReg() t_cycle: 8; i: 2 CGRA node: 14; link: 2 duration 4
[DEBUG] done reg allocation
[DEBUG] occupy link[13]-->[14] (bypass:0) dfgNode: 38 at cycle 8
[DEBUG] success in schedule()
[DEBUG] schedule dfg node[20] onto fu[3] at cycle 12 within II: 6
[DEBUG] setDFGNode 20 onto CGRANode 3 at cycle: 12
[DEBUG] in allocateReg() t_cycle: 11; i: 0 CGRA node: 3; link: 2 duration 1
[DEBUG] done reg allocation
[DEBUG] occupy link[2]-->[3] (bypass:0) dfgNode: 12 at cycle 11
[DEBUG] tryToRoute -- srcDFGNode: 17, srcCGRANode: 11; dstDFGNode: 20, dstCGRANode: 3; backEdge: 0
[DEBUG] check route size: 3
[DEBUG] occupy link[11]-->[7] (bypass:1) dfgNode: 17 at cycle 6
[DEBUG] reset duration: 5 t_dstCycle: 12 previous: 7 II: 6
[DEBUG] in allocateReg() t_cycle: 7; i: 1 CGRA node: 3; link: 0 duration 5
[DEBUG] done reg allocation
[DEBUG] occupy link[7]-->[3] (bypass:0) dfgNode: 17 at cycle 7
[DEBUG] skip predecessor routing -- dfgNode: 12
[DEBUG] success in schedule()
[DEBUG] schedule dfg node[22] onto fu[2] at cycle 13 within II: 6
[DEBUG] setDFGNode 22 onto CGRANode 2 at cycle: 13
[DEBUG] in allocateReg() t_cycle: 12; i: 0 CGRA node: 2; link: 0 duration 1
[DEBUG] done reg allocation
[DEBUG] occupy link[6]-->[2] (bypass:0) dfgNode: 15 at cycle 12
[DEBUG] tryToRoute -- srcDFGNode: 19, srcCGRANode: 4; dstDFGNode: 22, dstCGRANode: 2; backEdge: 0
[DEBUG] check route size: 4
[DEBUG] occupy link[4]-->[0] (bypass:1) dfgNode: 19 at cycle 4
[DEBUG] occupy link[0]-->[1] (bypass:1) dfgNode: 19 at cycle 5
[DEBUG] reset duration: 1 t_dstCycle: 13 previous: 6 II: 6
[DEBUG] in allocateReg() t_cycle: 6; i: 1 CGRA node: 2; link: 2 duration 1
[DEBUG] done reg allocation
[DEBUG] occupy link[1]-->[2] (bypass:0) dfgNode: 19 at cycle 6
[DEBUG] skip predecessor routing -- dfgNode: 15
[DEBUG] success in schedule()
[DEBUG] schedule dfg node[24] onto fu[1] at cycle 12 within II: 6
[DEBUG] setDFGNode 24 onto CGRANode 1 at cycle: 12
[DEBUG] occupy link[11]-->[7] (bypass:1) dfgNode: 17 at cycle 6
[DEBUG] occupy link[7]-->[3] (bypass:1) dfgNode: 17 at cycle 7
[DEBUG] occupy link[3]-->[2] (bypass:1) dfgNode: 17 at cycle 8
[DEBUG] in allocateReg() t_cycle: 9; i: 2 CGRA node: 1; link: 3 duration 3
[DEBUG] done reg allocation
[DEBUG] occupy link[2]-->[1] (bypass:0) dfgNode: 17 at cycle 9
[DEBUG] skip predecessor routing -- dfgNode: 17
[DEBUG] tryToRoute -- srcDFGNode: 12, srcCGRANode: 2; dstDFGNode: 24, dstCGRANode: 1; backEdge: 0
[DEBUG] check route size: 2
[DEBUG] reset duration: 1 t_dstCycle: 12 previous: 11 II: 6
[DEBUG] in allocateReg() t_cycle: 11; i: 0 CGRA node: 1; link: 3 duration 1
[DEBUG] done reg allocation
[DEBUG] occupy link[2]-->[1] (bypass:0) dfgNode: 12 at cycle 11
[DEBUG] success in schedule()
[DEBUG] schedule dfg node[26] onto fu[10] at cycle 13 within II: 6
[DEBUG] setDFGNode 26 onto CGRANode 10 at cycle: 13
[DEBUG] in allocateReg() t_cycle: 12; i: 0 CGRA node: 10; link: 1 duration 1
[DEBUG] done reg allocation
[DEBUG] occupy link[6]-->[10] (bypass:0) dfgNode: 15 at cycle 12
[DEBUG] tryToRoute -- srcDFGNode: 19, srcCGRANode: 4; dstDFGNode: 26, dstCGRANode: 10; backEdge: 0
[DEBUG] check route size: 4
[DEBUG] occupy link[4]-->[5] (bypass:1) dfgNode: 19 at cycle 4
[DEBUG] occupy link[5]-->[9] (bypass:1) dfgNode: 19 at cycle 5
[DEBUG] reset duration: 1 t_dstCycle: 13 previous: 6 II: 6
[DEBUG] in allocateReg() t_cycle: 6; i: 1 CGRA node: 10; link: 2 duration 1
[DEBUG] done reg allocation
[DEBUG] occupy link[9]-->[10] (bypass:0) dfgNode: 19 at cycle 6
[DEBUG] skip predecessor routing -- dfgNode: 15
[DEBUG] success in schedule()
[DEBUG] schedule dfg node[40] onto fu[10] at cycle 14 within II: 6
[DEBUG] setDFGNode 40 onto CGRANode 10 at cycle: 14
[DEBUG] occupy link[1]-->[5] (bypass:1) dfgNode: 36 at cycle 11
[DEBUG] occupy link[5]-->[9] (bypass:1) dfgNode: 36 at cycle 12
[DEBUG] in allocateReg() t_cycle: 13; i: 0 CGRA node: 10; link: 2 duration 1
[DEBUG] done reg allocation
[DEBUG] occupy link[9]-->[10] (bypass:0) dfgNode: 36 at cycle 13
[DEBUG] skip predecessor routing -- dfgNode: 36
[DEBUG] tryToRoute -- srcDFGNode: 39, srcCGRANode: 13; dstDFGNode: 40, dstCGRANode: 10; backEdge: 0
[DEBUG] check route size: 3
[DEBUG] reset duration: 4 t_dstCycle: 14 previous: 10 II: 6
[DEBUG] in allocateReg() t_cycle: 10; i: 3 CGRA node: 14; link: 2 duration 4
[DEBUG] done reg allocation
[DEBUG] occupy link[13]-->[14] (bypass:0) dfgNode: 39 at cycle 10
[DEBUG] reset duration: 2 t_dstCycle: 14 previous: 12 II: 6
[DEBUG] in allocateReg() t_cycle: 12; i: 2 CGRA node: 10; link: 0 duration 2
[DEBUG] done reg allocation
[DEBUG] occupy link[14]-->[10] (bypass:0) dfgNode: 39 at cycle 12
[DEBUG] success in schedule()
[DEBUG] no available path for DFG node 43 on CGRA node 10 within II 6; path size: 10.
[DEBUG] schedule dfg node[43] onto fu[14] at cycle 13 within II: 6
[DEBUG] setDFGNode 43 onto CGRANode 14 at cycle: 13
[DEBUG] occupy link[9]-->[8] (bypass:1) dfgNode: 41 at cycle 9
[DEBUG] occupy link[8]-->[12] (bypass:1) dfgNode: 41 at cycle 10
[DEBUG] occupy link[12]-->[13] (bypass:1) dfgNode: 41 at cycle 11
[DEBUG] in allocateReg() t_cycle: 12; i: 0 CGRA node: 14; link: 2 duration 1
[DEBUG] done reg allocation
[DEBUG] occupy link[13]-->[14] (bypass:0) dfgNode: 41 at cycle 12
[DEBUG] skip predecessor routing -- dfgNode: 41
[DEBUG] tryToRoute -- srcDFGNode: 42, srcCGRANode: 14; dstDFGNode: 43, dstCGRANode: 14; backEdge: 0
[DEBUG] check route size: 1
[DEBUG] allocate for local reg maintain... duration=1 last cycle: 12
[DEBUG] in allocateReg() t_cycle: 12; i: 1 CGRA node: 14; link: 4 duration 1
[DEBUG] done reg allocation
[DEBUG] success in schedule()
[DEBUG] no available path for DFG node 21 on CGRA node 1 within II 6; path size: 1.
[DEBUG] no available path for DFG node 21 on CGRA node 2 within II 6; path size: 1.
[DEBUG] no available path for DFG node 21 on CGRA node 5 within II 6; path size: 3.
[DEBUG] no available path for DFG node 21 on CGRA node 6 within II 6; path size: 3.
[DEBUG] no available path for DFG node 21 on CGRA node 9 within II 6; path size: 5.
[DEBUG] no available path for DFG node 21 on CGRA node 10 within II 6; path size: 5.
[DEBUG] no available path for DFG node 21 on CGRA node 13 within II 6; path size: 7.
[DEBUG] no available path for DFG node 21 on CGRA node 14 within II 6; path size: 7.
[DEBUG] schedule dfg node[21] onto fu[7] at cycle 13 within II: 6
[DEBUG] setDFGNode 21 onto CGRANode 7 at cycle: 13
[DEBUG] in allocateReg() t_cycle: 12; i: 0 CGRA node: 7; link: 1 duration 1
[DEBUG] done reg allocation
[DEBUG] occupy link[3]-->[7] (bypass:0) dfgNode: 20 at cycle 12
[DEBUG] skip predecessor routing -- dfgNode: 20
[DEBUG] tryToRoute -- srcDFGNode: 16, srcCGRANode: 14; dstDFGNode: 21, dstCGRANode: 7; backEdge: 0
[DEBUG] check route size: 4
[DEBUG] occupy link[14]-->[10] (bypass:1) dfgNode: 16 at cycle 4
[DEBUG] reset duration: 2 t_dstCycle: 13 previous: 5 II: 6
[DEBUG] in allocateReg() t_cycle: 5; i: 3 CGRA node: 6; link: 0 duration 2
[DEBUG] done reg allocation
[DEBUG] occupy link[10]-->[6] (bypass:0) dfgNode: 16 at cycle 5
[DEBUG] reset duration: 0 t_dstCycle: 13 previous: 7 II: 6
[DEBUG] reset duration is 0...
[DEBUG] in allocateReg() t_cycle: 7; i: 1 CGRA node: 7; link: 2 duration 6
[DEBUG] done reg allocation
[DEBUG] occupy link[6]-->[7] (bypass:0) dfgNode: 16 at cycle 7
[DEBUG] success in schedule()
[DEBUG] no available path for DFG node 23 on CGRA node 1 within II 6; path size: 1.
[DEBUG] no available path for DFG node 23 on CGRA node 2 within II 6; path size: 1.
[DEBUG] no available path for DFG node 23 on CGRA node 5 within II 6; path size: 3.
[DEBUG] no available path for DFG node 23 on CGRA node 6 within II 6; path size: 3.
[DEBUG] no available path for DFG node 23 on CGRA node 9 within II 6; path size: 5.
[DEBUG] no available path for DFG node 23 on CGRA node 10 within II 6; path size: 5.
[DEBUG] no available path for DFG node 23 on CGRA node 13 within II 6; path size: 7.
[DEBUG] no available path for DFG node 23 on CGRA node 14 within II 6; path size: 7.
[DEBUG] schedule dfg node[23] onto fu[3] at cycle 14 within II: 6
[DEBUG] setDFGNode 23 onto CGRANode 3 at cycle: 14
[DEBUG] in allocateReg() t_cycle: 13; i: 0 CGRA node: 3; link: 2 duration 1
[DEBUG] done reg allocation
[DEBUG] occupy link[2]-->[3] (bypass:0) dfgNode: 22 at cycle 13
[DEBUG] skip predecessor routing -- dfgNode: 22
[DEBUG] tryToRoute -- srcDFGNode: 18, srcCGRANode: 5; dstDFGNode: 23, dstCGRANode: 3; backEdge: 0
[DEBUG] check route size: 4
[DEBUG] reset duration: 5 t_dstCycle: 14 previous: 3 II: 6
[DEBUG] in allocateReg() t_cycle: 3; i: 4 CGRA node: 6; link: 2 duration 5
[DEBUG] done reg allocation
[DEBUG] occupy link[5]-->[6] (bypass:0) dfgNode: 18 at cycle 3
[DEBUG] reset duration: 1 t_dstCycle: 14 previous: 7 II: 6
[DEBUG] in allocateReg() t_cycle: 7; i: 0 CGRA node: 7; link: 2 duration 1
[DEBUG] done reg allocation
[DEBUG] occupy link[6]-->[7] (bypass:0) dfgNode: 18 at cycle 7
[DEBUG] reset duration: 5 t_dstCycle: 14 previous: 9 II: 6
[DEBUG] in allocateReg() t_cycle: 9; i: 2 CGRA node: 3; link: 0 duration 5
[DEBUG] done reg allocation
[DEBUG] occupy link[7]-->[3] (bypass:0) dfgNode: 18 at cycle 9
[DEBUG] success in schedule()
[DEBUG] no available path for DFG node 25 on CGRA node 1 within II 6; path size: 1.
[DEBUG] no available path for DFG node 25 on CGRA node 2 within II 6; path size: 1.
[DEBUG] no available path for DFG node 25 on CGRA node 5 within II 6; path size: 3.
[DEBUG] no available path for DFG node 25 on CGRA node 6 within II 6; path size: 3.
[DEBUG] no available path for DFG node 25 on CGRA node 9 within II 6; path size: 5.
[DEBUG] no available path for DFG node 25 on CGRA node 10 within II 6; path size: 5.
[DEBUG] no available path for DFG node 25 on CGRA node 13 within II 6; path size: 7.
[DEBUG] no available path for DFG node 25 on CGRA node 14 within II 6; path size: 7.
[DEBUG] schedule dfg node[25] onto fu[0] at cycle 13 within II: 6
[DEBUG] setDFGNode 25 onto CGRANode 0 at cycle: 13
[DEBUG] in allocateReg() t_cycle: 12; i: 0 CGRA node: 0; link: 3 duration 1
[DEBUG] done reg allocation
[DEBUG] occupy link[1]-->[0] (bypass:0) dfgNode: 24 at cycle 12
[DEBUG] skip predecessor routing -- dfgNode: 24
[DEBUG] tryToRoute -- srcDFGNode: 2, srcCGRANode: 6; dstDFGNode: 25, dstCGRANode: 0; backEdge: 0
[DEBUG] check route size: 4
[DEBUG] occupy link[6]-->[5] (bypass:1) dfgNode: 2 at cycle 4
[DEBUG] occupy link[5]-->[4] (bypass:1) dfgNode: 2 at cycle 5
[DEBUG] reset duration: 1 t_dstCycle: 13 previous: 6 II: 6
[DEBUG] in allocateReg() t_cycle: 6; i: 2 CGRA node: 0; link: 0 duration 1
[DEBUG] done reg allocation
[DEBUG] occupy link[4]-->[0] (bypass:0) dfgNode: 2 at cycle 6
[DEBUG] success in schedule()
[DEBUG] no available path for DFG node 27 on CGRA node 1 within II 6; path size: 1.
[DEBUG] no available path for DFG node 27 on CGRA node 2 within II 6; path size: 1.
[DEBUG] no available path for DFG node 27 on CGRA node 5 within II 6; path size: 3.
[DEBUG] no available path for DFG node 27 on CGRA node 6 within II 6; path size: 3.
[DEBUG] no available path for DFG node 27 on CGRA node 9 within II 6; path size: 5.
[DEBUG] no available path for DFG node 27 on CGRA node 10 within II 6; path size: 5.
[DEBUG] no available path for DFG node 27 on CGRA node 13 within II 6; path size: 7.
[DEBUG] no available path for DFG node 27 on CGRA node 14 within II 6; path size: 7.
[DEBUG] schedule dfg node[27] onto fu[11] at cycle 14 within II: 6
[DEBUG] setDFGNode 27 onto CGRANode 11 at cycle: 14
[DEBUG] in allocateReg() t_cycle: 13; i: 0 CGRA node: 11; link: 2 duration 1
[DEBUG] done reg allocation
[DEBUG] occupy link[10]-->[11] (bypass:0) dfgNode: 26 at cycle 13
[DEBUG] skip predecessor routing -- dfgNode: 26
[DEBUG] tryToRoute -- srcDFGNode: 4, srcCGRANode: 13; dstDFGNode: 27, dstCGRANode: 11; backEdge: 0
[DEBUG] check route size: 4
[DEBUG] occupy link[13]-->[9] (bypass:1) dfgNode: 4 at cycle 5
[DEBUG] reset duration: 2 t_dstCycle: 14 previous: 6 II: 6
[DEBUG] in allocateReg() t_cycle: 6; i: 3 CGRA node: 10; link: 2 duration 2
[DEBUG] done reg allocation
[DEBUG] occupy link[9]-->[10] (bypass:0) dfgNode: 4 at cycle 6
[DEBUG] reset duration: 5 t_dstCycle: 14 previous: 9 II: 6
[DEBUG] in allocateReg() t_cycle: 9; i: 1 CGRA node: 11; link: 2 duration 5
[DEBUG] done reg allocation
[DEBUG] occupy link[10]-->[11] (bypass:0) dfgNode: 4 at cycle 9
[DEBUG] success in schedule()
[DEBUG] no available path for DFG node 48 on CGRA node 10 within II 6; path size: 10.
[DEBUG] schedule dfg node[48] onto fu[6] at cycle 15 within II: 6
[DEBUG] setDFGNode 48 onto CGRANode 6 at cycle: 15
[DEBUG] in allocateReg() t_cycle: 14; i: 0 CGRA node: 6; link: 0 duration 1
[DEBUG] done reg allocation
[DEBUG] occupy link[10]-->[6] (bypass:0) dfgNode: 40 at cycle 14
[DEBUG] tryToRoute -- srcDFGNode: 45, srcCGRANode: 7; dstDFGNode: 48, dstCGRANode: 6; backEdge: 0
[DEBUG] check route size: 2
[DEBUG] reset duration: 3 t_dstCycle: 15 previous: 6 II: 6
[DEBUG] in allocateReg() t_cycle: 6; i: 2 CGRA node: 6; link: 3 duration 3
[DEBUG] done reg allocation
[DEBUG] occupy link[7]-->[6] (bypass:0) dfgNode: 45 at cycle 6
[DEBUG] skip predecessor routing -- dfgNode: 40
[DEBUG] success in schedule()
[DEBUG] no available path for DFG node 50 on CGRA node 10 within II 6; path size: 10.
[DEBUG] schedule dfg node[50] onto fu[15] at cycle 14 within II: 6
[DEBUG] setDFGNode 50 onto CGRANode 15 at cycle: 14
[DEBUG] in allocateReg() t_cycle: 13; i: 0 CGRA node: 15; link: 2 duration 1
[DEBUG] done reg allocation
[DEBUG] occupy link[14]-->[15] (bypass:0) dfgNode: 43 at cycle 13
[DEBUG] tryToRoute -- srcDFGNode: 47, srcCGRANode: 15; dstDFGNode: 50, dstCGRANode: 15; backEdge: 0
[DEBUG] check route size: 1
[DEBUG] allocate for local reg maintain... duration=1 last cycle: 7
[DEBUG] in allocateReg() t_cycle: 7; i: 1 CGRA node: 15; link: 4 duration 1
[DEBUG] done reg allocation
[DEBUG] skip predecessor routing -- dfgNode: 43
[DEBUG] success in schedule()
[DEBUG] no available path for DFG node 52 on CGRA node 10 within II 6; path size: 10.
[DEBUG] schedule dfg node[52] onto fu[7] at cycle 16 within II: 6
[DEBUG] setDFGNode 52 onto CGRANode 7 at cycle: 16
[DEBUG] occupy link[10]-->[6] (bypass:1) dfgNode: 40 at cycle 14
[DEBUG] in allocateReg() t_cycle: 15; i: 0 CGRA node: 7; link: 2 duration 1
[DEBUG] done reg allocation
[DEBUG] occupy link[6]-->[7] (bypass:0) dfgNode: 40 at cycle 15
[DEBUG] tryToRoute -- srcDFGNode: 45, srcCGRANode: 7; dstDFGNode: 52, dstCGRANode: 7; backEdge: 0
[DEBUG] check route size: 1
[DEBUG] allocate for local reg maintain... duration=4 last cycle: 6
[DEBUG] in allocateReg() t_cycle: 6; i: 2 CGRA node: 7; link: 4 duration 4
[DEBUG] done reg allocation
[DEBUG] skip predecessor routing -- dfgNode: 40
[DEBUG] success in schedule()
[DEBUG] no available path for DFG node 54 on CGRA node 10 within II 6; path size: 10.
[DEBUG] schedule dfg node[54] onto fu[13] at cycle 14 within II: 6
[DEBUG] setDFGNode 54 onto CGRANode 13 at cycle: 14
[DEBUG] in allocateReg() t_cycle: 13; i: 0 CGRA node: 13; link: 3 duration 1
[DEBUG] done reg allocation
[DEBUG] occupy link[14]-->[13] (bypass:0) dfgNode: 43 at cycle 13
[DEBUG] tryToRoute -- srcDFGNode: 47, srcCGRANode: 15; dstDFGNode: 54, dstCGRANode: 13; backEdge: 0
[DEBUG] check route size: 3
[DEBUG] occupy link[15]-->[14] (bypass:1) dfgNode: 47 at cycle 7
[DEBUG] reset duration: 0 t_dstCycle: 14 previous: 8 II: 6
[DEBUG] reset duration is 0...
[DEBUG] in allocateReg() t_cycle: 8; i: 3 CGRA node: 13; link: 3 duration 6
[DEBUG] done reg allocation
[DEBUG] occupy link[14]-->[13] (bypass:0) dfgNode: 47 at cycle 8
[DEBUG] skip predecessor routing -- dfgNode: 43
[DEBUG] success in schedule()
[DEBUG] no available path for DFG node 49 on CGRA node 1 within II 6; path size: 1.
[DEBUG] no available path for DFG node 49 on CGRA node 2 within II 6; path size: 1.
[DEBUG] no available path for DFG node 49 on CGRA node 5 within II 6; path size: 3.
[DEBUG] no available path for DFG node 49 on CGRA node 6 within II 6; path size: 3.
[DEBUG] no available path for DFG node 49 on CGRA node 9 within II 6; path size: 5.
[DEBUG] no available path for DFG node 49 on CGRA node 10 within II 6; path size: 5.
[DEBUG] no available path for DFG node 49 on CGRA node 13 within II 6; path size: 7.
[DEBUG] no available path for DFG node 49 on CGRA node 14 within II 6; path size: 7.
[DEBUG] schedule dfg node[49] onto fu[11] at cycle 17 within II: 6
[DEBUG] setDFGNode 49 onto CGRANode 11 at cycle: 17
[DEBUG] occupy link[6]-->[10] (bypass:1) dfgNode: 48 at cycle 15
[DEBUG] in allocateReg() t_cycle: 16; i: 0 CGRA node: 11; link: 2 duration 1
[DEBUG] done reg allocation
[DEBUG] occupy link[10]-->[11] (bypass:0) dfgNode: 48 at cycle 16
[DEBUG] skip predecessor routing -- dfgNode: 48
[DEBUG] tryToRoute -- srcDFGNode: 44, srcCGRANode: 6; dstDFGNode: 49, dstCGRANode: 11; backEdge: 0
[DEBUG] check route size: 3
[DEBUG] occupy link[6]-->[7] (bypass:1) dfgNode: 44 at cycle 5
[DEBUG] reset duration: 5 t_dstCycle: 17 previous: 6 II: 6
[DEBUG] in allocateReg() t_cycle: 6; i: 2 CGRA node: 11; link: 1 duration 5
[DEBUG] done reg allocation
[DEBUG] occupy link[7]-->[11] (bypass:0) dfgNode: 44 at cycle 6
[DEBUG] success in schedule()
[DEBUG] no available path for DFG node 51 on CGRA node 1 within II 6; path size: 1.
[DEBUG] no available path for DFG node 51 on CGRA node 2 within II 6; path size: 1.
[DEBUG] no available path for DFG node 51 on CGRA node 5 within II 6; path size: 3.
[DEBUG] no available path for DFG node 51 on CGRA node 6 within II 6; path size: 3.
[DEBUG] no available path for DFG node 51 on CGRA node 9 within II 6; path size: 5.
[DEBUG] no available path for DFG node 51 on CGRA node 10 within II 6; path size: 5.
[DEBUG] no available path for DFG node 51 on CGRA node 13 within II 6; path size: 7.
[DEBUG] no available path for DFG node 51 on CGRA node 14 within II 6; path size: 7.
[DEBUG] schedule dfg node[51] onto fu[12] at cycle 17 within II: 6
[DEBUG] setDFGNode 51 onto CGRANode 12 at cycle: 17
[DEBUG] occupy link[15]-->[14] (bypass:1) dfgNode: 50 at cycle 14
[DEBUG] occupy link[14]-->[13] (bypass:1) dfgNode: 50 at cycle 15
[DEBUG] in allocateReg() t_cycle: 16; i: 0 CGRA node: 12; link: 3 duration 1
[DEBUG] done reg allocation
[DEBUG] occupy link[13]-->[12] (bypass:0) dfgNode: 50 at cycle 16
[DEBUG] skip predecessor routing -- dfgNode: 50
[DEBUG] tryToRoute -- srcDFGNode: 46, srcCGRANode: 10; dstDFGNode: 51, dstCGRANode: 12; backEdge: 0
[DEBUG] check route size: 4
[DEBUG] occupy link[10]-->[14] (bypass:1) dfgNode: 46 at cycle 5
[DEBUG] occupy link[14]-->[13] (bypass:1) dfgNode: 46 at cycle 6
[DEBUG] reset duration: 4 t_dstCycle: 17 previous: 7 II: 6
[DEBUG] in allocateReg() t_cycle: 7; i: 1 CGRA node: 12; link: 3 duration 4
[DEBUG] done reg allocation
[DEBUG] occupy link[13]-->[12] (bypass:0) dfgNode: 46 at cycle 7
[DEBUG] success in schedule()
[DEBUG] no available path for DFG node 53 on CGRA node 1 within II 6; path size: 1.
[DEBUG] no available path for DFG node 53 on CGRA node 2 within II 6; path size: 1.
[DEBUG] no available path for DFG node 53 on CGRA node 5 within II 6; path size: 3.
[DEBUG] no available path for DFG node 53 on CGRA node 6 within II 6; path size: 3.
[DEBUG] no available path for DFG node 53 on CGRA node 9 within II 6; path size: 5.
[DEBUG] no available path for DFG node 53 on CGRA node 10 within II 6; path size: 5.
[DEBUG] no available path for DFG node 53 on CGRA node 13 within II 6; path size: 7.
[DEBUG] no available path for DFG node 53 on CGRA node 14 within II 6; path size: 7.
[DEBUG] schedule dfg node[53] onto fu[3] at cycle 17 within II: 6
[DEBUG] setDFGNode 53 onto CGRANode 3 at cycle: 17
[DEBUG] in allocateReg() t_cycle: 16; i: 0 CGRA node: 3; link: 0 duration 1
[DEBUG] done reg allocation
[DEBUG] occupy link[7]-->[3] (bypass:0) dfgNode: 52 at cycle 16
[DEBUG] skip predecessor routing -- dfgNode: 52
[DEBUG] tryToRoute -- srcDFGNode: 30, srcCGRANode: 10; dstDFGNode: 53, dstCGRANode: 3; backEdge: 0
DEBUG target DFG node: 53 on fu: 3 failed, mapped pred DFG node: 30; return false
[DEBUG] fail1 in schedule() II: 6
[DEBUG] the failed path -- cycle: 17 CGRANode: 3
[DEBUG] the failed path -- cycle: 16 CGRANode: 7
----------------------------------------
[DEBUG] start heuristic algorithm with II=7
[DEBUG] schedule dfg node[57] onto fu[5] at cycle 0 within II: 7
[DEBUG] setDFGNode 57 onto CGRANode 5 at cycle: 0
[DEBUG] success in schedule()
[DEBUG] schedule dfg node[58] onto fu[6] at cycle 1 within II: 7
[DEBUG] setDFGNode 58 onto CGRANode 6 at cycle: 1
[DEBUG] in allocateReg() t_cycle: 0; i: 0 CGRA node: 6; link: 2 duration 1
[DEBUG] done reg allocation
[DEBUG] occupy link[5]-->[6] (bypass:0) dfgNode: 57 at cycle 0
[DEBUG] skip predecessor routing -- dfgNode: 57
[DEBUG] success in schedule()
[DEBUG] schedule dfg node[0] onto fu[10] at cycle 2 within II: 7
[DEBUG] setDFGNode 0 onto CGRANode 10 at cycle: 2
[DEBUG] in allocateReg() t_cycle: 1; i: 0 CGRA node: 10; link: 1 duration 1
[DEBUG] done reg allocation
[DEBUG] occupy link[6]-->[10] (bypass:0) dfgNode: 58 at cycle 1
[DEBUG] skip predecessor routing -- dfgNode: 58
[DEBUG] in shareSameCycle is true: node 0
[DEBUG] tryToRoute -- srcDFGNode: 0, srcCGRANode: 10; dstDFGNode: 57, dstCGRANode: 5; backEdge: 1
[DEBUG] in shareSameCycle is true: node 57
[DEBUG] check route size: 3
[DEBUG] occupy link[10]-->[6] (bypass:1) dfgNode: 0 at cycle 2
[DEBUG] reset duration: 4 t_dstCycle: 0 previous: 3 II: 7
[DEBUG] in allocateReg() t_cycle: 3; i: 0 CGRA node: 5; link: 3 duration 4
[DEBUG] done reg allocation
[DEBUG] occupy link[6]-->[5] (bypass:0) dfgNode: 0 at cycle 3
[DEBUG] success in schedule()
[DEBUG] schedule dfg node[1] onto fu[9] at cycle 3 within II: 7
[DEBUG] setDFGNode 1 onto CGRANode 9 at cycle: 3
[DEBUG] in allocateReg() t_cycle: 2; i: 0 CGRA node: 9; link: 3 duration 1
[DEBUG] done reg allocation
[DEBUG] occupy link[10]-->[9] (bypass:0) dfgNode: 0 at cycle 2
[DEBUG] skip predecessor routing -- dfgNode: 0
[DEBUG] success in schedule()
[DEBUG] schedule dfg node[6] onto fu[5] at cycle 4 within II: 7
[DEBUG] setDFGNode 6 onto CGRANode 5 at cycle: 4
[DEBUG] occupy link[10]-->[6] (bypass:1) dfgNode: 0 at cycle 2
[DEBUG] in allocateReg() t_cycle: 3; i: 1 CGRA node: 5; link: 3 duration 1
[DEBUG] done reg allocation
[DEBUG] occupy link[6]-->[5] (bypass:0) dfgNode: 0 at cycle 3
[DEBUG] skip predecessor routing -- dfgNode: 0
[DEBUG] success in schedule()
[DEBUG] schedule dfg node[9] onto fu[14] at cycle 3 within II: 7
[DEBUG] setDFGNode 9 onto CGRANode 14 at cycle: 3
[DEBUG] in allocateReg() t_cycle: 2; i: 0 CGRA node: 14; link: 1 duration 1
[DEBUG] done reg allocation
[DEBUG] occupy link[10]-->[14] (bypass:0) dfgNode: 0 at cycle 2
[DEBUG] skip predecessor routing -- dfgNode: 0
[DEBUG] success in schedule()
[DEBUG] schedule dfg node[16] onto fu[6] at cycle 3 within II: 7
[DEBUG] setDFGNode 16 onto CGRANode 6 at cycle: 3
[DEBUG] in allocateReg() t_cycle: 2; i: 0 CGRA node: 6; link: 0 duration 1
[DEBUG] done reg allocation
[DEBUG] occupy link[10]-->[6] (bypass:0) dfgNode: 0 at cycle 2
[DEBUG] skip predecessor routing -- dfgNode: 0
[DEBUG] success in schedule()
[DEBUG] schedule dfg node[18] onto fu[10] at cycle 3 within II: 7
[DEBUG] setDFGNode 18 onto CGRANode 10 at cycle: 3
[DEBUG] tryToRoute -- srcDFGNode: 0, srcCGRANode: 10; dstDFGNode: 18, dstCGRANode: 10; backEdge: 0
[DEBUG] check route size: 1
[DEBUG] allocate for local reg maintain... duration=1 last cycle: 2
[DEBUG] in allocateReg() t_cycle: 2; i: 0 CGRA node: 10; link: 4 duration 1
[DEBUG] done reg allocation
[DEBUG] success in schedule()
[DEBUG] schedule dfg node[28] onto fu[2] at cycle 4 within II: 7
[DEBUG] setDFGNode 28 onto CGRANode 2 at cycle: 4
[DEBUG] occupy link[10]-->[6] (bypass:1) dfgNode: 0 at cycle 2
[DEBUG] in allocateReg() t_cycle: 3; i: 0 CGRA node: 2; link: 0 duration 1
[DEBUG] done reg allocation
[DEBUG] occupy link[6]-->[2] (bypass:0) dfgNode: 0 at cycle 3
[DEBUG] skip predecessor routing -- dfgNode: 0
[DEBUG] success in schedule()
[DEBUG] schedule dfg node[56] onto fu[13] at cycle 4 within II: 7
[DEBUG] setDFGNode 56 onto CGRANode 13 at cycle: 4
[DEBUG] occupy link[10]-->[9] (bypass:1) dfgNode: 0 at cycle 2
[DEBUG] in allocateReg() t_cycle: 3; i: 0 CGRA node: 13; link: 1 duration 1
[DEBUG] done reg allocation
[DEBUG] occupy link[9]-->[13] (bypass:0) dfgNode: 0 at cycle 3
[DEBUG] skip predecessor routing -- dfgNode: 0
[DEBUG] in shareSameCycle is true: node 56
[DEBUG] tryToRoute -- srcDFGNode: 56, srcCGRANode: 13; dstDFGNode: 0, dstCGRANode: 10; backEdge: 1
[DEBUG] in shareSameCycle is true: node 0
[DEBUG] check route size: 3
[DEBUG] occupy link[13]-->[9] (bypass:1) dfgNode: 56 at cycle 4
[DEBUG] reset duration: 4 t_dstCycle: 2 previous: 5 II: 7
[DEBUG] in allocateReg() t_cycle: 5; i: 1 CGRA node: 10; link: 2 duration 4
[DEBUG] done reg allocation
[DEBUG] occupy link[9]-->[10] (bypass:0) dfgNode: 56 at cycle 5
[DEBUG] success in schedule()
[DEBUG] schedule dfg node[2] onto fu[10] at cycle 4 within II: 7
[DEBUG] setDFGNode 2 onto CGRANode 10 at cycle: 4
[DEBUG] in allocateReg() t_cycle: 3; i: 0 CGRA node: 10; link: 2 duration 1
[DEBUG] done reg allocation
[DEBUG] occupy link[9]-->[10] (bypass:0) dfgNode: 1 at cycle 3
[DEBUG] skip predecessor routing -- dfgNode: 1
[DEBUG] success in schedule()
[DEBUG] schedule dfg node[4] onto fu[14] at cycle 5 within II: 7
[DEBUG] setDFGNode 4 onto CGRANode 14 at cycle: 5
[DEBUG] occupy link[9]-->[10] (bypass:1) dfgNode: 1 at cycle 3
[DEBUG] in allocateReg() t_cycle: 4; i: 0 CGRA node: 14; link: 1 duration 1
[DEBUG] done reg allocation
[DEBUG] occupy link[10]-->[14] (bypass:0) dfgNode: 1 at cycle 4
[DEBUG] skip predecessor routing -- dfgNode: 1
[DEBUG] success in schedule()
[DEBUG] no available path for DFG node 7 on CGRA node 1 within II 7; path size: 1.
[DEBUG] no available path for DFG node 7 on CGRA node 2 within II 7; path size: 1.
[DEBUG] no available path for DFG node 7 on CGRA node 5 within II 7; path size: 3.
[DEBUG] no available path for DFG node 7 on CGRA node 6 within II 7; path size: 3.
[DEBUG] no available path for DFG node 7 on CGRA node 9 within II 7; path size: 5.
[DEBUG] no available path for DFG node 7 on CGRA node 10 within II 7; path size: 5.
[DEBUG] no available path for DFG node 7 on CGRA node 13 within II 7; path size: 7.
[DEBUG] no available path for DFG node 7 on CGRA node 14 within II 7; path size: 7.
[DEBUG] schedule dfg node[7] onto fu[4] at cycle 5 within II: 7
[DEBUG] setDFGNode 7 onto CGRANode 4 at cycle: 5
[DEBUG] in allocateReg() t_cycle: 4; i: 0 CGRA node: 4; link: 3 duration 1
[DEBUG] done reg allocation
[DEBUG] occupy link[5]-->[4] (bypass:0) dfgNode: 6 at cycle 4
[DEBUG] skip predecessor routing -- dfgNode: 6
[DEBUG] success in schedule()
[DEBUG] no available path for DFG node 10 on CGRA node 1 within II 7; path size: 1.
[DEBUG] no available path for DFG node 10 on CGRA node 2 within II 7; path size: 1.
[DEBUG] no available path for DFG node 10 on CGRA node 5 within II 7; path size: 3.
[DEBUG] no available path for DFG node 10 on CGRA node 6 within II 7; path size: 3.
[DEBUG] no available path for DFG node 10 on CGRA node 9 within II 7; path size: 5.
[DEBUG] no available path for DFG node 10 on CGRA node 10 within II 7; path size: 5.
[DEBUG] no available path for DFG node 10 on CGRA node 13 within II 7; path size: 7.
[DEBUG] no available path for DFG node 10 on CGRA node 14 within II 7; path size: 7.
[DEBUG] schedule dfg node[10] onto fu[11] at cycle 5 within II: 7
[DEBUG] setDFGNode 10 onto CGRANode 11 at cycle: 5
[DEBUG] occupy link[14]-->[10] (bypass:1) dfgNode: 9 at cycle 3
[DEBUG] in allocateReg() t_cycle: 4; i: 0 CGRA node: 11; link: 2 duration 1
[DEBUG] done reg allocation
[DEBUG] occupy link[10]-->[11] (bypass:0) dfgNode: 9 at cycle 4
[DEBUG] skip predecessor routing -- dfgNode: 9
[DEBUG] success in schedule()
[DEBUG] no available path for DFG node 17 on CGRA node 1 within II 7; path size: 1.
[DEBUG] no available path for DFG node 17 on CGRA node 2 within II 7; path size: 1.
[DEBUG] no available path for DFG node 17 on CGRA node 5 within II 7; path size: 3.
[DEBUG] no available path for DFG node 17 on CGRA node 6 within II 7; path size: 3.
[DEBUG] no available path for DFG node 17 on CGRA node 9 within II 7; path size: 5.
[DEBUG] no available path for DFG node 17 on CGRA node 10 within II 7; path size: 5.
[DEBUG] no available path for DFG node 17 on CGRA node 13 within II 7; path size: 7.
[DEBUG] no available path for DFG node 17 on CGRA node 14 within II 7; path size: 7.
[DEBUG] schedule dfg node[17] onto fu[7] at cycle 4 within II: 7
[DEBUG] setDFGNode 17 onto CGRANode 7 at cycle: 4
[DEBUG] in allocateReg() t_cycle: 3; i: 0 CGRA node: 7; link: 2 duration 1
[DEBUG] done reg allocation
[DEBUG] occupy link[6]-->[7] (bypass:0) dfgNode: 16 at cycle 3
[DEBUG] skip predecessor routing -- dfgNode: 16
[DEBUG] success in schedule()
[DEBUG] no available path for DFG node 19 on CGRA node 1 within II 7; path size: 1.
[DEBUG] no available path for DFG node 19 on CGRA node 2 within II 7; path size: 1.
[DEBUG] no available path for DFG node 19 on CGRA node 5 within II 7; path size: 3.
[DEBUG] no available path for DFG node 19 on CGRA node 6 within II 7; path size: 3.
[DEBUG] no available path for DFG node 19 on CGRA node 9 within II 7; path size: 5.
[DEBUG] no available path for DFG node 19 on CGRA node 10 within II 7; path size: 5.
[DEBUG] no available path for DFG node 19 on CGRA node 13 within II 7; path size: 7.
[DEBUG] no available path for DFG node 19 on CGRA node 14 within II 7; path size: 7.
[DEBUG] schedule dfg node[19] onto fu[8] at cycle 5 within II: 7
[DEBUG] setDFGNode 19 onto CGRANode 8 at cycle: 5
[DEBUG] occupy link[10]-->[9] (bypass:1) dfgNode: 18 at cycle 3
[DEBUG] in allocateReg() t_cycle: 4; i: 0 CGRA node: 8; link: 3 duration 1
[DEBUG] done reg allocation
[DEBUG] occupy link[9]-->[8] (bypass:0) dfgNode: 18 at cycle 4
[DEBUG] skip predecessor routing -- dfgNode: 18
[DEBUG] success in schedule()
[DEBUG] schedule dfg node[29] onto fu[6] at cycle 5 within II: 7
[DEBUG] setDFGNode 29 onto CGRANode 6 at cycle: 5
[DEBUG] in allocateReg() t_cycle: 4; i: 0 CGRA node: 6; link: 1 duration 1
[DEBUG] done reg allocation
[DEBUG] occupy link[2]-->[6] (bypass:0) dfgNode: 28 at cycle 4
[DEBUG] skip predecessor routing -- dfgNode: 28
[DEBUG] success in schedule()
[DEBUG] schedule dfg node[34] onto fu[1] at cycle 5 within II: 7
[DEBUG] setDFGNode 34 onto CGRANode 1 at cycle: 5
[DEBUG] in allocateReg() t_cycle: 4; i: 0 CGRA node: 1; link: 3 duration 1
[DEBUG] done reg allocation
[DEBUG] occupy link[2]-->[1] (bypass:0) dfgNode: 28 at cycle 4
[DEBUG] skip predecessor routing -- dfgNode: 28
[DEBUG] success in schedule()
[DEBUG] schedule dfg node[37] onto fu[5] at cycle 6 within II: 7
[DEBUG] setDFGNode 37 onto CGRANode 5 at cycle: 6
[DEBUG] occupy link[2]-->[1] (bypass:1) dfgNode: 28 at cycle 4
[DEBUG] in allocateReg() t_cycle: 5; i: 1 CGRA node: 5; link: 1 duration 1
[DEBUG] done reg allocation
[DEBUG] occupy link[1]-->[5] (bypass:0) dfgNode: 28 at cycle 5
[DEBUG] skip predecessor routing -- dfgNode: 28
[DEBUG] success in schedule()
[DEBUG] schedule dfg node[44] onto fu[9] at cycle 7 within II: 7
[DEBUG] setDFGNode 44 onto CGRANode 9 at cycle: 7
[DEBUG] occupy link[2]-->[1] (bypass:1) dfgNode: 28 at cycle 4
[DEBUG] occupy link[1]-->[5] (bypass:1) dfgNode: 28 at cycle 5
[DEBUG] in allocateReg() t_cycle: 6; i: 0 CGRA node: 9; link: 1 duration 1
[DEBUG] done reg allocation
[DEBUG] occupy link[5]-->[9] (bypass:0) dfgNode: 28 at cycle 6
[DEBUG] skip predecessor routing -- dfgNode: 28
[DEBUG] success in schedule()
[DEBUG] schedule dfg node[46] onto fu[10] at cycle 6 within II: 7
[DEBUG] setDFGNode 46 onto CGRANode 10 at cycle: 6
[DEBUG] occupy link[2]-->[6] (bypass:1) dfgNode: 28 at cycle 4
[DEBUG] in allocateReg() t_cycle: 5; i: 0 CGRA node: 10; link: 1 duration 1
[DEBUG] done reg allocation
[DEBUG] occupy link[6]-->[10] (bypass:0) dfgNode: 28 at cycle 5
[DEBUG] skip predecessor routing -- dfgNode: 28
[DEBUG] success in schedule()
[DEBUG] no available path for DFG node 3 on CGRA node 1 within II 7; path size: 1.
[DEBUG] no available path for DFG node 3 on CGRA node 2 within II 7; path size: 1.
[DEBUG] no available path for DFG node 3 on CGRA node 5 within II 7; path size: 3.
[DEBUG] no available path for DFG node 3 on CGRA node 6 within II 7; path size: 3.
[DEBUG] no available path for DFG node 3 on CGRA node 9 within II 7; path size: 5.
[DEBUG] no available path for DFG node 3 on CGRA node 10 within II 7; path size: 5.
[DEBUG] no available path for DFG node 3 on CGRA node 13 within II 7; path size: 7.
[DEBUG] no available path for DFG node 3 on CGRA node 14 within II 7; path size: 7.
[DEBUG] schedule dfg node[3] onto fu[7] at cycle 6 within II: 7
[DEBUG] setDFGNode 3 onto CGRANode 7 at cycle: 6
[DEBUG] occupy link[10]-->[6] (bypass:1) dfgNode: 2 at cycle 4
[DEBUG] in allocateReg() t_cycle: 5; i: 0 CGRA node: 7; link: 2 duration 1
[DEBUG] done reg allocation
[DEBUG] occupy link[6]-->[7] (bypass:0) dfgNode: 2 at cycle 5
[DEBUG] skip predecessor routing -- dfgNode: 2
[DEBUG] success in schedule()
[DEBUG] no available path for DFG node 5 on CGRA node 1 within II 7; path size: 1.
[DEBUG] no available path for DFG node 5 on CGRA node 2 within II 7; path size: 1.
[DEBUG] no available path for DFG node 5 on CGRA node 5 within II 7; path size: 3.
[DEBUG] no available path for DFG node 5 on CGRA node 6 within II 7; path size: 3.
[DEBUG] no available path for DFG node 5 on CGRA node 9 within II 7; path size: 5.
[DEBUG] no available path for DFG node 5 on CGRA node 10 within II 7; path size: 5.
[DEBUG] no available path for DFG node 5 on CGRA node 13 within II 7; path size: 7.
[DEBUG] no available path for DFG node 5 on CGRA node 14 within II 7; path size: 7.
[DEBUG] schedule dfg node[5] onto fu[11] at cycle 7 within II: 7
[DEBUG] setDFGNode 5 onto CGRANode 11 at cycle: 7
[DEBUG] occupy link[14]-->[10] (bypass:1) dfgNode: 4 at cycle 5
[DEBUG] in allocateReg() t_cycle: 6; i: 0 CGRA node: 11; link: 2 duration 1
[DEBUG] done reg allocation
[DEBUG] occupy link[10]-->[11] (bypass:0) dfgNode: 4 at cycle 6
[DEBUG] skip predecessor routing -- dfgNode: 4
[DEBUG] success in schedule()
[DEBUG] schedule dfg node[30] onto fu[2] at cycle 6 within II: 7
[DEBUG] setDFGNode 30 onto CGRANode 2 at cycle: 6
[DEBUG] in allocateReg() t_cycle: 5; i: 0 CGRA node: 2; link: 0 duration 1
[DEBUG] done reg allocation
[DEBUG] occupy link[6]-->[2] (bypass:0) dfgNode: 29 at cycle 5
[DEBUG] skip predecessor routing -- dfgNode: 29
[DEBUG] success in schedule()
[DEBUG] schedule dfg node[32] onto fu[10] at cycle 7 within II: 7
[DEBUG] setDFGNode 32 onto CGRANode 10 at cycle: 7
[DEBUG] in allocateReg() t_cycle: 5; i: 2 CGRA node: 10; link: 1 duration 2
[DEBUG] done reg allocation
[DEBUG] occupy link[6]-->[10] (bypass:0) dfgNode: 29 at cycle 5
[DEBUG] skip predecessor routing -- dfgNode: 29
[DEBUG] success in schedule()
[DEBUG] no available path for DFG node 35 on CGRA node 1 within II 7; path size: 1.
[DEBUG] no available path for DFG node 35 on CGRA node 2 within II 7; path size: 1.
[DEBUG] no available path for DFG node 35 on CGRA node 5 within II 7; path size: 3.
[DEBUG] no available path for DFG node 35 on CGRA node 6 within II 7; path size: 3.
[DEBUG] no available path for DFG node 35 on CGRA node 9 within II 7; path size: 5.
[DEBUG] no available path for DFG node 35 on CGRA node 10 within II 7; path size: 5.
[DEBUG] no available path for DFG node 35 on CGRA node 13 within II 7; path size: 7.
[DEBUG] no available path for DFG node 35 on CGRA node 14 within II 7; path size: 7.
[DEBUG] schedule dfg node[35] onto fu[4] at cycle 7 within II: 7
[DEBUG] setDFGNode 35 onto CGRANode 4 at cycle: 7
[DEBUG] occupy link[1]-->[0] (bypass:1) dfgNode: 34 at cycle 5
[DEBUG] in allocateReg() t_cycle: 6; i: 0 CGRA node: 4; link: 1 duration 1
[DEBUG] done reg allocation
[DEBUG] occupy link[0]-->[4] (bypass:0) dfgNode: 34 at cycle 6
[DEBUG] skip predecessor routing -- dfgNode: 34
[DEBUG] success in schedule()
[DEBUG] no available path for DFG node 38 on CGRA node 1 within II 7; path size: 1.
[DEBUG] no available path for DFG node 38 on CGRA node 2 within II 7; path size: 1.
[DEBUG] no available path for DFG node 38 on CGRA node 5 within II 7; path size: 3.
[DEBUG] no available path for DFG node 38 on CGRA node 6 within II 7; path size: 3.
[DEBUG] no available path for DFG node 38 on CGRA node 9 within II 7; path size: 5.
[DEBUG] no available path for DFG node 38 on CGRA node 10 within II 7; path size: 5.
[DEBUG] no available path for DFG node 38 on CGRA node 13 within II 7; path size: 7.
[DEBUG] no available path for DFG node 38 on CGRA node 14 within II 7; path size: 7.
[DEBUG] schedule dfg node[38] onto fu[8] at cycle 8 within II: 7
[DEBUG] setDFGNode 38 onto CGRANode 8 at cycle: 8
[DEBUG] occupy link[5]-->[4] (bypass:1) dfgNode: 37 at cycle 6
[DEBUG] in allocateReg() t_cycle: 7; i: 0 CGRA node: 8; link: 1 duration 1
[DEBUG] done reg allocation
[DEBUG] occupy link[4]-->[8] (bypass:0) dfgNode: 37 at cycle 7
[DEBUG] skip predecessor routing -- dfgNode: 37
[DEBUG] success in schedule()
[DEBUG] no available path for DFG node 45 on CGRA node 1 within II 7; path size: 1.
[DEBUG] no available path for DFG node 45 on CGRA node 2 within II 7; path size: 1.
[DEBUG] no available path for DFG node 45 on CGRA node 5 within II 7; path size: 3.
[DEBUG] no available path for DFG node 45 on CGRA node 6 within II 7; path size: 3.
[DEBUG] no available path for DFG node 45 on CGRA node 9 within II 7; path size: 5.
[DEBUG] no available path for DFG node 45 on CGRA node 10 within II 7; path size: 5.
[DEBUG] no available path for DFG node 45 on CGRA node 13 within II 7; path size: 7.
[DEBUG] no available path for DFG node 45 on CGRA node 14 within II 7; path size: 7.
[DEBUG] schedule dfg node[45] onto fu[11] at cycle 9 within II: 7
[DEBUG] setDFGNode 45 onto CGRANode 11 at cycle: 9
[DEBUG] occupy link[9]-->[10] (bypass:1) dfgNode: 44 at cycle 7
[DEBUG] in allocateReg() t_cycle: 8; i: 0 CGRA node: 11; link: 2 duration 1
[DEBUG] done reg allocation
[DEBUG] occupy link[10]-->[11] (bypass:0) dfgNode: 44 at cycle 8
[DEBUG] skip predecessor routing -- dfgNode: 44
[DEBUG] success in schedule()
[DEBUG] no available path for DFG node 47 on CGRA node 1 within II 7; path size: 1.
[DEBUG] no available path for DFG node 47 on CGRA node 2 within II 7; path size: 1.
[DEBUG] no available path for DFG node 47 on CGRA node 5 within II 7; path size: 3.
[DEBUG] no available path for DFG node 47 on CGRA node 6 within II 7; path size: 3.
[DEBUG] no available path for DFG node 47 on CGRA node 9 within II 7; path size: 5.
[DEBUG] no available path for DFG node 47 on CGRA node 10 within II 7; path size: 5.
[DEBUG] no available path for DFG node 47 on CGRA node 13 within II 7; path size: 7.
[DEBUG] no available path for DFG node 47 on CGRA node 14 within II 7; path size: 7.
[DEBUG] schedule dfg node[47] onto fu[15] at cycle 8 within II: 7
[DEBUG] setDFGNode 47 onto CGRANode 15 at cycle: 8
[DEBUG] occupy link[10]-->[14] (bypass:1) dfgNode: 46 at cycle 6
[DEBUG] in allocateReg() t_cycle: 7; i: 0 CGRA node: 15; link: 2 duration 1
[DEBUG] done reg allocation
[DEBUG] occupy link[14]-->[15] (bypass:0) dfgNode: 46 at cycle 7
[DEBUG] skip predecessor routing -- dfgNode: 46
[DEBUG] success in schedule()
[DEBUG] no available path for DFG node 8 on CGRA node 3 within II 7; path size: 3.
[DEBUG] no available path for DFG node 8 on CGRA node 4 within II 7; path size: 3.
[DEBUG] no available path for DFG node 8 on CGRA node 7 within II 7; path size: 5.
[DEBUG] no available path for DFG node 8 on CGRA node 8 within II 7; path size: 5.
[DEBUG] no available path for DFG node 8 on CGRA node 11 within II 7; path size: 7.
[DEBUG] no available path for DFG node 8 on CGRA node 12 within II 7; path size: 7.
[DEBUG] no available path for DFG node 8 on CGRA node 15 within II 7; path size: 9.
[DEBUG] schedule dfg node[8] onto fu[2] at cycle 8 within II: 7
[DEBUG] setDFGNode 8 onto CGRANode 2 at cycle: 8
[DEBUG] occupy link[7]-->[3] (bypass:1) dfgNode: 3 at cycle 6
[DEBUG] in allocateReg() t_cycle: 7; i: 0 CGRA node: 2; link: 3 duration 1
[DEBUG] done reg allocation
[DEBUG] occupy link[3]-->[2] (bypass:0) dfgNode: 3 at cycle 7
[DEBUG] skip predecessor routing -- dfgNode: 3
[DEBUG] tryToRoute -- srcDFGNode: 7, srcCGRANode: 4; dstDFGNode: 8, dstCGRANode: 2; backEdge: 0
[DEBUG] check route size: 4
[DEBUG] occupy link[4]-->[0] (bypass:1) dfgNode: 7 at cycle 5
[DEBUG] occupy link[0]-->[1] (bypass:1) dfgNode: 7 at cycle 6
[DEBUG] reset duration: 1 t_dstCycle: 8 previous: 7 II: 7
[DEBUG] in allocateReg() t_cycle: 7; i: 1 CGRA node: 2; link: 2 duration 1
[DEBUG] done reg allocation
[DEBUG] occupy link[1]-->[2] (bypass:0) dfgNode: 7 at cycle 7
[DEBUG] success in schedule()
[DEBUG] no available path for DFG node 11 on CGRA node 3 within II 7; path size: 3.
[DEBUG] no available path for DFG node 11 on CGRA node 4 within II 7; path size: 3.
[DEBUG] no available path for DFG node 11 on CGRA node 7 within II 7; path size: 5.
[DEBUG] no available path for DFG node 11 on CGRA node 8 within II 7; path size: 5.
[DEBUG] no available path for DFG node 11 on CGRA node 11 within II 7; path size: 7.
[DEBUG] no available path for DFG node 11 on CGRA node 12 within II 7; path size: 7.
[DEBUG] no available path for DFG node 11 on CGRA node 15 within II 7; path size: 9.
[DEBUG] schedule dfg node[11] onto fu[9] at cycle 9 within II: 7
[DEBUG] setDFGNode 11 onto CGRANode 9 at cycle: 9
[DEBUG] occupy link[11]-->[10] (bypass:1) dfgNode: 5 at cycle 7
[DEBUG] in allocateReg() t_cycle: 8; i: 0 CGRA node: 9; link: 3 duration 1
[DEBUG] done reg allocation
[DEBUG] occupy link[10]-->[9] (bypass:0) dfgNode: 5 at cycle 8
[DEBUG] skip predecessor routing -- dfgNode: 5
[DEBUG] tryToRoute -- srcDFGNode: 10, srcCGRANode: 11; dstDFGNode: 11, dstCGRANode: 9; backEdge: 0
[DEBUG] check route size: 3
[DEBUG] occupy link[11]-->[10] (bypass:1) dfgNode: 10 at cycle 5
[DEBUG] reset duration: 3 t_dstCycle: 9 previous: 6 II: 7
[DEBUG] in allocateReg() t_cycle: 6; i: 1 CGRA node: 9; link: 3 duration 3
[DEBUG] done reg allocation
[DEBUG] occupy link[10]-->[9] (bypass:0) dfgNode: 10 at cycle 6
[DEBUG] success in schedule()
[DEBUG] no available path for DFG node 13 on CGRA node 3 within II 7; path size: 3.
[DEBUG] no available path for DFG node 13 on CGRA node 4 within II 7; path size: 3.
[DEBUG] no available path for DFG node 13 on CGRA node 7 within II 7; path size: 5.
[DEBUG] no available path for DFG node 13 on CGRA node 8 within II 7; path size: 5.
[DEBUG] no available path for DFG node 13 on CGRA node 11 within II 7; path size: 7.
[DEBUG] no available path for DFG node 13 on CGRA node 12 within II 7; path size: 7.
[DEBUG] no available path for DFG node 13 on CGRA node 15 within II 7; path size: 9.
[DEBUG] schedule dfg node[13] onto fu[13] at cycle 10 within II: 7
[DEBUG] setDFGNode 13 onto CGRANode 13 at cycle: 10
[DEBUG] occupy link[11]-->[10] (bypass:1) dfgNode: 5 at cycle 7
[DEBUG] occupy link[10]-->[9] (bypass:1) dfgNode: 5 at cycle 8
[DEBUG] in allocateReg() t_cycle: 9; i: 0 CGRA node: 13; link: 1 duration 1
[DEBUG] done reg allocation
[DEBUG] occupy link[9]-->[13] (bypass:0) dfgNode: 5 at cycle 9
[DEBUG] skip predecessor routing -- dfgNode: 5
[DEBUG] tryToRoute -- srcDFGNode: 7, srcCGRANode: 4; dstDFGNode: 13, dstCGRANode: 13; backEdge: 0
[DEBUG] check route size: 4
[DEBUG] occupy link[4]-->[8] (bypass:1) dfgNode: 7 at cycle 5
[DEBUG] occupy link[8]-->[9] (bypass:1) dfgNode: 7 at cycle 6
[DEBUG] reset duration: 3 t_dstCycle: 10 previous: 7 II: 7
[DEBUG] in allocateReg() t_cycle: 7; i: 1 CGRA node: 13; link: 1 duration 3
[DEBUG] done reg allocation
[DEBUG] occupy link[9]-->[13] (bypass:0) dfgNode: 7 at cycle 7
[DEBUG] success in schedule()
[DEBUG] no available path for DFG node 14 on CGRA node 3 within II 7; path size: 3.
[DEBUG] no available path for DFG node 14 on CGRA node 4 within II 7; path size: 3.
[DEBUG] no available path for DFG node 14 on CGRA node 7 within II 7; path size: 5.
[DEBUG] no available path for DFG node 14 on CGRA node 8 within II 7; path size: 5.
[DEBUG] no available path for DFG node 14 on CGRA node 11 within II 7; path size: 7.
[DEBUG] no available path for DFG node 14 on CGRA node 12 within II 7; path size: 7.
[DEBUG] no available path for DFG node 14 on CGRA node 15 within II 7; path size: 9.
[DEBUG] schedule dfg node[14] onto fu[1] at cycle 9 within II: 7
[DEBUG] setDFGNode 14 onto CGRANode 1 at cycle: 9
[DEBUG] occupy link[7]-->[3] (bypass:1) dfgNode: 3 at cycle 6
[DEBUG] occupy link[3]-->[2] (bypass:1) dfgNode: 3 at cycle 7
[DEBUG] in allocateReg() t_cycle: 8; i: 0 CGRA node: 1; link: 3 duration 1
[DEBUG] done reg allocation
[DEBUG] occupy link[2]-->[1] (bypass:0) dfgNode: 3 at cycle 8
[DEBUG] skip predecessor routing -- dfgNode: 3
[DEBUG] tryToRoute -- srcDFGNode: 10, srcCGRANode: 11; dstDFGNode: 14, dstCGRANode: 1; backEdge: 0
[DEBUG] check route size: 5
[DEBUG] occupy link[11]-->[7] (bypass:1) dfgNode: 10 at cycle 5
[DEBUG] occupy link[7]-->[6] (bypass:1) dfgNode: 10 at cycle 6
[DEBUG] occupy link[6]-->[5] (bypass:1) dfgNode: 10 at cycle 7
[DEBUG] reset duration: 1 t_dstCycle: 9 previous: 8 II: 7
[DEBUG] in allocateReg() t_cycle: 8; i: 1 CGRA node: 1; link: 0 duration 1
[DEBUG] done reg allocation
[DEBUG] occupy link[5]-->[1] (bypass:0) dfgNode: 10 at cycle 8
[DEBUG] success in schedule()
[DEBUG] no available path for DFG node 31 on CGRA node 1 within II 7; path size: 1.
[DEBUG] no available path for DFG node 31 on CGRA node 2 within II 7; path size: 1.
[DEBUG] no available path for DFG node 31 on CGRA node 5 within II 7; path size: 3.
[DEBUG] no available path for DFG node 31 on CGRA node 6 within II 7; path size: 3.
[DEBUG] no available path for DFG node 31 on CGRA node 9 within II 7; path size: 5.
[DEBUG] no available path for DFG node 31 on CGRA node 10 within II 7; path size: 5.
[DEBUG] no available path for DFG node 31 on CGRA node 13 within II 7; path size: 7.
[DEBUG] no available path for DFG node 31 on CGRA node 14 within II 7; path size: 7.
[DEBUG] schedule dfg node[31] onto fu[7] at cycle 8 within II: 7
[DEBUG] setDFGNode 31 onto CGRANode 7 at cycle: 8
[DEBUG] occupy link[2]-->[3] (bypass:1) dfgNode: 30 at cycle 6
[DEBUG] in allocateReg() t_cycle: 7; i: 0 CGRA node: 7; link: 1 duration 1
[DEBUG] done reg allocation
[DEBUG] occupy link[3]-->[7] (bypass:0) dfgNode: 30 at cycle 7
[DEBUG] skip predecessor routing -- dfgNode: 30
[DEBUG] success in schedule()
[DEBUG] no available path for DFG node 33 on CGRA node 1 within II 7; path size: 1.
[DEBUG] no available path for DFG node 33 on CGRA node 2 within II 7; path size: 1.
[DEBUG] no available path for DFG node 33 on CGRA node 5 within II 7; path size: 3.
[DEBUG] no available path for DFG node 33 on CGRA node 6 within II 7; path size: 3.
[DEBUG] no available path for DFG node 33 on CGRA node 9 within II 7; path size: 5.
[DEBUG] no available path for DFG node 33 on CGRA node 10 within II 7; path size: 5.
[DEBUG] no available path for DFG node 33 on CGRA node 13 within II 7; path size: 7.
[DEBUG] no available path for DFG node 33 on CGRA node 14 within II 7; path size: 7.
[DEBUG] schedule dfg node[33] onto fu[15] at cycle 9 within II: 7
[DEBUG] setDFGNode 33 onto CGRANode 15 at cycle: 9
[DEBUG] occupy link[10]-->[14] (bypass:1) dfgNode: 32 at cycle 7
[DEBUG] in allocateReg() t_cycle: 8; i: 0 CGRA node: 15; link: 2 duration 1
[DEBUG] done reg allocation
[DEBUG] occupy link[14]-->[15] (bypass:0) dfgNode: 32 at cycle 8
[DEBUG] skip predecessor routing -- dfgNode: 32
[DEBUG] success in schedule()
[DEBUG] schedule dfg node[12] onto fu[5] at cycle 10 within II: 7
[DEBUG] setDFGNode 12 onto CGRANode 5 at cycle: 10
[DEBUG] occupy link[2]-->[6] (bypass:1) dfgNode: 8 at cycle 8
[DEBUG] in allocateReg() t_cycle: 9; i: 0 CGRA node: 5; link: 3 duration 1
[DEBUG] done reg allocation
[DEBUG] occupy link[6]-->[5] (bypass:0) dfgNode: 8 at cycle 9
[DEBUG] skip predecessor routing -- dfgNode: 8
[DEBUG] tryToRoute -- srcDFGNode: 11, srcCGRANode: 9; dstDFGNode: 12, dstCGRANode: 5; backEdge: 0
[DEBUG] check route size: 2
[DEBUG] reset duration: 1 t_dstCycle: 10 previous: 9 II: 7
[DEBUG] in allocateReg() t_cycle: 9; i: 1 CGRA node: 5; link: 0 duration 1
[DEBUG] done reg allocation
[DEBUG] occupy link[9]-->[5] (bypass:0) dfgNode: 11 at cycle 9
[DEBUG] success in schedule()
[DEBUG] schedule dfg node[15] onto fu[9] at cycle 11 within II: 7
[DEBUG] setDFGNode 15 onto CGRANode 9 at cycle: 11
[DEBUG] in allocateReg() t_cycle: 10; i: 0 CGRA node: 9; link: 0 duration 1
[DEBUG] done reg allocation
[DEBUG] occupy link[13]-->[9] (bypass:0) dfgNode: 13 at cycle 10
[DEBUG] skip predecessor routing -- dfgNode: 13
[DEBUG] tryToRoute -- srcDFGNode: 14, srcCGRANode: 1; dstDFGNode: 15, dstCGRANode: 9; backEdge: 0
[DEBUG] check route size: 3
[DEBUG] occupy link[1]-->[5] (bypass:1) dfgNode: 14 at cycle 9
[DEBUG] reset duration: 1 t_dstCycle: 11 previous: 10 II: 7
[DEBUG] in allocateReg() t_cycle: 10; i: 1 CGRA node: 9; link: 1 duration 1
[DEBUG] done reg allocation
[DEBUG] occupy link[5]-->[9] (bypass:0) dfgNode: 14 at cycle 10
[DEBUG] success in schedule()
[DEBUG] no available path for DFG node 36 on CGRA node 3 within II 7; path size: 3.
[DEBUG] no available path for DFG node 36 on CGRA node 4 within II 7; path size: 3.
[DEBUG] no available path for DFG node 36 on CGRA node 7 within II 7; path size: 5.
[DEBUG] no available path for DFG node 36 on CGRA node 8 within II 7; path size: 5.
[DEBUG] no available path for DFG node 36 on CGRA node 11 within II 7; path size: 7.
[DEBUG] no available path for DFG node 36 on CGRA node 12 within II 7; path size: 7.
[DEBUG] no available path for DFG node 36 on CGRA node 15 within II 7; path size: 9.
[DEBUG] schedule dfg node[36] onto fu[2] at cycle 10 within II: 7
[DEBUG] setDFGNode 36 onto CGRANode 2 at cycle: 10
[DEBUG] occupy link[7]-->[3] (bypass:1) dfgNode: 31 at cycle 8
[DEBUG] in allocateReg() t_cycle: 9; i: 0 CGRA node: 2; link: 3 duration 1
[DEBUG] done reg allocation
[DEBUG] occupy link[3]-->[2] (bypass:0) dfgNode: 31 at cycle 9
[DEBUG] skip predecessor routing -- dfgNode: 31
[DEBUG] tryToRoute -- srcDFGNode: 35, srcCGRANode: 4; dstDFGNode: 36, dstCGRANode: 2; backEdge: 0
[DEBUG] check route size: 4
[DEBUG] occupy link[4]-->[0] (bypass:1) dfgNode: 35 at cycle 7
[DEBUG] occupy link[0]-->[1] (bypass:1) dfgNode: 35 at cycle 8
[DEBUG] reset duration: 1 t_dstCycle: 10 previous: 9 II: 7
[DEBUG] in allocateReg() t_cycle: 9; i: 1 CGRA node: 2; link: 2 duration 1
[DEBUG] done reg allocation
[DEBUG] occupy link[1]-->[2] (bypass:0) dfgNode: 35 at cycle 9
[DEBUG] success in schedule()
[DEBUG] no available path for DFG node 39 on CGRA node 3 within II 7; path size: 3.
[DEBUG] no available path for DFG node 39 on CGRA node 4 within II 7; path size: 3.
[DEBUG] no available path for DFG node 39 on CGRA node 7 within II 7; path size: 5.
[DEBUG] no available path for DFG node 39 on CGRA node 8 within II 7; path size: 5.
[DEBUG] no available path for DFG node 39 on CGRA node 11 within II 7; path size: 7.
[DEBUG] no available path for DFG node 39 on CGRA node 12 within II 7; path size: 7.
[DEBUG] no available path for DFG node 39 on CGRA node 15 within II 7; path size: 9.
[DEBUG] schedule dfg node[39] onto fu[14] at cycle 11 within II: 7
[DEBUG] setDFGNode 39 onto CGRANode 14 at cycle: 11
[DEBUG] in allocateReg() t_cycle: 9; i: 1 CGRA node: 14; link: 3 duration 2
[DEBUG] done reg allocation
[DEBUG] occupy link[15]-->[14] (bypass:0) dfgNode: 33 at cycle 9
[DEBUG] skip predecessor routing -- dfgNode: 33
[DEBUG] tryToRoute -- srcDFGNode: 38, srcCGRANode: 8; dstDFGNode: 39, dstCGRANode: 14; backEdge: 0
[DEBUG] check route size: 4
[DEBUG] occupy link[8]-->[12] (bypass:1) dfgNode: 38 at cycle 8
[DEBUG] occupy link[12]-->[13] (bypass:1) dfgNode: 38 at cycle 9
[DEBUG] reset duration: 1 t_dstCycle: 11 previous: 10 II: 7
[DEBUG] in allocateReg() t_cycle: 10; i: 0 CGRA node: 14; link: 2 duration 1
[DEBUG] done reg allocation
[DEBUG] occupy link[13]-->[14] (bypass:0) dfgNode: 38 at cycle 10
[DEBUG] success in schedule()
[DEBUG] no available path for DFG node 41 on CGRA node 3 within II 7; path size: 3.
[DEBUG] no available path for DFG node 41 on CGRA node 4 within II 7; path size: 3.
[DEBUG] no available path for DFG node 41 on CGRA node 7 within II 7; path size: 5.
[DEBUG] no available path for DFG node 41 on CGRA node 8 within II 7; path size: 5.
[DEBUG] no available path for DFG node 41 on CGRA node 11 within II 7; path size: 7.
[DEBUG] no available path for DFG node 41 on CGRA node 12 within II 7; path size: 7.
[DEBUG] no available path for DFG node 41 on CGRA node 15 within II 7; path size: 9.
[DEBUG] schedule dfg node[41] onto fu[13] at cycle 12 within II: 7
[DEBUG] setDFGNode 41 onto CGRANode 13 at cycle: 12
[DEBUG] occupy link[15]-->[14] (bypass:1) dfgNode: 33 at cycle 9
[DEBUG] in allocateReg() t_cycle: 10; i: 1 CGRA node: 13; link: 3 duration 2
[DEBUG] done reg allocation
[DEBUG] occupy link[14]-->[13] (bypass:0) dfgNode: 33 at cycle 10
[DEBUG] skip predecessor routing -- dfgNode: 33
[DEBUG] tryToRoute -- srcDFGNode: 35, srcCGRANode: 4; dstDFGNode: 41, dstCGRANode: 13; backEdge: 0
[DEBUG] check route size: 4
[DEBUG] occupy link[4]-->[5] (bypass:1) dfgNode: 35 at cycle 7
[DEBUG] occupy link[5]-->[9] (bypass:1) dfgNode: 35 at cycle 8
[DEBUG] reset duration: 3 t_dstCycle: 12 previous: 9 II: 7
[DEBUG] in allocateReg() t_cycle: 9; i: 2 CGRA node: 13; link: 1 duration 3
[DEBUG] done reg allocation
[DEBUG] occupy link[9]-->[13] (bypass:0) dfgNode: 35 at cycle 9
[DEBUG] success in schedule()
[DEBUG] no available path for DFG node 42 on CGRA node 3 within II 7; path size: 3.
[DEBUG] no available path for DFG node 42 on CGRA node 4 within II 7; path size: 3.
[DEBUG] no available path for DFG node 42 on CGRA node 7 within II 7; path size: 5.
[DEBUG] no available path for DFG node 42 on CGRA node 8 within II 7; path size: 5.
[DEBUG] no available path for DFG node 42 on CGRA node 11 within II 7; path size: 7.
[DEBUG] no available path for DFG node 42 on CGRA node 12 within II 7; path size: 7.
[DEBUG] no available path for DFG node 42 on CGRA node 15 within II 7; path size: 9.
[DEBUG] schedule dfg node[42] onto fu[1] at cycle 11 within II: 7
[DEBUG] setDFGNode 42 onto CGRANode 1 at cycle: 11
[DEBUG] occupy link[7]-->[3] (bypass:1) dfgNode: 31 at cycle 8
[DEBUG] occupy link[3]-->[2] (bypass:1) dfgNode: 31 at cycle 9
[DEBUG] in allocateReg() t_cycle: 10; i: 0 CGRA node: 1; link: 3 duration 1
[DEBUG] done reg allocation
[DEBUG] occupy link[2]-->[1] (bypass:0) dfgNode: 31 at cycle 10
[DEBUG] skip predecessor routing -- dfgNode: 31
[DEBUG] tryToRoute -- srcDFGNode: 38, srcCGRANode: 8; dstDFGNode: 42, dstCGRANode: 1; backEdge: 0
[DEBUG] check route size: 4
[DEBUG] occupy link[8]-->[4] (bypass:1) dfgNode: 38 at cycle 8
[DEBUG] occupy link[4]-->[0] (bypass:1) dfgNode: 38 at cycle 9
[DEBUG] reset duration: 1 t_dstCycle: 11 previous: 10 II: 7
[DEBUG] in allocateReg() t_cycle: 10; i: 1 CGRA node: 1; link: 2 duration 1
[DEBUG] done reg allocation
[DEBUG] occupy link[0]-->[1] (bypass:0) dfgNode: 38 at cycle 10
[DEBUG] success in schedule()
[DEBUG] schedule dfg node[20] onto fu[6] at cycle 11 within II: 7
[DEBUG] setDFGNode 20 onto CGRANode 6 at cycle: 11
[DEBUG] in allocateReg() t_cycle: 10; i: 0 CGRA node: 6; link: 2 duration 1
[DEBUG] done reg allocation
[DEBUG] occupy link[5]-->[6] (bypass:0) dfgNode: 12 at cycle 10
[DEBUG] tryToRoute -- srcDFGNode: 17, srcCGRANode: 7; dstDFGNode: 20, dstCGRANode: 6; backEdge: 0
[DEBUG] check route size: 2
[DEBUG] reset duration: 0 t_dstCycle: 11 previous: 4 II: 7
[DEBUG] reset duration is 0...
[DEBUG] in allocateReg() t_cycle: 4; i: 1 CGRA node: 6; link: 3 duration 7
[DEBUG] done reg allocation
[DEBUG] occupy link[7]-->[6] (bypass:0) dfgNode: 17 at cycle 4
[DEBUG] skip predecessor routing -- dfgNode: 12
[DEBUG] success in schedule()
[DEBUG] schedule dfg node[22] onto fu[12] at cycle 13 within II: 7
[DEBUG] setDFGNode 22 onto CGRANode 12 at cycle: 13
[DEBUG] occupy link[9]-->[13] (bypass:1) dfgNode: 15 at cycle 11
[DEBUG] in allocateReg() t_cycle: 12; i: 0 CGRA node: 12; link: 3 duration 1
[DEBUG] done reg allocation
[DEBUG] occupy link[13]-->[12] (bypass:0) dfgNode: 15 at cycle 12
[DEBUG] tryToRoute -- srcDFGNode: 19, srcCGRANode: 8; dstDFGNode: 22, dstCGRANode: 12; backEdge: 0
[DEBUG] check route size: 2
[DEBUG] reset duration: 1 t_dstCycle: 13 previous: 5 II: 7
[DEBUG] in allocateReg() t_cycle: 5; i: 1 CGRA node: 12; link: 1 duration 1
[DEBUG] done reg allocation
[DEBUG] occupy link[8]-->[12] (bypass:0) dfgNode: 19 at cycle 5
[DEBUG] skip predecessor routing -- dfgNode: 15
[DEBUG] success in schedule()
[DEBUG] schedule dfg node[24] onto fu[0] at cycle 12 within II: 7
[DEBUG] setDFGNode 24 onto CGRANode 0 at cycle: 12
[DEBUG] occupy link[5]-->[1] (bypass:1) dfgNode: 12 at cycle 10
[DEBUG] in allocateReg() t_cycle: 11; i: 0 CGRA node: 0; link: 3 duration 1
[DEBUG] done reg allocation
[DEBUG] occupy link[1]-->[0] (bypass:0) dfgNode: 12 at cycle 11
[DEBUG] tryToRoute -- srcDFGNode: 17, srcCGRANode: 7; dstDFGNode: 24, dstCGRANode: 0; backEdge: 0
[DEBUG] check route size: 5
[DEBUG] occupy link[7]-->[3] (bypass:1) dfgNode: 17 at cycle 4
[DEBUG] occupy link[3]-->[2] (bypass:1) dfgNode: 17 at cycle 5
[DEBUG] occupy link[2]-->[1] (bypass:1) dfgNode: 17 at cycle 6
[DEBUG] reset duration: 5 t_dstCycle: 12 previous: 7 II: 7
[DEBUG] in allocateReg() t_cycle: 7; i: 1 CGRA node: 0; link: 3 duration 5
[DEBUG] done reg allocation
[DEBUG] occupy link[1]-->[0] (bypass:0) dfgNode: 17 at cycle 7
[DEBUG] skip predecessor routing -- dfgNode: 12
[DEBUG] success in schedule()
[DEBUG] schedule dfg node[26] onto fu[5] at cycle 12 within II: 7
[DEBUG] setDFGNode 26 onto CGRANode 5 at cycle: 12
[DEBUG] in allocateReg() t_cycle: 11; i: 1 CGRA node: 5; link: 0 duration 1
[DEBUG] done reg allocation
[DEBUG] occupy link[9]-->[5] (bypass:0) dfgNode: 15 at cycle 11
[DEBUG] tryToRoute -- srcDFGNode: 19, srcCGRANode: 8; dstDFGNode: 26, dstCGRANode: 5; backEdge: 0
[DEBUG] check route size: 3
[DEBUG] occupy link[8]-->[4] (bypass:1) dfgNode: 19 at cycle 5
[DEBUG] reset duration: 6 t_dstCycle: 12 previous: 6 II: 7
[DEBUG] in allocateReg() t_cycle: 6; i: 2 CGRA node: 5; link: 2 duration 6
[DEBUG] done reg allocation
[DEBUG] occupy link[4]-->[5] (bypass:0) dfgNode: 19 at cycle 6
[DEBUG] skip predecessor routing -- dfgNode: 15
[DEBUG] success in schedule()
[DEBUG] schedule dfg node[40] onto fu[10] at cycle 12 within II: 7
[DEBUG] setDFGNode 40 onto CGRANode 10 at cycle: 12
[DEBUG] occupy link[2]-->[6] (bypass:1) dfgNode: 36 at cycle 10
[DEBUG] in allocateReg() t_cycle: 11; i: 0 CGRA node: 10; link: 1 duration 1
[DEBUG] done reg allocation
[DEBUG] occupy link[6]-->[10] (bypass:0) dfgNode: 36 at cycle 11
[DEBUG] skip predecessor routing -- dfgNode: 36
[DEBUG] tryToRoute -- srcDFGNode: 39, srcCGRANode: 14; dstDFGNode: 40, dstCGRANode: 10; backEdge: 0
[DEBUG] check route size: 2
[DEBUG] reset duration: 1 t_dstCycle: 12 previous: 11 II: 7
[DEBUG] in allocateReg() t_cycle: 11; i: 1 CGRA node: 10; link: 0 duration 1
[DEBUG] done reg allocation
[DEBUG] occupy link[14]-->[10] (bypass:0) dfgNode: 39 at cycle 11
[DEBUG] success in schedule()
[DEBUG] schedule dfg node[43] onto fu[9] at cycle 15 within II: 7
[DEBUG] setDFGNode 43 onto CGRANode 9 at cycle: 15
[DEBUG] in allocateReg() t_cycle: 11; i: 3 CGRA node: 5; link: 1 duration 4
[DEBUG] done reg allocation
[DEBUG] occupy link[1]-->[5] (bypass:0) dfgNode: 42 at cycle 11
[DEBUG] in allocateReg() t_cycle: 14; i: 0 CGRA node: 9; link: 1 duration 1
[DEBUG] done reg allocation
[DEBUG] occupy link[5]-->[9] (bypass:0) dfgNode: 42 at cycle 14
[DEBUG] tryToRoute -- srcDFGNode: 41, srcCGRANode: 13; dstDFGNode: 43, dstCGRANode: 9; backEdge: 0
[DEBUG] check route size: 2
[DEBUG] reset duration: 3 t_dstCycle: 15 previous: 12 II: 7
[DEBUG] in allocateReg() t_cycle: 12; i: 2 CGRA node: 9; link: 0 duration 3
[DEBUG] done reg allocation
[DEBUG] occupy link[13]-->[9] (bypass:0) dfgNode: 41 at cycle 12
[DEBUG] skip predecessor routing -- dfgNode: 42
[DEBUG] success in schedule()
[DEBUG] no available path for DFG node 21 on CGRA node 1 within II 7; path size: 1.
[DEBUG] no available path for DFG node 21 on CGRA node 2 within II 7; path size: 1.
[DEBUG] no available path for DFG node 21 on CGRA node 5 within II 7; path size: 3.
[DEBUG] no available path for DFG node 21 on CGRA node 6 within II 7; path size: 3.
[DEBUG] no available path for DFG node 21 on CGRA node 9 within II 7; path size: 5.
[DEBUG] no available path for DFG node 21 on CGRA node 10 within II 7; path size: 5.
[DEBUG] no available path for DFG node 21 on CGRA node 13 within II 7; path size: 7.
[DEBUG] no available path for DFG node 21 on CGRA node 14 within II 7; path size: 7.
[DEBUG] schedule dfg node[21] onto fu[3] at cycle 13 within II: 7
[DEBUG] setDFGNode 21 onto CGRANode 3 at cycle: 13
[DEBUG] occupy link[6]-->[2] (bypass:1) dfgNode: 20 at cycle 11
[DEBUG] in allocateReg() t_cycle: 12; i: 0 CGRA node: 3; link: 2 duration 1
[DEBUG] done reg allocation
[DEBUG] occupy link[2]-->[3] (bypass:0) dfgNode: 20 at cycle 12
[DEBUG] skip predecessor routing -- dfgNode: 20
[DEBUG] tryToRoute -- srcDFGNode: 16, srcCGRANode: 6; dstDFGNode: 21, dstCGRANode: 3; backEdge: 0
[DEBUG] check route size: 3
[DEBUG] reset duration: 3 t_dstCycle: 13 previous: 3 II: 7
[DEBUG] in allocateReg() t_cycle: 3; i: 1 CGRA node: 2; link: 0 duration 3
[DEBUG] done reg allocation
[DEBUG] occupy link[6]-->[2] (bypass:0) dfgNode: 16 at cycle 3
[DEBUG] reset duration: 6 t_dstCycle: 13 previous: 7 II: 7
[DEBUG] in allocateReg() t_cycle: 7; i: 1 CGRA node: 3; link: 2 duration 6
[DEBUG] done reg allocation
[DEBUG] occupy link[2]-->[3] (bypass:0) dfgNode: 16 at cycle 7
[DEBUG] success in schedule()
[DEBUG] no available path for DFG node 23 on CGRA node 1 within II 7; path size: 1.
[DEBUG] no available path for DFG node 23 on CGRA node 2 within II 7; path size: 1.
[DEBUG] no available path for DFG node 23 on CGRA node 5 within II 7; path size: 3.
[DEBUG] no available path for DFG node 23 on CGRA node 6 within II 7; path size: 3.
[DEBUG] no available path for DFG node 23 on CGRA node 9 within II 7; path size: 5.
[DEBUG] no available path for DFG node 23 on CGRA node 10 within II 7; path size: 5.
[DEBUG] no available path for DFG node 23 on CGRA node 13 within II 7; path size: 7.
[DEBUG] no available path for DFG node 23 on CGRA node 14 within II 7; path size: 7.
[DEBUG] schedule dfg node[23] onto fu[8] at cycle 14 within II: 7
[DEBUG] setDFGNode 23 onto CGRANode 8 at cycle: 14
[DEBUG] in allocateReg() t_cycle: 13; i: 0 CGRA node: 8; link: 0 duration 1
[DEBUG] done reg allocation
[DEBUG] occupy link[12]-->[8] (bypass:0) dfgNode: 22 at cycle 13
[DEBUG] skip predecessor routing -- dfgNode: 22
[DEBUG] tryToRoute -- srcDFGNode: 18, srcCGRANode: 10; dstDFGNode: 23, dstCGRANode: 8; backEdge: 0
[DEBUG] check route size: 3
[DEBUG] occupy link[10]-->[9] (bypass:1) dfgNode: 18 at cycle 3
[DEBUG] reset duration: 3 t_dstCycle: 14 previous: 4 II: 7
[DEBUG] in allocateReg() t_cycle: 4; i: 1 CGRA node: 8; link: 3 duration 3
[DEBUG] done reg allocation
[DEBUG] occupy link[9]-->[8] (bypass:0) dfgNode: 18 at cycle 4
[DEBUG] success in schedule()
[DEBUG] no available path for DFG node 25 on CGRA node 1 within II 7; path size: 1.
[DEBUG] no available path for DFG node 25 on CGRA node 2 within II 7; path size: 1.
[DEBUG] no available path for DFG node 25 on CGRA node 5 within II 7; path size: 3.
[DEBUG] no available path for DFG node 25 on CGRA node 6 within II 7; path size: 3.
[DEBUG] no available path for DFG node 25 on CGRA node 9 within II 7; path size: 5.
[DEBUG] no available path for DFG node 25 on CGRA node 10 within II 7; path size: 5.
[DEBUG] no available path for DFG node 25 on CGRA node 13 within II 7; path size: 7.
[DEBUG] no available path for DFG node 25 on CGRA node 14 within II 7; path size: 7.
[DEBUG] schedule dfg node[25] onto fu[0] at cycle 13 within II: 7
[DEBUG] setDFGNode 25 onto CGRANode 0 at cycle: 13
[DEBUG] tryToRoute -- srcDFGNode: 24, srcCGRANode: 0; dstDFGNode: 25, dstCGRANode: 0; backEdge: 0
[DEBUG] check route size: 1
[DEBUG] allocate for local reg maintain... duration=1 last cycle: 12
[DEBUG] in allocateReg() t_cycle: 12; i: 0 CGRA node: 0; link: 4 duration 1
[DEBUG] done reg allocation
[DEBUG] tryToRoute -- srcDFGNode: 2, srcCGRANode: 10; dstDFGNode: 25, dstCGRANode: 0; backEdge: 0
[DEBUG] check route size: 5
[DEBUG] occupy link[10]-->[6] (bypass:1) dfgNode: 2 at cycle 4
[DEBUG] occupy link[6]-->[5] (bypass:1) dfgNode: 2 at cycle 5
[DEBUG] occupy link[5]-->[1] (bypass:1) dfgNode: 2 at cycle 6
[DEBUG] reset duration: 6 t_dstCycle: 13 previous: 7 II: 7
[DEBUG] in allocateReg() t_cycle: 7; i: 2 CGRA node: 0; link: 3 duration 6
[DEBUG] done reg allocation
[DEBUG] occupy link[1]-->[0] (bypass:0) dfgNode: 2 at cycle 7
[DEBUG] success in schedule()
[DEBUG] no available path for DFG node 27 on CGRA node 1 within II 7; path size: 1.
[DEBUG] no available path for DFG node 27 on CGRA node 2 within II 7; path size: 1.
[DEBUG] no available path for DFG node 27 on CGRA node 5 within II 7; path size: 3.
[DEBUG] no available path for DFG node 27 on CGRA node 6 within II 7; path size: 3.
[DEBUG] no available path for DFG node 27 on CGRA node 9 within II 7; path size: 5.
[DEBUG] no available path for DFG node 27 on CGRA node 10 within II 7; path size: 5.
[DEBUG] no available path for DFG node 27 on CGRA node 13 within II 7; path size: 7.
[DEBUG] no available path for DFG node 27 on CGRA node 14 within II 7; path size: 7.
[DEBUG] schedule dfg node[27] onto fu[4] at cycle 13 within II: 7
[DEBUG] setDFGNode 27 onto CGRANode 4 at cycle: 13
[DEBUG] in allocateReg() t_cycle: 12; i: 0 CGRA node: 4; link: 3 duration 1
[DEBUG] done reg allocation
[DEBUG] occupy link[5]-->[4] (bypass:0) dfgNode: 26 at cycle 12
[DEBUG] skip predecessor routing -- dfgNode: 26
[DEBUG] tryToRoute -- srcDFGNode: 4, srcCGRANode: 14; dstDFGNode: 27, dstCGRANode: 4; backEdge: 0
[DEBUG] check route size: 5
[DEBUG] occupy link[14]-->[10] (bypass:1) dfgNode: 4 at cycle 5
[DEBUG] occupy link[10]-->[6] (bypass:1) dfgNode: 4 at cycle 6
[DEBUG] reset duration: 6 t_dstCycle: 13 previous: 7 II: 7
[DEBUG] in allocateReg() t_cycle: 7; i: 4 CGRA node: 5; link: 3 duration 6
[DEBUG] done reg allocation
[DEBUG] occupy link[6]-->[5] (bypass:0) dfgNode: 4 at cycle 7
[DEBUG] reset duration: 4 t_dstCycle: 13 previous: 9 II: 7
[DEBUG] in allocateReg() t_cycle: 9; i: 1 CGRA node: 4; link: 3 duration 4
[DEBUG] done reg allocation
[DEBUG] occupy link[5]-->[4] (bypass:0) dfgNode: 4 at cycle 9
[DEBUG] success in schedule()
[DEBUG] schedule dfg node[48] onto fu[13] at cycle 14 within II: 7
[DEBUG] setDFGNode 48 onto CGRANode 13 at cycle: 14
[DEBUG] occupy link[10]-->[14] (bypass:1) dfgNode: 40 at cycle 12
[DEBUG] in allocateReg() t_cycle: 13; i: 0 CGRA node: 13; link: 3 duration 1
[DEBUG] done reg allocation
[DEBUG] occupy link[14]-->[13] (bypass:0) dfgNode: 40 at cycle 13
[DEBUG] tryToRoute -- srcDFGNode: 45, srcCGRANode: 11; dstDFGNode: 48, dstCGRANode: 13; backEdge: 0
[DEBUG] check route size: 4
[DEBUG] occupy link[11]-->[15] (bypass:1) dfgNode: 45 at cycle 9
[DEBUG] reset duration: 4 t_dstCycle: 14 previous: 10 II: 7
[DEBUG] in allocateReg() t_cycle: 10; i: 2 CGRA node: 14; link: 3 duration 4
[DEBUG] done reg allocation
[DEBUG] occupy link[15]-->[14] (bypass:0) dfgNode: 45 at cycle 10
[DEBUG] reset duration: 2 t_dstCycle: 14 previous: 12 II: 7
[DEBUG] in allocateReg() t_cycle: 12; i: 1 CGRA node: 13; link: 3 duration 2
[DEBUG] done reg allocation
[DEBUG] occupy link[14]-->[13] (bypass:0) dfgNode: 45 at cycle 12
[DEBUG] skip predecessor routing -- dfgNode: 40
[DEBUG] success in schedule()
[DEBUG] schedule dfg node[50] onto fu[8] at cycle 16 within II: 7
[DEBUG] setDFGNode 50 onto CGRANode 8 at cycle: 16
[DEBUG] in allocateReg() t_cycle: 15; i: 0 CGRA node: 8; link: 3 duration 1
[DEBUG] done reg allocation
[DEBUG] occupy link[9]-->[8] (bypass:0) dfgNode: 43 at cycle 15
[DEBUG] tryToRoute -- srcDFGNode: 47, srcCGRANode: 15; dstDFGNode: 50, dstCGRANode: 8; backEdge: 0
[DEBUG] check route size: 5
[DEBUG] occupy link[15]-->[14] (bypass:1) dfgNode: 47 at cycle 8
[DEBUG] occupy link[14]-->[13] (bypass:1) dfgNode: 47 at cycle 9
[DEBUG] occupy link[13]-->[12] (bypass:1) dfgNode: 47 at cycle 10
[DEBUG] reset duration: 5 t_dstCycle: 16 previous: 11 II: 7
[DEBUG] in allocateReg() t_cycle: 11; i: 2 CGRA node: 8; link: 0 duration 5
[DEBUG] done reg allocation
[DEBUG] occupy link[12]-->[8] (bypass:0) dfgNode: 47 at cycle 11
[DEBUG] skip predecessor routing -- dfgNode: 43
[DEBUG] success in schedule()
[DEBUG] schedule dfg node[52] onto fu[14] at cycle 13 within II: 7
[DEBUG] setDFGNode 52 onto CGRANode 14 at cycle: 13
[DEBUG] occupy link[11]-->[15] (bypass:1) dfgNode: 45 at cycle 9
[DEBUG] in allocateReg() t_cycle: 10; i: 3 CGRA node: 14; link: 3 duration 3
[DEBUG] done reg allocation
[DEBUG] occupy link[15]-->[14] (bypass:0) dfgNode: 45 at cycle 10
[DEBUG] skip predecessor routing -- dfgNode: 45
[DEBUG] tryToRoute -- srcDFGNode: 40, srcCGRANode: 10; dstDFGNode: 52, dstCGRANode: 14; backEdge: 0
[DEBUG] check route size: 2
[DEBUG] reset duration: 1 t_dstCycle: 13 previous: 12 II: 7
[DEBUG] in allocateReg() t_cycle: 12; i: 0 CGRA node: 14; link: 1 duration 1
[DEBUG] done reg allocation
[DEBUG] occupy link[10]-->[14] (bypass:0) dfgNode: 40 at cycle 12
[DEBUG] success in schedule()
[DEBUG] schedule dfg node[54] onto fu[1] at cycle 17 within II: 7
[DEBUG] setDFGNode 54 onto CGRANode 1 at cycle: 17
[DEBUG] occupy link[9]-->[5] (bypass:1) dfgNode: 43 at cycle 15
[DEBUG] in allocateReg() t_cycle: 16; i: 0 CGRA node: 1; link: 0 duration 1
[DEBUG] done reg allocation
[DEBUG] occupy link[5]-->[1] (bypass:0) dfgNode: 43 at cycle 16
[DEBUG] tryToRoute -- srcDFGNode: 47, srcCGRANode: 15; dstDFGNode: 54, dstCGRANode: 1; backEdge: 0
[DEBUG] check route size: 6
[DEBUG] occupy link[15]-->[11] (bypass:1) dfgNode: 47 at cycle 8
[DEBUG] occupy link[11]-->[7] (bypass:1) dfgNode: 47 at cycle 9
[DEBUG] occupy link[7]-->[6] (bypass:1) dfgNode: 47 at cycle 10
[DEBUG] occupy link[6]-->[5] (bypass:1) dfgNode: 47 at cycle 11
[DEBUG] reset duration: 5 t_dstCycle: 17 previous: 12 II: 7
[DEBUG] in allocateReg() t_cycle: 12; i: 2 CGRA node: 1; link: 0 duration 5
[DEBUG] done reg allocation
[DEBUG] occupy link[5]-->[1] (bypass:0) dfgNode: 47 at cycle 12
[DEBUG] skip predecessor routing -- dfgNode: 43
[DEBUG] success in schedule()
[DEBUG] no available path for DFG node 49 on CGRA node 1 within II 7; path size: 1.
[DEBUG] no available path for DFG node 49 on CGRA node 2 within II 7; path size: 1.
[DEBUG] no available path for DFG node 49 on CGRA node 5 within II 7; path size: 3.
[DEBUG] no available path for DFG node 49 on CGRA node 6 within II 7; path size: 3.
[DEBUG] no available path for DFG node 49 on CGRA node 9 within II 7; path size: 5.
[DEBUG] no available path for DFG node 49 on CGRA node 10 within II 7; path size: 5.
[DEBUG] no available path for DFG node 49 on CGRA node 13 within II 7; path size: 7.
[DEBUG] no available path for DFG node 49 on CGRA node 14 within II 7; path size: 7.
[DEBUG] schedule dfg node[49] onto fu[12] at cycle 15 within II: 7
[DEBUG] setDFGNode 49 onto CGRANode 12 at cycle: 15
[DEBUG] in allocateReg() t_cycle: 14; i: 0 CGRA node: 12; link: 3 duration 1
[DEBUG] done reg allocation
[DEBUG] occupy link[13]-->[12] (bypass:0) dfgNode: 48 at cycle 14
[DEBUG] skip predecessor routing -- dfgNode: 48
[DEBUG] tryToRoute -- srcDFGNode: 44, srcCGRANode: 9; dstDFGNode: 49, dstCGRANode: 12; backEdge: 0
[DEBUG] check route size: 3
[DEBUG] occupy link[9]-->[8] (bypass:1) dfgNode: 44 at cycle 7
[DEBUG] reset duration: 0 t_dstCycle: 15 previous: 8 II: 7
[DEBUG] reset duration is 0...
[DEBUG] in allocateReg() t_cycle: 8; i: 2 CGRA node: 12; link: 1 duration 7
[DEBUG] done reg allocation
[DEBUG] occupy link[8]-->[12] (bypass:0) dfgNode: 44 at cycle 8
[DEBUG] success in schedule()
[DEBUG] no available path for DFG node 51 on CGRA node 1 within II 7; path size: 1.
[DEBUG] no available path for DFG node 51 on CGRA node 2 within II 7; path size: 1.
[DEBUG] no available path for DFG node 51 on CGRA node 5 within II 7; path size: 3.
[DEBUG] no available path for DFG node 51 on CGRA node 6 within II 7; path size: 3.
[DEBUG] no available path for DFG node 51 on CGRA node 9 within II 7; path size: 5.
[DEBUG] no available path for DFG node 51 on CGRA node 10 within II 7; path size: 5.
[DEBUG] no available path for DFG node 51 on CGRA node 13 within II 7; path size: 7.
[DEBUG] no available path for DFG node 51 on CGRA node 14 within II 7; path size: 7.
[DEBUG] schedule dfg node[51] onto fu[12] at cycle 17 within II: 7
[DEBUG] setDFGNode 51 onto CGRANode 12 at cycle: 17
[DEBUG] in allocateReg() t_cycle: 16; i: 0 CGRA node: 12; link: 1 duration 1
[DEBUG] done reg allocation
[DEBUG] occupy link[8]-->[12] (bypass:0) dfgNode: 50 at cycle 16
[DEBUG] skip predecessor routing -- dfgNode: 50
[DEBUG] tryToRoute -- srcDFGNode: 46, srcCGRANode: 10; dstDFGNode: 51, dstCGRANode: 12; backEdge: 0
[DEBUG] check route size: 4
[DEBUG] occupy link[10]-->[14] (bypass:1) dfgNode: 46 at cycle 6
[DEBUG] occupy link[14]-->[13] (bypass:1) dfgNode: 46 at cycle 7
[DEBUG] reset duration: 2 t_dstCycle: 17 previous: 8 II: 7
[DEBUG] in allocateReg() t_cycle: 8; i: 1 CGRA node: 12; link: 3 duration 2
[DEBUG] done reg allocation
[DEBUG] occupy link[13]-->[12] (bypass:0) dfgNode: 46 at cycle 8
[DEBUG] success in schedule()
[DEBUG] no available path for DFG node 53 on CGRA node 1 within II 7; path size: 1.
[DEBUG] no available path for DFG node 53 on CGRA node 2 within II 7; path size: 1.
[DEBUG] no available path for DFG node 53 on CGRA node 5 within II 7; path size: 3.
[DEBUG] no available path for DFG node 53 on CGRA node 6 within II 7; path size: 3.
[DEBUG] no available path for DFG node 53 on CGRA node 9 within II 7; path size: 5.
[DEBUG] no available path for DFG node 53 on CGRA node 10 within II 7; path size: 5.
[DEBUG] no available path for DFG node 53 on CGRA node 13 within II 7; path size: 7.
[DEBUG] no available path for DFG node 53 on CGRA node 14 within II 7; path size: 7.
[DEBUG] schedule dfg node[53] onto fu[3] at cycle 17 within II: 7
[DEBUG] setDFGNode 53 onto CGRANode 3 at cycle: 17
[DEBUG] occupy link[14]-->[10] (bypass:1) dfgNode: 52 at cycle 13
[DEBUG] occupy link[10]-->[6] (bypass:1) dfgNode: 52 at cycle 14
[DEBUG] occupy link[6]-->[2] (bypass:1) dfgNode: 52 at cycle 15
[DEBUG] in allocateReg() t_cycle: 16; i: 0 CGRA node: 3; link: 2 duration 1
[DEBUG] done reg allocation
[DEBUG] occupy link[2]-->[3] (bypass:0) dfgNode: 52 at cycle 16
[DEBUG] skip predecessor routing -- dfgNode: 52
[DEBUG] tryToRoute -- srcDFGNode: 30, srcCGRANode: 2; dstDFGNode: 53, dstCGRANode: 3; backEdge: 0
[DEBUG] check route size: 2
[DEBUG] reset duration: 4 t_dstCycle: 17 previous: 6 II: 7
[DEBUG] in allocateReg() t_cycle: 6; i: 2 CGRA node: 3; link: 2 duration 4
[DEBUG] done reg allocation
[DEBUG] occupy link[2]-->[3] (bypass:0) dfgNode: 30 at cycle 6
[DEBUG] success in schedule()
[DEBUG] no available path for DFG node 55 on CGRA node 1 within II 7; path size: 1.
[DEBUG] no available path for DFG node 55 on CGRA node 2 within II 7; path size: 1.
[DEBUG] no available path for DFG node 55 on CGRA node 5 within II 7; path size: 3.
[DEBUG] no available path for DFG node 55 on CGRA node 6 within II 7; path size: 3.
[DEBUG] no available path for DFG node 55 on CGRA node 9 within II 7; path size: 5.
[DEBUG] no available path for DFG node 55 on CGRA node 10 within II 7; path size: 5.
[DEBUG] no available path for DFG node 55 on CGRA node 13 within II 7; path size: 7.
[DEBUG] no available path for DFG node 55 on CGRA node 14 within II 7; path size: 7.
[DEBUG] schedule dfg node[55] onto fu[3] at cycle 19 within II: 7
[DEBUG] setDFGNode 55 onto CGRANode 3 at cycle: 19
[DEBUG] occupy link[1]-->[2] (bypass:1) dfgNode: 54 at cycle 17
[DEBUG] in allocateReg() t_cycle: 18; i: 0 CGRA node: 3; link: 2 duration 1
[DEBUG] done reg allocation
[DEBUG] occupy link[2]-->[3] (bypass:0) dfgNode: 54 at cycle 18
[DEBUG] skip predecessor routing -- dfgNode: 54
[DEBUG] tryToRoute -- srcDFGNode: 32, srcCGRANode: 10; dstDFGNode: 55, dstCGRANode: 3; backEdge: 0
[DEBUG] check route size: 4
[DEBUG] reset duration: 5 t_dstCycle: 19 previous: 7 II: 7
[DEBUG] in allocateReg() t_cycle: 7; i: 2 CGRA node: 6; link: 0 duration 5
[DEBUG] done reg allocation
[DEBUG] occupy link[10]-->[6] (bypass:0) dfgNode: 32 at cycle 7
[DEBUG] occupy link[6]-->[2] (bypass:1) dfgNode: 32 at cycle 9
[DEBUG] reset duration: 2 t_dstCycle: 19 previous: 10 II: 7
[DEBUG] in allocateReg() t_cycle: 10; i: 2 CGRA node: 3; link: 2 duration 2
[DEBUG] done reg allocation
[DEBUG] occupy link[2]-->[3] (bypass:0) dfgNode: 32 at cycle 10
[DEBUG] success in schedule()
Mapping algorithm elapsed time=643ms
--------------------------- cycle:0 ---------------------------
[     ] ← [     ] ← [     ] → [     ]
             ↑         ↑           
[     ] ← [     ] → [     ] ← [     ]
   ↑         ↑         ↓           
[     ] → [ 57  ] ⇄ [     ]   [     ]
   ↓                             ↑ 
[     ] ← [     ] → [     ] ⇄ [     ]
--------------------------- cycle:1 ---------------------------
[     ] ← [     ]   [     ] ⇄ [     ]
   ↑                             ↓ 
[     ] ← [     ] ← [     ] → [     ]
   ↓         ⇅         ↑           
[     ]   [     ]   [ 58  ]   [     ]
             ↓         ⇅         ↓ 
[     ] → [     ] ← [     ]   [     ]
--------------------------- cycle:2 ---------------------------
[     ] → [     ] ← [     ] ← [     ]
   ↑         ↑         ↑         ↑ 
[     ]   [     ] ← [  0  ]   [     ]
             ↓         ↓         ↓ 
[     ] ← [     ] ← [     ]   [     ]
   ↓         ⇅         ↓           
[     ]   [     ] → [     ] ⇄ [     ]
--------------------------- cycle:3 ---------------------------
[     ] ← [     ] ⇄ [  9  ] ← [     ]
             ⇅         ↓           
[     ]   [  1  ] ⇄ [ 18  ]   [     ]
             ↑                     
[     ]   [     ] ⇄ [ 16  ] ⇄ [     ]
             ↓         ⇅           
[     ] → [     ] ⇄ [     ] → [     ]
--------------------------- cycle:4 ---------------------------
[     ]   [ 56  ]   [     ]   [     ]
   ↓         ⇅         ⇅           
[     ] ← [     ]   [  2  ] → [     ]
             ↓         ⇅           
[     ] ← [  6  ] ← [     ] ← [ 17  ]
             ↑         ⇅         ↓ 
[     ] ← [     ] ← [ 28  ] → [     ]
--------------------------- cycle:5 ---------------------------
[     ] ← [     ] ← [  4  ]   [     ]
   ↑         ↓         ⇅           
[ 19  ]   [     ] → [     ] ← [ 10  ]
   ⇅                   ↑         ↓ 
[  7  ] ← [     ] ← [ 29  ] → [     ]
   ↓         ⇅         ↓           
[     ] ← [ 34  ]   [     ] ⇄ [     ]
--------------------------- cycle:6 ---------------------------
[     ]   [     ] ← [     ]   [     ]
   ↓                   ⇅           
[     ] → [     ] ← [ 46  ] → [     ]
             ↑         ↓           
[     ] ⇄ [ 37  ]   [     ] ← [  3  ]
   ↑         ↓                   ↓ 
[     ] → [     ] ← [ 30  ] → [     ]
--------------------------- cycle:7 ---------------------------
[     ] ← [     ] ← [     ] → [     ]
             ↑         ↑           
[     ] ← [ 44  ] → [ 32  ] ← [  5  ]
   ↑         ↑         ↓           
[ 35  ] → [ 57  ] ⇄ [     ]   [     ]
   ↓                             ↑ 
[     ] ← [     ] → [     ] ⇄ [     ]
--------------------------- cycle:8 ---------------------------
[     ] ← [     ]   [     ] ⇄ [ 47  ]
   ↑                             ↓ 
[ 38  ] ← [     ] ← [     ] → [     ]
   ↓         ⇅         ↑           
[     ]   [     ]   [ 58  ]   [ 31  ]
             ↓         ⇅         ↓ 
[     ] → [     ] ← [  8  ]   [     ]
--------------------------- cycle:9 ---------------------------
[     ] → [     ] ← [     ] ← [ 33  ]
   ↑         ↑         ↑         ↑ 
[     ]   [ 11  ] ← [  0  ]   [ 45  ]
             ↓         ↓         ↓ 
[     ] ← [     ] ← [     ]   [     ]
   ↓         ⇅         ↓           
[     ]   [ 14  ] → [     ] ⇄ [     ]
--------------------------- cycle:10 ---------------------------
[     ] ← [ 13  ] ⇄ [  9  ] ← [     ]
             ⇅         ↓           
[     ]   [  1  ] ⇄ [ 18  ]   [     ]
             ↑                     
[     ]   [ 12  ] ⇄ [ 16  ] ⇄ [     ]
             ↓         ⇅           
[     ] → [     ] ⇄ [ 36  ] → [     ]
--------------------------- cycle:11 ---------------------------
[     ]   [ 56  ]   [ 39  ]   [     ]
   ↓         ⇅         ⇅           
[     ] ← [ 15  ]   [  2  ] → [     ]
             ↓         ⇅           
[     ] ← [  6  ] ← [ 20  ] ← [ 17  ]
             ↑         ⇅         ↓ 
[     ] ← [ 42  ] ← [ 28  ] → [     ]
--------------------------- cycle:12 ---------------------------
[     ] ← [ 41  ] ← [  4  ]   [     ]
   ↑         ↓         ⇅           
[ 19  ]   [     ] → [ 40  ] ← [ 10  ]
   ⇅                   ↑         ↓ 
[  7  ] ← [ 26  ] ← [ 29  ] → [     ]
   ↓         ⇅         ↓           
[ 24  ] ← [ 34  ]   [     ] ⇄ [     ]
--------------------------- cycle:13 ---------------------------
[ 22  ]   [     ] ← [ 52  ]   [     ]
   ↓                   ⇅           
[     ] → [     ] ← [ 46  ] → [     ]
             ↑         ↓           
[ 27  ] ⇄ [ 37  ]   [     ] ← [  3  ]
   ↑         ↓                   ↓ 
[ 25  ] → [     ] ← [ 30  ] → [ 21  ]
--------------------------- cycle:14 ---------------------------
[     ] ← [ 48  ] ← [     ] → [     ]
             ↑         ↑           
[ 23  ] ← [ 44  ] → [ 32  ] ← [  5  ]
   ↑         ↑         ↓           
[ 35  ] → [ 57  ] ⇄ [     ]   [     ]
   ↓                             ↑ 
[     ] ← [     ] → [     ] ⇄ [     ]
--------------------------- cycle:15 ---------------------------
[ 49  ] ← [     ]   [     ] ⇄ [ 47  ]
   ↑                             ↓ 
[ 38  ] ← [ 43  ] ← [     ] → [     ]
   ↓         ⇅         ↑           
[     ]   [     ]   [ 58  ]   [ 31  ]
             ↓         ⇅         ↓ 
[     ] → [     ] ← [  8  ]   [     ]
--------------------------- cycle:16 ---------------------------
[     ] → [     ] ← [     ] ← [ 33  ]
   ↑         ↑         ↑         ↑ 
[ 50  ]   [ 11  ] ← [  0  ]   [ 45  ]
             ↓         ↓         ↓ 
[     ] ← [     ] ← [     ]   [     ]
   ↓         ⇅         ↓           
[     ]   [ 14  ] → [     ] ⇄ [     ]
--------------------------- cycle:17 ---------------------------
[ 51  ] ← [ 13  ] ⇄ [  9  ] ← [     ]
             ⇅         ↓           
[     ]   [  1  ] ⇄ [ 18  ]   [     ]
             ↑                     
[     ]   [ 12  ] ⇄ [ 16  ] ⇄ [     ]
             ↓         ⇅           
[     ] → [ 54  ] ⇄ [ 36  ] → [ 53  ]
--------------------------- cycle:18 ---------------------------
[     ]   [ 56  ]   [ 39  ]   [     ]
   ↓         ⇅         ⇅           
[     ] ← [ 15  ]   [  2  ] → [     ]
             ↓         ⇅           
[     ] ← [  6  ] ← [ 20  ] ← [ 17  ]
             ↑         ⇅         ↓ 
[     ] ← [ 42  ] ← [ 28  ] → [     ]
--------------------------- cycle:19 ---------------------------
[     ] ← [ 41  ] ← [  4  ]   [     ]
   ↑         ↓         ⇅           
[ 19  ]   [     ] → [ 40  ] ← [ 10  ]
   ⇅                   ↑         ↓ 
[  7  ] ← [ 26  ] ← [ 29  ] → [     ]
   ↓         ⇅         ↓           
[ 24  ] ← [ 34  ]   [     ] ⇄ [ 55  ]
--------------------------- cycle:20 ---------------------------
[ 22  ]   [     ] ← [ 52  ]   [     ]
   ↓                   ⇅           
[     ] → [     ] ← [ 46  ] → [     ]
             ↑         ↓           
[ 27  ] ⇄ [ 37  ]   [     ] ← [  3  ]
   ↑         ↓                   ↓ 
[ 25  ] → [     ] ← [ 30  ] → [ 21  ]
--------------------------- cycle:21 ---------------------------
[     ] ← [ 48  ] ← [     ] → [     ]
             ↑         ↑           
[ 23  ] ← [ 44  ] → [ 32  ] ← [  5  ]
   ↑         ↑         ↓           
[ 35  ] → [ 57  ] ⇄ [     ]   [     ]
   ↓                             ↑ 
[     ] ← [     ] → [     ] ⇄ [     ]
--------------------------- cycle:22 ---------------------------
[ 49  ] ← [     ]   [     ] ⇄ [ 47  ]
   ↑                             ↓ 
[ 38  ] ← [ 43  ] ← [     ] → [     ]
   ↓         ⇅         ↑           
[     ]   [     ]   [ 58  ]   [ 31  ]
             ↓         ⇅         ↓ 
[     ] → [     ] ← [  8  ]   [     ]
--------------------------- cycle:23 ---------------------------
[     ] → [     ] ← [     ] ← [ 33  ]
   ↑         ↑         ↑         ↑ 
[ 50  ]   [ 11  ] ← [  0  ]   [ 45  ]
             ↓         ↓         ↓ 
[     ] ← [     ] ← [     ]   [     ]
   ↓         ⇅         ↓           
[     ]   [ 14  ] → [     ] ⇄ [     ]
--------------------------- cycle:24 ---------------------------
[ 51  ] ← [ 13  ] ⇄ [  9  ] ← [     ]
             ⇅         ↓           
[     ]   [  1  ] ⇄ [ 18  ]   [     ]
             ↑                     
[     ]   [ 12  ] ⇄ [ 16  ] ⇄ [     ]
             ↓         ⇅           
[     ] → [ 54  ] ⇄ [ 36  ] → [ 53  ]
--------------------------- cycle:25 ---------------------------
[     ]   [ 56  ]   [ 39  ]   [     ]
   ↓         ⇅         ⇅           
[     ] ← [ 15  ]   [  2  ] → [     ]
             ↓         ⇅           
[     ] ← [  6  ] ← [ 20  ] ← [ 17  ]
             ↑         ⇅         ↓ 
[     ] ← [ 42  ] ← [ 28  ] → [     ]
--------------------------- cycle:26 ---------------------------
[     ] ← [ 41  ] ← [  4  ]   [     ]
   ↑         ↓         ⇅           
[ 19  ]   [     ] → [ 40  ] ← [ 10  ]
   ⇅                   ↑         ↓ 
[  7  ] ← [ 26  ] ← [ 29  ] → [     ]
   ↓         ⇅         ↓           
[ 24  ] ← [ 34  ]   [     ] ⇄ [ 55  ]
--------------------------- cycle:27 ---------------------------
[ 22  ]   [     ] ← [ 52  ]   [     ]
   ↓                   ⇅           
[     ] → [     ] ← [ 46  ] → [     ]
             ↑         ↓           
[ 27  ] ⇄ [ 37  ]   [     ] ← [  3  ]
   ↑         ↓                   ↓ 
[ 25  ] → [     ] ← [ 30  ] → [ 21  ]
--------------------------- cycle:28 ---------------------------
[     ] ← [ 48  ] ← [     ] → [     ]
             ↑         ↑           
[ 23  ] ← [ 44  ] → [ 32  ] ← [  5  ]
   ↑         ↑         ↓           
[ 35  ] → [ 57  ] ⇄ [     ]   [     ]
   ↓                             ↑ 
[     ] ← [     ] → [     ] ⇄ [     ]
--------------------------- cycle:29 ---------------------------
[ 49  ] ← [     ]   [     ] ⇄ [ 47  ]
   ↑                             ↓ 
[ 38  ] ← [ 43  ] ← [     ] → [     ]
   ↓         ⇅         ↑           
[     ]   [     ]   [ 58  ]   [ 31  ]
             ↓         ⇅         ↓ 
[     ] → [     ] ← [  8  ]   [     ]
--------------------------- cycle:30 ---------------------------
[     ] → [     ] ← [     ] ← [ 33  ]
   ↑         ↑         ↑         ↑ 
[ 50  ]   [ 11  ] ← [  0  ]   [ 45  ]
             ↓         ↓         ↓ 
[     ] ← [     ] ← [     ]   [     ]
   ↓         ⇅         ↓           
[     ]   [ 14  ] → [     ] ⇄ [     ]
--------------------------- cycle:31 ---------------------------
[ 51  ] ← [ 13  ] ⇄ [  9  ] ← [     ]
             ⇅         ↓           
[     ]   [  1  ] ⇄ [ 18  ]   [     ]
             ↑                     
[     ]   [ 12  ] ⇄ [ 16  ] ⇄ [     ]
             ↓         ⇅           
[     ] → [ 54  ] ⇄ [ 36  ] → [ 53  ]
--------------------------- cycle:32 ---------------------------
[     ]   [ 56  ]   [ 39  ]   [     ]
   ↓         ⇅         ⇅           
[     ] ← [ 15  ]   [  2  ] → [     ]
             ↓         ⇅           
[     ] ← [  6  ] ← [ 20  ] ← [ 17  ]
             ↑         ⇅         ↓ 
[     ] ← [ 42  ] ← [ 28  ] → [     ]
[Mapping II: 7]
[show opcode count]
add : 9
br : 1
cmp : 1
getelementptr : 12
load : 12
mul : 8
or : 1
phi : 1
store : 8
sub : 6
DFG node count: 59; DFG edge count: 88; SIMD node count: 0
[Mapping Success]
==================================
[Utilization & DVFS stats]
tile avg fu utilization: 52.6786%; avg xbar utilization: 89.2857%; avg overall utilization: 89.2857%
histogram 0% tile utilization: 0
histogram (0%, 25%] tile utilization: 0
histogram (25%, 50%] tile utilization: 1
histogram (50%, 100%] tile utilization: 15
tile average DVFS frequency level: 100%
histogram 0% tile DVFS frequency ratio: 0
histogram 25% tile DVFS frequency ratio: 0
histogram 50% tile DVFS frequency ratio: 0
histogram 100% tile DVFS frequency ratio: 16
==================================
[DEBUG] inside roi for CGRA node 0...
[DEBUG] inside roi for CGRA node 2...
[DEBUG] inside roi for CGRA node 5...
[DEBUG] inside roi for CGRA node 8...
[DEBUG] inside roi for CGRA node 10...
[DEBUG] inside roi for CGRA node 10...
[DEBUG] inside roi for CGRA node 13...
[DEBUG] inside roi for CGRA node 14...
[DEBUG] inside roi for CGRA node 1...
[DEBUG] inside roi for CGRA node 2...
[DEBUG] inside roi for CGRA node 3...
[DEBUG] inside roi for CGRA node 4...
[DEBUG] inside roi for CGRA node 5...
[DEBUG] inside roi for CGRA node 5...
[DEBUG] inside roi for CGRA node 6...
[DEBUG] inside roi for CGRA node 6...
[DEBUG] inside roi for CGRA node 9...
[DEBUG] inside roi for CGRA node 11...
[DEBUG] inside roi for CGRA node 14...
[DEBUG] inside roi for CGRA node 0...
[DEBUG] inside roi for CGRA node 2...
[DEBUG] inside roi for CGRA node 2...
[DEBUG] inside roi for CGRA node 5...
[DEBUG] inside roi for CGRA node 6...
[DEBUG] inside roi for CGRA node 7...
[DEBUG] inside roi for CGRA node 9...
[DEBUG] inside roi for CGRA node 13...
[DEBUG] inside roi for CGRA node 13...
[DEBUG] inside roi for CGRA node 14...
[DEBUG] inside roi for CGRA node 15...
[DEBUG] inside roi for CGRA node 1...
[DEBUG] inside roi for CGRA node 2...
[DEBUG] inside roi for CGRA node 6...
[DEBUG] inside roi for CGRA node 6...
[DEBUG] inside roi for CGRA node 9...
[DEBUG] inside roi for CGRA node 10...
[DEBUG] inside roi for CGRA node 10...
[DEBUG] inside roi for CGRA node 12...
[DEBUG] inside roi for CGRA node 1...
[DEBUG] inside roi for CGRA node 2...
[DEBUG] inside roi for CGRA node 3...
[DEBUG] inside roi for CGRA node 5...
[DEBUG] inside roi for CGRA node 6...
[DEBUG] inside roi for CGRA node 6...
[DEBUG] inside roi for CGRA node 9...
[DEBUG] inside roi for CGRA node 13...
[DEBUG] inside roi for CGRA node 0...
[DEBUG] inside roi for CGRA node 0...
[DEBUG] inside roi for CGRA node 2...
[DEBUG] inside roi for CGRA node 4...
[DEBUG] inside roi for CGRA node 5...
[DEBUG] inside roi for CGRA node 5...
[DEBUG] inside roi for CGRA node 7...
[DEBUG] inside roi for CGRA node 8...
[DEBUG] inside roi for CGRA node 10...
[DEBUG] inside roi for CGRA node 10...
[DEBUG] inside roi for CGRA node 10...
[DEBUG] inside roi for CGRA node 14...
[DEBUG] inside roi for CGRA node 1...
[DEBUG] inside roi for CGRA node 1...
[DEBUG] inside roi for CGRA node 3...
[DEBUG] inside roi for CGRA node 3...
[DEBUG] inside roi for CGRA node 4...
[DEBUG] inside roi for CGRA node 6...
[DEBUG] inside roi for CGRA node 9...
[DEBUG] inside roi for CGRA node 14...
[DEBUG] inside roi for CGRA node 14...
[DEBUG] inside roi for CGRA node 0...
[DEBUG] inside roi for CGRA node 2...
[DEBUG] inside roi for CGRA node 5...
[DEBUG] inside roi for CGRA node 8...
[DEBUG] inside roi for CGRA node 10...
[DEBUG] inside roi for CGRA node 10...
[DEBUG] inside roi for CGRA node 13...
[DEBUG] inside roi for CGRA node 14...
[Output Json]
[Output Json for Incremental Mapping]
==================================
Initialize opt latency for DFG nodes: 
Deciding fusion strategy for DFG nodes: 
Initialize additional functionality on CGRA nodes: 
Finding fusion pattern for DFG: 
[function 'fmcw_transpose_map' is not in our target list]
Initialize opt latency for DFG nodes: 
Deciding fusion strategy for DFG nodes: 
Initialize additional functionality on CGRA nodes: 
Finding fusion pattern for DFG: 
[function 'fmcw_accumulate_power_map' is not in our target list]
Initialize opt latency for DFG nodes: 
Deciding fusion strategy for DFG nodes: 
Initialize additional functionality on CGRA nodes: 
Finding fusion pattern for DFG: 
[function 'fmcw_cfar_2d_map' is not in our target list]
*** reach target loop ID: 0
... done detected loops.size(): 1
└── *** current basic block: ; First Inst:   br label %6
│   └── *** ignored by pass because instruction "  br label %6" is out of the scope (target loop).
└── *** ignored by pass because basic block "" is out of the scope (target loop).
│
└── *** current basic block: ; First Inst:   ret void
│   └── *** ignored by pass because instruction "  ret void" is out of the scope (target loop).
└── *** ignored by pass because basic block "" is out of the scope (target loop).
│
└── *** current basic block: ; First Inst:   %7 = phi i64 [ 0, %4 ], [ %55, %6 ]
│   └── +++ "  %7 = phi i64 [ 0, %4 ], [ %55, %6 ]" (ID: 0)
│   └── +++ "  %8 = add nuw nsw i64 %7, 128" (ID: 1)
│   └── +++ "  %9 = getelementptr inbounds float, float* %0, i64 %8" (ID: 2)
│   └── +++ "  %10 = load float, float* %9, align 4, !tbaa !2" (ID: 3)
│   └── +++ "  %11 = getelementptr inbounds float, float* %1, i64 %8" (ID: 4)
│   └── +++ "  %12 = load float, float* %11, align 4, !tbaa !2" (ID: 5)
│   └── +++ "  %13 = getelementptr inbounds float, float* %2, i64 %7" (ID: 6)
│   └── +++ "  %14 = load float, float* %13, align 4, !tbaa !2" (ID: 7)
│   └── +++ "  %15 = fmul float %10, %14" (ID: 8)
│   └── +++ "  %16 = getelementptr inbounds float, float* %3, i64 %7" (ID: 9)
│   └── +++ "  %17 = load float, float* %16, align 4, !tbaa !2" (ID: 10)
│   └── +++ "  %18 = fmul float %12, %17" (ID: 11)
│   └── +++ "  %19 = fsub float %15, %18" (ID: 12)
│   └── +++ "  %20 = fmul float %12, %14" (ID: 13)
│   └── +++ "  %21 = fmul float %10, %17" (ID: 14)
│   └── +++ "  %22 = fadd float %20, %21" (ID: 15)
│   └── +++ "  %23 = getelementptr inbounds float, float* %0, i64 %7" (ID: 16)
│   └── +++ "  %24 = load float, float* %23, align 4, !tbaa !2" (ID: 17)
│   └── +++ "  %25 = getelementptr inbounds float, float* %1, i64 %7" (ID: 18)
│   └── +++ "  %26 = load float, float* %25, align 4, !tbaa !2" (ID: 19)
│   └── +++ "  %27 = fadd float %24, %19" (ID: 20)
│   └── +++ "  store float %27, float* %23, align 4, !tbaa !2" (ID: 21)
│   └── +++ "  %28 = fadd float %26, %22" (ID: 22)
│   └── +++ "  store float %28, float* %25, align 4, !tbaa !2" (ID: 23)
│   └── +++ "  %29 = fsub float %24, %19" (ID: 24)
│   └── +++ "  store float %29, float* %9, align 4, !tbaa !2" (ID: 25)
│   └── +++ "  %30 = fsub float %26, %22" (ID: 26)
│   └── +++ "  store float %30, float* %11, align 4, !tbaa !2" (ID: 27)
│   └── +++ "  %31 = or i64 %7, 1" (ID: 28)
│   └── +++ "  %32 = add nuw nsw i64 %31, 128" (ID: 29)
│   └── +++ "  %33 = getelementptr inbounds float, float* %0, i64 %32" (ID: 30)
│   └── +++ "  %34 = load float, float* %33, align 4, !tbaa !2" (ID: 31)
│   └── +++ "  %35 = getelementptr inbounds float, float* %1, i64 %32" (ID: 32)
│   └── +++ "  %36 = load float, float* %35, align 4, !tbaa !2" (ID: 33)
│   └── +++ "  %37 = getelementptr inbounds float, float* %2, i64 %31" (ID: 34)
│   └── +++ "  %38 = load float, float* %37, align 4, !tbaa !2" (ID: 35)
│   └── +++ "  %39 = fmul float %34, %38" (ID: 36)
│   └── +++ "  %40 = getelementptr inbounds float, float* %3, i64 %31" (ID: 37)
│   └── +++ "  %41 = load float, float* %40, align 4, !tbaa !2" (ID: 38)
│   └── +++ "  %42 = fmul float %36, %41" (ID: 39)
│   └── +++ "  %43 = fsub float %39, %42" (ID: 40)
│   └── +++ "  %44 = fmul float %36, %38" (ID: 41)
│   └── +++ "  %45 = fmul float %34, %41" (ID: 42)
│   └── +++ "  %46 = fadd float %44, %45" (ID: 43)
│   └── +++ "  %47 = getelementptr inbounds float, float* %0, i64 %31" (ID: 44)
│   └── +++ "  %48 = load float, float* %47, align 4, !tbaa !2" (ID: 45)
│   └── +++ "  %49 = getelementptr inbounds float, float* %1, i64 %31" (ID: 46)
│   └── +++ "  %50 = load float, float* %49, align 4, !tbaa !2" (ID: 47)
│   └── +++ "  %51 = fadd float %48, %43" (ID: 48)
│   └── +++ "  store float %51, float* %47, align 4, !tbaa !2" (ID: 49)
│   └── +++ "  %52 = fadd float %50, %46" (ID: 50)
│   └── +++ "  store float %52, float* %49, align 4, !tbaa !2" (ID: 51)
│   └── +++ "  %53 = fsub float %48, %43" (ID: 52)
│   └── +++ "  store float %53, float* %33, align 4, !tbaa !2" (ID: 53)
│   └── +++ "  %54 = fsub float %50, %46" (ID: 54)
│   └── +++ "  store float %54, float* %35, align 4, !tbaa !2" (ID: 55)
│   └── +++ "  %55 = add nuw nsw i64 %7, 2" (ID: 56)
│   └── +++ "  %56 = icmp ult i64 %7, 126" (ID: 57)
│   └── +++ "  br i1 %56, label %6, label %5, !llvm.loop !6" (ID: 58)
└── +++ basic block "" got ID: 0
│
│
└── *** curBB: ; First Inst:   %7 = phi i64 [ 0, %4 ], [ %55, %6 ]
│   ├── *** find terminator instruction of curBB:   br i1 %56, label %6, label %5, !llvm.loop !6
│   ├── *** into sucBB ""
│   │   ├── Type: first inst of a BB.
│   │   ├── ctrl flow point to:   %7 = phi i64 [ 0, %4 ], [ %55, %6 ]; In BB: 
│   │   └── +++ construct ctrl flow:   br i1 %56, label %6, label %5, !llvm.loop !6->  %7 = phi i64 [ 0, %4 ], [ %55, %6 ]
│   └── *** ignore sucBB ""
[detected one cycle] head:   %7 = phi i64 [ 0, %4 ], [ %55, %6 ]
cycle edge: {  %7 = phi i64 [ 0, %4 ], [ %55, %6 ]  } -> {  %55 = add nuw nsw i64 %7, 2  } (0 -> 56)
cycle edge: {  %55 = add nuw nsw i64 %7, 2  } -> {  %7 = phi i64 [ 0, %4 ], [ %55, %6 ]  } (56 -> 0)
[detected one cycle] head:   %7 = phi i64 [ 0, %4 ], [ %55, %6 ]
cycle edge: {  %7 = phi i64 [ 0, %4 ], [ %55, %6 ]  } -> {  %56 = icmp ult i64 %7, 126  } (0 -> 57)
cycle edge: {  %56 = icmp ult i64 %7, 126  } -> {  br i1 %56, label %6, label %5, !llvm.loop !6  } (57 -> 58)
cycle edge: {  br i1 %56, label %6, label %5, !llvm.loop !6  } -> {  %7 = phi i64 [ 0, %4 ], [ %55, %6 ]  } (58 -> 0)
(57)   %56 = icmp ult i64 %7, 126, level: 0
(58)   br i1 %56, label %6, label %5, !llvm.loop !6, level: 1
(0)   %7 = phi i64 [ 0, %4 ], [ %55, %6 ], level: 2
(1)   %8 = add nuw nsw i64 %7, 128, level: 3
(6)   %13 = getelementptr inbounds float, float* %2, i64 %7, level: 3
(9)   %16 = getelementptr inbounds float, float* %3, i64 %7, level: 3
(16)   %23 = getelementptr inbounds float, float* %0, i64 %7, level: 3
(18)   %25 = getelementptr inbounds float, float* %1, i64 %7, level: 3
(28)   %31 = or i64 %7, 1, level: 3
(56)   %55 = add nuw nsw i64 %7, 2, level: 3
(2)   %9 = getelementptr inbounds float, float* %0, i64 %8, level: 4
(4)   %11 = getelementptr inbounds float, float* %1, i64 %8, level: 4
(7)   %14 = load float, float* %13, align 4, !tbaa !2, level: 4
(10)   %17 = load float, float* %16, align 4, !tbaa !2, level: 4
(17)   %24 = load float, float* %23, align 4, !tbaa !2, level: 4
(19)   %26 = load float, float* %25, align 4, !tbaa !2, level: 4
(29)   %32 = add nuw nsw i64 %31, 128, level: 4
(34)   %37 = getelementptr inbounds float, float* %2, i64 %31, level: 4
(37)   %40 = getelementptr inbounds float, float* %3, i64 %31, level: 4
(44)   %47 = getelementptr inbounds float, float* %0, i64 %31, level: 4
(46)   %49 = getelementptr inbounds float, float* %1, i64 %31, level: 4
(3)   %10 = load float, float* %9, align 4, !tbaa !2, level: 5
(5)   %12 = load float, float* %11, align 4, !tbaa !2, level: 5
(30)   %33 = getelementptr inbounds float, float* %0, i64 %32, level: 5
(32)   %35 = getelementptr inbounds float, float* %1, i64 %32, level: 5
(35)   %38 = load float, float* %37, align 4, !tbaa !2, level: 5
(38)   %41 = load float, float* %40, align 4, !tbaa !2, level: 5
(45)   %48 = load float, float* %47, align 4, !tbaa !2, level: 5
(47)   %50 = load float, float* %49, align 4, !tbaa !2, level: 5
(8)   %15 = fmul float %10, %14, level: 6
(11)   %18 = fmul float %12, %17, level: 6
(13)   %20 = fmul float %12, %14, level: 6
(14)   %21 = fmul float %10, %17, level: 6
(31)   %34 = load float, float* %33, align 4, !tbaa !2, level: 6
(33)   %36 = load float, float* %35, align 4, !tbaa !2, level: 6
(12)   %19 = fsub float %15, %18, level: 7
(15)   %22 = fadd float %20, %21, level: 7
(36)   %39 = fmul float %34, %38, level: 7
(39)   %42 = fmul float %36, %41, level: 7
(41)   %44 = fmul float %36, %38, level: 7
(42)   %45 = fmul float %34, %41, level: 7
(20)   %27 = fadd float %24, %19, level: 8
(22)   %28 = fadd float %26, %22, level: 8
(24)   %29 = fsub float %24, %19, level: 8
(26)   %30 = fsub float %26, %22, level: 8
(40)   %43 = fsub float %39, %42, level: 8
(43)   %46 = fadd float %44, %45, level: 8
(21)   store float %27, float* %23, align 4, !tbaa !2, level: 9
(23)   store float %28, float* %25, align 4, !tbaa !2, level: 9
(25)   store float %29, float* %9, align 4, !tbaa !2, level: 9
(27)   store float %30, float* %11, align 4, !tbaa !2, level: 9
(48)   %51 = fadd float %48, %43, level: 9
(50)   %52 = fadd float %50, %46, level: 9
(52)   %53 = fsub float %48, %43, level: 9
(54)   %54 = fsub float %50, %46, level: 9
(49)   store float %51, float* %47, align 4, !tbaa !2, level: 10
(51)   store float %52, float* %49, align 4, !tbaa !2, level: 10
(53)   store float %53, float* %33, align 4, !tbaa !2, level: 10
(55)   store float %54, float* %35, align 4, !tbaa !2, level: 10
[detected one cycle] head:   %56 = icmp ult i64 %7, 126
cycle edge: {  %56 = icmp ult i64 %7, 126  } -> {  br i1 %56, label %6, label %5, !llvm.loop !6  } (57 -> 58)
cycle edge: {  br i1 %56, label %6, label %5, !llvm.loop !6  } -> {  %7 = phi i64 [ 0, %4 ], [ %55, %6 ]  } (58 -> 0)
cycle edge: {  %7 = phi i64 [ 0, %4 ], [ %55, %6 ]  } -> {  %56 = icmp ult i64 %7, 126  } (0 -> 57)
[detected one cycle] head:   %7 = phi i64 [ 0, %4 ], [ %55, %6 ]
cycle edge: {  %7 = phi i64 [ 0, %4 ], [ %55, %6 ]  } -> {  %55 = add nuw nsw i64 %7, 2  } (0 -> 56)
cycle edge: {  %55 = add nuw nsw i64 %7, 2  } -> {  %7 = phi i64 [ 0, %4 ], [ %55, %6 ]  } (56 -> 0)
